src,dst,cls,sub,load,capacity
198,1988,machine,TrivialBruteforce,2,7022224
63,1554,machine,TrivialBruteforce,1,7022224
3795,3792,machine,SimpleRewrites,92,2979740
3731,3663,machine,SimpleRewrites,0,6417
3272,4275,machine,TrivialBruteforce,2,3844
3735,3524,machine,MagmaEgg,9,12810
4311,4298,machine,SimpleRewrites,2,49600
1875,1860,machine,SimpleRewrites,0,5172
2746,2642,machine,TrivialBruteforce,498,7022224
698,672,machine,SimpleRewrites,149,7022224
2887,2684,machine,MagmaEgg,2,105728
1273,1270,machine,SimpleRewrites,30,161401
1260,836,machine,VampireProven,0,14157
4477,4473,machine,SimpleRewrites,3,24540
2,1222,machine,TrivialBruteforce,2,3410
1243,1240,machine,SimpleRewrites,0,5310
2493,1151,machine,MagmaEgg,5,20254
3355,3450,machine,MagmaEgg,0,490884
1217,1212,machine,SimpleRewrites,0,7022224
1490,3861,machine,VampireProven,0,3294
3203,3202,machine,SimpleRewrites,0,7022224
1585,1524,machine,SimpleRewrites,0,4932
4425,4409,machine,SimpleRewrites,0,65994
3027,2992,machine,SimpleRewrites,0,7022224
1505,3866,machine,VampireProven,0,4938
149,147,machine,SimpleRewrites,0,7022224
2289,2237,machine,SimpleRewrites,0,3232
4545,4482,machine,SimpleRewrites,3,10255
1801,1799,machine,TrivialBruteforce,2,7022224
3933,3913,machine,SimpleRewrites,0,807177
422,3319,machine,VampireProven,5,15910
3497,3485,machine,SimpleRewrites,0,126852
709,1,machine,MagmaEgg,0,7022224
2572,2495,machine,SimpleRewrites,2,4674
3988,3914,machine,SimpleRewrites,0,6978
4336,4278,machine,TrivialBruteforce,6,19840
2978,2862,machine,SimpleRewrites,2,4662
4110,4081,machine,SimpleRewrites,0,117303
2762,2761,machine,TrivialBruteforce,3,7022224
1143,1,machine,GeneratedOther,0,7022224
535,530,machine,SimpleRewrites,80,7022224
1376,1375,machine,SimpleRewrites,0,7022224
643,458,machine,VampireProven,5,1902338
4440,4383,machine,SimpleRewrites,2,67551
2254,2238,machine,SimpleRewrites,40,965425
654,657,machine,VampireProven,38,75840
4627,4620,machine,SimpleRewrites,1,223853
2341,2340,machine,SimpleRewrites,0,7022224
3393,3388,machine,SimpleRewrites,42,2979740
4603,4631,machine,TrivialBruteforce,11,66556
2214,372,machine,TrivialBruteforce,0,429352
764,4022,machine,VampireProven,0,9912
4143,4142,machine,SimpleRewrites,10,34448
1513,1439,machine,SimpleRewrites,112,860200
4175,4420,machine,MagmaEgg,2,19270
3825,3824,machine,SimpleRewrites,0,2979740
887,885,machine,SimpleRewrites,2,7022224
1055,1024,machine,SimpleRewrites,0,15720
4460,4432,machine,SimpleRewrites,0,5886
4068,4067,machine,SimpleRewrites,2,6657
3986,3985,machine,SimpleRewrites,11,2979740
3699,39,machine,EquationSearch,0,29484
1571,1489,machine,SimpleRewrites,0,7022224
13,3330,machine,TrivialBruteforce,4,17006
1982,1893,machine,SimpleRewrites,1,5181
4626,4594,machine,SimpleRewrites,0,19840
628,613,machine,SimpleRewrites,0,3450
2481,2469,machine,SimpleRewrites,3,8635
852,455,machine,VampireProven,3,1902338
3097,3089,machine,SimpleRewrites,28,388968
819,816,machine,SimpleRewrites,2,3306
1577,1488,machine,SimpleRewrites,1,5984
955,947,machine,SimpleRewrites,0,7022224
3032,3031,machine,SimpleRewrites,2,7022224
8,3319,machine,TrivialBruteforce,0,15910
2565,2563,machine,SimpleRewrites,1,7022224
3913,373,machine,TrivialBruteforce,79,807177
2382,2253,machine,SimpleRewrites,0,4542
84,997,machine,TrivialBruteforce,10,7022224
3107,3508,machine,VampireProven,0,4707
378,376,machine,SimpleRewrites,3,14196
1702,793,machine,VampireProven,5,7022224
1070,1069,machine,SimpleRewrites,18,1902338
4161,4157,machine,SimpleRewrites,3,5877
2086,2034,machine,SimpleRewrites,0,3470
4502,4490,machine,SimpleRewrites,0,19430
492,2990,machine,VampireProven,1,7022224
362,4078,machine,TrivialBruteforce,3,36468
2376,2364,machine,SimpleRewrites,0,7022224
509,438,machine,VampireProven,0,8535
4392,4382,machine,SimpleRewrites,0,9795
317,3299,machine,TrivialBruteforce,3,36468
2357,2355,machine,SimpleRewrites,43,7022224
3053,3050,machine,SimpleRewrites,0,388968
2369,2292,machine,SimpleRewrites,1,4542
1463,1461,machine,SimpleRewrites,0,965425
2375,2363,machine,SimpleRewrites,4,33033
539,538,machine,SimpleRewrites,1,7022224
3461,3455,machine,SimpleRewrites,0,4790
1259,838,machine,VampireProven,0,113400
4147,4144,machine,SimpleRewrites,2,490884
2012,1943,machine,SimpleRewrites,3,7022224
4263,4204,machine,SimpleRewrites,8,2979740
1635,1633,machine,SimpleRewrites,2,5043
1671,1643,machine,SimpleRewrites,1,5604
3473,3455,machine,SimpleRewrites,0,4128
3238,3237,machine,TrivialBruteforce,4,7022224
3691,39,machine,TrivialBruteforce,10,29484
741,83,machine,EquationSearch,0,7022224
3645,3570,machine,SimpleRewrites,0,2979740
349,3448,machine,TrivialBruteforce,0,2979740
3672,3662,machine,SimpleRewrites,2,12192
3490,3480,machine,SimpleRewrites,0,6102
2694,2685,machine,SimpleRewrites,40,570121
1931,679,machine,MagmaEgg,1,4680
285,2764,machine,TrivialBruteforce,0,1902338
2075,3525,machine,VampireProven,1,9912
1373,4676,machine,VampireProven,0,5151
1723,1630,machine,SimpleRewrites,0,5046
3671,3661,machine,SimpleRewrites,2,6261
4511,4472,machine,SimpleRewrites,3,6513
4040,3989,machine,SimpleRewrites,1,2979740
601,600,machine,SimpleRewrites,41,7022224
3348,3450,machine,VampireProven,6,490884
2398,3130,machine,MagmaEgg,42,450408
3672,3668,machine,SimpleRewrites,5,12192
207,2475,machine,TrivialBruteforce,4,26850
3740,3710,machine,SimpleRewrites,8,807177
2631,2628,machine,SimpleRewrites,0,7022224
1135,1134,machine,SimpleRewrites,42,7022224
1747,1,machine,GeneratedOther,0,7022224
2353,2352,machine,SimpleRewrites,0,7022224
1686,2039,machine,VampireProven,0,5049
2686,2658,machine,SimpleRewrites,2,5193
132,130,machine,SimpleRewrites,1,7022224
1030,1021,machine,SimpleRewrites,0,7160
1779,1646,machine,SimpleRewrites,2,8745
2176,1973,machine,EquationSearch,29,7022224
883,757,machine,VampireProven,7,7022224
2959,2524,machine,VampireProven,1,1902338
1453,1425,machine,SimpleRewrites,1,3686
427,3461,machine,VampireProven,0,4707
645,639,machine,SimpleRewrites,3,4704
4248,4196,machine,SimpleRewrites,9,423215
3590,4022,machine,MagmaEgg,0,12216
3895,3892,machine,SimpleRewrites,0,11532
4139,4128,machine,SimpleRewrites,0,47366
47,414,machine,TrivialBruteforce,1,79850
1246,1242,machine,SimpleRewrites,0,14157
3409,3401,machine,SimpleRewrites,34,2979740
3903,3881,machine,SimpleRewrites,0,146072
381,3949,machine,TrivialBruteforce,14,807177
1419,1306,machine,SimpleRewrites,2,965425
1811,1759,machine,SimpleRewrites,2,7022224
1847,1831,machine,SimpleRewrites,1,3510
827,824,machine,SimpleRewrites,0,5178
2414,2397,machine,SimpleRewrites,19,200832
7,1831,machine,TrivialBruteforce,8,3948
1303,2916,machine,MagmaEgg,5,450408
1288,1019,machine,VampireProven,0,3094
313,3479,machine,TrivialBruteforce,21,197451
3486,3480,machine,SimpleRewrites,0,6099
2055,2049,machine,SimpleRewrites,0,5490
794,725,machine,SimpleRewrites,1,7022224
357,340,machine,SimpleRewrites,6,2979740
2986,2904,machine,SimpleRewrites,3,1816144
3431,3451,machine,TrivialBruteforce,0,2979740
2484,1661,machine,VampireProven,2,19261
809,806,machine,SimpleRewrites,1,7022224
1652,1648,machine,SimpleRewrites,0,965425
2323,2311,machine,SimpleRewrites,0,7022224
4081,4110,machine,VampireProven,2,117303
4415,4395,machine,SimpleRewrites,0,6153
1944,2110,machine,VampireProven,201,965425
1431,1425,machine,SimpleRewrites,0,3464
2829,2828,machine,SimpleRewrites,39,7022224
3952,4266,machine,TrivialBruteforce,0,2979740
2223,2204,machine,SimpleRewrites,0,7022224
3903,3902,machine,SimpleRewrites,0,42284
2308,2301,machine,SimpleRewrites,0,7022224
1633,1628,machine,SimpleRewrites,0,3832
1556,1,machine,MagmaEgg,0,7022224
83,1605,machine,TrivialBruteforce,16,7022224
2640,2635,machine,SimpleRewrites,0,7022224
1424,1422,machine,SimpleRewrites,0,7022224
4028,4037,machine,TrivialBruteforce,3,2979740
3972,4306,machine,MagmaEgg,1,5802
3581,3650,machine,TrivialBruteforce,0,2979740
1221,1161,machine,SimpleRewrites,2,7022224
3567,3566,machine,SimpleRewrites,6,126390
2849,4655,machine,VampireProven,0,5073
3877,3861,machine,SimpleRewrites,0,4042
2272,2242,machine,SimpleRewrites,0,7088
3157,3153,machine,SimpleRewrites,1,7022224
3505,3488,machine,SimpleRewrites,0,42284
3309,37,machine,MagmaEgg,4,404096
3224,3214,machine,SimpleRewrites,8,7022224
1957,1920,machine,SimpleRewrites,0,5091
3600,3471,machine,SimpleRewrites,1,5904
2348,571,machine,MagmaEgg,217,450408
118,887,machine,TrivialBruteforce,3,7022224
280,65,machine,VampireProven,0,12000
1353,1,machine,MagmaEgg,0,7022224
1824,1711,machine,SimpleRewrites,0,7022224
3689,3683,machine,SimpleRewrites,0,6261
2325,2316,machine,SimpleRewrites,0,7022224
4075,4066,machine,SimpleRewrites,1,7665
3576,3568,machine,SimpleRewrites,2,2979740
3586,3548,machine,SimpleRewrites,0,6072
3538,3535,machine,SimpleRewrites,4,404096
1007,953,machine,SimpleRewrites,3,7022224
1585,1450,machine,SimpleRewrites,1,4932
2373,2602,machine,EquationSearch,4,7022224
3442,3367,machine,SimpleRewrites,82,2979740
853,429,machine,VampireProven,0,15700
2320,2291,machine,SimpleRewrites,0,7022224
369,4692,machine,TrivialBruteforce,46,64372
963,831,machine,SimpleRewrites,0,4938
1648,26,machine,MagmaEgg,0,965425
4572,4527,machine,SimpleRewrites,3,249486
132,128,machine,SimpleRewrites,1,7022224
3025,2956,machine,SimpleRewrites,2,7022224
267,2896,machine,TrivialBruteforce,35,570121
156,1881,machine,VampireProven,0,965425
4437,4434,machine,SimpleRewrites,0,6540
2281,1458,machine,MagmaEgg,2,18634
3296,3281,machine,SimpleRewrites,0,37050
1450,1425,machine,SimpleRewrites,0,3714
4619,4597,machine,SimpleRewrites,0,4028
342,3430,machine,TrivialBruteforce,9,44616
1259,9,machine,MagmaEgg,0,100800
331,4481,machine,TrivialBruteforce,1,5754
3175,3138,machine,SimpleRewrites,0,6388
16,1627,machine,TrivialBruteforce,232,7022224
3745,3730,machine,SimpleRewrites,0,807177
117,98,machine,SimpleRewrites,0,2996
1848,1847,machine,SimpleRewrites,0,5049
164,154,machine,SimpleRewrites,1,965425
2437,2417,machine,SimpleRewrites,2,7022224
1705,889,machine,VampireProven,40,7022224
4161,3416,machine,TrivialBruteforce,3,90114
413,410,machine,SimpleRewrites,0,3312
1707,1695,machine,SimpleRewrites,38,7022224
2624,2623,machine,TrivialBruteforce,0,7022224
3316,3314,machine,SimpleRewrites,0,6912
4518,4400,machine,SimpleRewrites,4,20420
2302,2237,machine,SimpleRewrites,0,3184
2724,4097,machine,MagmaEgg,1,28823
1583,1573,machine,SimpleRewrites,0,7022224
2285,2248,machine,SimpleRewrites,0,13488
379,3948,machine,TrivialBruteforce,9,807177
1263,1228,machine,SimpleRewrites,1,4752
2890,2676,machine,MagmaEgg,7,43030
1257,1237,machine,SimpleRewrites,2,5424
333,3350,machine,TrivialBruteforce,14,2979740
1140,1114,machine,SimpleRewrites,9,965425
3367,3437,machine,TrivialBruteforce,80,2979740
2687,2651,machine,SimpleRewrites,1,4965
24,3070,machine,TrivialBruteforce,16,17690
2085,2083,machine,SimpleRewrites,28,570121
3573,3558,machine,SimpleRewrites,0,807177
4396,4394,machine,SimpleRewrites,0,10280
2930,2926,machine,SimpleRewrites,0,1902338
449,431,machine,VampireProven,0,17810
4188,4265,machine,TrivialBruteforce,0,2979740
3809,3296,machine,MagmaEgg,2,42570
3366,3383,machine,TrivialBruteforce,0,490884
851,831,machine,SimpleRewrites,0,5169
1236,1232,machine,SimpleRewrites,2,200832
2915,2009,machine,VampireProven,131,7022224
1479,1477,machine,SimpleRewrites,0,4500
3516,3515,machine,SimpleRewrites,0,404096
4494,4502,machine,TrivialBruteforce,3,66062
4325,4337,machine,TrivialBruteforce,14,223853
660,859,machine,VampireProven,5,10308
3841,3772,machine,SimpleRewrites,2,807177
4626,4602,machine,SimpleRewrites,0,13888
4058,4016,machine,SimpleRewrites,3,2979740
426,410,machine,SimpleRewrites,0,3200
4003,3999,machine,SimpleRewrites,1,2979740
3566,4215,machine,MagmaEgg,0,129690
194,1947,machine,TrivialBruteforce,0,7022224
4430,4417,machine,SimpleRewrites,0,336516
2291,45,machine,TrivialBruteforce,0,2327776
3458,3455,machine,SimpleRewrites,0,4888
1892,1890,machine,SimpleRewrites,1,7022224
2676,2668,machine,SimpleRewrites,1,4965
2987,2982,machine,SimpleRewrites,1,7022224
2214,29,machine,EquationSearch,143,7022224
2322,2314,machine,SimpleRewrites,0,7022224
4533,4577,machine,TrivialBruteforce,93,825612
1302,1274,machine,SimpleRewrites,0,965425
357,353,machine,SimpleRewrites,14,2979740
4157,4064,machine,SimpleRewrites,0,4752
3679,3676,machine,SimpleRewrites,0,6111
3276,3274,machine,SimpleRewrites,0,117120
1273,1271,machine,SimpleRewrites,0,1902338
959,878,machine,SimpleRewrites,0,4935
743,1602,machine,VampireProven,10,570121
139,1398,machine,TrivialBruteforce,13,7022224
4280,4325,machine,TrivialBruteforce,25,223853
1928,507,machine,MagmaEgg,0,169232
189,2013,machine,TrivialBruteforce,14,965425
992,991,machine,SimpleRewrites,33,7022224
1676,1664,machine,SimpleRewrites,2,965425
4433,4431,machine,SimpleRewrites,0,10280
434,430,machine,SimpleRewrites,0,1902338
39,3661,machine,TrivialBruteforce,8,6318
1878,1866,machine,SimpleRewrites,7,18650
2396,2383,machine,SimpleRewrites,0,7022224
1088,1,machine,MagmaEgg,0,7022224
4574,4280,machine,TrivialBruteforce,2,220124
850,843,machine,SimpleRewrites,0,75744
4575,4508,machine,SimpleRewrites,0,87030
4669,4660,machine,SimpleRewrites,2,20000
155,150,machine,SimpleRewrites,0,3746
3405,3395,machine,TrivialBruteforce,41,2979740
3063,3060,machine,SimpleRewrites,0,34120
1135,1133,machine,SimpleRewrites,2,7022224
3390,3452,machine,TrivialBruteforce,4,2979740
4098,4091,machine,SimpleRewrites,2,99705
1144,1135,machine,SimpleRewrites,7,7022224
2387,2385,machine,SimpleRewrites,13,7022224
3290,3303,machine,EquationSearch,0,168960
3064,3049,machine,SimpleRewrites,0,3666
1138,1,machine,GeneratedOther,40,7022224
452,2084,machine,VampireProven,14,543749
3151,3049,machine,SimpleRewrites,3,3244
4034,4030,machine,SimpleRewrites,3,404096
1447,1868,machine,VampireProven,7,67240
2226,2181,machine,SimpleRewrites,0,104532
3107,4444,machine,VampireProven,0,4707
4115,4102,machine,SimpleRewrites,0,168960
325,3521,machine,TrivialBruteforce,5,7476
3200,3151,machine,SimpleRewrites,2,4743
135,124,machine,SimpleRewrites,4,14960
2989,2861,machine,SimpleRewrites,0,6368
3496,3484,machine,SimpleRewrites,2,36917
1753,1751,machine,SimpleRewrites,2,7022224
3679,3673,machine,SimpleRewrites,0,6111
3505,3500,machine,SimpleRewrites,0,126852
3993,3877,machine,SimpleRewrites,4,5931
4515,4431,machine,SimpleRewrites,3,10795
1849,1831,machine,SimpleRewrites,0,3928
3736,3713,machine,SimpleRewrites,3,6141
2579,2499,machine,SimpleRewrites,6,7022224
6,40,human,Subgraph,0,2327776
4147,4131,machine,SimpleRewrites,14,47366
598,562,machine,SimpleRewrites,22,7022224
3235,3233,machine,SimpleRewrites,2,7022224
2693,2656,machine,SimpleRewrites,4,570121
3903,3901,machine,SimpleRewrites,0,42284
3037,3035,machine,SimpleRewrites,0,7022224
1295,2900,machine,VampireProven,0,7022224
145,1419,machine,TrivialBruteforce,11,965425
3275,319,machine,MagmaEgg,0,99705
835,816,machine,SimpleRewrites,0,3162
4492,4484,machine,VampireProven,4,87390
3590,3387,machine,MagmaEgg,4,32576
395,4255,machine,TrivialBruteforce,7,2979740
320,313,machine,SimpleRewrites,0,550179
1874,1667,machine,MagmaEgg,7,24388
2972,2935,machine,SimpleRewrites,0,17512
2872,2846,machine,SimpleRewrites,0,3290
1200,1182,machine,SimpleRewrites,0,7022224
1963,1773,machine,MagmaEgg,2,245804
2325,2312,machine,SimpleRewrites,0,7022224
3590,3548,machine,SimpleRewrites,0,6108
448,630,machine,VampireProven,0,1902338
2768,2763,machine,SimpleRewrites,1,7022224
1557,13,machine,MagmaEgg,0,182428
316,3298,machine,TrivialBruteforce,0,116998
4361,4319,machine,SimpleRewrites,1,4806
1423,1,machine,GeneratedOther,0,7022224
2249,2286,machine,VampireProven,0,965425
1013,1003,machine,SimpleRewrites,21,570121
2286,2274,machine,SimpleRewrites,0,965425
328,3540,machine,TrivialBruteforce,53,38544
4381,4379,machine,SimpleRewrites,0,4446
1007,891,machine,SimpleRewrites,1,7022224
4602,4584,machine,SimpleRewrites,2,7143
227,2539,machine,VampireProven,1,4749
3282,3253,machine,SimpleRewrites,0,7712
4680,4637,machine,SimpleRewrites,0,55468
1627,1623,machine,SimpleRewrites,29,7022224
1750,1748,machine,TrivialBruteforce,2,7022224
201,192,machine,SimpleRewrites,41,7022224
3715,4506,machine,MagmaEgg,0,24312
2917,2915,machine,SimpleRewrites,133,7022224
1200,1131,machine,SimpleRewrites,5,7022224
148,1,machine,GeneratedOther,34,7022224
717,1,machine,GeneratedOther,68,7022224
1459,1457,machine,SimpleRewrites,0,104532
3540,3536,machine,SimpleRewrites,12,14460
4303,4271,machine,SimpleRewrites,0,7143
278,271,machine,SimpleRewrites,3,7022224
2504,2497,machine,EquationSearch,0,7022224
3707,3670,machine,SimpleRewrites,1,13468
1815,1796,machine,SimpleRewrites,3,146856
3506,3502,machine,SimpleRewrites,0,57600
2988,2979,machine,SimpleRewrites,9,7022224
4551,4543,machine,SimpleRewrites,0,11604
1177,1176,machine,TrivialBruteforce,0,7022224
2566,3121,machine,VampireProven,4,98642
3182,3143,machine,SimpleRewrites,0,7022224
4320,0,machine,GeneratedOther,1,2008
2744,29,machine,EquationSearch,10,7022224
978,2944,machine,VampireProven,122,7022224
1257,1247,machine,SimpleRewrites,0,5424
1503,2179,machine,MagmaEgg,0,182428
3995,3953,machine,SimpleRewrites,1,5745
427,2648,machine,VampireProven,2,6276
4206,4204,machine,SimpleRewrites,1,2979740
2993,2861,machine,SimpleRewrites,1,6272
1471,1470,machine,SimpleRewrites,0,965425
2881,2851,machine,SimpleRewrites,0,5241
3749,3357,machine,VampireProven,41,2979740
998,892,machine,SimpleRewrites,1,570121
2650,2644,machine,SimpleRewrites,40,570121
2095,2093,machine,SimpleRewrites,0,7022224
1882,1845,machine,SimpleRewrites,19,965425
720,719,machine,TrivialBruteforce,2,7022224
4574,4527,machine,SimpleRewrites,0,251292
3793,3751,machine,SimpleRewrites,1,6141
162,1676,machine,TrivialBruteforce,12,965425
2477,163,machine,VampireProven,64,965425
3527,41,machine,EquationSearch,0,404096
2055,2052,machine,SimpleRewrites,0,7320
1232,101,machine,VampireProven,0,75360
3394,3391,machine,SimpleRewrites,39,436620
2468,2440,machine,SimpleRewrites,1,3546
379,3744,machine,TrivialBruteforce,11,807177
4512,4509,machine,SimpleRewrites,0,24492
2794,2745,machine,SimpleRewrites,5,4854
3692,3689,machine,SimpleRewrites,3,13832
3614,3601,machine,SimpleRewrites,0,2979740
689,4688,machine,VampireProven,0,11508
3249,3187,machine,SimpleRewrites,21,1816144
1256,1226,machine,SimpleRewrites,0,33138
2130,1,machine,MagmaEgg,0,7022224
839,835,machine,SimpleRewrites,0,4728
3739,3724,machine,SimpleRewrites,2,6441
3296,3268,machine,SimpleRewrites,0,7800
1975,2982,machine,VampireProven,129,7022224
2714,2707,machine,SimpleRewrites,0,7022224
2608,2492,machine,SimpleRewrites,0,6272
4268,4315,machine,TrivialBruteforce,4,8604
3847,3794,machine,SimpleRewrites,3,2979740
1901,1897,machine,SimpleRewrites,0,7585
3932,3928,machine,SimpleRewrites,12,123464
170,115,machine,EquationSearch,30,7022224
197,189,machine,SimpleRewrites,15,965425
3349,4589,machine,TrivialBruteforce,0,5793
2725,2838,machine,EquationSearch,167,7022224
1554,1552,machine,SimpleRewrites,0,7022224
2822,2805,machine,SimpleRewrites,0,7022224
227,2742,machine,VampireProven,1,4749
47,3253,machine,EquationSearch,0,6388
830,823,machine,SimpleRewrites,0,201472
3819,3758,machine,SimpleRewrites,6,6276
3920,3863,machine,SimpleRewrites,0,7314
214,1456,machine,VampireProven,0,10116
2022,2020,machine,SimpleRewrites,1,7022224
2616,2615,machine,SimpleRewrites,0,7022224
4138,4139,machine,TrivialBruteforce,3,490884
427,1248,machine,VampireProven,0,4707
3550,3974,machine,VampireProven,1,2979740
2592,2543,machine,SimpleRewrites,0,7022224
3418,40,machine,MagmaEgg,108,2979740
2072,2070,machine,SimpleRewrites,53,570121
3611,3603,machine,SimpleRewrites,1,807177
4560,4521,machine,EquationSearch,3,206403
2621,2620,machine,SimpleRewrites,0,7022224
1268,1267,machine,SimpleRewrites,0,1902338
4516,4508,machine,VampireProven,0,91755
3321,3315,machine,SimpleRewrites,0,7707
3062,37,machine,VampireProven,0,300256
853,831,machine,SimpleRewrites,0,4710
3969,4037,machine,TrivialBruteforce,0,2979740
3970,3346,machine,VampireProven,4,2979740
4099,4079,machine,SimpleRewrites,0,9380
3098,3090,machine,SimpleRewrites,0,10236
598,524,machine,SimpleRewrites,333,7022224
3369,4145,machine,MagmaEgg,2,11790
278,276,machine,SimpleRewrites,2,7022224
374,3914,machine,TrivialBruteforce,5,7476
3175,269,machine,VampireProven,1,79850
2061,2035,machine,SimpleRewrites,0,4938
342,311,machine,SimpleRewrites,0,30420
4046,4061,machine,TrivialBruteforce,0,2979740
4180,4255,machine,TrivialBruteforce,1,2979740
127,1221,machine,TrivialBruteforce,57,7022224
424,1020,machine,VampireProven,0,6364
2185,2052,machine,SimpleRewrites,4,6868
4262,4220,machine,SimpleRewrites,6,404096
2461,204,machine,VampireProven,2,14168
2488,2472,machine,SimpleRewrites,6,84400
4112,4100,machine,SimpleRewrites,0,117303
3774,3773,machine,SimpleRewrites,0,2979740
1164,724,machine,MagmaEgg,0,450408
42,4676,machine,TrivialBruteforce,6,5964
2233,2232,machine,TrivialBruteforce,0,7022224
1593,881,machine,VampireProven,1,4938
4000,3882,machine,SimpleRewrites,0,13788
1982,1081,machine,VampireProven,2,6908
443,439,machine,SimpleRewrites,2,4854
2754,2743,machine,SimpleRewrites,0,4524
1404,4039,machine,VampireProven,2,26976
4029,4032,machine,TrivialBruteforce,0,2979740
1418,1417,machine,SimpleRewrites,0,7022224
1791,1682,machine,SimpleRewrites,0,7022224
1426,1425,machine,SimpleRewrites,0,3470
3629,3621,machine,SimpleRewrites,0,2979740
3717,328,machine,MagmaEgg,38,89670
356,341,machine,SimpleRewrites,41,2979740
4087,4109,machine,VampireProven,0,103842
3294,3282,machine,SimpleRewrites,0,103788
3704,3668,machine,SimpleRewrites,2,11544
2225,2223,machine,SimpleRewrites,1,7022224
1704,2052,machine,VampireProven,1,6732
1779,1690,machine,SimpleRewrites,2,5247
328,3337,machine,TrivialBruteforce,16,52998
3428,3415,machine,SimpleRewrites,0,2979740
461,452,machine,SimpleRewrites,16,1902338
897,882,machine,SimpleRewrites,1,4515
833,103,machine,VampireProven,0,12592
30,1745,machine,TrivialBruteforce,13,12944
2166,2089,machine,SimpleRewrites,2,7730
4651,4641,machine,SimpleRewrites,0,13881
1108,1019,machine,SimpleRewrites,0,3432
2885,2864,machine,SimpleRewrites,0,5163
4430,4403,machine,SimpleRewrites,0,87030
2570,2723,machine,VampireProven,2,75456
2993,282,machine,VampireProven,0,4704
610,609,machine,TrivialBruteforce,0,7022224
3235,3182,machine,SimpleRewrites,0,7022224
3427,3422,machine,SimpleRewrites,40,2979740
2769,2732,machine,SimpleRewrites,0,17721
2400,2338,machine,SimpleRewrites,0,7022224
167,1486,machine,TrivialBruteforce,21,68954
2275,2264,machine,SimpleRewrites,1,965425
4429,4392,machine,SimpleRewrites,0,31040
4219,4207,machine,SimpleRewrites,1,2979740
3533,3521,machine,SimpleRewrites,3,7134
4264,4187,machine,SimpleRewrites,10,2979740
1723,1717,machine,SimpleRewrites,1,13456
2234,2229,machine,SimpleRewrites,32,7022224
3241,3129,machine,SimpleRewrites,0,1902338
3077,306,machine,VampireProven,0,5355
253,244,machine,SimpleRewrites,12,7022224
4406,4671,machine,TrivialBruteforce,2,13538
2664,2645,machine,SimpleRewrites,2,5178
366,4621,machine,TrivialBruteforce,4,7026
3632,3656,machine,TrivialBruteforce,9,2979740
4633,4675,machine,TrivialBruteforce,0,66556
4209,4324,machine,MagmaEgg,2,13545
1800,1788,machine,SimpleRewrites,6,965425
3092,3057,machine,SimpleRewrites,0,5346
809,733,machine,SimpleRewrites,2,7022224
2646,2643,machine,SimpleRewrites,0,3330
3073,3072,machine,SimpleRewrites,0,388968
2553,2445,machine,SimpleRewrites,0,15740
2889,2854,machine,SimpleRewrites,0,5157
4242,4688,machine,VampireProven,3,16121
3455,0,machine,GeneratedOther,0,2822
3459,3458,machine,SimpleRewrites,0,7023
4295,4290,machine,SimpleRewrites,1,4760
734,718,machine,SimpleRewrites,0,570121
2749,2746,machine,SimpleRewrites,0,7022224
2024,2022,machine,TrivialBruteforce,0,7022224
1636,1628,machine,SimpleRewrites,0,3896
467,2906,machine,VampireProven,7,7022224
1409,1390,machine,SimpleRewrites,0,965425
1552,1,machine,MagmaEgg,0,7022224
4006,3413,machine,MagmaEgg,6,11808
1030,1024,machine,SimpleRewrites,0,17900
1460,1430,machine,SimpleRewrites,3,5487
3539,3513,machine,SimpleRewrites,3,404096
1603,1552,machine,SimpleRewrites,0,7022224
4641,4634,machine,SimpleRewrites,1,4790
3990,3989,machine,SimpleRewrites,40,2979740
527,418,machine,SimpleRewrites,5,5337
3393,3453,machine,TrivialBruteforce,0,2979740
2161,1427,machine,VampireProven,0,4503
1305,1304,machine,SimpleRewrites,0,7022224
3992,3917,machine,SimpleRewrites,0,6912
18,12,machine,SimpleRewrites,82,965425
4327,4320,machine,SimpleRewrites,2,3968
2879,2849,machine,SimpleRewrites,0,11585
4142,4134,machine,TrivialBruteforce,1,13002
2457,2441,machine,SimpleRewrites,0,965425
2397,2336,machine,SimpleRewrites,0,64370
1067,1264,machine,VampireProven,0,150816
2131,2127,machine,SimpleRewrites,2,4548
3210,758,machine,MagmaEgg,0,450408
463,22,machine,VampireProven,2,13851
2157,2153,machine,SimpleRewrites,40,7022224
2009,1958,machine,SimpleRewrites,128,7022224
1737,4618,machine,VampireProven,0,11760
2419,2272,machine,SimpleRewrites,2,31360
4148,41,machine,EquationSearch,80,378928
30,3819,machine,TrivialBruteforce,10,9708
2345,2341,machine,SimpleRewrites,0,7022224
1456,1453,machine,SimpleRewrites,0,5508
4266,4223,machine,SimpleRewrites,9,2979740
2963,2948,machine,SimpleRewrites,0,4722
2230,2163,machine,SimpleRewrites,0,68816
414,47,machine,VampireProven,1,79850
701,699,machine,SimpleRewrites,0,7022224
2023,1978,machine,SimpleRewrites,7,84400
379,3746,machine,TrivialBruteforce,27,807177
2619,2416,machine,EquationSearch,4,7022224
4240,4239,machine,SimpleRewrites,4,2979740
514,1,machine,GeneratedOther,0,7022224
3617,3629,machine,TrivialBruteforce,0,2979740
4453,4442,machine,SimpleRewrites,0,5838
2129,2143,machine,VampireProven,0,965425
775,791,machine,VampireProven,43,7022224
4209,3755,machine,MagmaEgg,2,38700
4053,3987,machine,SimpleRewrites,40,2979740
1475,1438,machine,SimpleRewrites,4,965425
4358,4284,machine,SimpleRewrites,14,66892
4298,4307,machine,VampireProven,1,19840
4052,4015,machine,SimpleRewrites,1,2979740
4668,4618,machine,TrivialBruteforce,9,16723
2773,2299,machine,VampireProven,0,4725
3873,358,machine,VampireProven,1,6099
2085,2082,machine,SimpleRewrites,16,570121
1418,1416,machine,SimpleRewrites,0,7022224
432,426,machine,SimpleRewrites,0,6276
2451,2445,machine,SimpleRewrites,2,17870
1982,1849,machine,SimpleRewrites,1,8635
3186,2983,machine,EquationSearch,0,7022224
1903,363,machine,VampireProven,3,16810
2740,4611,machine,MagmaEgg,0,10577
1974,1846,machine,SimpleRewrites,0,5040
4012,3923,machine,SimpleRewrites,1,7860
1028,1019,machine,SimpleRewrites,0,3168
4063,4058,machine,SimpleRewrites,6,2979740
69,1566,machine,TrivialBruteforce,0,7022224
4609,4657,machine,TrivialBruteforce,0,3968
3809,3736,machine,MagmaEgg,0,30960
4007,4004,machine,SimpleRewrites,84,2979740
504,1,machine,MagmaEgg,0,7022224
1775,18,machine,MagmaEgg,0,965425
2168,1690,machine,VampireProven,2,5049
1117,1113,machine,SimpleRewrites,0,7022224
2367,2292,machine,SimpleRewrites,0,4725
2900,1498,machine,VampireProven,41,7022224
40,37,machine,SimpleRewrites,7,337040
1623,1510,machine,SimpleRewrites,3,7022224
1536,13,machine,MagmaEgg,13,177944
2781,2738,machine,SimpleRewrites,17,108537
4300,4310,machine,EquationSearch,22,49575
417,624,machine,VampireProven,0,12736
2124,2034,machine,SimpleRewrites,0,3010
1018,1002,machine,SimpleRewrites,44,7022224
1018,1015,machine,SimpleRewrites,1,7022224
3834,3821,machine,SimpleRewrites,1,2979740
3932,4512,machine,VampireProven,0,56672
1855,1853,machine,SimpleRewrites,110,965425
158,150,machine,SimpleRewrites,1,3764
3756,3749,machine,SimpleRewrites,0,2979740
3586,3511,machine,SimpleRewrites,1,6072
4649,4645,machine,SimpleRewrites,5,49525
1132,1111,machine,SimpleRewrites,0,5070
4141,4654,machine,TrivialBruteforce,6,17794
1503,1480,machine,SimpleRewrites,3,7730
722,4319,machine,VampireProven,0,3292
4512,4511,machine,SimpleRewrites,0,12246
1328,1325,machine,SimpleRewrites,0,7022224
4154,4064,machine,SimpleRewrites,0,4660
121,1769,machine,TrivialBruteforce,52,7022224
1789,3606,machine,MagmaEgg,0,31668
2632,2520,machine,SimpleRewrites,1,1902338
614,613,machine,SimpleRewrites,0,3202
3836,3768,machine,SimpleRewrites,4,18261
3175,3101,machine,SimpleRewrites,0,65477
1347,1338,machine,SimpleRewrites,1,7022224
2898,2846,machine,SimpleRewrites,0,3202
4199,4157,machine,SimpleRewrites,3,7119
4508,4433,machine,SimpleRewrites,1,20450
489,588,machine,VampireProven,84,7022224
861,3,machine,MagmaEgg,0,1902338
716,6,machine,TrivialBruteforce,5,7022224
2162,1426,machine,VampireProven,0,4503
476,410,machine,SimpleRewrites,1,3112
4112,4108,machine,SimpleRewrites,0,42306
4115,4078,machine,SimpleRewrites,0,34560
2388,2299,machine,SimpleRewrites,0,4752
3867,3861,machine,SimpleRewrites,0,4128
174,1513,machine,TrivialBruteforce,191,7022224
4238,4226,machine,SimpleRewrites,2,2979740
1333,2307,machine,VampireProven,24,995826
1094,1092,machine,SimpleRewrites,1,7022224
2303,2237,machine,SimpleRewrites,1,3024
2809,2746,machine,SimpleRewrites,210,7022224
2064,2675,machine,VampireProven,4,36212
282,254,machine,SimpleRewrites,0,3140
2094,1,machine,MagmaEgg,0,7022224
499,527,machine,VampireProven,10,19569
1982,1933,machine,SimpleRewrites,4,8635
3909,3692,machine,VampireProven,0,46176
1132,3934,machine,VampireProven,0,10140
2065,2036,machine,SimpleRewrites,2,5487
2689,2653,machine,SimpleRewrites,94,570121
4468,4379,machine,SimpleRewrites,1,4248
1522,1518,machine,SimpleRewrites,0,4548
2142,2141,machine,SimpleRewrites,1,7022224
4229,44,machine,EquationSearch,0,404096
242,221,machine,SimpleRewrites,3,14960
911,988,machine,VampireProven,29,570121
2616,2613,machine,SimpleRewrites,2,7022224
3685,3692,machine,MagmaEgg,0,47424
1891,4504,machine,TrivialBruteforce,8,260304
1011,898,machine,SimpleRewrites,10,7022224
262,2643,machine,VampireProven,0,3452
4357,4282,machine,SimpleRewrites,6,4944
479,3195,machine,VampireProven,97,7022224
183,1830,machine,TrivialBruteforce,4,7022224
3514,3457,machine,SimpleRewrites,0,7233
4260,4184,machine,SimpleRewrites,2,2979740
2835,2363,machine,VampireProven,5,33138
1252,1250,machine,SimpleRewrites,0,4743
4365,4363,machine,SimpleRewrites,0,9905
39,3683,machine,TrivialBruteforce,8,6318
3633,3528,machine,SimpleRewrites,0,12144
4595,4640,machine,TrivialBruteforce,10,223853
795,648,machine,SimpleRewrites,7,65720
843,817,machine,SimpleRewrites,0,6320
213,2487,machine,TrivialBruteforce,34,113216
2060,254,machine,VampireProven,0,3294
4016,3966,machine,SimpleRewrites,7,2979740
3400,3355,machine,SimpleRewrites,5,490884
3387,3345,machine,SimpleRewrites,3,6501
2,325,machine,TrivialBruteforce,9,11935
3380,3446,machine,TrivialBruteforce,2,2979740
4160,38,machine,MagmaEgg,0,404096
3107,1224,machine,VampireProven,0,6276
2657,2656,machine,SimpleRewrites,0,570121
4488,4384,machine,SimpleRewrites,0,9765
2013,1907,machine,SimpleRewrites,2,965425
2215,2214,machine,SimpleRewrites,156,7022224
2682,2671,machine,SimpleRewrites,0,5157
53,434,machine,TrivialBruteforce,1,1902338
4516,4519,machine,VampireProven,0,57092
1926,1800,machine,VampireProven,11,965425
3996,3914,machine,SimpleRewrites,0,7134
4401,4381,machine,SimpleRewrites,0,10795
114,98,machine,SimpleRewrites,0,2996
1742,1736,machine,TrivialBruteforce,3,7022224
497,1958,machine,VampireProven,2,7022224
3358,3408,machine,TrivialBruteforce,2,490884
2056,2681,machine,VampireProven,4,570121
1608,1573,machine,SimpleRewrites,0,7022224
4175,4161,machine,MagmaEgg,2,88642
634,851,machine,VampireProven,3,20628
825,816,machine,SimpleRewrites,0,3168
493,1281,machine,VampireProven,7,7022224
3579,3562,machine,SimpleRewrites,3,2979740
4120,4064,machine,SimpleRewrites,0,5090
4327,4292,machine,TrivialBruteforce,2,3968
3387,4361,machine,MagmaEgg,0,6501
4250,4102,machine,SimpleRewrites,61,168520
3610,3598,machine,SimpleRewrites,0,2979740
3945,3941,machine,SimpleRewrites,4,807177
4391,4381,machine,SimpleRewrites,0,9815
927,2473,machine,MagmaEgg,2,16588
3,3743,human,Subgraph,4,177071
4392,4388,machine,SimpleRewrites,4,9795
745,668,machine,SimpleRewrites,4,4662
3312,3304,machine,SimpleRewrites,0,404096
4267,0,machine,GeneratedOther,0,2490
1596,1594,machine,SimpleRewrites,2,7022224
3796,3792,machine,SimpleRewrites,0,2979740
3435,3329,machine,SimpleRewrites,1,47366
4419,4398,machine,SimpleRewrites,0,6159
2184,2183,machine,SimpleRewrites,2,7022224
3100,3091,machine,SimpleRewrites,1,388968
1254,1224,machine,SimpleRewrites,0,6316
4426,4418,machine,SimpleRewrites,2,87390
2880,2884,machine,VampireProven,2,570121
2449,1831,machine,VampireProven,0,3360
839,9,machine,MagmaEgg,0,100864
3235,3234,machine,SimpleRewrites,6,7022224
3783,3756,machine,SimpleRewrites,2,2979740
25,3093,machine,TrivialBruteforce,9,19239
228,4379,machine,VampireProven,1,2996
3939,4142,machine,VampireProven,2,32576
140,139,machine,SimpleRewrites,15,7022224
10,3322,machine,TrivialBruteforce,5,9708
2380,2336,machine,SimpleRewrites,0,64370
753,749,machine,SimpleRewrites,0,7022224
1668,2274,machine,VampireProven,3,965425
27,2705,machine,EquationSearch,0,17501
1389,1,machine,GeneratedOther,0,7022224
2253,2237,machine,SimpleRewrites,0,3416
1679,1677,machine,SimpleRewrites,4,965425
4354,4340,machine,SimpleRewrites,0,6114
805,1464,machine,VampireProven,13,44361
4059,4054,machine,SimpleRewrites,4,404096
1838,1832,machine,SimpleRewrites,2,5142
2740,2646,machine,SimpleRewrites,0,4533
3148,3049,machine,SimpleRewrites,0,3184
1681,3049,machine,MagmaEgg,0,3050
4618,4586,machine,SimpleRewrites,0,7182
48,624,machine,TrivialBruteforce,0,13976
3114,3049,machine,SimpleRewrites,0,3142
3,41,human,Subgraph,4,275792
2147,1944,machine,VampireProven,0,965425
379,3741,machine,TrivialBruteforce,3,807177
2991,2908,machine,SimpleRewrites,3,4662
555,3090,machine,MagmaEgg,3,9084
4131,4068,machine,TrivialBruteforce,5,17296
4457,4385,machine,SimpleRewrites,0,10030
1232,1230,machine,SimpleRewrites,0,17270
927,2481,machine,MagmaEgg,6,24128
3787,3786,machine,SimpleRewrites,0,2979740
2535,2557,machine,VampireProven,0,72128
50,627,machine,TrivialBruteforce,0,187738
2041,2035,machine,SimpleRewrites,0,4929
409,405,machine,SimpleRewrites,101,2979740
3885,3884,machine,SimpleRewrites,4,145920
1957,1883,machine,SimpleRewrites,4,16970
2401,2292,machine,SimpleRewrites,3,4725
4240,4231,machine,SimpleRewrites,1,2979740
833,831,machine,SimpleRewrites,0,4722
4131,4653,machine,TrivialBruteforce,7,15134
912,3150,machine,VampireProven,1,7022224
351,3447,machine,TrivialBruteforce,2,2979740
1478,1425,machine,SimpleRewrites,1,3084
4106,4071,machine,SimpleRewrites,1,21153
3107,3104,machine,SimpleRewrites,0,6276
1499,497,machine,VampireProven,7,7022224
2083,2075,machine,SimpleRewrites,25,105152
2014,200,machine,TrivialBruteforce,0,7022224
1885,2107,machine,VampireProven,41,7022224
2969,296,machine,TrivialBruteforce,12,7022224
2280,2245,machine,SimpleRewrites,3,5337
1235,101,machine,VampireProven,4,75360
1675,1671,machine,SimpleRewrites,3,11190
3706,3690,machine,SimpleRewrites,2,46200
3196,3114,machine,SimpleRewrites,3,4710
2583,3175,machine,VampireProven,0,78800
4425,4424,machine,SimpleRewrites,0,31056
1460,4315,machine,VampireProven,2,5487
184,177,machine,SimpleRewrites,0,7022224
601,599,machine,SimpleRewrites,0,7022224
2278,1875,machine,VampireProven,3,10302
22,3521,machine,TrivialBruteforce,2,5922
401,3833,machine,TrivialBruteforce,0,2979740
2723,30,machine,MagmaEgg,21,67940
2345,2344,machine,SimpleRewrites,48,7022224
4386,4389,machine,EquationSearch,13,31168
569,568,machine,SimpleRewrites,0,7022224
1803,1802,machine,TrivialBruteforce,0,7022224
2069,2039,machine,SimpleRewrites,2,5487
3705,3697,machine,SimpleRewrites,3,14224
3706,3698,machine,SimpleRewrites,2,46200
2236,2193,machine,SimpleRewrites,6,7022224
2943,2849,machine,SimpleRewrites,4,10724
3845,3792,machine,SimpleRewrites,0,2979740
1288,2440,machine,VampireProven,0,3094
1985,1983,machine,SimpleRewrites,37,7022224
1260,1258,machine,SimpleRewrites,0,12584
1404,1257,machine,SimpleRewrites,0,13488
1660,1630,machine,SimpleRewrites,0,5070
1505,722,machine,MagmaEgg,0,57610
3080,3060,machine,VampireProven,4,35600
871,816,machine,SimpleRewrites,0,3330
2636,2633,machine,SimpleRewrites,1,7022224
2804,2696,machine,SimpleRewrites,0,4515
3250,3249,machine,TrivialBruteforce,0,7022224
4351,4349,machine,SimpleRewrites,3,223853
50,47,machine,SimpleRewrites,0,79550
384,4127,machine,TrivialBruteforce,1,6918
2882,2851,machine,SimpleRewrites,0,4932
2060,3455,machine,VampireProven,0,3294
993,942,machine,SimpleRewrites,0,570121
4447,4463,machine,VampireProven,3,92385
1717,4621,machine,MagmaEgg,4,5250
417,415,machine,SimpleRewrites,0,4776
3786,4245,machine,TrivialBruteforce,6,2979740
1543,1515,machine,SimpleRewrites,0,4488
3010,2871,machine,SimpleRewrites,0,4743
380,3946,machine,TrivialBruteforce,40,38544
1254,1252,machine,VampireProven,0,12632
3506,3493,machine,SimpleRewrites,0,197760
2704,2697,machine,SimpleRewrites,1,7022224
2306,704,machine,VampireProven,1,7022224
3324,3304,machine,SimpleRewrites,0,404096
2875,2846,machine,SimpleRewrites,0,3328
4498,4388,machine,SimpleRewrites,5,9800
3225,3212,machine,SimpleRewrites,19,7022224
3641,3622,machine,SimpleRewrites,0,2979740
3023,2918,machine,SimpleRewrites,1,17501
1640,1637,machine,SimpleRewrites,1,5040
2912,2506,machine,MagmaEgg,0,23190
3682,3680,machine,SimpleRewrites,17,78802
1103,1077,machine,SimpleRewrites,1,965425
4153,3455,machine,TrivialBruteforce,4,3936
4196,3790,machine,TrivialBruteforce,20,425867
4675,4656,machine,SimpleRewrites,33,66556
1383,2754,machine,MagmaEgg,0,450892
521,2924,machine,MagmaEgg,7,450408
2735,2643,machine,SimpleRewrites,1,3162
2651,2643,machine,SimpleRewrites,1,3564
3299,3291,machine,SimpleRewrites,1,23760
497,487,machine,SimpleRewrites,1,7022224
1188,1186,machine,TrivialBruteforce,0,7022224
1931,1628,machine,VampireProven,0,3120
4000,3988,machine,SimpleRewrites,0,13788
592,445,machine,SimpleRewrites,3,34120
2886,2064,machine,VampireProven,0,36212
2305,2773,machine,VampireProven,0,113400
521,1164,machine,MagmaEgg,2,450408
3822,3687,machine,TrivialBruteforce,0,27104
4497,4469,machine,SimpleRewrites,0,6162
49,3658,machine,VampireProven,0,3188
4177,326,machine,TrivialBruteforce,1,80430
3923,3252,machine,TrivialBruteforce,2,4180
4271,4350,machine,TrivialBruteforce,7,7434
958,956,machine,SimpleRewrites,9,7022224
1749,1733,machine,SimpleRewrites,45,965425
2642,2631,machine,SimpleRewrites,1,7022224
1200,1148,machine,SimpleRewrites,0,7022224
3737,3715,machine,SimpleRewrites,6,123525
696,667,machine,SimpleRewrites,0,7022224
1763,3184,machine,MagmaEgg,0,107068
4528,4373,machine,TrivialBruteforce,0,14343
2150,2149,machine,SimpleRewrites,0,7022224
898,14,machine,EquationSearch,41,7022224
3942,3869,machine,SimpleRewrites,6,7443
556,474,machine,SimpleRewrites,0,7022224
830,827,machine,SimpleRewrites,0,20462
1460,1446,machine,VampireProven,5,14632
2859,3457,machine,VampireProven,0,4938
562,560,machine,TrivialBruteforce,97,7022224
3743,4519,machine,MagmaEgg,35,59696
3807,3844,machine,TrivialBruteforce,10,2979740
3323,3322,machine,SimpleRewrites,4,13818
799,798,machine,SimpleRewrites,2,7022224
4538,4533,machine,SimpleRewrites,101,825612
3404,3450,machine,EquationSearch,0,490884
2777,220,machine,VampireProven,0,4722
2575,2458,machine,SimpleRewrites,2,4674
545,1966,machine,MagmaEgg,4,107068
2326,2237,machine,SimpleRewrites,1,3292
4195,38,machine,MagmaEgg,92,404096
846,817,machine,SimpleRewrites,0,6316
3464,3455,machine,SimpleRewrites,0,4638
2429,2354,machine,SimpleRewrites,1,75744
3391,3379,machine,SimpleRewrites,10,47366
4631,4675,machine,TrivialBruteforce,0,66556
1694,2946,machine,MagmaEgg,3,4680
4440,4438,machine,SimpleRewrites,3,24564
591,589,machine,SimpleRewrites,1,7022224
1307,1299,machine,SimpleRewrites,0,7022224
846,844,machine,SimpleRewrites,0,4737
3567,3564,machine,SimpleRewrites,0,2979740
2978,745,machine,VampireProven,25,63714
3637,3602,machine,SimpleRewrites,6,2979740
711,707,machine,SimpleRewrites,3,7022224
272,254,machine,SimpleRewrites,0,3136
745,2991,machine,MagmaEgg,17,63714
564,563,machine,SimpleRewrites,78,7022224
1696,1639,machine,VampireProven,7,16810
4556,4505,machine,SimpleRewrites,0,64086
108,850,machine,TrivialBruteforce,0,115194
1226,1223,machine,SimpleRewrites,0,6364
4571,4496,machine,SimpleRewrites,1,19420
147,1,machine,GeneratedOther,0,7022224
4461,4431,machine,SimpleRewrites,0,9815
1753,1740,machine,SimpleRewrites,1,7022224
1288,4379,machine,VampireProven,0,3094
2484,2456,machine,SimpleRewrites,1,5253
27,2566,machine,TrivialBruteforce,0,187738
3433,3364,machine,SimpleRewrites,54,2979740
3042,3040,machine,SimpleRewrites,0,7022224
2538,2534,machine,SimpleRewrites,0,7022224
4564,4579,machine,TrivialBruteforce,0,336864
3949,3940,machine,SimpleRewrites,9,807177
920,919,machine,SimpleRewrites,0,7022224
1540,1,machine,GeneratedOther,0,7022224
3655,3635,machine,SimpleRewrites,6,2979740
3138,3658,machine,MagmaEgg,2,3312
1995,1136,machine,MagmaEgg,0,18722
350,335,machine,SimpleRewrites,7,807177
3102,7,machine,VampireProven,6,13851
451,439,machine,SimpleRewrites,3,4743
1288,3049,machine,VampireProven,0,3094
3525,3521,machine,SimpleRewrites,3,7209
1616,1613,machine,SimpleRewrites,0,7022224
2557,2448,machine,SimpleRewrites,0,4755
1617,1572,machine,SimpleRewrites,4,570121
4587,4646,machine,TrivialBruteforce,1,6285
2654,2645,machine,SimpleRewrites,1,5169
3972,3950,machine,SimpleRewrites,0,5802
2743,2643,machine,SimpleRewrites,0,3024
1173,1172,machine,SimpleRewrites,0,7022224
3121,2658,machine,VampireProven,0,4776
243,231,machine,SimpleRewrites,51,7022224
1696,2160,machine,VampireProven,9,16810
824,816,machine,SimpleRewrites,0,3492
1605,1499,machine,SimpleRewrites,2,7022224
3251,3248,machine,SimpleRewrites,1,7022224
1889,2216,machine,VampireProven,2,965425
1568,77,machine,VampireProven,3,570121
4,2,human,Subgraph,3,62680
2099,116,machine,MagmaEgg,5,8445
4568,4493,machine,SimpleRewrites,2,20450
410,0,machine,GeneratedOther,1,2077
4065,4064,machine,SimpleRewrites,0,4440
1235,1227,machine,SimpleRewrites,1,6280
2805,1350,machine,VampireProven,31,7022224
2807,2745,machine,SimpleRewrites,0,4722
3299,3283,machine,SimpleRewrites,2,23760
3881,3903,machine,VampireProven,2,146072
180,179,machine,SimpleRewrites,210,7022224
1575,1574,machine,SimpleRewrites,0,7022224
4101,4590,machine,TrivialBruteforce,3,3844
339,3376,machine,TrivialBruteforce,6,2979740
2161,1484,machine,VampireProven,1,16511
2105,40,machine,TrivialBruteforce,11,2327776
3932,3931,machine,SimpleRewrites,5,32384
1947,1925,machine,SimpleRewrites,1,7022224
791,1922,machine,VampireProven,42,7022224
3868,3871,machine,VampireProven,0,40660
427,4119,machine,VampireProven,1,4707
2243,2237,machine,SimpleRewrites,0,3442
3386,3442,machine,TrivialBruteforce,40,2979740
3621,40,machine,MagmaEgg,0,2979740
3566,3369,machine,EquationSearch,2,129690
966,965,machine,SimpleRewrites,2,7022224
226,2325,machine,TrivialBruteforce,15,7022224
1242,1250,machine,VampireProven,0,4734
1994,319,machine,TrivialBruteforce,0,76296
4313,0,machine,GeneratedOther,1,2435
3056,3072,machine,VampireProven,24,388968
2142,2138,machine,SimpleRewrites,1,7022224
1922,1368,machine,VampireProven,82,7022224
577,575,machine,SimpleRewrites,49,7022224
3922,3919,machine,SimpleRewrites,2,807177
2740,2473,machine,MagmaEgg,0,16621
695,1,machine,MagmaEgg,0,7022224
807,806,machine,TrivialBruteforce,0,7022224
1080,1078,machine,SimpleRewrites,1,7022224
3923,3861,machine,SimpleRewrites,0,4180
374,4117,machine,TrivialBruteforce,11,7476
45,38,human,Subgraph,13,337040
2564,2559,machine,SimpleRewrites,6,7022224
4415,4384,machine,SimpleRewrites,0,10255
646,642,machine,SimpleRewrites,1,4722
2151,2123,machine,SimpleRewrites,0,5082
277,3190,machine,TrivialBruteforce,1,7022224
1432,2260,machine,VampireProven,25,965425
4661,4670,machine,TrivialBruteforce,3,223853
1122,1,machine,GeneratedOther,30,7022224
4336,4324,machine,SimpleRewrites,0,13888
136,1403,machine,TrivialBruteforce,11,7022224
1417,1,machine,GeneratedOther,0,7022224
78,788,machine,TrivialBruteforce,17,7022224
478,602,machine,VampireProven,0,388968
3946,3934,machine,SimpleRewrites,8,14460
3160,3149,machine,SimpleRewrites,3,4545
779,778,machine,TrivialBruteforce,0,7022224
3230,3212,machine,SimpleRewrites,0,7022224
1971,1927,machine,SimpleRewrites,5,7022224
590,1528,machine,EquationSearch,23,7022224
2824,2821,machine,SimpleRewrites,1,7022224
4363,4319,machine,SimpleRewrites,1,3988
3,4521,human,Subgraph,1,167669
3355,44,machine,TrivialBruteforce,0,378928
4499,4497,machine,SimpleRewrites,0,19410
4424,4408,machine,SimpleRewrites,4,9795
602,536,machine,SimpleRewrites,8,388968
2322,2310,machine,SimpleRewrites,0,7022224
1093,1,machine,MagmaEgg,0,7022224
3849,3812,machine,SimpleRewrites,0,2979740
2488,2451,machine,SimpleRewrites,0,21944
4643,4640,machine,TrivialBruteforce,0,223853
4068,4065,machine,SimpleRewrites,8,6657
4403,4401,machine,SimpleRewrites,0,24540
4022,3961,machine,SimpleRewrites,3,7209
3014,2719,machine,VampireProven,3,1902338
1224,1222,machine,SimpleRewrites,0,3590
2565,2548,machine,SimpleRewrites,154,7022224
2193,2184,machine,SimpleRewrites,2,7022224
326,3323,machine,TrivialBruteforce,31,96726
3816,3811,machine,SimpleRewrites,2,2979740
3452,3432,machine,SimpleRewrites,1,2979740
1762,1201,machine,VampireProven,29,146856
4060,4001,machine,SimpleRewrites,0,2979740
1526,1,machine,MagmaEgg,40,7022224
2474,2473,machine,SimpleRewrites,4,18469
3947,3939,machine,SimpleRewrites,28,151725
3369,42,machine,VampireProven,6,27510
932,931,machine,SimpleRewrites,2,7022224
3435,3417,machine,SimpleRewrites,2,490884
1751,1,machine,GeneratedOther,0,7022224
1567,1562,machine,SimpleRewrites,0,7022224
889,744,machine,VampireProven,112,7022224
1731,1,machine,GeneratedOther,40,7022224
2619,2568,machine,SimpleRewrites,0,7022224
3817,3812,machine,SimpleRewrites,12,2979740
1377,1365,machine,SimpleRewrites,0,965425
3986,3973,machine,SimpleRewrites,3,2979740
4175,4215,machine,MagmaEgg,16,127182
270,254,machine,SimpleRewrites,0,2994
4490,4468,machine,SimpleRewrites,2,9810
3871,3870,machine,SimpleRewrites,0,6135
4184,4260,machine,TrivialBruteforce,0,2979740
2065,3325,machine,VampireProven,0,10974
3157,3155,machine,SimpleRewrites,1,7022224
2359,2351,machine,SimpleRewrites,0,7022224
3942,3927,machine,SimpleRewrites,3,7443
3343,3805,machine,VampireProven,1,2979740
4659,4685,machine,TrivialBruteforce,0,27776
2907,3147,machine,EquationSearch,7,7022224
3127,3104,machine,SimpleRewrites,2,6056
3007,2871,machine,SimpleRewrites,0,4536
3142,3049,machine,SimpleRewrites,0,3038
3869,3861,machine,SimpleRewrites,2,5046
4600,4597,machine,SimpleRewrites,0,4762
1132,1978,machine,VampireProven,0,84500
454,1052,machine,VampireProven,0,72818
3180,672,machine,VampireProven,40,7022224
2424,2622,machine,VampireProven,8,150816
3266,3259,machine,SimpleRewrites,9,29939
4511,4395,machine,SimpleRewrites,3,6513
2934,2925,machine,SimpleRewrites,0,7022224
3495,3484,machine,SimpleRewrites,0,36651
4390,4692,machine,TrivialBruteforce,17,58072
3895,3888,machine,SimpleRewrites,2,146072
384,3961,machine,TrivialBruteforce,0,6918
1750,1742,machine,SimpleRewrites,4,7022224
1914,1885,machine,SimpleRewrites,0,7022224
4372,4370,machine,SimpleRewrites,12,27734
2732,22,machine,MagmaEgg,1,14877
145,1825,machine,TrivialBruteforce,18,965425
2354,2245,machine,SimpleRewrites,0,4779
991,981,machine,SimpleRewrites,33,7022224
3347,3564,machine,VampireProven,5,2979740
2728,2720,machine,SimpleRewrites,1,7022224
4238,4234,machine,SimpleRewrites,78,2979740
3494,306,machine,VampireProven,0,6099
1533,1531,machine,SimpleRewrites,0,7022224
4550,4547,machine,SimpleRewrites,0,87030
1892,1891,machine,SimpleRewrites,9,7022224
1373,1284,machine,SimpleRewrites,2,5151
2475,2465,machine,SimpleRewrites,1,5370
45,40,machine,SimpleRewrites,51,2979740
310,308,machine,SimpleRewrites,0,27588
409,392,machine,SimpleRewrites,89,2979740
3394,3390,machine,SimpleRewrites,6,2979740
795,726,machine,SimpleRewrites,10,36146
34,32,machine,TrivialBruteforce,0,7022224
2285,1452,machine,VampireProven,4,13488
3011,2902,machine,SimpleRewrites,0,4488
4162,4158,machine,SimpleRewrites,0,2979740
3785,3673,machine,SimpleRewrites,1,6117
2426,2425,machine,TrivialBruteforce,0,7022224
2127,2034,machine,SimpleRewrites,1,3114
712,613,machine,SimpleRewrites,0,3294
4323,4335,machine,TrivialBruteforce,10,20040
1248,1222,machine,SimpleRewrites,0,3184
4586,4665,machine,TrivialBruteforce,0,7470
4511,4434,machine,SimpleRewrites,3,6513
3616,3480,machine,SimpleRewrites,1,6138
1162,1377,machine,VampireProven,41,965425
1989,198,machine,TrivialBruteforce,7,7022224
4085,4095,machine,VampireProven,8,23060
3728,3661,machine,SimpleRewrites,3,6276
3430,3287,machine,SimpleRewrites,3,17296
1630,1628,machine,SimpleRewrites,0,3842
1098,1086,machine,SimpleRewrites,0,7022224
2112,2943,machine,MagmaEgg,44,441588
3172,3171,machine,TrivialBruteforce,0,7022224
1169,1167,machine,SimpleRewrites,0,7022224
1714,1686,machine,SimpleRewrites,0,65824
2738,2645,machine,SimpleRewrites,1,4728
521,1560,machine,MagmaEgg,4,450408
1044,1019,machine,SimpleRewrites,0,3726
1209,1208,machine,TrivialBruteforce,0,7022224
67,61,machine,SimpleRewrites,2,570121
4645,4651,machine,EquationSearch,0,49575
4562,4568,machine,EquationSearch,0,87030
2886,2851,machine,SimpleRewrites,0,4938
3814,3810,machine,SimpleRewrites,114,807177
4185,4169,machine,SimpleRewrites,17,2979740
441,438,machine,SimpleRewrites,1,8910
1121,1933,machine,MagmaEgg,1,8815
3736,3724,machine,SimpleRewrites,0,6141
788,783,machine,SimpleRewrites,1,7022224
2405,2289,machine,SimpleRewrites,0,6324
3169,3168,machine,SimpleRewrites,1,7022224
1400,1332,machine,SimpleRewrites,0,7022224
644,54,machine,VampireProven,1,12033
2897,2860,machine,SimpleRewrites,10,570121
1593,1477,machine,SimpleRewrites,0,4938
3,7,human,Subgraph,2,14103
3174,3173,machine,SimpleRewrites,2,7022224
2190,2188,machine,TrivialBruteforce,0,7022224
4088,4086,machine,SimpleRewrites,0,117120
3333,3260,machine,SimpleRewrites,7,7929
3950,3861,machine,SimpleRewrites,0,3884
2944,1316,machine,VampireProven,0,7022224
4105,4082,machine,SimpleRewrites,2,5832
3052,3049,machine,SimpleRewrites,0,3558
2179,2050,machine,SimpleRewrites,4,7730
2368,2293,machine,SimpleRewrites,2,5984
427,2458,machine,VampireProven,0,4707
4132,4129,machine,SimpleRewrites,4,6486
2632,2578,machine,VampireProven,4,1902338
2644,268,machine,VampireProven,103,570121
115,1757,machine,TrivialBruteforce,29,7022224
2889,2648,machine,VampireProven,1,6876
66,481,machine,TrivialBruteforce,9,7022224
2170,1,machine,MagmaEgg,0,7022224
3906,3905,machine,EquationSearch,0,36708
4004,40,machine,MagmaEgg,80,2979740
3862,359,machine,TrivialBruteforce,9,30765
959,3896,machine,VampireProven,0,9870
1580,984,machine,VampireProven,4,570121
3810,3643,machine,TrivialBruteforce,12,807177
3921,3913,machine,SimpleRewrites,0,807177
123,1628,machine,VampireProven,0,3360
2914,2632,machine,VampireProven,0,1902338
3870,3861,machine,SimpleRewrites,2,4094
2944,2942,machine,SimpleRewrites,1,7022224
1516,1,machine,MagmaEgg,0,7022224
1089,2778,machine,MagmaEgg,0,245804
1273,1268,machine,SimpleRewrites,1,1902338
404,3834,machine,TrivialBruteforce,19,2979740
850,108,machine,VampireProven,0,115194
516,1,machine,GeneratedOther,0,7022224
1675,1639,machine,SimpleRewrites,2,18650
4569,4535,machine,TrivialBruteforce,0,336864
2208,2204,machine,SimpleRewrites,0,7022224
2333,1,machine,MagmaEgg,14,7022224
2740,25,machine,MagmaEgg,0,61951
4197,4206,machine,EquationSearch,0,2979740
4090,4064,machine,SimpleRewrites,2,3912
1662,2462,machine,VampireProven,0,146856
3590,3793,machine,VampireProven,4,32576
432,1066,machine,VampireProven,0,100416
1819,1817,machine,SimpleRewrites,0,7022224
3048,3037,machine,SimpleRewrites,6,7022224
1010,1009,machine,TrivialBruteforce,0,7022224
3580,3578,machine,SimpleRewrites,5,2979740
4526,4571,machine,VampireProven,9,87390
2636,2634,machine,SimpleRewrites,2,7022224
4210,4207,machine,SimpleRewrites,110,2979740
2248,204,machine,VampireProven,1,14464
124,72,machine,VampireProven,0,4491
1311,1222,machine,SimpleRewrites,0,3440
4008,40,machine,MagmaEgg,0,2979740
1554,1516,machine,SimpleRewrites,0,7022224
2516,2686,machine,VampireProven,0,11004
586,584,machine,SimpleRewrites,1,7022224
3615,3554,machine,SimpleRewrites,0,5745
3657,3614,machine,SimpleRewrites,0,2979740
1016,1015,machine,TrivialBruteforce,0,7022224
534,533,machine,TrivialBruteforce,0,7022224
1100,2709,machine,VampireProven,0,4551
538,1,machine,MagmaEgg,0,7022224
747,781,machine,VampireProven,0,570121
1445,1837,machine,VampireProven,0,5049
1147,1366,machine,VampireProven,4,7022224
4242,4174,machine,SimpleRewrites,3,13818
1600,1590,machine,SimpleRewrites,1,7022224
3797,4558,machine,VampireProven,1,56700
4681,4601,machine,SimpleRewrites,4,16723
3226,3084,machine,SimpleRewrites,0,9546
4235,4168,machine,SimpleRewrites,8,2979740
4078,4074,machine,SimpleRewrites,1,23760
3093,4655,machine,VampireProven,0,5337
3152,305,machine,TrivialBruteforce,283,7022224
2775,2659,machine,SimpleRewrites,1,4524
1973,1970,machine,SimpleRewrites,0,7022224
4338,4267,machine,SimpleRewrites,2,7281
1170,1982,machine,MagmaEgg,10,27632
1777,1,machine,GeneratedOther,40,7022224
826,824,machine,SimpleRewrites,0,4728
1381,1378,machine,SimpleRewrites,2,7022224
1878,1862,machine,SimpleRewrites,2,11190
417,1427,machine,VampireProven,0,4776
4462,4389,machine,SimpleRewrites,0,31088
1403,1297,machine,SimpleRewrites,1,7022224
1675,1663,machine,SimpleRewrites,1,11190
4669,4655,machine,SimpleRewrites,3,6000
1176,1175,machine,TrivialBruteforce,0,7022224
330,328,machine,SimpleRewrites,59,96432
4402,4398,machine,SimpleRewrites,0,6159
1710,1,machine,MagmaEgg,0,7022224
100,1030,machine,TrivialBruteforce,1,26850
4562,4527,machine,SimpleRewrites,0,249486
800,747,machine,SimpleRewrites,0,570121
678,613,machine,SimpleRewrites,0,3290
1764,2990,machine,VampireProven,1,7022224
1200,1094,machine,SimpleRewrites,3,7022224
4033,4021,machine,SimpleRewrites,73,2979740
3900,3879,machine,SimpleRewrites,2,6918
1769,1759,machine,SimpleRewrites,9,7022224
2255,2237,machine,SimpleRewrites,2,3676
2334,710,machine,MagmaEgg,3,450408
2119,2093,machine,SimpleRewrites,40,7022224
1870,1630,machine,VampireProven,1,5628
3287,3267,machine,SimpleRewrites,3,6657
1171,1169,machine,TrivialBruteforce,0,7022224
4447,4390,machine,VampireProven,2,67749
2897,2892,machine,SimpleRewrites,3,570121
2455,202,machine,MagmaEgg,1,3620
1347,1320,machine,SimpleRewrites,0,7022224
4477,4475,machine,SimpleRewrites,3,24540
1221,1210,machine,SimpleRewrites,0,7022224
2363,217,machine,MagmaEgg,2,25456
3809,4022,machine,TrivialBruteforce,2,11610
2686,2671,machine,SimpleRewrites,3,5193
2028,1969,machine,SimpleRewrites,0,965425
853,1230,machine,VampireProven,0,17270
3296,3260,machine,SimpleRewrites,0,5850
4429,4424,machine,SimpleRewrites,0,31040
710,616,machine,SimpleRewrites,0,16852
2877,2874,machine,SimpleRewrites,0,5157
3214,3105,machine,SimpleRewrites,1,4488
4563,4528,machine,SimpleRewrites,4,24492
2325,2320,machine,SimpleRewrites,0,7022224
1495,480,machine,MagmaEgg,12,36336
2788,1266,machine,VampireProven,0,76602
3158,1883,machine,MagmaEgg,0,15910
4332,4374,machine,TrivialBruteforce,0,223853
4502,4391,machine,SimpleRewrites,0,31088
774,638,machine,SimpleRewrites,1,4542
664,647,machine,SimpleRewrites,9,1902338
1806,1772,machine,SimpleRewrites,1,7022224
3266,3256,machine,SimpleRewrites,6,16121
2814,2812,machine,SimpleRewrites,0,7022224
1971,2174,machine,EquationSearch,4,7022224
3331,3329,machine,SimpleRewrites,52,50512
3043,3018,machine,SimpleRewrites,5,1902338
253,236,machine,SimpleRewrites,87,7022224
2163,2161,machine,SimpleRewrites,1,16489
4644,4614,machine,TrivialBruteforce,8,16989
4131,4134,machine,TrivialBruteforce,8,12972
1381,1372,machine,SimpleRewrites,5,7022224
1258,1238,machine,SimpleRewrites,0,4725
3177,1,machine,MagmaEgg,0,7022224
3181,2713,machine,MagmaEgg,15,245804
3107,4283,machine,VampireProven,0,3138
3906,3891,machine,VampireProven,4,127512
4464,4452,machine,SimpleRewrites,2,336864
2414,2309,machine,SimpleRewrites,0,40794
1082,1019,machine,SimpleRewrites,0,2994
4364,4312,machine,TrivialBruteforce,12,223853
3023,2989,machine,SimpleRewrites,5,19092
3597,3593,machine,SimpleRewrites,9,2979740
4503,4498,machine,SimpleRewrites,20,31056
2034,0,machine,GeneratedOther,3,2059
4105,4093,machine,SimpleRewrites,12,36936
2125,2035,machine,SimpleRewrites,0,4500
2633,2631,machine,TrivialBruteforce,0,7022224
1683,1628,machine,SimpleRewrites,0,3510
40,3394,machine,TrivialBruteforce,49,2979740
3349,4228,machine,MagmaEgg,0,102343
45,357,machine,TrivialBruteforce,204,2979740
427,2252,machine,VampireProven,0,6276
2531,45,machine,TrivialBruteforce,0,2327776
1394,1390,machine,SimpleRewrites,0,965425
49,46,machine,SimpleRewrites,0,3188
2425,2423,machine,TrivialBruteforce,2,7022224
4589,0,machine,GeneratedOther,1,2661
3735,380,machine,MagmaEgg,0,89670
2385,236,machine,TrivialBruteforce,12,7022224
2775,3184,machine,MagmaEgg,3,107068
3276,3266,machine,VampireProven,2,38400
119,1103,machine,TrivialBruteforce,0,965425
157,1869,machine,TrivialBruteforce,2,965425
3526,3523,machine,SimpleRewrites,8,13920
3333,3318,machine,SimpleRewrites,1,7929
365,362,machine,EquationSearch,0,149526
2454,2444,machine,SimpleRewrites,3,965425
116,2099,machine,VampireProven,0,8445
4353,4303,machine,TrivialBruteforce,3,16639
4436,4435,machine,SimpleRewrites,0,6153
3714,3658,machine,SimpleRewrites,1,4422
1629,22,machine,MagmaEgg,3,15453
192,191,machine,SimpleRewrites,0,7022224
1709,694,machine,MagmaEgg,0,107352
45,4581,human,Subgraph,197,819620
1476,1472,machine,SimpleRewrites,11,45333
4414,4384,machine,SimpleRewrites,0,9760
2644,37,machine,VampireProven,104,289168
3154,4,machine,MagmaEgg,40,1902338
313,318,machine,EquationSearch,29,180198
2200,2137,machine,SimpleRewrites,0,7022224
4574,4505,machine,SimpleRewrites,0,64284
3519,3518,machine,SimpleRewrites,0,6966
4491,4470,machine,SimpleRewrites,0,19340
2039,2034,machine,SimpleRewrites,0,3670
4562,4503,machine,EquationSearch,2,65756
386,3714,machine,TrivialBruteforce,0,32606
3,2,human,Subgraph,2,62680
797,796,machine,TrivialBruteforce,0,7022224
2780,2737,machine,SimpleRewrites,0,7022224
1070,1053,machine,SimpleRewrites,2,1902338
3498,3470,machine,SimpleRewrites,7,34765
3509,3507,machine,SimpleRewrites,0,404096
764,4145,machine,VampireProven,0,9912
2565,2560,machine,SimpleRewrites,4,7022224
953,870,machine,SimpleRewrites,1,7022224
565,478,machine,SimpleRewrites,1,388968
1850,1831,machine,SimpleRewrites,1,3384
2482,2470,machine,SimpleRewrites,0,965425
3082,3074,machine,SimpleRewrites,2,5337
713,1119,machine,MagmaEgg,4,23190
4437,4431,machine,SimpleRewrites,0,10900
1609,1608,machine,TrivialBruteforce,0,7022224
318,3503,machine,TrivialBruteforce,13,74802
4553,4437,machine,SimpleRewrites,0,20470
591,539,machine,SimpleRewrites,3,7022224
2674,2668,machine,SimpleRewrites,0,5157
2028,1952,machine,SimpleRewrites,1,965425
3370,3445,machine,TrivialBruteforce,1,490884
3122,684,machine,VampireProven,42,7022224
1180,2348,machine,MagmaEgg,220,450408
2242,202,machine,MagmaEgg,1,3646
4187,4183,machine,SimpleRewrites,5,2979740
3454,3449,machine,SimpleRewrites,91,2979740
1758,1926,machine,VampireProven,12,965425
1252,107,machine,VampireProven,0,4743
3743,3669,machine,SimpleRewrites,1,12792
1,4512,human,Subgraph,12,41888
4193,4192,machine,SimpleRewrites,4,2979740
1840,1831,machine,SimpleRewrites,0,3362
2740,4108,machine,MagmaEgg,0,33242
1657,2469,machine,MagmaEgg,1,8815
195,1956,machine,TrivialBruteforce,133,7022224
1988,1987,machine,TrivialBruteforce,1,7022224
216,206,machine,SimpleRewrites,13,965425
512,410,machine,SimpleRewrites,0,3598
4616,4613,machine,SimpleRewrites,3,49525
1871,1873,machine,MagmaEgg,0,146856
4417,4386,machine,SimpleRewrites,106,249486
3599,4005,machine,VampireProven,3,12150
2488,2462,machine,SimpleRewrites,0,146856
415,410,machine,SimpleRewrites,0,3616
555,2981,machine,MagmaEgg,5,118092
1272,1267,machine,SimpleRewrites,0,1902338
97,975,machine,TrivialBruteforce,9,7022224
707,1975,machine,VampireProven,3,7022224
2972,2861,machine,SimpleRewrites,0,6368
927,1875,machine,MagmaEgg,2,9048
2027,2024,machine,SimpleRewrites,5,7022224
3470,3455,machine,SimpleRewrites,0,4102
2582,2577,machine,SimpleRewrites,2,7022224
4287,4267,machine,TrivialBruteforce,0,7182
3972,3867,machine,SimpleRewrites,1,5802
4264,4202,machine,SimpleRewrites,4,2979740
4133,4130,machine,SimpleRewrites,5,7677
4632,4583,machine,TrivialBruteforce,4,7140
322,306,machine,SimpleRewrites,2,7338
1876,156,machine,VampireProven,2,965425
4609,4659,machine,TrivialBruteforce,0,27776
2570,2455,machine,SimpleRewrites,0,6288
2682,2648,machine,SimpleRewrites,0,6876
3668,3659,machine,SimpleRewrites,2,6105
4501,4489,machine,SimpleRewrites,2,24540
1301,1299,machine,SimpleRewrites,2,7022224
4276,4275,machine,SimpleRewrites,1,4000
1476,1439,machine,SimpleRewrites,8,965425
4391,4385,machine,SimpleRewrites,0,9815
3282,3302,machine,VampireProven,3,98328
2054,307,machine,VampireProven,0,16450
1210,1207,machine,SimpleRewrites,0,7022224
1789,948,machine,MagmaEgg,0,107068
1704,2168,machine,VampireProven,0,28611
1095,1201,machine,VampireProven,0,146856
4013,44,machine,EquationSearch,0,404096
4161,3354,machine,TrivialBruteforce,2,15672
2067,2879,machine,MagmaEgg,4,33100
4209,3616,machine,TrivialBruteforce,0,30960
4102,4113,machine,VampireProven,10,117120
2979,2977,machine,SimpleRewrites,7,7022224
1408,1406,machine,SimpleRewrites,0,7022224
3096,3084,machine,SimpleRewrites,0,10680
3719,3718,machine,SimpleRewrites,42,807177
780,779,machine,SimpleRewrites,1,7022224
1271,1267,machine,SimpleRewrites,0,1902338
2744,45,machine,TrivialBruteforce,0,2327776
3007,2899,machine,SimpleRewrites,0,4536
3287,3257,machine,SimpleRewrites,2,6657
370,364,machine,SimpleRewrites,4,21098
4076,4073,machine,SimpleRewrites,0,6489
1787,1786,machine,SimpleRewrites,0,7022224
1338,1336,machine,SimpleRewrites,1,7022224
413,3658,machine,VampireProven,0,3312
1442,1440,machine,SimpleRewrites,0,5040
3516,3509,machine,SimpleRewrites,8,404096
4388,4379,machine,SimpleRewrites,1,3984
1789,1728,machine,SimpleRewrites,1,7540
1055,443,machine,VampireProven,0,67596
4161,4153,machine,SimpleRewrites,5,15672
1078,1,machine,MagmaEgg,0,7022224
1136,1027,machine,SimpleRewrites,1,5106
3023,2972,machine,SimpleRewrites,1,84323
366,4095,machine,TrivialBruteforce,2,23420
1825,1783,machine,SimpleRewrites,15,965425
1476,1471,machine,SimpleRewrites,3,965425
4297,4312,machine,TrivialBruteforce,77,223853
2206,2092,machine,SimpleRewrites,2,13432
689,618,machine,SimpleRewrites,1,4932
4347,4277,machine,TrivialBruteforce,4,66556
2680,2647,machine,VampireProven,1,570121
1194,1184,machine,SimpleRewrites,2,7022224
1854,1850,machine,SimpleRewrites,2,5046
3364,3343,machine,SimpleRewrites,29,2979740
1948,1183,machine,VampireProven,13,19261
1605,1934,machine,EquationSearch,3,7022224
346,3841,machine,TrivialBruteforce,8,807177
1472,1456,machine,SimpleRewrites,4,10968
298,2971,machine,TrivialBruteforce,94,7022224
4128,4135,machine,TrivialBruteforce,0,47564
1815,4039,machine,VampireProven,0,27008
3337,3321,machine,SimpleRewrites,3,15252
28,3993,machine,TrivialBruteforce,2,9276
1700,1690,machine,SimpleRewrites,3,5142
1724,1,machine,MagmaEgg,40,7022224
2783,2771,machine,SimpleRewrites,0,7022224
3728,3720,machine,SimpleRewrites,3,6276
1183,1948,machine,VampireProven,0,19261
1867,1847,machine,SimpleRewrites,0,5049
2093,1,machine,MagmaEgg,40,7022224
2134,1491,machine,MagmaEgg,0,17094
1525,1425,machine,SimpleRewrites,0,3026
1640,1434,machine,VampireProven,0,5040
2975,2937,machine,SimpleRewrites,41,7022224
4215,4181,machine,TrivialBruteforce,60,129690
3094,3058,machine,SimpleRewrites,1,11942
2672,2063,machine,MagmaEgg,0,11648
2371,2289,machine,SimpleRewrites,0,6312
1211,1136,machine,SimpleRewrites,2,18469
4181,4166,machine,SimpleRewrites,3,5895
3619,3587,machine,TrivialBruteforce,3,11580
730,1542,machine,MagmaEgg,4,33100
4629,4628,machine,SimpleRewrites,0,4792
3218,3216,machine,TrivialBruteforce,6,7022224
2897,2888,machine,SimpleRewrites,7,570121
555,1116,machine,MagmaEgg,3,9084
3043,2984,machine,SimpleRewrites,1,1902338
588,483,machine,SimpleRewrites,0,7022224
1570,2684,machine,MagmaEgg,13,96128
3074,3049,machine,SimpleRewrites,0,3760
3412,3427,machine,TrivialBruteforce,41,2979740
30,2604,machine,TrivialBruteforce,13,69574
3311,3337,machine,TrivialBruteforce,1,55924
3329,3321,machine,TrivialBruteforce,4,15252
2033,2032,machine,SimpleRewrites,2,7022224
4060,4035,machine,SimpleRewrites,6,2979740
958,949,machine,SimpleRewrites,0,7022224
1253,1224,machine,SimpleRewrites,1,7116
3908,3882,machine,SimpleRewrites,6,13818
634,615,machine,SimpleRewrites,0,6876
2786,2583,machine,VampireProven,2,96075
288,284,machine,SimpleRewrites,14,7022224
4134,4130,machine,SimpleRewrites,2,6741
46,0,machine,GeneratedOther,1,1831
3694,3706,machine,VampireProven,0,78925
1768,1756,machine,SimpleRewrites,0,7022224
3624,3558,machine,SimpleRewrites,0,807177
230,202,machine,SimpleRewrites,0,3168
3669,3660,machine,SimpleRewrites,1,6441
1011,1010,machine,TrivialBruteforce,0,7022224
1437,1435,machine,VampireProven,63,965425
1306,1302,machine,SimpleRewrites,1,965425
4677,4636,machine,SimpleRewrites,1,27776
1486,1429,machine,SimpleRewrites,1,14990
726,963,machine,VampireProven,6,36212
2051,3512,machine,VampireProven,0,9882
33,30,machine,SimpleRewrites,21,67381
1206,1058,machine,SimpleRewrites,18,107456
3606,3525,machine,MagmaEgg,0,11604
1654,1628,machine,SimpleRewrites,0,3382
1019,0,machine,GeneratedOther,4,2051
915,641,machine,VampireProven,0,4938
3859,3847,machine,SimpleRewrites,5,2979740
14,755,machine,TrivialBruteforce,2,7022224
3602,3860,machine,TrivialBruteforce,43,2979740
3437,3418,machine,SimpleRewrites,75,2979740
2286,2249,machine,SimpleRewrites,0,965425
294,288,machine,TrivialBruteforce,16,7022224
2450,2449,machine,SimpleRewrites,3,28543
4569,4428,machine,TrivialBruteforce,0,65824
2065,2059,machine,SimpleRewrites,0,5487
3200,3067,machine,SimpleRewrites,0,4743
3504,3476,machine,SimpleRewrites,0,44206
3115,3049,machine,SimpleRewrites,0,3094
2075,2052,machine,SimpleRewrites,2,6608
3259,3253,machine,SimpleRewrites,0,9224
4563,4545,machine,SimpleRewrites,12,24492
843,10,machine,MagmaEgg,0,67940
531,523,machine,SimpleRewrites,8,388968
2269,2263,machine,SimpleRewrites,1,5064
1381,1376,machine,SimpleRewrites,5,7022224
4577,4535,machine,SimpleRewrites,14,335646
28,2575,machine,TrivialBruteforce,13,20098
2617,2549,machine,SimpleRewrites,2,203046
4517,4437,machine,SimpleRewrites,0,20530
1052,1044,machine,SimpleRewrites,0,4755
733,731,machine,SimpleRewrites,0,7022224
4112,4096,machine,SimpleRewrites,7,98073
2368,1,machine,MagmaEgg,0,7022224
1870,1656,machine,VampireProven,2,5628
3481,3455,machine,SimpleRewrites,0,3860
205,22,machine,VampireProven,1,15120
228,98,machine,VampireProven,0,2996
728,1,machine,GeneratedOther,0,7022224
440,3,machine,VampireProven,40,1902338
913,454,machine,MagmaEgg,0,74039
1131,1110,machine,SimpleRewrites,1,7022224
2068,2689,machine,VampireProven,20,570121
3563,3562,machine,SimpleRewrites,0,2979740
3222,3214,machine,SimpleRewrites,0,7022224
26,4135,machine,TrivialBruteforce,3,36938
1139,1137,machine,SimpleRewrites,1,7022224
1948,1920,machine,SimpleRewrites,2,5253
4461,4445,machine,SimpleRewrites,1,9815
3725,3723,machine,SimpleRewrites,2,6117
422,1021,machine,VampireProven,0,6364
563,562,machine,TrivialBruteforce,78,7022224
4462,4433,machine,SimpleRewrites,0,19430
342,3836,machine,TrivialBruteforce,12,32448
1653,1628,machine,SimpleRewrites,0,3892
976,93,machine,VampireProven,10,570121
810,660,machine,SimpleRewrites,29,65720
3789,3751,machine,SimpleRewrites,0,6078
293,272,machine,SimpleRewrites,0,7835
2590,2588,machine,SimpleRewrites,2,7022224
4424,4276,machine,TrivialBruteforce,5,19590
1679,1678,machine,SimpleRewrites,7,965425
3107,3758,machine,VampireProven,0,4707
2815,2748,machine,SimpleRewrites,1,1902338
1536,1383,machine,MagmaEgg,1,450892
1349,3108,machine,VampireProven,1,7022224
1407,1,machine,GeneratedOther,0,7022224
1414,1390,machine,SimpleRewrites,3,965425
4122,4116,machine,SimpleRewrites,0,490884
3571,3570,machine,SimpleRewrites,0,2979740
2906,1521,machine,VampireProven,6,7022224
904,903,machine,SimpleRewrites,38,7022224
1882,1879,machine,SimpleRewrites,1,965425
730,715,machine,SimpleRewrites,1,11585
3706,3694,machine,SimpleRewrites,1,78925
4364,4360,machine,TrivialBruteforce,10,55468
1714,919,machine,EquationSearch,5,7022224
3792,4245,machine,TrivialBruteforce,92,2979740
3472,3501,machine,VampireProven,37,127512
3467,3464,machine,SimpleRewrites,0,6918
3727,3721,machine,SimpleRewrites,0,6417
2738,2735,machine,SimpleRewrites,0,4728
3283,3254,machine,SimpleRewrites,0,6492
2424,2350,machine,SimpleRewrites,3,17281
1827,1826,machine,TrivialBruteforce,2,7022224
1358,1,machine,MagmaEgg,0,7022224
4113,4101,machine,SimpleRewrites,0,117242
1720,1628,machine,SimpleRewrites,0,3384
3665,3659,machine,SimpleRewrites,0,6111
634,631,machine,SimpleRewrites,0,5157
414,412,machine,SimpleRewrites,0,4791
1456,1450,machine,SimpleRewrites,0,5508
2,22,human,Subgraph,7,15345
3129,2632,machine,VampireProven,0,1902338
3606,4134,machine,MagmaEgg,1,11604
3893,3863,machine,SimpleRewrites,0,5787
846,107,machine,VampireProven,0,4737
1403,1385,machine,SimpleRewrites,2,7022224
1321,1222,machine,SimpleRewrites,1,3360
1216,1206,machine,SimpleRewrites,167,965425
4498,4482,machine,SimpleRewrites,4,9800
4524,4479,machine,SimpleRewrites,0,6168
1973,1968,machine,SimpleRewrites,76,7022224
1536,694,machine,MagmaEgg,11,107068
2971,2958,machine,SimpleRewrites,2,7022224
552,549,machine,SimpleRewrites,2,7022224
4242,4137,machine,SimpleRewrites,0,13818
40,3403,machine,TrivialBruteforce,14,423215
105,840,machine,TrivialBruteforce,0,168311
4554,4537,machine,TrivialBruteforce,0,336516
3979,44,machine,EquationSearch,0,404096
1003,929,machine,SimpleRewrites,5,570121
427,834,machine,VampireProven,0,4707
1858,1832,machine,SimpleRewrites,0,5037
1040,1034,machine,SimpleRewrites,0,5313
3313,3306,machine,SimpleRewrites,3,404096
10,857,machine,TrivialBruteforce,6,69574
4531,4559,machine,VampireProven,2,336864
4604,0,machine,GeneratedOther,0,2024
3144,2738,machine,VampireProven,1,108261
4228,3942,machine,MagmaEgg,4,11586
4672,4597,machine,SimpleRewrites,7,4806
843,106,machine,VampireProven,0,4740
4111,4075,machine,SimpleRewrites,0,13818
3676,3658,machine,SimpleRewrites,0,4448
2206,2139,machine,SimpleRewrites,1,965425
4508,4396,machine,SimpleRewrites,0,20450
723,2364,machine,VampireProven,4,7022224
54,358,machine,VampireProven,0,5178
4226,4224,machine,TrivialBruteforce,2,2979740
525,1,machine,GeneratedOther,40,7022224
1252,1223,machine,SimpleRewrites,0,6324
3984,4061,machine,TrivialBruteforce,7,2979740
237,2617,machine,TrivialBruteforce,0,239248
3195,3193,machine,SimpleRewrites,8,7022224
24,1649,machine,TrivialBruteforce,6,14152
3554,3455,machine,SimpleRewrites,0,3832
3415,3414,machine,SimpleRewrites,0,2979740
101,3458,machine,VampireProven,0,4749
1551,1520,machine,VampireProven,0,570121
1053,1046,machine,SimpleRewrites,1,1902338
3900,3866,machine,SimpleRewrites,0,6918
2429,2835,machine,VampireProven,0,115194
3122,506,machine,VampireProven,1,7022224
1814,1811,machine,SimpleRewrites,5,7022224
1144,1141,machine,SimpleRewrites,1,7022224
336,3372,machine,TrivialBruteforce,23,2979740
927,2537,machine,MagmaEgg,0,9048
933,905,machine,SimpleRewrites,0,4965
2967,2951,machine,SimpleRewrites,0,1902338
3281,3285,machine,MagmaEgg,7,37848
1999,15,machine,MagmaEgg,3,69290
2897,2663,machine,VampireProven,53,570121
4061,3999,machine,SimpleRewrites,0,2979740
2556,2555,machine,SimpleRewrites,2,7022224
2409,2342,machine,SimpleRewrites,37,1902338
4017,4013,machine,SimpleRewrites,3,404096
3063,3053,machine,SimpleRewrites,1,388968
2935,22,machine,MagmaEgg,3,14697
1570,42,human,Subgraph,1,21028
445,441,machine,VampireProven,0,23140
354,350,machine,SimpleRewrites,78,807177
4582,4596,machine,TrivialBruteforce,0,7434
3650,3581,machine,SimpleRewrites,1,2979740
663,646,machine,SimpleRewrites,5,75216
1806,1701,machine,SimpleRewrites,2,7022224
3654,3639,machine,SimpleRewrites,1,2979740
1977,83,machine,EquationSearch,16,7022224
2167,2165,machine,SimpleRewrites,0,7022224
1550,1547,machine,SimpleRewrites,1,7022224
1249,1248,machine,SimpleRewrites,0,4755
250,248,machine,TrivialBruteforce,0,7022224
4631,4628,machine,SimpleRewrites,0,4754
555,42,machine,VampireProven,8,21196
2033,2030,machine,SimpleRewrites,1,7022224
2,202,machine,TrivialBruteforce,2,3410
1878,161,machine,VampireProven,19,85790
1800,181,machine,VampireProven,3,965425
4654,4598,machine,TrivialBruteforce,7,5612
1545,1543,machine,SimpleRewrites,0,7022224
80,73,machine,SimpleRewrites,0,7022224
4533,4555,machine,TrivialBruteforce,6,825612
4262,4186,machine,SimpleRewrites,79,404096
611,1,machine,GeneratedOther,0,7022224
4190,4155,machine,TrivialBruteforce,6,2979740
234,2345,machine,TrivialBruteforce,82,7022224
2842,2841,machine,TrivialBruteforce,0,7022224
2880,2878,machine,SimpleRewrites,4,570121
3755,3747,machine,SimpleRewrites,0,5808
2790,2429,machine,VampireProven,6,115194
3998,3997,machine,SimpleRewrites,2,2979740
2804,2743,machine,SimpleRewrites,1,4515
2018,1903,machine,SimpleRewrites,20,117530
38,4339,machine,TrivialBruteforce,20,16072
1256,1254,machine,SimpleRewrites,0,17358
2604,2495,machine,SimpleRewrites,3,4854
1238,1222,machine,SimpleRewrites,0,3202
836,106,machine,VampireProven,0,4722
2443,2440,machine,SimpleRewrites,0,3432
591,590,machine,SimpleRewrites,132,7022224
854,852,machine,SimpleRewrites,0,1902338
2416,2365,machine,SimpleRewrites,3,7022224
2165,875,machine,VampireProven,0,7022224
1041,1038,machine,SimpleRewrites,0,4716
652,618,machine,SimpleRewrites,0,5163
2248,2242,machine,SimpleRewrites,4,7232
2033,2031,machine,SimpleRewrites,0,7022224
3891,3862,machine,SimpleRewrites,0,32844
1995,1933,machine,SimpleRewrites,2,8510
2216,2110,machine,SimpleRewrites,3,965425
830,2451,machine,VampireProven,0,20462
977,916,machine,SimpleRewrites,0,4551
4131,4133,machine,TrivialBruteforce,9,12972
2134,1518,machine,MagmaEgg,1,4662
3033,2997,machine,SimpleRewrites,3,79917
2980,2938,machine,SimpleRewrites,0,4701
1711,1695,machine,SimpleRewrites,0,7022224
4403,4396,machine,SimpleRewrites,0,20450
1783,1775,machine,SimpleRewrites,0,965425
799,797,machine,SimpleRewrites,0,7022224
1589,1480,machine,SimpleRewrites,0,8275
401,4240,machine,TrivialBruteforce,6,2979740
710,724,machine,MagmaEgg,0,450408
4375,4357,machine,SimpleRewrites,1,5952
3251,3249,machine,SimpleRewrites,21,7022224
4420,4408,machine,SimpleRewrites,2,9930
3013,3012,machine,SimpleRewrites,0,7022224
1659,1870,machine,MagmaEgg,0,24388
909,1628,machine,VampireProven,0,3036
2337,4379,machine,VampireProven,0,3094
4519,4515,machine,SimpleRewrites,12,25812
3411,3398,machine,SimpleRewrites,4,2979740
896,868,machine,SimpleRewrites,29,570121
3043,3001,machine,SimpleRewrites,3,1902338
4175,4363,machine,MagmaEgg,7,9635
1244,1241,machine,SimpleRewrites,1,4725
2424,2371,machine,SimpleRewrites,1,14139
65,280,machine,VampireProven,2,12000
1903,1836,machine,SimpleRewrites,0,5043
521,2398,machine,MagmaEgg,7,450408
2962,2961,machine,SimpleRewrites,0,7022224
1005,888,machine,SimpleRewrites,3,519112
1300,1277,machine,SimpleRewrites,1,4542
1413,1412,machine,SimpleRewrites,1,7022224
1287,1222,machine,SimpleRewrites,0,3378
2840,2825,machine,SimpleRewrites,6,1902338
1400,1349,machine,SimpleRewrites,0,7022224
1130,555,machine,MagmaEgg,0,118092
2419,2401,machine,SimpleRewrites,9,79968
3794,4245,machine,TrivialBruteforce,45,2979740
1987,1985,machine,TrivialBruteforce,37,7022224
1411,1,machine,GeneratedOther,0,7022224
1595,1528,machine,SimpleRewrites,142,7022224
2136,1324,machine,MagmaEgg,0,8660
3283,3287,machine,VampireProven,0,17312
4505,4468,machine,SimpleRewrites,0,10370
1628,0,machine,GeneratedOther,4,2207
2,2846,machine,TrivialBruteforce,4,3410
1956,1939,machine,SimpleRewrites,3,7022224
799,729,machine,SimpleRewrites,5,7022224
521,4215,machine,MagmaEgg,14,101112
3616,3555,machine,SimpleRewrites,2,8184
1174,1124,machine,SimpleRewrites,2,965425
3885,3899,machine,VampireProven,0,197760
2048,2046,machine,SimpleRewrites,0,570121
4546,4570,machine,TrivialBruteforce,4,825612
3844,3791,machine,SimpleRewrites,0,2979740
2271,2264,machine,SimpleRewrites,0,965425
173,2175,machine,TrivialBruteforce,3,7022224
3325,3257,machine,SimpleRewrites,8,7677
2964,2936,machine,SimpleRewrites,1,4488
4438,4432,machine,SimpleRewrites,0,6153
2736,2643,machine,SimpleRewrites,0,3036
370,4106,machine,TrivialBruteforce,0,116998
3231,3125,machine,SimpleRewrites,2,1902338
1288,410,machine,VampireProven,0,3094
2760,30,machine,MagmaEgg,0,69574
2023,1999,machine,SimpleRewrites,8,84400
308,3466,machine,TrivialBruteforce,5,14514
4125,4078,machine,EquationSearch,8,38754
4139,4152,machine,EquationSearch,0,490884
4,33,machine,TrivialBruteforce,572,1902338
3767,40,machine,MagmaEgg,115,2979740
2007,2002,machine,SimpleRewrites,23,7022224
370,3909,machine,TrivialBruteforce,16,74802
1002,1001,machine,SimpleRewrites,119,7022224
4436,4380,machine,SimpleRewrites,0,10255
1965,18,machine,MagmaEgg,64,965425
3803,4196,machine,MagmaEgg,7,425867
3892,3886,machine,SimpleRewrites,0,6918
1868,1639,machine,VampireProven,0,16810
28,2978,machine,TrivialBruteforce,0,63386
3294,3259,machine,SimpleRewrites,1,24986
521,2334,machine,MagmaEgg,4,450408
3714,325,machine,TrivialBruteforce,4,15477
3929,3323,machine,TrivialBruteforce,25,85050
1107,1106,machine,SimpleRewrites,5,7022224
2000,199,machine,TrivialBruteforce,21,7022224
4399,4397,machine,SimpleRewrites,0,6141
856,3,machine,MagmaEgg,0,1902338
86,65,machine,SimpleRewrites,2,11968
161,1675,machine,TrivialBruteforce,14,85790
4440,4439,machine,SimpleRewrites,2,20470
4283,0,machine,GeneratedOther,2,2815
3790,4304,machine,MagmaEgg,3,13489
2478,2447,machine,SimpleRewrites,0,965425
4543,4404,machine,SimpleRewrites,3,6024
1966,1884,machine,SimpleRewrites,0,6032
2678,259,machine,MagmaEgg,0,13808
3293,3258,machine,SimpleRewrites,2,5832
702,1433,machine,VampireProven,2,5073
587,553,machine,SimpleRewrites,2,388968
3809,4619,machine,MagmaEgg,2,13545
3992,3876,machine,SimpleRewrites,3,6912
4501,4493,machine,SimpleRewrites,0,20450
2960,295,machine,TrivialBruteforce,1,7022224
880,1,machine,MagmaEgg,0,7022224
3048,3045,machine,SimpleRewrites,0,7022224
4239,4171,machine,SimpleRewrites,2,2979740
2833,2832,machine,TrivialBruteforce,0,7022224
1118,7,machine,MagmaEgg,7,15120
4499,4470,machine,SimpleRewrites,0,19410
3166,30,machine,MagmaEgg,0,69574
3606,4145,machine,MagmaEgg,0,11604
1559,959,machine,VampireProven,0,57575
1121,1019,machine,SimpleRewrites,0,3526
3465,3463,machine,SimpleRewrites,0,6948
764,4225,machine,VampireProven,1,9912
4178,44,machine,EquationSearch,40,404096
3705,3669,machine,SimpleRewrites,1,12192
2683,2891,machine,VampireProven,1,570121
1243,1257,machine,VampireProven,2,14160
1060,451,machine,MagmaEgg,7,9480
1625,1624,machine,TrivialBruteforce,18,7022224
2707,1,machine,MagmaEgg,0,7022224
2218,2200,machine,SimpleRewrites,0,7022224
2609,2543,machine,SimpleRewrites,0,7022224
1276,1,machine,MagmaEgg,0,7022224
2436,2435,machine,TrivialBruteforce,11,7022224
3527,3507,machine,SimpleRewrites,0,404096
3607,3558,machine,SimpleRewrites,40,807177
1816,1814,machine,TrivialBruteforce,44,7022224
3331,3340,machine,EquationSearch,179,404096
1818,1817,machine,TrivialBruteforce,0,7022224
4144,4147,machine,TrivialBruteforce,0,490884
2054,2655,machine,VampireProven,7,57575
2433,2430,machine,SimpleRewrites,0,7022224
850,846,machine,SimpleRewrites,2,12624
35,34,machine,TrivialBruteforce,0,7022224
4519,4507,machine,SimpleRewrites,4,25812
4039,4022,machine,SimpleRewrites,3,13920
4321,4362,machine,TrivialBruteforce,10,223853
701,696,machine,SimpleRewrites,1,7022224
1605,40,machine,TrivialBruteforce,0,2327776
3198,3197,machine,TrivialBruteforce,67,7022224
4202,4190,machine,SimpleRewrites,8,2979740
1962,1,machine,MagmaEgg,0,7022224
4030,44,machine,EquationSearch,0,404096
1851,2476,machine,VampireProven,4,146856
263,254,machine,SimpleRewrites,0,3288
4312,4288,machine,SimpleRewrites,18,55468
3465,3464,machine,SimpleRewrites,0,6948
2324,2527,machine,EquationSearch,0,7022224
101,825,machine,VampireProven,0,4749
2331,45,machine,TrivialBruteforce,0,2327776
2120,2116,machine,SimpleRewrites,0,7022224
3497,3475,machine,SimpleRewrites,0,146072
3026,3118,machine,VampireProven,2,7022224
3419,3418,machine,SimpleRewrites,34,2979740
1285,1222,machine,SimpleRewrites,0,2994
3394,3389,machine,SimpleRewrites,0,2979740
3320,3254,machine,SimpleRewrites,0,6912
1723,3287,machine,VampireProven,1,13456
3525,3458,machine,SimpleRewrites,7,7209
4578,4536,machine,SimpleRewrites,15,218173
3422,351,machine,TrivialBruteforce,6,2979740
4408,4379,machine,SimpleRewrites,3,4246
98,0,machine,GeneratedOther,0,1904
2769,2658,machine,SimpleRewrites,0,4833
4637,4592,machine,TrivialBruteforce,4,66892
4394,4281,machine,TrivialBruteforce,6,6387
58,661,machine,TrivialBruteforce,2,1902338
4563,4511,machine,SimpleRewrites,0,12246
1381,1380,machine,SimpleRewrites,0,7022224
4541,4479,machine,SimpleRewrites,0,6153
2690,2678,machine,SimpleRewrites,3,22334
4417,4406,machine,SimpleRewrites,3,336516
334,4434,machine,TrivialBruteforce,0,5748
1877,1876,machine,SimpleRewrites,3,965425
4517,4474,machine,SimpleRewrites,6,20530
8,50,machine,TrivialBruteforce,4,187738
3124,3123,machine,SimpleRewrites,0,7022224
3208,3207,machine,SimpleRewrites,2,7022224
909,503,machine,MagmaEgg,0,4554
3943,3913,machine,SimpleRewrites,84,807177
3769,4145,machine,TrivialBruteforce,0,11610
4039,3934,machine,SimpleRewrites,0,13920
3124,3239,machine,EquationSearch,12,7022224
1929,40,machine,TrivialBruteforce,102,2327776
896,976,machine,VampireProven,4,570121
2323,2526,machine,EquationSearch,0,7022224
2075,2890,machine,MagmaEgg,12,42952
1233,1230,machine,SimpleRewrites,0,19492
3528,3508,machine,SimpleRewrites,0,7236
2064,2063,machine,SimpleRewrites,2,11522
1327,1321,machine,SimpleRewrites,2,5037
4608,4582,machine,SimpleRewrites,1,6114
3169,3167,machine,SimpleRewrites,0,7022224
3008,474,machine,VampireProven,51,7022224
3526,3519,machine,SimpleRewrites,1,13920
592,597,machine,VampireProven,3,388968
4532,4373,machine,TrivialBruteforce,0,14329
197,2231,machine,TrivialBruteforce,34,965425
3959,3956,machine,SimpleRewrites,0,2979740
3524,3518,machine,SimpleRewrites,5,7371
1919,1892,machine,SimpleRewrites,1,7022224
3769,4209,machine,MagmaEgg,8,123840
1352,1314,machine,SimpleRewrites,1,5061
2843,2828,machine,SimpleRewrites,132,7022224
1976,1893,machine,SimpleRewrites,1,4662
1282,1,machine,MagmaEgg,0,7022224
1233,100,machine,MagmaEgg,2,26580
1317,113,machine,VampireProven,13,965425
2811,2671,machine,SimpleRewrites,0,4737
4058,4043,machine,SimpleRewrites,1,2979740
403,4235,machine,TrivialBruteforce,9,2979740
4336,4326,machine,SimpleRewrites,3,13888
596,594,machine,SimpleRewrites,1,7022224
2061,4597,machine,VampireProven,0,3292
1783,1696,machine,SimpleRewrites,14,67160
278,277,machine,SimpleRewrites,83,7022224
1936,18,machine,MagmaEgg,40,965425
208,1451,machine,VampireProven,0,8445
3897,3901,machine,VampireProven,8,42328
2416,2619,machine,EquationSearch,0,7022224
4259,4234,machine,SimpleRewrites,0,2979740
1288,1222,machine,SimpleRewrites,0,3094
692,680,machine,SimpleRewrites,1,7022224
2718,2717,machine,SimpleRewrites,1,7022224
746,707,machine,SimpleRewrites,0,7022224
1805,1771,machine,SimpleRewrites,0,965425
4073,4064,machine,SimpleRewrites,1,4344
555,774,machine,MagmaEgg,7,118092
1107,1102,machine,SimpleRewrites,1,7022224
427,4431,machine,VampireProven,0,7845
1956,1954,machine,SimpleRewrites,3,7022224
3693,3663,machine,SimpleRewrites,3,6306
2060,306,machine,VampireProven,0,4941
1032,1024,machine,SimpleRewrites,0,15750
1230,1222,machine,SimpleRewrites,0,3632
893,1,machine,MagmaEgg,32,7022224
3228,3159,machine,SimpleRewrites,0,7022224
1689,1682,machine,SimpleRewrites,0,7022224
4665,0,machine,GeneratedOther,5,2490
376,358,machine,SimpleRewrites,0,6096
3100,3087,machine,SimpleRewrites,6,388968
2642,2616,machine,SimpleRewrites,7,7022224
833,817,machine,SimpleRewrites,0,6296
4159,3991,machine,TrivialBruteforce,1,2979740
1018,1017,machine,SimpleRewrites,9,7022224
3178,3103,machine,SimpleRewrites,0,7022224
1721,1628,machine,SimpleRewrites,0,3038
1107,1105,machine,SimpleRewrites,2,7022224
1179,1071,machine,SimpleRewrites,0,965425
1780,1778,machine,TrivialBruteforce,2,7022224
1001,1000,machine,TrivialBruteforce,0,7022224
2528,2525,machine,SimpleRewrites,2,7022224
3781,3773,machine,SimpleRewrites,2,2979740
3861,0,machine,GeneratedOther,6,2822
2924,2852,machine,SimpleRewrites,1,4596
3908,3896,machine,SimpleRewrites,5,13818
2009,1904,machine,SimpleRewrites,1,7022224
4038,3970,machine,SimpleRewrites,4,2979740
1377,1290,machine,SimpleRewrites,36,965425
196,195,machine,SimpleRewrites,133,7022224
4408,4306,machine,TrivialBruteforce,8,6369
3902,3890,machine,SimpleRewrites,2,36917
334,3342,machine,TrivialBruteforce,1,5748
3227,3122,machine,SimpleRewrites,40,7022224
3572,3544,machine,SimpleRewrites,0,5793
480,413,machine,SimpleRewrites,1,6060
2452,2286,machine,VampireProven,3,965425
1100,1864,machine,MagmaEgg,1,12136
660,634,machine,SimpleRewrites,4,25770
2967,2941,machine,SimpleRewrites,3,1902338
2375,2295,machine,SimpleRewrites,1,17303
3778,3762,machine,SimpleRewrites,0,2979740
3935,3913,machine,SimpleRewrites,0,807177
4352,4349,machine,SimpleRewrites,0,223853
1215,1213,machine,SimpleRewrites,0,7022224
4175,4105,machine,MagmaEgg,7,42394
2317,2245,machine,SimpleRewrites,0,4755
3592,3646,machine,TrivialBruteforce,4,2979740
3716,3710,machine,SimpleRewrites,40,807177
3991,40,machine,MagmaEgg,39,2979740
2356,2355,machine,TrivialBruteforce,0,7022224
2215,2212,machine,SimpleRewrites,8,7022224
2887,2864,machine,SimpleRewrites,2,4956
386,3963,machine,EquationSearch,1,5754
2159,2132,machine,SimpleRewrites,0,7022224
4152,4135,machine,SimpleRewrites,0,47366
2675,2645,machine,SimpleRewrites,0,4938
1679,1670,machine,SimpleRewrites,10,965425
438,358,machine,VampireProven,0,5355
3622,3621,machine,SimpleRewrites,4,2979740
1131,1129,machine,SimpleRewrites,0,7022224
941,928,machine,SimpleRewrites,2,7022224
2439,2418,machine,SimpleRewrites,2,7022224
1029,830,machine,VampireProven,4,239248
1353,1278,machine,SimpleRewrites,0,4488
3742,3730,machine,SimpleRewrites,4,807177
2226,2202,machine,SimpleRewrites,4,18546
2724,30,machine,MagmaEgg,0,65231
1472,1464,machine,SimpleRewrites,3,49356
795,743,machine,SimpleRewrites,12,570121
2497,2304,machine,EquationSearch,6,7022224
2074,2071,machine,VampireProven,13,570121
1469,1872,machine,VampireProven,21,70479
702,4306,machine,VampireProven,0,5073
4541,4359,machine,TrivialBruteforce,0,14357
3707,3690,machine,SimpleRewrites,3,46176
3986,3984,machine,SimpleRewrites,8,2979740
915,3861,machine,VampireProven,0,3292
3942,3914,machine,SimpleRewrites,1,7443
2349,2338,machine,SimpleRewrites,7,7022224
939,1,machine,GeneratedOther,0,7022224
1616,1614,machine,SimpleRewrites,0,7022224
4243,3839,machine,TrivialBruteforce,90,2979740
3469,3467,machine,SimpleRewrites,7,13818
1819,1703,machine,SimpleRewrites,0,7022224
1792,1653,machine,SimpleRewrites,3,5172
2859,2659,machine,VampireProven,0,4938
54,46,machine,SimpleRewrites,0,3452
1627,1606,machine,SimpleRewrites,7,7022224
4152,4147,machine,SimpleRewrites,69,490884
633,632,machine,SimpleRewrites,0,4701
2988,2985,machine,SimpleRewrites,5,7022224
4360,4318,machine,SimpleRewrites,16,66892
996,890,machine,SimpleRewrites,0,7022224
1869,1645,machine,VampireProven,1,965425
42,4357,machine,TrivialBruteforce,3,5964
1977,1848,machine,SimpleRewrites,1,65824
397,4219,machine,TrivialBruteforce,7,2979740
4480,4504,machine,VampireProven,0,336516
232,1,machine,GeneratedOther,102,7022224
387,38,machine,TrivialBruteforce,0,404096
3005,3000,machine,SimpleRewrites,1,7022224
2174,2130,machine,SimpleRewrites,1,7022224
3167,3139,machine,SimpleRewrites,0,4488
1955,1954,machine,TrivialBruteforce,0,7022224
1054,1034,machine,SimpleRewrites,0,5361
2026,2025,machine,TrivialBruteforce,0,7022224
4301,4374,machine,TrivialBruteforce,2,223853
1815,1741,machine,SimpleRewrites,2,146856
3397,3931,machine,TrivialBruteforce,12,30960
348,345,machine,SimpleRewrites,0,2979740
394,4242,machine,TrivialBruteforce,6,96726
592,574,machine,SimpleRewrites,2,18766
4382,4655,machine,TrivialBruteforce,3,6369
3013,3011,machine,SimpleRewrites,0,7022224
1061,1039,machine,SimpleRewrites,1,1902338
3391,3387,machine,SimpleRewrites,2,34448
1900,1,machine,MagmaEgg,0,7022224
2160,3876,machine,MagmaEgg,1,5157
2061,257,machine,MagmaEgg,4,26336
4215,4126,machine,SimpleRewrites,5,5895
4310,4278,machine,SimpleRewrites,8,19830
2817,2809,machine,SimpleRewrites,40,7022224
2048,2047,machine,SimpleRewrites,2,570121
1992,1931,machine,SimpleRewrites,0,13608
307,306,machine,SimpleRewrites,1,7014
4281,4267,machine,SimpleRewrites,5,7470
2354,2326,machine,SimpleRewrites,1,17523
1536,1060,machine,MagmaEgg,4,16588
372,365,machine,SimpleRewrites,0,550179
3534,3462,machine,SimpleRewrites,2,13788
197,171,machine,SimpleRewrites,1,965425
1686,1630,machine,SimpleRewrites,0,5049
4690,4642,machine,SimpleRewrites,0,223853
2723,2695,machine,SimpleRewrites,0,6320
3107,3308,machine,VampireProven,0,4707
840,837,machine,SimpleRewrites,0,9438
2069,2059,machine,SimpleRewrites,0,5487
3113,889,machine,VampireProven,2,7022224
15,1779,machine,TrivialBruteforce,5,71709
870,1,machine,MagmaEgg,0,7022224
2122,2117,machine,SimpleRewrites,0,7022224
1148,1147,machine,SimpleRewrites,0,7022224
4447,4455,machine,VampireProven,1,24636
1663,1643,machine,SimpleRewrites,0,5604
1071,3450,machine,MagmaEgg,36,382812
2384,2252,machine,SimpleRewrites,0,6316
184,182,machine,SimpleRewrites,38,7022224
1228,1222,machine,SimpleRewrites,0,3218
1030,1027,machine,SimpleRewrites,1,5370
3246,3204,machine,SimpleRewrites,2,1902338
1509,1501,machine,SimpleRewrites,10,570121
2507,2504,machine,EquationSearch,0,7022224
2573,2534,machine,SimpleRewrites,0,7022224
329,3339,machine,TrivialBruteforce,13,404096
1533,1526,machine,SimpleRewrites,0,7022224
1766,1758,machine,SimpleRewrites,5,965425
2699,2643,machine,SimpleRewrites,0,2994
2565,2556,machine,SimpleRewrites,3,7022224
738,736,machine,SimpleRewrites,2,7022224
3766,3759,machine,SimpleRewrites,0,2979740
3411,3406,machine,SimpleRewrites,2,2979740
382,379,machine,SimpleRewrites,42,807177
297,3241,machine,TrivialBruteforce,1,1902338
3707,3679,machine,SimpleRewrites,1,11544
4610,4605,machine,SimpleRewrites,0,4792
1191,1187,machine,SimpleRewrites,0,965425
655,653,machine,SimpleRewrites,0,1902338
4322,4377,machine,TrivialBruteforce,8,66556
1903,3352,machine,VampireProven,0,5043
85,998,machine,TrivialBruteforce,0,570121
2853,2847,machine,SimpleRewrites,3,570121
4335,4320,machine,TrivialBruteforce,5,4008
4639,4587,machine,TrivialBruteforce,2,6078
1421,1,machine,GeneratedOther,0,7022224
3350,3347,machine,SimpleRewrites,10,2979740
930,92,machine,TrivialBruteforce,6,7022224
2507,2441,machine,SimpleRewrites,26,860200
2488,2480,machine,SimpleRewrites,4,84400
54,816,machine,VampireProven,0,3452
3586,4532,machine,VampireProven,0,24288
2934,3137,machine,EquationSearch,2,7022224
3570,3640,machine,TrivialBruteforce,1,2979740
3590,3473,machine,SimpleRewrites,1,6108
3788,40,machine,MagmaEgg,75,2979740
658,3,machine,MagmaEgg,0,1902338
3192,618,machine,MagmaEgg,0,4773
2791,2768,machine,TrivialBruteforce,5,7022224
3855,3850,machine,SimpleRewrites,3,2979740
1708,2155,machine,VampireProven,4,965425
288,281,machine,SimpleRewrites,2,7022224
2537,2529,machine,SimpleRewrites,1,4581
669,613,machine,SimpleRewrites,0,2994
2532,2440,machine,SimpleRewrites,0,3152
1916,1900,machine,SimpleRewrites,1,7022224
2204,2137,machine,SimpleRewrites,110,7022224
301,275,machine,SimpleRewrites,205,1902338
3614,3610,machine,SimpleRewrites,2,2979740
4234,40,machine,TrivialBruteforce,154,2979740
2960,2949,machine,SimpleRewrites,0,7022224
2487,2483,machine,SimpleRewrites,11,14152
989,1,machine,GeneratedOther,0,7022224
624,615,machine,SimpleRewrites,0,6988
3715,3714,machine,SimpleRewrites,0,34442
1535,3024,machine,VampireProven,0,7022224
2931,2919,machine,SimpleRewrites,43,7022224
2104,2754,machine,MagmaEgg,0,450892
1330,1329,machine,SimpleRewrites,0,7022224
1635,2451,machine,VampireProven,0,21853
1242,1241,machine,SimpleRewrites,0,4734
1001,894,machine,SimpleRewrites,116,991848
3269,3298,machine,VampireProven,12,117303
2808,2699,machine,SimpleRewrites,2,4488
420,419,machine,SimpleRewrites,2,4773
3496,3461,machine,SimpleRewrites,1,5829
30,4225,machine,TrivialBruteforce,7,9708
1882,1878,machine,SimpleRewrites,23,77234
4079,358,machine,VampireProven,0,7083
2244,2238,machine,SimpleRewrites,0,965425
3110,3106,machine,SimpleRewrites,0,7022224
2757,2751,machine,TrivialBruteforce,1,7022224
2298,2291,machine,SimpleRewrites,0,7022224
4252,44,machine,EquationSearch,0,404096
4314,4313,machine,SimpleRewrites,0,4854
2620,2514,machine,SimpleRewrites,0,7022224
3776,3761,machine,SimpleRewrites,0,807177
1793,1787,machine,TrivialBruteforce,5,7022224
1242,104,machine,MagmaEgg,0,4734
4069,4064,machine,SimpleRewrites,0,5254
4535,4579,machine,EquationSearch,7,336864
3110,3103,machine,SimpleRewrites,0,7022224
2375,2371,machine,SimpleRewrites,0,14157
2751,2749,machine,SimpleRewrites,1,7022224
3279,3286,machine,VampireProven,0,117303
2604,2542,machine,SimpleRewrites,3,4854
1679,1652,machine,SimpleRewrites,6,965425
1049,1047,machine,SimpleRewrites,0,4704
9,3321,machine,TrivialBruteforce,0,10614
837,834,machine,SimpleRewrites,0,5178
1714,1702,machine,SimpleRewrites,34,7022224
3643,3624,machine,SimpleRewrites,5,807177
1622,1509,machine,SimpleRewrites,8,570121
2428,2374,machine,SimpleRewrites,5,7022224
2471,2465,machine,SimpleRewrites,1,5310
1402,1366,machine,SimpleRewrites,0,7022224
3505,3490,machine,SimpleRewrites,0,38440
3237,3235,machine,TrivialBruteforce,20,7022224
2072,2041,machine,SimpleRewrites,19,570121
323,321,machine,SimpleRewrites,288,404096
4549,4431,machine,SimpleRewrites,1,10310
646,10,machine,MagmaEgg,3,67682
1351,1349,machine,SimpleRewrites,0,7022224
1698,3210,machine,MagmaEgg,2,450408
1322,1525,machine,MagmaEgg,1,6048
2362,2360,machine,SimpleRewrites,2,7022224
4203,4262,machine,EquationSearch,143,404096
3063,3056,machine,SimpleRewrites,0,388968
2033,2007,machine,SimpleRewrites,29,7022224
2318,886,machine,MagmaEgg,5,450892
918,715,machine,MagmaEgg,0,11648
1136,1995,machine,MagmaEgg,1,18722
1993,2921,machine,VampireProven,1,7022224
40,45,human,Subgraph,623,2979740
532,520,machine,SimpleRewrites,13,7022224
2419,241,machine,VampireProven,18,150528
2075,2040,machine,SimpleRewrites,1,4956
283,2838,machine,TrivialBruteforce,0,7022224
40,38,machine,SimpleRewrites,84,337040
302,3022,machine,TrivialBruteforce,0,7022224
4277,4322,machine,TrivialBruteforce,13,66556
385,4007,machine,TrivialBruteforce,48,2979740
2690,2857,machine,VampireProven,0,68720
4305,4378,machine,TrivialBruteforce,7,223853
4291,4297,machine,TrivialBruteforce,79,223853
2917,2913,machine,SimpleRewrites,4,7022224
793,775,machine,SimpleRewrites,5,7022224
663,648,machine,SimpleRewrites,1,62680
1626,1512,machine,SimpleRewrites,2,7022224
4454,4453,machine,SimpleRewrites,5,65824
2323,2319,machine,SimpleRewrites,0,7022224
2934,2932,machine,SimpleRewrites,3,7022224
3467,3457,machine,SimpleRewrites,0,6918
4231,4230,machine,SimpleRewrites,0,2979740
4059,3983,machine,SimpleRewrites,21,404096
4619,4589,machine,TrivialBruteforce,0,6042
40,3454,machine,TrivialBruteforce,130,2979740
2981,2864,machine,SimpleRewrites,1,4542
2617,2512,machine,SimpleRewrites,0,190454
4399,4380,machine,SimpleRewrites,0,10235
664,637,machine,SimpleRewrites,4,1902338
335,3558,machine,TrivialBruteforce,5,807177
1436,1430,machine,SimpleRewrites,0,5487
3043,2967,machine,SimpleRewrites,18,1902338
3726,3660,machine,SimpleRewrites,0,6108
4519,4401,machine,SimpleRewrites,1,25812
461,456,machine,SimpleRewrites,2,1902338
3353,40,machine,MagmaEgg,0,2979740
1961,1114,machine,VampireProven,4,965425
1903,1957,machine,VampireProven,4,21853
275,3187,machine,TrivialBruteforce,2,1902338
4503,4486,machine,SimpleRewrites,3,65994
4497,4482,machine,SimpleRewrites,0,10270
500,410,machine,SimpleRewrites,0,2994
2051,2035,machine,SimpleRewrites,0,4941
1682,754,machine,VampireProven,47,7022224
3000,2999,machine,SimpleRewrites,0,7022224
2315,2292,machine,SimpleRewrites,0,4515
499,574,machine,VampireProven,0,19569
2469,1657,machine,MagmaEgg,1,8815
612,606,machine,SimpleRewrites,2,7022224
2653,2644,machine,SimpleRewrites,87,570121
680,704,machine,VampireProven,40,7022224
2581,2500,machine,SimpleRewrites,3,7022224
3253,306,machine,VampireProven,3,7083
4512,4396,machine,SimpleRewrites,4,20410
1465,1467,machine,VampireProven,56,965425
750,2931,machine,VampireProven,58,7022224
1864,1834,machine,SimpleRewrites,3,14000
1102,1101,machine,SimpleRewrites,0,7022224
3322,3314,machine,SimpleRewrites,4,7119
1792,1730,machine,SimpleRewrites,0,5172
375,4125,machine,TrivialBruteforce,27,461244
240,239,machine,SimpleRewrites,0,7022224
3452,3426,machine,SimpleRewrites,1,2979740
4568,4532,machine,SimpleRewrites,2,24540
2971,2969,machine,SimpleRewrites,13,7022224
860,845,machine,SimpleRewrites,0,4722
1506,2943,machine,MagmaEgg,4,450408
1867,4126,machine,VampireProven,0,5049
4081,4074,machine,VampireProven,1,21153
293,3028,machine,TrivialBruteforce,6,1902338
3700,3665,machine,SimpleRewrites,4,11544
541,466,machine,SimpleRewrites,1,4488
493,477,machine,SimpleRewrites,4,7022224
1041,1021,machine,SimpleRewrites,0,6288
3143,1489,machine,VampireProven,1,7022224
3972,4022,machine,MagmaEgg,3,11604
24,4630,machine,TrivialBruteforce,0,5307
761,75,machine,TrivialBruteforce,36,7022224
3668,3666,machine,SimpleRewrites,0,6105
1049,1048,machine,SimpleRewrites,0,4704
1148,1146,machine,SimpleRewrites,0,7022224
4484,4500,machine,VampireProven,0,87390
2461,2442,machine,SimpleRewrites,0,5313
2104,4105,machine,MagmaEgg,1,33176
2642,2641,machine,SimpleRewrites,91,7022224
1606,1603,machine,SimpleRewrites,0,7022224
2611,2610,machine,SimpleRewrites,0,7022224
4547,4526,machine,VampireProven,0,87390
2122,2113,machine,SimpleRewrites,3,7022224
1738,1,machine,MagmaEgg,0,7022224
3005,3004,machine,SimpleRewrites,18,7022224
243,2438,machine,TrivialBruteforce,60,7022224
4488,4468,machine,SimpleRewrites,0,9765
2655,2645,machine,SimpleRewrites,0,4935
2417,2381,machine,SimpleRewrites,0,7022224
3875,3865,machine,SimpleRewrites,10,40600
2080,2044,machine,SimpleRewrites,2,19716
1490,816,machine,VampireProven,0,3294
4330,4354,machine,TrivialBruteforce,10,19840
2028,2003,machine,SimpleRewrites,2,965425
1210,1209,machine,SimpleRewrites,0,7022224
4382,4379,machine,SimpleRewrites,0,4246
4562,4429,machine,EquationSearch,1,65756
1602,1497,machine,SimpleRewrites,3,570121
15,3413,machine,TrivialBruteforce,4,10494
1328,1326,machine,TrivialBruteforce,0,7022224
249,2637,machine,TrivialBruteforce,99,1902338
2866,2692,machine,VampireProven,58,570121
3739,3666,machine,SimpleRewrites,2,6441
3335,3304,machine,TrivialBruteforce,216,404096
2504,2441,machine,SimpleRewrites,0,860200
1231,2,machine,MagmaEgg,11,62960
482,468,machine,VampireProven,14,388968
4540,4404,machine,SimpleRewrites,1,5826
2690,2682,machine,SimpleRewrites,2,18898
3487,3484,machine,SimpleRewrites,0,36651
2885,2851,machine,SimpleRewrites,0,5163
3196,3064,machine,SimpleRewrites,0,4710
3900,3889,machine,SimpleRewrites,0,6918
2278,2243,machine,SimpleRewrites,2,5151
3196,3151,machine,SimpleRewrites,0,4710
4288,4316,machine,TrivialBruteforce,16,66892
2375,2367,machine,SimpleRewrites,0,14157
4578,4563,machine,SimpleRewrites,2,57092
4209,3600,machine,MagmaEgg,0,21285
3775,4683,machine,MagmaEgg,4,5790
3689,3676,machine,MagmaEgg,0,6261
32,3251,machine,TrivialBruteforce,69,7022224
4096,368,machine,EquationSearch,28,99705
1925,172,machine,VampireProven,138,7022224
769,682,machine,SimpleRewrites,2,7022224
1904,470,machine,VampireProven,3,7022224
4373,4329,machine,SimpleRewrites,4,16772
112,867,machine,TrivialBruteforce,7,1902338
3536,3508,machine,SimpleRewrites,5,7443
2860,2850,machine,SimpleRewrites,1,570121
624,621,machine,SimpleRewrites,1,5241
1696,4082,machine,VampireProven,2,5043
1867,1426,machine,VampireProven,0,5049
112,111,machine,SimpleRewrites,3,1902338
3288,3698,machine,TrivialBruteforce,0,46152
4151,4124,machine,SimpleRewrites,7,490884
574,435,machine,SimpleRewrites,4,5337
1,37,human,Subgraph,4,263296
4416,4428,machine,VampireProven,6,66062
4644,4586,machine,SimpleRewrites,0,7281
3392,3451,machine,TrivialBruteforce,2,2979740
337,4561,machine,TrivialBruteforce,0,204905
2374,2373,machine,SimpleRewrites,5,7022224
1587,1,machine,MagmaEgg,28,7022224
3430,3325,machine,SimpleRewrites,5,12972
1297,1296,machine,SimpleRewrites,0,7022224
3107,4319,machine,VampireProven,0,3138
330,326,machine,SimpleRewrites,31,96432
3263,3257,machine,SimpleRewrites,0,7665
4094,4098,machine,MagmaEgg,0,99705
873,817,machine,SimpleRewrites,0,5984
4298,4296,machine,VampireProven,0,13888
1201,1054,machine,SimpleRewrites,0,21944
4185,4173,machine,SimpleRewrites,65,2979740
8,151,machine,EquationSearch,4,15910
3742,3716,machine,SimpleRewrites,2,807177
4574,4424,machine,SimpleRewrites,1,31168
3298,3269,machine,SimpleRewrites,0,117303
4648,4637,machine,SimpleRewrites,0,66892
721,717,machine,SimpleRewrites,75,7022224
1256,1253,machine,SimpleRewrites,0,12624
4486,4503,machine,TrivialBruteforce,32,65994
4303,4283,machine,SimpleRewrites,1,4762
206,203,machine,SimpleRewrites,1,965425
521,1292,machine,MagmaEgg,5,450408
456,455,machine,SimpleRewrites,0,1902338
4209,4108,machine,MagmaEgg,0,42570
1945,1,machine,GeneratedOther,0,7022224
508,506,machine,SimpleRewrites,0,7022224
2819,2816,machine,SimpleRewrites,3,7022224
1601,1592,machine,SimpleRewrites,1,7022224
2622,2587,machine,SimpleRewrites,4,15710
4153,3861,machine,TrivialBruteforce,0,3936
4260,4214,machine,SimpleRewrites,0,2979740
2019,201,machine,TrivialBruteforce,41,7022224
290,1279,machine,VampireProven,6,7022224
1299,1,machine,MagmaEgg,0,7022224
1572,805,machine,VampireProven,15,570121
60,664,machine,TrivialBruteforce,49,1902338
1221,1217,machine,SimpleRewrites,0,7022224
1020,46,machine,VampireProven,0,3186
2785,2783,machine,SimpleRewrites,2,7022224
2898,254,machine,VampireProven,0,3202
1601,1598,machine,SimpleRewrites,0,7022224
4625,4610,machine,SimpleRewrites,0,13888
3680,3706,machine,VampireProven,14,78925
2430,242,machine,TrivialBruteforce,29,7022224
3208,3203,machine,SimpleRewrites,0,7022224
4658,4677,machine,TrivialBruteforce,0,27776
3100,3098,machine,SimpleRewrites,4,388968
2028,1915,machine,SimpleRewrites,0,965425
4392,4669,machine,TrivialBruteforce,25,19590
2616,2614,machine,SimpleRewrites,0,7022224
2112,2100,machine,SimpleRewrites,0,6008
4175,4540,machine,MagmaEgg,5,11562
722,64,machine,VampireProven,1,4938
611,460,machine,SimpleRewrites,2,1816144
4515,4398,machine,SimpleRewrites,3,6477
73,508,machine,TrivialBruteforce,16,7022224
3776,3856,machine,TrivialBruteforce,0,807177
1258,1227,machine,SimpleRewrites,0,6300
3496,3473,machine,SimpleRewrites,0,5829
2456,2440,machine,SimpleRewrites,0,3544
2694,2667,machine,SimpleRewrites,3,570121
1919,1910,machine,SimpleRewrites,1,7022224
1748,1747,machine,SimpleRewrites,2,7022224
2463,1843,machine,VampireProven,4,965425
4457,4445,machine,SimpleRewrites,0,10030
3735,3714,machine,SimpleRewrites,2,36295
4465,4437,machine,SimpleRewrites,0,19460
1829,182,machine,TrivialBruteforce,0,7022224
2159,2158,machine,SimpleRewrites,1,7022224
1237,1222,machine,SimpleRewrites,0,3636
860,824,machine,SimpleRewrites,0,4722
362,359,machine,SimpleRewrites,0,30390
3928,3862,machine,SimpleRewrites,2,34425
3697,3676,machine,SimpleRewrites,1,6105
3084,3064,machine,SimpleRewrites,0,5415
4017,4009,machine,SimpleRewrites,6,404096
1868,1447,machine,VampireProven,0,67240
314,3277,machine,VampireProven,0,6084
862,861,machine,SimpleRewrites,0,1902338
3134,3227,machine,VampireProven,7,7022224
3910,3906,machine,SimpleRewrites,5,126852
3769,3525,machine,TrivialBruteforce,0,11610
3599,384,machine,VampireProven,2,14175
1574,1573,machine,TrivialBruteforce,0,7022224
427,4285,machine,VampireProven,0,10983
383,306,machine,TrivialBruteforce,0,5748
324,3517,machine,TrivialBruteforce,4,6918
3542,3515,machine,SimpleRewrites,7,404096
4495,4483,machine,SimpleRewrites,6,65756
1976,1847,machine,SimpleRewrites,1,4662
433,1854,machine,VampireProven,2,34518
750,692,machine,VampireProven,3,7022224
4518,4438,machine,SimpleRewrites,2,24504
1594,1592,machine,TrivialBruteforce,0,7022224
373,379,machine,TrivialBruteforce,129,807177
3487,3481,machine,SimpleRewrites,2,5787
1767,1759,machine,SimpleRewrites,0,7022224
3672,3665,machine,SimpleRewrites,0,12192
50,8,machine,EquationSearch,0,187738
222,1902,machine,TrivialBruteforce,42,7022224
1068,1064,machine,SimpleRewrites,0,1902338
1352,158,machine,VampireProven,0,5061
1116,1108,machine,SimpleRewrites,1,4581
2393,2385,machine,SimpleRewrites,0,7022224
2045,2042,machine,SimpleRewrites,0,5487
301,293,machine,SimpleRewrites,7,1902338
2085,2084,machine,SimpleRewrites,1,570121
1261,1240,machine,SimpleRewrites,1,5322
1216,1191,machine,SimpleRewrites,3,965425
3859,3799,machine,SimpleRewrites,2,2979740
1627,1567,machine,SimpleRewrites,0,7022224
1260,1245,machine,VampireProven,3,168311
2238,4152,machine,MagmaEgg,62,382812
3070,322,machine,VampireProven,3,9010
4236,4232,machine,SimpleRewrites,41,2979740
662,654,machine,SimpleRewrites,1,79917
58,52,machine,SimpleRewrites,1,7835
4216,44,machine,EquationSearch,0,404096
1151,1035,machine,SimpleRewrites,1,4674
8,99,machine,EquationSearch,3,25456
4490,4479,machine,SimpleRewrites,0,5886
3135,3131,machine,SimpleRewrites,0,7022224
3841,3823,machine,SimpleRewrites,0,807177
2713,1170,machine,MagmaEgg,3,24128
4602,4596,machine,TrivialBruteforce,10,7143
874,868,machine,SimpleRewrites,23,570121
2838,2837,machine,TrivialBruteforce,3,7022224
23,4123,machine,TrivialBruteforce,4,36938
2371,2265,machine,VampireProven,0,4734
1247,1222,machine,SimpleRewrites,0,3674
2390,2389,machine,TrivialBruteforce,0,7022224
973,1,machine,GeneratedOther,0,7022224
2929,2913,machine,SimpleRewrites,0,7022224
1603,1784,machine,EquationSearch,9,7022224
30,3166,machine,TrivialBruteforce,14,69574
1839,1831,machine,SimpleRewrites,0,3892
3652,3632,machine,SimpleRewrites,12,2979740
1627,1625,machine,SimpleRewrites,1,7022224
466,410,machine,SimpleRewrites,0,2994
2684,2661,machine,SimpleRewrites,0,4956
3893,3905,machine,EquationSearch,0,36651
2113,2111,machine,SimpleRewrites,0,7022224
2761,2759,machine,TrivialBruteforce,83,7022224
2238,26,machine,MagmaEgg,95,965425
427,4598,machine,VampireProven,0,3138
4569,4574,machine,TrivialBruteforce,0,249744
3710,4152,machine,MagmaEgg,25,461244
894,2981,machine,MagmaEgg,18,117156
3575,3574,machine,SimpleRewrites,5,2979740
552,551,machine,SimpleRewrites,1,7022224
1825,1712,machine,SimpleRewrites,1,965425
3138,3049,machine,SimpleRewrites,0,3312
424,420,machine,SimpleRewrites,2,187738
2044,2043,machine,SimpleRewrites,1,4932
3765,3859,machine,TrivialBruteforce,64,2979740
4204,3857,machine,TrivialBruteforce,4,2979740
1784,1776,machine,SimpleRewrites,4,7022224
4014,4050,machine,TrivialBruteforce,1,2979740
2246,2237,machine,SimpleRewrites,0,3360
2538,2335,machine,EquationSearch,16,7022224
4304,4282,machine,SimpleRewrites,2,4052
3597,3595,machine,SimpleRewrites,10,2979740
3902,3867,machine,SimpleRewrites,0,5829
3669,3666,machine,SimpleRewrites,0,6441
1477,1425,machine,SimpleRewrites,0,3366
3321,3318,machine,SimpleRewrites,0,7707
937,925,machine,SimpleRewrites,12,570121
2834,2814,machine,SimpleRewrites,0,7022224
393,383,machine,SimpleRewrites,4,22980
4078,4076,machine,SimpleRewrites,3,23760
915,46,machine,VampireProven,0,3292
815,812,machine,SimpleRewrites,1,7022224
3733,3730,machine,SimpleRewrites,0,807177
2083,2046,machine,SimpleRewrites,38,570121
40,380,human,Subgraph,32,80430
1361,1353,machine,SimpleRewrites,0,7022224
4403,4383,machine,SimpleRewrites,0,67485
1860,1831,machine,SimpleRewrites,1,3614
4482,4379,machine,SimpleRewrites,3,4174
4629,4671,machine,TrivialBruteforce,6,16772
4208,4164,machine,SimpleRewrites,0,6912
254,0,machine,GeneratedOther,0,1831
3605,3604,machine,SimpleRewrites,3,2979740
1347,1342,machine,SimpleRewrites,2,7022224
3580,3579,machine,SimpleRewrites,4,2979740
278,274,machine,SimpleRewrites,0,7022224
1973,1964,machine,SimpleRewrites,9,7022224
3873,3659,machine,VampireProven,4,6099
3901,3905,machine,EquationSearch,0,36651
2467,2441,machine,SimpleRewrites,0,965425
1691,1628,machine,SimpleRewrites,0,2994
4304,4274,machine,TrivialBruteforce,2,6078
4107,366,machine,TrivialBruteforce,5,23070
2237,0,machine,GeneratedOther,5,1995
3809,3822,machine,MagmaEgg,3,38700
1815,2023,machine,VampireProven,17,146856
3665,3663,machine,SimpleRewrites,0,6111
2058,2056,machine,SimpleRewrites,4,570121
321,3310,machine,TrivialBruteforce,0,404096
3873,3863,machine,SimpleRewrites,1,6099
3580,3553,machine,SimpleRewrites,2,2979740
1221,1219,machine,SimpleRewrites,0,7022224
4225,4164,machine,SimpleRewrites,7,7119
1306,1280,machine,SimpleRewrites,0,965425
308,4315,machine,TrivialBruteforce,4,7257
3035,3034,machine,TrivialBruteforce,0,7022224
3750,3748,machine,MagmaEgg,0,5748
2590,2589,machine,SimpleRewrites,0,7022224
4512,4473,machine,SimpleRewrites,7,24492
4623,4620,machine,TrivialBruteforce,28,223853
3460,3455,machine,SimpleRewrites,0,4940
3462,3460,machine,SimpleRewrites,0,6927
3835,3801,machine,SimpleRewrites,0,2979740
789,776,machine,SimpleRewrites,0,7022224
922,1,machine,GeneratedOther,0,7022224
742,84,machine,EquationSearch,0,7022224
1542,1514,machine,SimpleRewrites,2,4965
3340,3266,machine,SimpleRewrites,43,45920
3955,4266,machine,TrivialBruteforce,2,2979740
3775,3619,machine,MagmaEgg,0,98430
4383,4380,machine,SimpleRewrites,0,10310
1854,4068,machine,VampireProven,0,13456
815,799,machine,SimpleRewrites,8,7022224
3158,2566,machine,VampireProven,0,187738
15,3333,machine,TrivialBruteforce,1,10494
3490,3460,machine,SimpleRewrites,0,6102
2262,22,machine,MagmaEgg,0,16344
40,3381,machine,TrivialBruteforce,27,2979740
2125,2123,machine,SimpleRewrites,0,4500
3839,3838,machine,SimpleRewrites,12,2979740
3369,3525,machine,MagmaEgg,4,11790
427,1026,machine,VampireProven,9,189849
608,606,machine,TrivialBruteforce,0,7022224
1192,1184,machine,SimpleRewrites,0,7022224
2978,2901,machine,SimpleRewrites,2,4662
3987,3990,machine,TrivialBruteforce,41,2979740
2101,1,machine,MagmaEgg,0,7022224
2092,2089,machine,SimpleRewrites,0,8400
4333,4295,machine,TrivialBruteforce,4,16639
3299,3273,machine,SimpleRewrites,0,23760
1229,1223,machine,SimpleRewrites,0,6316
1018,904,machine,SimpleRewrites,0,7022224
2635,2610,machine,SimpleRewrites,88,7022224
1474,1466,machine,SimpleRewrites,27,132641
969,96,machine,TrivialBruteforce,41,7022224
2367,2302,machine,VampireProven,1,4725
1974,1893,machine,SimpleRewrites,0,5040
3121,2881,machine,VampireProven,3,12736
1116,1112,machine,SimpleRewrites,0,4581
4354,4342,machine,TrivialBruteforce,5,4076
3623,3626,machine,TrivialBruteforce,0,2979740
4640,4652,machine,TrivialBruteforce,5,223853
480,476,machine,SimpleRewrites,2,4545
722,908,machine,VampireProven,1,26336
3310,3304,machine,SimpleRewrites,40,404096
3939,3330,machine,MagmaEgg,3,22396
1489,873,machine,VampireProven,4,7022224
3630,3562,machine,SimpleRewrites,0,2979740
4279,4275,machine,SimpleRewrites,3,4076
2763,2761,machine,SimpleRewrites,0,7022224
3928,325,machine,VampireProven,2,14175
3775,3760,machine,SimpleRewrites,0,5790
3905,39,machine,EquationSearch,0,27636
4656,4602,machine,TrivialBruteforce,21,16639
14,188,machine,TrivialBruteforce,6,7022224
1672,1657,machine,SimpleRewrites,2,8510
725,723,machine,SimpleRewrites,0,7022224
211,202,machine,SimpleRewrites,0,3376
40,4016,machine,TrivialBruteforce,45,2979740
1324,1222,machine,SimpleRewrites,0,3464
4052,4048,machine,SimpleRewrites,0,2979740
3328,37,machine,MagmaEgg,0,404096
93,1622,machine,TrivialBruteforce,25,570121
4025,4181,machine,MagmaEgg,0,129690
1345,1,machine,GeneratedOther,0,7022224
1704,2086,machine,VampireProven,0,5049
1627,1601,machine,SimpleRewrites,12,7022224
2861,254,machine,VampireProven,1,3510
1946,1,machine,GeneratedOther,78,7022224
1151,1112,machine,SimpleRewrites,0,4674
4142,4119,machine,SimpleRewrites,1,6501
1133,1,machine,GeneratedOther,0,7022224
2384,2302,machine,SimpleRewrites,1,4737
2695,2643,machine,SimpleRewrites,0,3246
4153,3252,machine,VampireProven,0,3936
4347,4377,machine,TrivialBruteforce,4,66556
560,559,machine,SimpleRewrites,0,7022224
3484,39,machine,TrivialBruteforce,7,27636
1884,410,machine,MagmaEgg,0,3050
308,3254,machine,TrivialBruteforce,4,7257
42,4543,machine,TrivialBruteforce,13,11928
958,957,machine,SimpleRewrites,2,7022224
1788,1331,machine,VampireProven,1,965425
1896,1831,machine,SimpleRewrites,0,3382
442,439,machine,SimpleRewrites,0,4710
3743,380,human,Subgraph,12,89544
1999,1034,machine,VampireProven,0,5070
4423,4387,machine,SimpleRewrites,1,10335
3894,3864,machine,SimpleRewrites,0,5844
980,871,machine,SimpleRewrites,0,4965
612,608,machine,SimpleRewrites,1,7022224
4147,4146,machine,SimpleRewrites,109,490884
3912,3885,machine,SimpleRewrites,10,197760
1419,1360,machine,SimpleRewrites,0,965425
3931,3728,machine,MagmaEgg,5,12276
847,844,machine,SimpleRewrites,0,5193
4383,4382,machine,SimpleRewrites,0,10310
3072,3068,machine,SimpleRewrites,1,5118
3474,3455,machine,SimpleRewrites,0,3860
1173,1171,machine,SimpleRewrites,0,7022224
3700,3697,machine,SimpleRewrites,6,13468
2944,2940,machine,SimpleRewrites,0,7022224
3141,22,machine,MagmaEgg,0,14148
2847,2689,machine,VampireProven,98,570121
1025,410,machine,MagmaEgg,0,3220
3857,3852,machine,SimpleRewrites,5,2979740
4209,3793,machine,MagmaEgg,0,30960
1709,2145,machine,MagmaEgg,2,60480
2309,2289,machine,SimpleRewrites,0,6316
3350,3343,machine,SimpleRewrites,0,2979740
1129,1,machine,MagmaEgg,0,7022224
2845,2844,machine,SimpleRewrites,1,7022224
2974,2975,machine,VampireProven,0,7022224
1159,1155,machine,SimpleRewrites,0,7022224
4571,4505,machine,SimpleRewrites,11,64086
4158,4155,machine,EquationSearch,2,2979740
4376,4371,machine,TrivialBruteforce,13,223853
2315,2303,machine,SimpleRewrites,0,9030
3678,3700,machine,VampireProven,31,73112
3840,3860,machine,TrivialBruteforce,6,2979740
4099,4089,machine,SimpleRewrites,1,7035
2852,2846,machine,SimpleRewrites,0,3366
3107,2299,machine,VampireProven,2,4707
313,316,machine,EquationSearch,10,164862
4228,4269,machine,TrivialBruteforce,0,5793
847,834,machine,VampireProven,1,5193
4627,4595,machine,SimpleRewrites,19,223853
4578,4511,human,Subgraph,2,12234
3335,3332,machine,SimpleRewrites,0,404096
3928,378,machine,VampireProven,7,85050
4,4563,human,Subgraph,3,43876
1741,1815,machine,MagmaEgg,0,146856
3903,3900,machine,SimpleRewrites,0,11532
4498,4468,machine,SimpleRewrites,3,9800
3584,3651,machine,TrivialBruteforce,6,2979740
4268,0,machine,GeneratedOther,1,2868
1449,1448,machine,SimpleRewrites,3,965425
1161,1159,machine,SimpleRewrites,0,7022224
4,22,human,Subgraph,0,14103
1618,1573,machine,SimpleRewrites,1,7022224
2109,3126,machine,VampireProven,6,7022224
654,631,machine,SimpleRewrites,2,4740
150,0,machine,GeneratedOther,1,1982
2637,2595,machine,SimpleRewrites,3,1902338
1000,999,machine,TrivialBruteforce,0,7022224
3589,3645,machine,TrivialBruteforce,3,2979740
1602,1568,machine,SimpleRewrites,1,570121
2498,2321,machine,VampireProven,10,167776
2498,3802,machine,VampireProven,2,9408
1329,1,machine,GeneratedOther,0,7022224
2214,2145,machine,SimpleRewrites,5,59840
3246,3236,machine,SimpleRewrites,9,1902338
1265,9,machine,MagmaEgg,0,113216
1171,1082,machine,SimpleRewrites,4,4488
3130,758,machine,MagmaEgg,40,450408
2021,2020,machine,TrivialBruteforce,0,7022224
3958,4457,machine,MagmaEgg,2,19300
3703,39,machine,TrivialBruteforce,11,27664
1025,1019,machine,SimpleRewrites,0,3220
2464,2460,machine,SimpleRewrites,2,965425
4652,4649,machine,SimpleRewrites,7,223853
4024,4023,machine,SimpleRewrites,112,2979740
227,1044,machine,VampireProven,0,4749
800,81,machine,VampireProven,3,570121
894,961,machine,MagmaEgg,6,106642
2889,2861,machine,SimpleRewrites,0,6876
3834,3829,machine,SimpleRewrites,3,2979740
3710,3730,machine,TrivialBruteforce,39,807177
1319,710,machine,MagmaEgg,0,450408
3293,3281,machine,SimpleRewrites,0,36936
2917,2536,machine,VampireProven,1,7022224
1830,1716,machine,SimpleRewrites,1,7022224
2285,2259,machine,SimpleRewrites,3,13488
1364,1361,machine,SimpleRewrites,0,7022224
3643,3590,machine,SimpleRewrites,4,151725
913,15,machine,MagmaEgg,3,61951
775,713,machine,SimpleRewrites,4,22440
167,166,machine,SimpleRewrites,1,4497
3497,3496,machine,SimpleRewrites,0,42284
3413,3305,machine,SimpleRewrites,0,6741
2446,1628,machine,VampireProven,0,3456
321,3538,machine,TrivialBruteforce,3,404096
1843,1668,machine,VampireProven,4,965425
1458,1428,machine,SimpleRewrites,0,5082
1467,1841,machine,VampireProven,55,965425
1175,1171,machine,SimpleRewrites,5,7022224
3482,3486,machine,VampireProven,9,44206
4307,4281,machine,SimpleRewrites,1,6000
2670,2869,machine,VampireProven,1,570121
2365,45,machine,TrivialBruteforce,0,2327776
395,4040,machine,TrivialBruteforce,21,2979740
3136,3109,machine,SimpleRewrites,0,7022224
2337,1222,machine,VampireProven,0,3094
3119,758,machine,MagmaEgg,0,450408
627,625,machine,SimpleRewrites,8,19092
1080,1076,machine,SimpleRewrites,4,7022224
2396,2393,machine,SimpleRewrites,0,7022224
1802,1801,machine,TrivialBruteforce,9,7022224
451,416,machine,SimpleRewrites,0,4743
1770,1689,machine,SimpleRewrites,2,7022224
1139,1138,machine,SimpleRewrites,1,7022224
1466,1431,machine,SimpleRewrites,0,18887
411,2,machine,VampireProven,41,63920
4025,3916,machine,SimpleRewrites,0,5895
165,150,machine,SimpleRewrites,1,3438
4443,4464,machine,VampireProven,0,336864
1491,2134,machine,MagmaEgg,14,17094
2759,2757,machine,SimpleRewrites,3,7022224
4063,4042,machine,SimpleRewrites,0,2979740
3535,3507,machine,SimpleRewrites,2,404096
899,883,machine,SimpleRewrites,0,7022224
3147,3145,machine,SimpleRewrites,0,7022224
3387,3333,machine,TrivialBruteforce,0,13002
3279,3256,machine,VampireProven,0,13461
1662,1655,machine,SimpleRewrites,0,146856
528,1,machine,GeneratedOther,0,7022224
4181,4153,machine,SimpleRewrites,4,15720
2186,2137,machine,SimpleRewrites,0,7022224
3939,3525,machine,MagmaEgg,9,12216
2261,2254,machine,SimpleRewrites,1,965425
3524,3521,machine,SimpleRewrites,4,7371
2367,220,machine,MagmaEgg,1,4725
136,134,machine,SimpleRewrites,3,7022224
1533,1532,machine,SimpleRewrites,4,7022224
3743,4511,human,Subgraph,9,12792
1232,1023,machine,VampireProven,0,185260
606,605,machine,SimpleRewrites,0,7022224
1466,1443,machine,SimpleRewrites,0,6868
1036,1236,machine,VampireProven,17,254016
2641,2635,machine,SimpleRewrites,91,7022224
2919,2728,machine,VampireProven,4,7022224
2036,2034,machine,SimpleRewrites,0,3670
2882,2872,machine,SimpleRewrites,2,4932
1036,2461,machine,VampireProven,1,20384
2259,158,machine,VampireProven,1,5061
4507,4359,machine,TrivialBruteforce,3,15141
3500,3465,machine,VampireProven,2,11592
2685,2683,machine,SimpleRewrites,4,570121
4534,4551,machine,VampireProven,0,206938
3232,3225,machine,TrivialBruteforce,29,7022224
3522,3520,machine,SimpleRewrites,3,6978
4505,4394,machine,SimpleRewrites,0,10370
2257,2238,machine,SimpleRewrites,0,965425
713,510,machine,MagmaEgg,1,4638
2998,2949,machine,SimpleRewrites,0,7022224
1848,1832,machine,SimpleRewrites,1,5049
1828,1827,machine,TrivialBruteforce,2,7022224
159,211,machine,VampireProven,0,8440
550,546,machine,SimpleRewrites,0,7022224
164,1882,machine,TrivialBruteforce,32,965425
51,628,machine,VampireProven,0,5169
1702,1691,machine,SimpleRewrites,1,4488
2340,1,machine,GeneratedOther,0,7022224
2673,2897,machine,VampireProven,48,570121
266,2691,machine,TrivialBruteforce,40,570121
3697,3663,machine,SimpleRewrites,1,6105
4296,4269,machine,SimpleRewrites,0,6024
1412,1,machine,GeneratedOther,0,7022224
4530,4481,machine,SimpleRewrites,1,6024
1806,1789,machine,SimpleRewrites,2,106216
3692,3688,machine,SimpleRewrites,2,47424
383,3658,machine,VampireProven,0,3832
2729,2725,machine,SimpleRewrites,0,7022224
1770,1768,machine,SimpleRewrites,0,7022224
3363,3352,machine,SimpleRewrites,0,5895
810,768,machine,SimpleRewrites,26,570121
1461,26,machine,MagmaEgg,0,965425
733,732,machine,SimpleRewrites,0,7022224
3939,4476,machine,VampireProven,4,20360
3227,3159,machine,SimpleRewrites,5,7022224
4521,4516,machine,SimpleRewrites,63,218173
3953,3861,machine,SimpleRewrites,0,3832
23,3056,machine,TrivialBruteforce,26,382812
2515,2494,machine,SimpleRewrites,0,7022224
2567,1,machine,MagmaEgg,0,7022224
3925,3923,machine,SimpleRewrites,0,8100
518,516,machine,SimpleRewrites,3,7022224
2669,2643,machine,SimpleRewrites,0,3294
2226,2077,machine,SimpleRewrites,0,10116
2963,30,machine,MagmaEgg,2,67682
1693,1628,machine,SimpleRewrites,0,3368
2600,2820,machine,VampireProven,5,239248
1255,1251,machine,SimpleRewrites,0,4779
3656,3630,machine,SimpleRewrites,8,2979740
2835,2790,machine,SimpleRewrites,7,115194
3597,3596,machine,SimpleRewrites,0,2979740
2205,2203,machine,SimpleRewrites,0,7022224
2300,2237,machine,SimpleRewrites,0,2994
3783,3766,machine,SimpleRewrites,25,2979740
2981,2899,machine,SimpleRewrites,2,4542
1713,1697,machine,SimpleRewrites,1,7022224
2607,2606,machine,SimpleRewrites,40,7022224
1427,1425,machine,SimpleRewrites,1,3754
838,832,machine,SimpleRewrites,0,4725
2163,167,machine,VampireProven,0,68954
2015,1997,machine,SimpleRewrites,0,7022224
1246,3726,machine,VampireProven,0,14157
1399,1294,machine,SimpleRewrites,1,965425
2691,2895,machine,VampireProven,13,570121
888,1612,machine,VampireProven,0,570121
4146,4147,machine,TrivialBruteforce,0,490884
361,3658,machine,TrivialBruteforce,0,4056
371,4626,machine,EquationSearch,4,47950
22,1628,machine,TrivialBruteforce,6,3948
4691,4643,machine,SimpleRewrites,0,223853
1874,1859,machine,SimpleRewrites,5,5628
8,3920,machine,TrivialBruteforce,2,9546
3868,3867,machine,SimpleRewrites,0,6099
4466,4461,machine,SimpleRewrites,0,31088
2179,13,machine,MagmaEgg,72,182428
4576,4500,machine,SimpleRewrites,11,87030
3918,3512,machine,VampireProven,3,12144
3971,3961,machine,SimpleRewrites,2,6963
4369,4291,machine,SimpleRewrites,0,223853
1641,1858,machine,VampireProven,64,965425
454,426,machine,SimpleRewrites,0,6332
303,291,machine,SimpleRewrites,40,7022224
6,122,machine,TrivialBruteforce,325,7022224
4420,4397,machine,SimpleRewrites,1,5958
2528,2519,machine,SimpleRewrites,178,7022224
291,1122,machine,EquationSearch,74,7022224
2337,410,machine,VampireProven,0,3094
2484,2448,machine,SimpleRewrites,1,5253
10,1063,machine,TrivialBruteforce,5,69574
4427,4390,machine,SimpleRewrites,3,67485
3448,3446,machine,SimpleRewrites,0,2979740
3085,3075,machine,SimpleRewrites,1,5118
2160,2123,machine,SimpleRewrites,2,5157
4622,4607,machine,TrivialBruteforce,2,4076
268,2085,machine,TrivialBruteforce,96,570121
3994,3991,machine,SimpleRewrites,39,2979740
3083,3076,machine,SimpleRewrites,7,388968
3233,3232,machine,TrivialBruteforce,0,7022224
30,2760,machine,TrivialBruteforce,7,69574
10,1864,machine,TrivialBruteforce,5,12944
3947,3943,machine,SimpleRewrites,0,807177
1571,1570,machine,SimpleRewrites,6,991848
3477,3503,machine,VampireProven,0,75036
3798,3794,machine,SimpleRewrites,2,2979740
4610,4589,machine,TrivialBruteforce,0,7188
2629,2610,machine,SimpleRewrites,0,7022224
1814,1813,machine,SimpleRewrites,0,7022224
4278,4275,machine,SimpleRewrites,1,4008
4377,4366,machine,SimpleRewrites,7,66556
805,739,machine,SimpleRewrites,1,570121
4175,3809,machine,MagmaEgg,24,123328
132,131,machine,SimpleRewrites,62,7022224
4693,4682,machine,SimpleRewrites,23,223853
4692,4624,machine,SimpleRewrites,9,66892
4496,4481,machine,SimpleRewrites,2,5937
1386,1277,machine,SimpleRewrites,0,5082
697,1534,machine,VampireProven,9,570121
653,437,machine,VampireProven,20,1902338
3179,24,machine,MagmaEgg,0,100416
4000,3920,machine,SimpleRewrites,0,13788
1059,1024,machine,SimpleRewrites,0,15740
4220,4216,machine,SimpleRewrites,1,404096
