alpha_powerlaw,alpha_xmin10,corpus,fit_status,lr_power_vs_exponential,lr_power_vs_lognormal,lr_power_vs_stretched_exponential,maximum_out_degree,n_tail,name,nodes,p_power_vs_exponential,p_power_vs_lognormal,p_power_vs_stretched_exponential,positive_nodes,schema,xmin
2.248610099173727,2.2486100991737272,Coq root values,,-1.347699984918085,-2.59846406963842,-2.6714531313520635,119,101,Alt_PI_eq,5267,0.17775489694532554,0.009364184444369384,0.007552361851885146,4898,shared binary core,10
2.2526333192172343,2.252633319217235,Coq root values,,-1.3346635561176412,-2.6003482324476797,-2.667259319243646,119,103,Alt_PI_eq,5428,0.18198648642802928,0.00931292026768073,0.00764726408322756,5246,all normalized constructors,10
2.999999999999999,3.3352331189085067,Coq root values,,-0.7619059811616874,-1.197072828377524,-1.292921455802661,35,20,Bertrand,1167,0.4461161199727084,0.23127816959587144,0.19603822592095022,1106,shared binary core,10
2.999999999999999,3.3352331189085067,Coq root values,,-0.7619059811616874,-1.197072828377524,-1.292921455802661,35,20,Bertrand,1197,0.4461161199727084,0.23127816959587144,0.19603822592095022,1182,all normalized constructors,10
,,Coq root values,insufficient tail variation,,,,11,2,CSB,74,,,,69,shared binary core,10
,,Coq root values,insufficient tail variation,,,,11,2,CSB,75,,,,71,all normalized constructors,10
2.0908966252574728,2.0908966252574728,Coq root values,,1.320858904615909,-1.5897593858415102,-1.6896920926514132,241,121,Cardan_Tartaglia,8015,0.18654841453037707,0.11188905187018261,0.09108687683227705,7504,shared binary core,10
2.0918794022116196,2.0918794022116196,Coq root values,,1.3009263749850966,-1.6164310657522623,-1.7165892896908452,241,123,Cardan_Tartaglia,8253,0.19328365716859663,0.10600114625237281,0.08605424077635442,8024,all normalized constructors,10
2.0864175923161437,2.0864175923161437,Coq root values,,-1.4766843470326152,-1.5191228209856635,-1.6054471775498675,99,28,Cauchy_Schwarz_inequality,1643,0.13976026997189564,0.12873158341088659,0.10839542905325573,1591,shared binary core,10
2.1188538366040444,2.1188538366040444,Coq root values,,-1.1991237240744317,-1.396508055416882,-1.4735838100066223,99,29,Cauchy_Schwarz_inequality,1678,0.23047984052181592,0.16256155654977522,0.1405936830849513,1664,all normalized constructors,10
2.999999999999999,4.467419477795104,Coq root values,,-1.7456184582382088,-1.756643568675121,-1.8526397758595847,25,26,Cayley_Hamilton,971,0.08087727267048228,0.0789785817901064,0.06393400731923217,914,shared binary core,10
2.999999999999999,4.467419477795104,Coq root values,,-1.7456184582382088,-1.756643568675121,-1.8526397758595847,25,26,Cayley_Hamilton,982,0.08087727267048228,0.0789785817901064,0.06393400731923217,938,all normalized constructors,10
2.4650374903755976,2.4650374903755976,Coq root values,,-1.313401295209183,-1.1555740185049486,-1.2605455999342248,50,31,Ceva,2040,0.18904776130640566,0.247855440393688,0.20747260890015218,1793,shared binary core,10
2.44115495490525,2.44115495490525,Coq root values,,-1.5216052277948349,-1.2438290970909747,-1.3612665965557553,50,32,Ceva,2060,0.12810802686200842,0.2135624689924488,0.17342945506933571,1843,all normalized constructors,10
2.367502379596319,2.367502379596319,Coq root values,,-1.190987422270043,-1.3258173665713748,-1.4377861439972985,72,32,Desargues,2032,0.23365852259930298,0.18490019915910882,0.1504947419813607,1889,shared binary core,10
2.366755877376483,2.366755877376483,Coq root values,,-1.3373363242902248,-1.4012304326000313,-1.5251126983688996,72,33,Desargues,2055,0.18111287914308516,0.16114517662344074,0.1272309904751914,1946,all normalized constructors,10
,,Coq root values,insufficient tail variation,,,,6,0,Euler_Poincare_criterion,40,,,,38,shared binary core,10
,,Coq root values,insufficient tail variation,,,,6,0,Euler_Poincare_criterion,40,,,,38,all normalized constructors,10
,,Coq root values,insufficient tail variation,,,,28,8,Euler_exp_totient,613,,,,587,shared binary core,10
,,Coq root values,insufficient tail variation,,,,28,8,Euler_exp_totient,624,,,,610,all normalized constructors,10
,,Coq root values,insufficient tail variation,,,,6,0,FTA,81,,,,79,shared binary core,10
,,Coq root values,insufficient tail variation,,,,6,0,FTA,81,,,,79,all normalized constructors,10
2.5781015957112254,2.578101595711225,Coq root values,,-1.3337146817636394,-1.2123672275723152,-1.2429149948291531,49,18,FTC1,1174,0.18229738128222195,0.22537184011553824,0.21389915948649352,1136,shared binary core,10
2.5781015957112254,2.578101595711225,Coq root values,,-1.3337146817636394,-1.2123672275723152,-1.2429149948291531,49,18,FTC1,1181,0.18229738128222195,0.22537184011553824,0.21389915948649352,1152,all normalized constructors,10
,,Coq root values,insufficient tail variation,,,,11,2,Goedel_sIncompleteness1st,215,,,,200,shared binary core,10
,,Coq root values,insufficient tail variation,,,,11,2,Goedel_sIncompleteness1st,221,,,,213,all normalized constructors,10
2.340371583286749,2.340371583286749,Coq root values,,-4.038467767817203,-2.8907822559166427,-2.5572380890853115,36,13,IVT_cor,612,5.380148434617351e-05,0.003842842739558918,0.010550697637761133,562,shared binary core,10
2.4358832472647163,2.435883247264716,Coq root values,,-2.6161086063764194,-1.7142871317708899,-1.788658820684903,36,14,IVT_cor,643,0.008893826347294102,0.08647600529140484,0.07366977862573283,631,all normalized constructors,10
,,Coq root values,insufficient tail variation,,,,8,0,Lagrange,143,,,,133,shared binary core,10
,,Coq root values,insufficient tail variation,,,,8,0,Lagrange,148,,,,144,all normalized constructors,10
2.8329341851649357,2.8329341851649357,Coq root values,,0.4381648761380074,-0.25476665830231865,-0.25811724672682834,46,18,Law_of_the_Mean,1107,0.6612667680510048,0.7989033285048065,0.7963164215079586,1097,shared binary core,10
2.8329341851649357,2.8329341851649357,Coq root values,,0.4381648761380074,-0.25476665830231865,-0.25811724672682834,46,18,Law_of_the_Mean,1108,0.6612667680510048,0.7989033285048065,0.7963164215079586,1099,all normalized constructors,10
2.999999999999999,3.917986182701639,Coq root values,,-1.9388365631139768,-1.6623145595107016,-1.7744087388907661,27,17,Liouville_theorem,1040,0.05252124241360535,0.0964497200394545,0.07599556540751162,979,shared binary core,10
2.999999999999999,3.86664975836998,Coq root values,,-2.327302611147596,-1.7986822536146374,-1.9295521272307108,27,19,Liouville_theorem,1094,0.019949164904013803,0.0720689577003894,0.053662355351313556,1071,all normalized constructors,10
,,Coq root values,insufficient tail variation,,,,7,0,Pigeonhole,108,,,,97,shared binary core,10
,,Coq root values,insufficient tail variation,,,,7,0,Pigeonhole,110,,,,102,all normalized constructors,10
,,Coq root values,insufficient tail variation,,,,19,4,Q_countable,301,,,,248,shared binary core,10
,,Coq root values,insufficient tail variation,,,,19,4,Q_countable,338,,,,316,all normalized constructors,10
1.9636314393438563,1.9636314393438563,Coq root values,,4.768323750515701,-1.0067934518332076,1.3195770570527179,1502,186,Quadratic_reciprocity,20881,1.8576508877133913e-06,0.3140340420409584,0.18697626709656168,19923,shared binary core,10
1.9767599671774043,1.976759967177404,Coq root values,,4.774497634884016,-1.0065813851881966,1.3373057904752101,1502,193,Quadratic_reciprocity,21097,1.801564004617814e-06,0.3141359835753408,0.18112284165859172,20343,all normalized constructors,10
,,Coq root values,insufficient tail variation,,,,7,0,Strict_Rel_is_Strict_Included,44,,,,37,shared binary core,10
,,Coq root values,insufficient tail variation,,,,7,0,Strict_Rel_is_Strict_Included,48,,,,46,all normalized constructors,10
2.228805143587775,2.2288051435877745,Coq root values,,0.8463457748358839,-1.2435047344957064,-1.265396193755552,287,90,Sylow_s_theorem,5154,0.3973598789427343,0.21368189738452492,0.20572933896538803,4890,shared binary core,10
2.25558751242328,2.25558751242328,Coq root values,,0.8996163859683175,-1.2343279810818102,-1.2528595118335308,287,95,Sylow_s_theorem,5280,0.3683244340048656,0.21708071338882617,0.2102568389471431,5115,all normalized constructors,10
2.5742081701312305,2.5742081701312305,Coq root values,,-2.8503055439190543,-1.6201076819646185,-1.8641141388426135,35,17,Taylor,964,0.004367724873843519,0.10520914753164672,0.06230567741602148,945,shared binary core,10
2.5742081701312305,2.5742081701312305,Coq root values,,-2.8503055439190543,-1.6201076819646185,-1.8641141388426135,35,17,Taylor,971,0.004367724873843519,0.10520914753164672,0.06230567741602148,964,all normalized constructors,10
2.0377336872051615,2.0377336872051615,Coq root values,,0.6599903932337796,-1.655536863976938,-1.7696791952802948,165,87,Wilson,5611,0.5092599942893193,0.09781564509391442,0.0767805975948574,5464,shared binary core,10
2.0661595508291213,2.0661595508291213,Coq root values,,1.010629689925802,-1.4692518586744006,-1.566269439995746,166,90,Wilson,5689,0.31219370015029924,0.1417644891210054,0.11728555219021687,5614,all normalized constructors,10
,,Coq root values,insufficient tail variation,,,,5,0,Zgcd_is_gcd,24,,,,23,shared binary core,10
,,Coq root values,insufficient tail variation,,,,5,0,Zgcd_is_gcd,24,,,,23,all normalized constructors,10
,,Coq root values,insufficient tail variation,,,,25,3,Zis_gcd_bezout,255,,,,247,shared binary core,10
,,Coq root values,insufficient tail variation,,,,25,3,Zis_gcd_bezout,257,,,,253,all normalized constructors,10
2.55826222877584,2.55826222877584,Coq root values,,-2.8074784810717377,-2.120701144298166,-2.219089986239299,57,41,bertrand_ballot,2034,0.004993101570702122,0.03394696017287161,0.02648060316907895,1854,shared binary core,10
2.602317227226155,2.6023172272261546,Coq root values,,-2.7089632952352956,-2.1227625223174793,-2.206567431174746,57,44,bertrand_ballot,2150,0.006749380613092067,0.033773756836220664,0.02734429442531796,2109,all normalized constructors,10
2.3885795957825127,2.388579595782512,Coq root values,,2.143828750127414,-0.20796278760241896,0.07589809461625588,159,47,binomial,2487,0.03204661080999546,0.8352580232805343,0.939500172764786,2417,shared binary core,10
2.402061488865004,2.402061488865004,Coq root values,,2.1811904647749043,-0.20180680638017076,0.09310851813795834,159,48,binomial,2530,0.029169331801807127,0.8400677603065196,0.9258173503401204,2516,all normalized constructors,10
,,Coq root values,insufficient tail variation,,,,365,1,birthday_paradox,555,,,,543,shared binary core,10
,,Coq root values,insufficient tail variation,,,,365,1,birthday_paradox,559,,,,553,all normalized constructors,10
2.999999999999999,4.162156944518571,Coq root values,,-1.4611986633966394,-1.3957304415637053,-1.4703195340110526,25,19,card_powerset,988,0.14396092975233316,0.16279568368050734,0.1414752329537794,896,shared binary core,10
2.999999999999999,4.132359325403549,Coq root values,,-1.464302889725329,-1.3723242133550433,-1.4539912154446433,25,19,card_powerset,1000,0.14311120796950846,0.16996253114314896,0.14594874169377034,923,all normalized constructors,10
,,Coq root values,insufficient tail variation,,,,26,4,div3,205,,,,202,shared binary core,10
,,Coq root values,insufficient tail variation,,,,26,4,div3,205,,,,202,all normalized constructors,10
1.9931018344631979,1.9931018344631979,Coq root values,,0.875136135355827,-1.1119425048954268,-1.164595455725921,223,64,divisors_correct,4801,0.38149983750876393,0.2661628717178516,0.24418278412261796,4620,shared binary core,10
2.05257034388707,2.05257034388707,Coq root values,,1.4515672872352594,-0.8610427262562148,-0.8935975641368785,223,69,divisors_correct,4893,0.1466219601467811,0.38921451148404473,0.3715372501252405,4793,all normalized constructors,10
,,Coq root values,insufficient tail variation,,,,11,1,edivpP,195,,,,187,shared binary core,10
,,Coq root values,insufficient tail variation,,,,11,1,edivpP,199,,,,195,all normalized constructors,10
,,Coq root values,insufficient tail variation,,,,4,0,four_color,25,,,,24,shared binary core,10
,,Coq root values,insufficient tail variation,,,,4,0,four_color,25,,,,24,all normalized constructors,10
,,Coq root values,insufficient tail variation,,,,20,9,fun_power_series_conv_IR,625,,,,599,shared binary core,10
,,Coq root values,insufficient tail variation,,,,20,9,fun_power_series_conv_IR,636,,,,622,all normalized constructors,10
2.295252371062609,2.295252371062609,Coq root values,,1.521845536942929,-0.84330015387013,-0.8923239771141697,132,68,herron_qin,3847,0.1280477884156475,0.3990605967919436,0.3722193061418798,3734,shared binary core,10
2.2984935269692555,2.2984935269692555,Coq root values,,1.4920546347483141,-0.8751948527830046,-0.9278247574518566,132,69,herron_qin,3904,0.13568482320653077,0.3814678933961674,0.3534984795239823,3857,all normalized constructors,10
2.188109068565258,2.188109068565258,Coq root values,,-0.2164610651298237,-1.3107776678738976,-1.394174112076436,103,52,inclusion_exclusion,3201,0.828628371228652,0.18993288957333454,0.1632650334419825,2806,shared binary core,10
2.2072615004583085,2.2072615004583085,Coq root values,,0.20088554363946162,-1.1305715414685653,-1.198484942904263,103,60,inclusion_exclusion,3509,0.8407880717980245,0.2582354711865015,0.23072828134443324,3354,all normalized constructors,10
,,Coq root values,insufficient tail variation,,,,15,3,is_hexamy,112,,,,111,shared binary core,10
,,Coq root values,insufficient tail variation,,,,15,3,is_hexamy,112,,,,111,all normalized constructors,10
,,Coq root values,insufficient tail variation,,,,21,4,isosceles_conga,132,,,,128,shared binary core,10
,,Coq root values,insufficient tail variation,,,,21,4,isosceles_conga,133,,,,131,all normalized constructors,10
1.9127338527758302,1.9127338527758302,Coq root values,,6.790382941876052,-1.609576637100302,-1.413900058542981,3230,755,konigsberg_bridges,65917,1.1183628909088425e-11,0.10749031195585855,0.15739124876518562,61518,shared binary core,10
1.9154421739113365,1.9154421739113365,Coq root values,,7.043531568214582,-1.7244543251993865,-1.5454473560542614,3230,814,konigsberg_bridges,69018,1.8742751240225887e-12,0.08462585767536424,0.1222380932256636,68381,all normalized constructors,10
,,Coq root values,insufficient tail variation,,,,23,1,mul_adj_mx,155,,,,154,shared binary core,10
,,Coq root values,insufficient tail variation,,,,23,1,mul_adj_mx,155,,,,154,all normalized constructors,10
,,Coq root values,insufficient tail variation,,,,6,0,nat_ind,37,,,,28,shared binary core,10
,,Coq root values,insufficient tail variation,,,,6,0,nat_ind,43,,,,40,all normalized constructors,10
,,Coq root values,insufficient tail variation,,,,7,0,postulate_of_existence_of_a_triangle_whose_angles_sum_to_two_rights,50,,,,49,shared binary core,10
,,Coq root values,insufficient tail variation,,,,7,0,postulate_of_existence_of_a_triangle_whose_angles_sum_to_two_rights,50,,,,49,all normalized constructors,10
,,Coq root values,insufficient tail variation,,,,55,7,pytha_thm3,601,,,,597,shared binary core,10
,,Coq root values,insufficient tail variation,,,,55,7,pytha_thm3,603,,,,601,all normalized constructors,10
2.329981843781954,2.3299818437819546,Coq root values,,-3.4726439852594364,-2.142616205613995,-2.442967642220026,47,28,pythagoras,1326,0.0005153584884577569,0.03214392880415227,0.01456704329358161,1267,shared binary core,10
2.326162984767646,2.326162984767646,Coq root values,,-3.51695556961286,-2.151697830520472,-2.4623675551580466,47,28,pythagoras,1328,0.00043652684484194923,0.031421161130516115,0.013802313944717017,1271,all normalized constructors,10
,,Coq root values,insufficient tail variation,,,,3,0,reals_not_countable,47,,,,45,shared binary core,10
,,Coq root values,insufficient tail variation,,,,3,0,reals_not_countable,47,,,,45,all normalized constructors,10
,,Coq root values,insufficient tail variation,,,,5,0,sum_of_two_squares,23,,,,22,shared binary core,10
,,Coq root values,insufficient tail variation,,,,5,0,sum_of_two_squares,23,,,,22,all normalized constructors,10
,,Coq root values,insufficient tail variation,,,,20,8,triangle,625,,,,604,shared binary core,10
,,Coq root values,insufficient tail variation,,,,20,8,triangle,637,,,,632,all normalized constructors,10
2.7170911878985535,2.7170911878985535,Human Lean root values,,-3.2222803745518855,-2.0636098481337837,-2.044529355732698,30,12,banach_fixed_point_term,518,0.0012717462195977634,0.039054723102500334,0.040901280403841785,517,shared binary core,10
2.7170911878985535,2.7170911878985535,Human Lean root values,,-3.2222803745518855,-2.0636098481337837,-2.044529355732698,30,12,banach_fixed_point_term,518,0.0012717462195977634,0.039054723102500334,0.040901280403841785,517,all normalized constructors,10
2.474189973501363,2.474189973501363,Human Lean root values,,1.439593603863689,-0.2896368390066994,-0.20590678717005534,126,25,basel_problem_term,1519,0.14998241028170756,0.7720940809695209,0.8368637236578169,1518,shared binary core,10
2.474189973501363,2.474189973501363,Human Lean root values,,1.439593603863689,-0.2896368390066994,-0.20590678717005534,126,25,basel_problem_term,1519,0.14998241028170756,0.7720940809695209,0.8368637236578169,1518,all normalized constructors,10
,,Human Lean root values,insufficient tail variation,,,,0,0,bertrand_postulate_term,1,,,,0,shared binary core,10
,,Human Lean root values,insufficient tail variation,,,,0,0,bertrand_postulate_term,1,,,,0,all normalized constructors,10
,,Human Lean root values,insufficient tail variation,,,,26,6,bezout_gcd_term,245,,,,244,shared binary core,10
,,Human Lean root values,insufficient tail variation,,,,26,6,bezout_gcd_term,245,,,,244,all normalized constructors,10
,,Human Lean root values,insufficient tail variation,,,,6,0,binomial_theorem_term,38,,,,37,shared binary core,10
,,Human Lean root values,insufficient tail variation,,,,6,0,binomial_theorem_term,38,,,,37,all normalized constructors,10
,,Human Lean root values,insufficient tail variation,,,,19,2,cantor_theorem_term,190,,,,189,shared binary core,10
,,Human Lean root values,insufficient tail variation,,,,19,2,cantor_theorem_term,190,,,,189,all normalized constructors,10
2.2643340777250724,2.264334077725072,Human Lean root values,,-0.9448961577315433,-0.9567005758419449,-1.0085186676963067,56,23,cayley_hamilton_term,1123,0.3447118933275706,0.3387184074015659,0.31320553052085987,1122,shared binary core,10
2.2643340777250724,2.264334077725072,Human Lean root values,,-0.9448961577315433,-0.9567005758419449,-1.0085186676963067,56,23,cayley_hamilton_term,1123,0.3447118933275706,0.3387184074015659,0.31320553052085987,1122,all normalized constructors,10
,,Human Lean root values,insufficient tail variation,,,,60,4,divergence_harmonic_term,519,,,,518,shared binary core,10
,,Human Lean root values,insufficient tail variation,,,,60,4,divergence_harmonic_term,519,,,,518,all normalized constructors,10
,,Human Lean root values,insufficient tail variation,,,,17,2,euclid_infinite_primes_term,148,,,,147,shared binary core,10
,,Human Lean root values,insufficient tail variation,,,,17,2,euclid_infinite_primes_term,148,,,,147,all normalized constructors,10
,,Human Lean root values,insufficient tail variation,,,,8,0,extreme_value_term,93,,,,92,shared binary core,10
,,Human Lean root values,insufficient tail variation,,,,8,0,extreme_value_term,93,,,,92,all normalized constructors,10
,,Human Lean root values,insufficient tail variation,,,,58,9,fermat_last_four_term,492,,,,491,shared binary core,10
,,Human Lean root values,insufficient tail variation,,,,58,9,fermat_last_four_term,492,,,,491,all normalized constructors,10
2.7368008431953292,2.7368008431953292,Human Lean root values,,0.8999689254132779,-0.4227042203842054,-0.46216179309219774,100,29,fermat_last_three_term,1463,0.36813678790311144,0.6725110760080126,0.6439652998697613,1462,shared binary core,10
2.7368008431953292,2.7368008431953292,Human Lean root values,,0.8999689254132779,-0.4227042203842054,-0.46216179309219774,100,29,fermat_last_three_term,1463,0.36813678790311144,0.6725110760080126,0.6439652998697613,1462,all normalized constructors,10
,,Human Lean root values,insufficient tail variation,,,,19,4,fermat_little_term,274,,,,273,shared binary core,10
,,Human Lean root values,insufficient tail variation,,,,19,4,fermat_little_term,274,,,,273,all normalized constructors,10
,,Human Lean root values,insufficient tail variation,,,,129,3,fta_complex_term,674,,,,673,shared binary core,10
,,Human Lean root values,insufficient tail variation,,,,129,3,fta_complex_term,674,,,,673,all normalized constructors,10
,,Human Lean root values,insufficient tail variation,,,,40,5,ftc_term,314,,,,313,shared binary core,10
,,Human Lean root values,insufficient tail variation,,,,40,5,ftc_term,314,,,,313,all normalized constructors,10
,,Human Lean root values,insufficient tail variation,,,,41,2,fund_thm_arithmetic_term,282,,,,281,shared binary core,10
,,Human Lean root values,insufficient tail variation,,,,41,2,fund_thm_arithmetic_term,282,,,,281,all normalized constructors,10
,,Human Lean root values,insufficient tail variation,,,,15,3,intermediate_value_term,202,,,,201,shared binary core,10
,,Human Lean root values,insufficient tail variation,,,,15,3,intermediate_value_term,202,,,,201,all normalized constructors,10
,,Human Lean root values,insufficient tail variation,,,,14,2,lagrange_subgroup_term,123,,,,122,shared binary core,10
,,Human Lean root values,insufficient tail variation,,,,14,2,lagrange_subgroup_term,123,,,,122,all normalized constructors,10
,,Human Lean root values,insufficient tail variation,,,,0,0,law_of_cosines_term,1,,,,0,shared binary core,10
,,Human Lean root values,insufficient tail variation,,,,0,0,law_of_cosines_term,1,,,,0,all normalized constructors,10
2.5049805717058153,2.504980571705815,Human Lean root values,,1.3722581758982446,-0.11237943086614838,0.10574502677330917,308,47,leibniz_pi_term,2934,0.16998308069626222,0.9105225637968979,0.9157846544028461,2933,shared binary core,10
2.5049805717058153,2.504980571705815,Human Lean root values,,1.3722581758982446,-0.11237943086614838,0.10574502677330917,308,47,leibniz_pi_term,2934,0.16998308069626222,0.9105225637968979,0.9157846544028461,2933,all normalized constructors,10
2.7774818984662404,2.777481898466241,Human Lean root values,,1.4752665614758158,-1.0193825476907663,0.5042169977975761,163,32,liouville_term,1881,0.14014089261322096,0.3080213883029985,0.614108897025766,1880,shared binary core,10
2.7774818984662404,2.777481898466241,Human Lean root values,,1.4752665614758158,-1.0193825476907663,0.5042169977975761,163,32,liouville_term,1881,0.14014089261322096,0.3080213883029985,0.614108897025766,1880,all normalized constructors,10
,,Human Lean root values,insufficient tail variation,,,,35,1,mean_value_term,170,,,,169,shared binary core,10
,,Human Lean root values,insufficient tail variation,,,,35,1,mean_value_term,170,,,,169,all normalized constructors,10
,,Human Lean root values,insufficient tail variation,,,,95,7,mvt2_term,549,,,,548,shared binary core,10
,,Human Lean root values,insufficient tail variation,,,,95,7,mvt2_term,549,,,,548,all normalized constructors,10
2.5040232233467528,2.5040232233467528,Human Lean root values,,1.35232004250292,-0.5723430062576619,-0.5842429895904596,265,84,pi_irrational2_term,4345,0.17627295547913957,0.5670896194565377,0.559056842234382,4344,shared binary core,10
2.5040232233467528,2.5040232233467528,Human Lean root values,,1.35232004250292,-0.5723430062576619,-0.5842429895904596,265,84,pi_irrational2_term,4345,0.17627295547913957,0.5670896194565377,0.559056842234382,4344,all normalized constructors,10
2.247536684233202,2.247536684233202,Human Lean root values,,-0.13354721485113163,-1.465870974082967,-1.4842538768112552,195,67,ptolemy_term,3739,0.8937606265964351,0.14268344086258708,0.13774158146601384,3738,shared binary core,10
2.247536684233202,2.247536684233202,Human Lean root values,,-0.13354721485113163,-1.465870974082967,-1.4842538768112552,195,67,ptolemy_term,3739,0.8937606265964351,0.14268344086258708,0.13774158146601384,3738,all normalized constructors,10
2.311036789116166,2.3110367891161654,Human Lean root values,,-1.4782745676011069,-1.600068540956332,-1.7579608300206018,78,27,quadratic_reciprocity_term,1669,0.13933430206542127,0.10958337899267066,0.07875417433164095,1668,shared binary core,10
2.311036789116166,2.3110367891161654,Human Lean root values,,-1.4782745676011069,-1.600068540956332,-1.7579608300206018,78,27,quadratic_reciprocity_term,1669,0.13933430206542127,0.10958337899267066,0.07875417433164095,1668,all normalized constructors,10
,,Human Lean root values,insufficient tail variation,,,,1,0,reals_uncountable_term,5,,,,4,shared binary core,10
,,Human Lean root values,insufficient tail variation,,,,1,0,reals_uncountable_term,5,,,,4,all normalized constructors,10
,,Human Lean root values,insufficient tail variation,,,,7,0,schroeder_bernstein_term,109,,,,108,shared binary core,10
,,Human Lean root values,insufficient tail variation,,,,7,0,schroeder_bernstein_term,109,,,,108,all normalized constructors,10
,,Human Lean root values,insufficient tail variation,,,,2,0,sqrt2_irrational_term,12,,,,11,shared binary core,10
,,Human Lean root values,insufficient tail variation,,,,2,0,sqrt2_irrational_term,12,,,,11,all normalized constructors,10
2.60339332931341,2.60339332931341,Human Lean root values,,1.2070772749036238,-0.04595880555593099,0.16747780366556056,159,24,stirling_term,1730,0.2274023857119457,0.9633430835966281,0.8669941109686026,1729,shared binary core,10
2.60339332931341,2.60339332931341,Human Lean root values,,1.2070772749036238,-0.04595880555593099,0.16747780366556056,159,24,stirling_term,1730,0.2274023857119457,0.9633430835966281,0.8669941109686026,1729,all normalized constructors,10
2.3003254794451298,2.3003254794451298,Human Lean root values,,2.242581777126959,-0.23088165541745975,0.11515981312245592,97,60,strong_law_large_numbers_term,2529,0.024923796442053774,0.8174067425980789,0.9083184511801933,2528,shared binary core,10
2.3003254794451298,2.3003254794451298,Human Lean root values,,2.242581777126959,-0.23088165541745975,0.11515981312245592,97,60,strong_law_large_numbers_term,2529,0.024923796442053774,0.8174067425980789,0.9083184511801933,2528,all normalized constructors,10
,,Human Lean root values,insufficient tail variation,,,,21,5,sylow_theorem_term,302,,,,301,shared binary core,10
,,Human Lean root values,insufficient tail variation,,,,21,5,sylow_theorem_term,302,,,,301,all normalized constructors,10
2.3763695390700095,2.3763695390700095,Human Lean root values,,-0.5404862830890287,-1.0601735432395558,-1.1082267470446625,66,34,wilsons_lemma_term,1860,0.5888617181463238,0.28906565495574277,0.26776390223871593,1859,shared binary core,10
2.3763695390700095,2.3763695390700095,Human Lean root values,,-0.5404862830890287,-1.0601735432395558,-1.1082267470446625,66,34,wilsons_lemma_term,1860,0.5888617181463238,0.28906565495574277,0.26776390223871593,1859,all normalized constructors,10
2.4812569000599787,2.4812569000599787,Matched human Lean root values,,1.9266468678150117,-0.637881037342418,-0.6194237538452564,206,122,pair_00b23e63,4674,0.05402365357870369,0.523551122473636,0.5356372366796275,4673,shared binary core,10
2.4812569000599787,2.4812569000599787,Matched human Lean root values,,1.9266468678150117,-0.637881037342418,-0.6194237538452564,206,122,pair_00b23e63,4674,0.05402365357870369,0.523551122473636,0.5356372366796275,4673,all normalized constructors,10
2.283974737375182,2.2839747373751815,Matched AI Lean root values,,1.073715880673108,-0.9695915643327057,-1.031881221484813,145,61,pair_00b23e63,2956,0.2829500415253463,0.3322501193806222,0.3021277639638148,2955,shared binary core,10
2.283974737375182,2.2839747373751815,Matched AI Lean root values,,1.073715880673108,-0.9695915643327057,-1.031881221484813,145,61,pair_00b23e63,2956,0.2829500415253463,0.3322501193806222,0.3021277639638148,2955,all normalized constructors,10
2.4288609245281743,2.4288609245281743,Matched human Lean root values,,2.344965238429925,-0.3414728886941119,-0.09012173033769261,200,79,pair_01eb3f84,4110,0.01902885362125103,0.7327476113577774,0.9281904811706427,4109,shared binary core,10
2.4288609245281743,2.4288609245281743,Matched human Lean root values,,2.344965238429925,-0.3414728886941119,-0.09012173033769261,200,79,pair_01eb3f84,4110,0.01902885362125103,0.7327476113577774,0.9281904811706427,4109,all normalized constructors,10
2.4059942462529684,2.4059942462529684,Matched AI Lean root values,,1.811379672404234,-0.9299254754935213,-0.9738421303747695,166,93,pair_01eb3f84,4304,0.07008210037731635,0.3524096717176264,0.3301349308462044,4303,shared binary core,10
2.4059942462529684,2.4059942462529684,Matched AI Lean root values,,1.811379672404234,-0.9299254754935213,-0.9738421303747695,166,93,pair_01eb3f84,4304,0.07008210037731635,0.3524096717176264,0.3301349308462044,4303,all normalized constructors,10
,,Matched human Lean root values,insufficient tail variation,,,,6,0,pair_064daf4b,83,,,,82,shared binary core,10
,,Matched human Lean root values,insufficient tail variation,,,,6,0,pair_064daf4b,83,,,,82,all normalized constructors,10
,,Matched AI Lean root values,insufficient tail variation,,,,6,0,pair_064daf4b,110,,,,109,shared binary core,10
,,Matched AI Lean root values,insufficient tail variation,,,,6,0,pair_064daf4b,110,,,,109,all normalized constructors,10
2.26075381673887,2.2607538167388697,Matched human Lean root values,,1.7916036973101237,-1.6350009819499347,-1.649838131687012,470,264,pair_06e244fd,11225,0.07319647046262016,0.1020488417749628,0.09897604739031995,11224,shared binary core,10
2.26075381673887,2.2607538167388697,Matched human Lean root values,,1.7916036973101237,-1.6350009819499347,-1.649838131687012,470,264,pair_06e244fd,11225,0.07319647046262016,0.1020488417749628,0.09897604739031995,11224,all normalized constructors,10
2.2441292180635717,2.2441292180635717,Matched AI Lean root values,,1.6545683043138402,-1.7612773505105128,-1.7710974018984926,476,262,pair_06e244fd,11309,0.09801209731887064,0.07819147164342169,0.0765445059937975,11308,shared binary core,10
2.2441292180635717,2.2441292180635717,Matched AI Lean root values,,1.6545683043138402,-1.7612773505105128,-1.7710974018984926,476,262,pair_06e244fd,11309,0.09801209731887064,0.07819147164342169,0.0765445059937975,11308,all normalized constructors,10
2.2701247913478193,2.2701247913478193,Matched human Lean root values,,3.9303700103205106,-0.05310610661095043,0.6335223199758055,160,42,pair_070c0d6f,3398,8.481523824988338e-05,0.9576473659489375,0.5263926100105172,3397,shared binary core,10
2.2701247913478193,2.2701247913478193,Matched human Lean root values,,3.9303700103205106,-0.05310610661095043,0.6335223199758055,160,42,pair_070c0d6f,3399,8.481523824988338e-05,0.9576473659489375,0.5263926100105172,3398,all normalized constructors,10
,,Matched AI Lean root values,insufficient tail variation,,,,57,7,pair_070c0d6f,446,,,,445,shared binary core,10
,,Matched AI Lean root values,insufficient tail variation,,,,57,7,pair_070c0d6f,446,,,,445,all normalized constructors,10
2.3291317496014408,2.3291317496014403,Matched human Lean root values,,1.700112614968436,-1.0737167147207398,-1.1253015132454862,234,118,pair_0a7bd2c7,4986,0.08910974487690358,0.2829496675963924,0.26046128871235774,4985,shared binary core,10
2.3291317496014408,2.3291317496014403,Matched human Lean root values,,1.700112614968436,-1.0737167147207398,-1.1253015132454862,234,118,pair_0a7bd2c7,4986,0.08910974487690358,0.2829496675963924,0.26046128871235774,4985,all normalized constructors,10
2.3357693725294832,2.3357693725294837,Matched AI Lean root values,,1.7138538509959136,-1.084392870991912,-1.1416327078081256,236,119,pair_0a7bd2c7,5048,0.08655557041067656,0.2781906432691488,0.25360672255859606,5047,shared binary core,10
2.3357693725294832,2.3357693725294837,Matched AI Lean root values,,1.7138538509959136,-1.084392870991912,-1.1416327078081256,236,119,pair_0a7bd2c7,5048,0.08655557041067656,0.2781906432691488,0.25360672255859606,5047,all normalized constructors,10
2.1750682588876398,2.1750682588876398,Matched human Lean root values,,-0.2658415059480743,-1.2118253864325033,-1.2969320927754804,132,32,pair_0a891d0e,1900,0.7903612758656474,0.2255792283950887,0.19465455300011458,1899,shared binary core,10
2.1750682588876398,2.1750682588876398,Matched human Lean root values,,-0.2658415059480743,-1.2118253864325033,-1.2969320927754804,132,32,pair_0a891d0e,1900,0.7903612758656474,0.2255792283950887,0.19465455300011458,1899,all normalized constructors,10
2.3778128348077763,2.3778128348077763,Matched AI Lean root values,,0.9691445604515522,-0.7873751151725206,-0.8293036812715572,133,47,pair_0a891d0e,2278,0.33247306741261395,0.4310623096547658,0.406932588336554,2277,shared binary core,10
2.3778128348077763,2.3778128348077763,Matched AI Lean root values,,0.9691445604515522,-0.7873751151725206,-0.8293036812715572,133,47,pair_0a891d0e,2278,0.33247306741261395,0.4310623096547658,0.406932588336554,2277,all normalized constructors,10
2.394145227330561,2.394145227330561,Matched human Lean root values,,2.6472456874190673,-0.5136639961884994,-0.33991224035591083,224,129,pair_0a983018,6131,0.008115037148821955,0.6074869281585904,0.7339226184484855,6130,shared binary core,10
2.394145227330561,2.394145227330561,Matched human Lean root values,,2.6472456874190673,-0.5136639961884994,-0.33991224035591083,224,129,pair_0a983018,6131,0.008115037148821955,0.6074869281585904,0.7339226184484855,6130,all normalized constructors,10
2.3638581672250725,2.3638581672250725,Matched AI Lean root values,,2.348370967315481,-1.0221251068830548,-1.0728569914544728,320,183,pair_0a983018,7812,0.018855731111637287,0.30672169155198525,0.2833352854534972,7811,shared binary core,10
2.3638581672250725,2.3638581672250725,Matched AI Lean root values,,2.348370967315481,-1.0221251068830548,-1.0728569914544728,320,183,pair_0a983018,7812,0.018855731111637287,0.30672169155198525,0.2833352854534972,7811,all normalized constructors,10
2.4274791872159636,2.4274791872159636,Matched human Lean root values,,1.3364724634787295,-0.6966031866922187,-0.7360352641278385,154,56,pair_0b123512,3189,0.18139489509901885,0.486051161016651,0.46170923729166924,3188,shared binary core,10
2.4274791872159636,2.4274791872159636,Matched human Lean root values,,1.3364724634787295,-0.6966031866922187,-0.7360352641278385,154,56,pair_0b123512,3189,0.18139489509901885,0.486051161016651,0.46170923729166924,3188,all normalized constructors,10
,,Matched AI Lean root values,insufficient tail variation,,,,27,2,pair_0b123512,162,,,,161,shared binary core,10
,,Matched AI Lean root values,insufficient tail variation,,,,27,2,pair_0b123512,162,,,,161,all normalized constructors,10
2.6616487283149457,2.6616487283149457,Matched human Lean root values,,2.5558104131982047,-1.3999956868939782,1.2332252753671673,180,68,pair_0bc9ff8b,3253,0.010594082220496594,0.16151461005230894,0.21749172787859938,3252,shared binary core,10
2.6616487283149457,2.6616487283149457,Matched human Lean root values,,2.5558104131982047,-1.3999956868939782,1.2332252753671673,180,68,pair_0bc9ff8b,3253,0.010594082220496594,0.16151461005230894,0.21749172787859938,3252,all normalized constructors,10
2.607213733398008,2.607213733398008,Matched AI Lean root values,,2.6069155938746156,-0.13755161637654412,0.619225138103206,267,160,pair_0bc9ff8b,6576,0.009136187839353204,0.8905947964620293,0.5357680536633058,6575,shared binary core,10
2.607213733398008,2.607213733398008,Matched AI Lean root values,,2.6069155938746156,-0.13755161637654412,0.619225138103206,267,160,pair_0bc9ff8b,6576,0.009136187839353204,0.8905947964620293,0.5357680536633058,6575,all normalized constructors,10
2.358948135686218,2.3589481356862185,Matched human Lean root values,,1.6279525769106415,-0.9469004403658946,-0.9793620171234937,246,105,pair_0c9ecd6b,4971,0.10353494172008294,0.3436895135326482,0.32740113755980516,4970,shared binary core,10
2.358948135686218,2.3589481356862185,Matched human Lean root values,,1.6279525769106415,-0.9469004403658946,-0.9793620171234937,246,105,pair_0c9ecd6b,4971,0.10353494172008294,0.3436895135326482,0.32740113755980516,4970,all normalized constructors,10
2.388337610318735,2.388337610318735,Matched AI Lean root values,,1.8340276098094217,-1.280415843437799,-1.292922683475418,367,242,pair_0c9ecd6b,9504,0.06664989583352253,0.20039892482925203,0.19603780127298975,9503,shared binary core,10
2.388337610318735,2.388337610318735,Matched AI Lean root values,,1.8340276098094217,-1.280415843437799,-1.292922683475418,367,242,pair_0c9ecd6b,9504,0.06664989583352253,0.20039892482925203,0.19603780127298975,9503,all normalized constructors,10
,,Matched human Lean root values,insufficient tail variation,,,,40,4,pair_0f3deadd,328,,,,327,shared binary core,10
,,Matched human Lean root values,insufficient tail variation,,,,40,4,pair_0f3deadd,328,,,,327,all normalized constructors,10
,,Matched AI Lean root values,insufficient tail variation,,,,40,4,pair_0f3deadd,328,,,,327,shared binary core,10
,,Matched AI Lean root values,insufficient tail variation,,,,40,4,pair_0f3deadd,328,,,,327,all normalized constructors,10
2.5014554443001797,2.5014554443001797,Matched human Lean root values,,2.876763757831874,-0.38516209756227976,-0.06484018570600084,188,126,pair_0f421760,5499,0.00401776264801124,0.7001173229044018,0.9483012451867484,5498,shared binary core,10
2.5014554443001797,2.5014554443001797,Matched human Lean root values,,2.876763757831874,-0.38516209756227976,-0.06484018570600084,188,126,pair_0f421760,5499,0.00401776264801124,0.7001173229044018,0.9483012451867484,5498,all normalized constructors,10
,,Matched AI Lean root values,insufficient tail variation,,,,56,6,pair_0f421760,409,,,,408,shared binary core,10
,,Matched AI Lean root values,insufficient tail variation,,,,56,6,pair_0f421760,409,,,,408,all normalized constructors,10
2.404705829780175,2.4047058297801747,Matched human Lean root values,,2.0756289726028436,-0.3357269732491595,-0.11801874630589233,290,104,pair_0f905113,5404,0.037928279691858066,0.7370767635218818,0.9060528042833886,5403,shared binary core,10
2.404705829780175,2.4047058297801747,Matched human Lean root values,,2.0756289726028436,-0.3357269732491595,-0.11801874630589233,290,104,pair_0f905113,5404,0.037928279691858066,0.7370767635218818,0.9060528042833886,5403,all normalized constructors,10
2.307271654807423,2.3072716548074235,Matched AI Lean root values,,1.9968414371845609,-0.7862121888345701,-0.8157397157351605,256,122,pair_0f905113,6154,0.04584241060079616,0.4317431864096001,0.41464901877712057,6153,shared binary core,10
2.307271654807423,2.3072716548074235,Matched AI Lean root values,,1.9968414371845609,-0.7862121888345701,-0.8157397157351605,256,122,pair_0f905113,6154,0.04584241060079616,0.4317431864096001,0.41464901877712057,6153,all normalized constructors,10
2.2955607749056552,2.295560774905655,Matched human Lean root values,,2.966932747082587,-0.7913687917853165,-0.6374639252304475,350,257,pair_11362c17,10781,0.0030078674425861145,0.4287288158770993,0.5238227007981007,10780,shared binary core,10
2.2955607749056552,2.295560774905655,Matched human Lean root values,,2.966932747082587,-0.7913687917853165,-0.6374639252304475,350,257,pair_11362c17,10781,0.0030078674425861145,0.4287288158770993,0.5238227007981007,10780,all normalized constructors,10
2.2711358745455,2.2711358745455,Matched AI Lean root values,,2.7704429880442816,-0.9992406702719734,-1.0035531373816917,360,259,pair_11362c17,10949,0.00559800993948269,0.31767811850765604,0.3155940522317976,10948,shared binary core,10
2.2711358745455,2.2711358745455,Matched AI Lean root values,,2.7704429880442816,-0.9992406702719734,-1.0035531373816917,360,259,pair_11362c17,10949,0.00559800993948269,0.31767811850765604,0.3155940522317976,10948,all normalized constructors,10
2.2064390049934035,2.2064390049934035,Matched human Lean root values,,1.4239167736495315,-0.8025423448023116,-0.8542129739212533,271,65,pair_121126b4,4026,0.15447056561304376,0.42223930405030097,0.39298699589844643,4025,shared binary core,10
2.2064390049934035,2.2064390049934035,Matched human Lean root values,,1.4239167736495315,-0.8025423448023116,-0.8542129739212533,271,65,pair_121126b4,4026,0.15447056561304376,0.42223930405030097,0.39298699589844643,4025,all normalized constructors,10
2.4271908610953092,2.4271908610953092,Matched AI Lean root values,,2.2819253219408675,-0.20505585983515348,0.5288091872801555,264,69,pair_121126b4,3850,0.02249374956559064,0.8375284823250269,0.5969378238546819,3849,shared binary core,10
2.4271908610953092,2.4271908610953092,Matched AI Lean root values,,2.2819253219408675,-0.20505585983515348,0.5288091872801555,264,69,pair_121126b4,3850,0.02249374956559064,0.8375284823250269,0.5969378238546819,3849,all normalized constructors,10
2.659034877638664,2.659034877638664,Matched human Lean root values,,1.3562179719728884,-0.5046324210706414,-0.49376066419373754,166,79,pair_136afae1,3413,0.17502982545717805,0.6138170340491995,0.6214752164415702,3412,shared binary core,10
2.659034877638664,2.659034877638664,Matched human Lean root values,,1.3562179719728884,-0.5046324210706414,-0.49376066419373754,166,79,pair_136afae1,3413,0.17502982545717805,0.6138170340491995,0.6214752164415702,3412,all normalized constructors,10
2.453036028282017,2.4530360282820167,Matched AI Lean root values,,1.565563979574693,-0.5434936174449002,-0.5730479127913047,164,60,pair_136afae1,3628,0.11745072822383823,0.5867899841863575,0.5666122533065843,3627,shared binary core,10
2.453036028282017,2.4530360282820167,Matched AI Lean root values,,1.565563979574693,-0.5434936174449002,-0.5730479127913047,164,60,pair_136afae1,3628,0.11745072822383823,0.5867899841863575,0.5666122533065843,3627,all normalized constructors,10
2.3466119501661447,2.3466119501661447,Matched human Lean root values,,1.5170740375487486,-1.0461108016248202,0.42134389390111293,103,12,pair_13d805d4,825,0.12924799231713424,0.29550987872546064,0.6735039824505231,824,shared binary core,10
2.3466119501661447,2.3466119501661447,Matched human Lean root values,,1.5170740375487486,-1.0461108016248202,0.42134389390111293,103,12,pair_13d805d4,825,0.12924799231713424,0.29550987872546064,0.6735039824505231,824,all normalized constructors,10
2.3492831718178504,2.3492831718178504,Matched AI Lean root values,,0.8552018395419231,-0.5869663333255047,-0.6089259668156922,129,25,pair_13d805d4,1486,0.3924394180123614,0.5572263178507867,0.5425735116591693,1485,shared binary core,10
2.3492831718178504,2.3492831718178504,Matched AI Lean root values,,0.8552018395419231,-0.5869663333255047,-0.6089259668156922,129,25,pair_13d805d4,1486,0.3924394180123614,0.5572263178507867,0.5425735116591693,1485,all normalized constructors,10
2.490697263356229,2.490697263356229,Matched human Lean root values,,1.5192467910545404,-1.0394723729713684,0.4709061156693267,127,14,pair_13dbafa5,935,0.128700387483082,0.2985851002756311,0.6377077805549622,934,shared binary core,10
2.490697263356229,2.490697263356229,Matched human Lean root values,,1.5192467910545404,-1.0394723729713684,0.4709061156693267,127,14,pair_13dbafa5,935,0.128700387483082,0.2985851002756311,0.6377077805549622,934,all normalized constructors,10
,,Matched AI Lean root values,insufficient tail variation,,,,48,3,pair_13dbafa5,320,,,,319,shared binary core,10
,,Matched AI Lean root values,insufficient tail variation,,,,48,3,pair_13dbafa5,320,,,,319,all normalized constructors,10
2.279953612539476,2.279953612539476,Matched human Lean root values,,1.2866508377303394,-0.7929706140884455,-0.8369449765776013,197,54,pair_1435e660,2849,0.19821601571857284,0.42779494387324823,0.40262349740600023,2848,shared binary core,10
2.279953612539476,2.279953612539476,Matched human Lean root values,,1.2866508377303394,-0.7929706140884455,-0.8369449765776013,197,54,pair_1435e660,2849,0.19821601571857284,0.42779494387324823,0.40262349740600023,2848,all normalized constructors,10
2.4029543906457413,2.4029543906457413,Matched AI Lean root values,,2.0534516249268835,-0.5653233926731261,-0.47124859672382685,225,96,pair_1435e660,4316,0.04002879682895037,0.5718538203788935,0.6374632187527798,4315,shared binary core,10
2.4029543906457413,2.4029543906457413,Matched AI Lean root values,,2.0534516249268835,-0.5653233926731261,-0.47124859672382685,225,96,pair_1435e660,4316,0.04002879682895037,0.5718538203788935,0.6374632187527798,4315,all normalized constructors,10
2.3223993955966504,2.3223993955966504,Matched human Lean root values,,1.848387205292293,-1.223173695546532,-1.254905914540429,228,144,pair_149000e5,6050,0.06454634831086127,0.22126409850829754,0.2095129166637496,6049,shared binary core,10
2.3223993955966504,2.3223993955966504,Matched human Lean root values,,1.848387205292293,-1.223173695546532,-1.254905914540429,228,144,pair_149000e5,6050,0.06454634831086127,0.22126409850829754,0.2095129166637496,6049,all normalized constructors,10
2.235685684124336,2.235685684124336,Matched AI Lean root values,,1.7924080595332974,-1.4459657047340218,-1.487276495688001,319,185,pair_149000e5,8309,0.07306762472364776,0.1481868212239569,0.13694179967838,8308,shared binary core,10
2.235685684124336,2.235685684124336,Matched AI Lean root values,,1.7924080595332974,-1.4459657047340218,-1.487276495688001,319,185,pair_149000e5,8309,0.07306762472364776,0.1481868212239569,0.13694179967838,8308,all normalized constructors,10
2.3361361644126193,2.3361361644126193,Matched human Lean root values,,1.0025032675076326,-0.9031402027924267,-0.9639211512701593,192,66,pair_149fe16f,3602,0.3161005892291747,0.36645148937129557,0.3350854586385187,3601,shared binary core,10
2.3361361644126193,2.3361361644126193,Matched human Lean root values,,1.0025032675076326,-0.9031402027924267,-0.9639211512701593,192,66,pair_149fe16f,3602,0.3161005892291747,0.36645148937129557,0.3350854586385187,3601,all normalized constructors,10
2.5676963371029213,2.567696337102921,Matched AI Lean root values,,1.648177216795798,-0.20887144572536337,-0.01936384476039461,177,56,pair_149fe16f,2888,0.09931631063222232,0.834548595509882,0.9845508526987389,2887,shared binary core,10
2.5676963371029213,2.567696337102921,Matched AI Lean root values,,1.648177216795798,-0.20887144572536337,-0.01936384476039461,177,56,pair_149fe16f,2888,0.09931631063222232,0.834548595509882,0.9845508526987389,2887,all normalized constructors,10
2.3894894692862163,2.3894894692862163,Matched human Lean root values,,1.4572601677478498,-0.39682515629397636,-0.37508916468811393,164,52,pair_152731e7,2699,0.1450445775810944,0.6914963985611791,0.7075941550763316,2698,shared binary core,10
2.3894894692862163,2.3894894692862163,Matched human Lean root values,,1.4572601677478498,-0.39682515629397636,-0.37508916468811393,164,52,pair_152731e7,2699,0.1450445775810944,0.6914963985611791,0.7075941550763316,2698,all normalized constructors,10
2.76865843503221,2.76865843503221,Matched AI Lean root values,,3.229067534853775,-1.002528621573288,1.3780445957593062,148,83,pair_152731e7,3236,0.0012419456238904204,0.3160883502161832,0.1681895197621307,3235,shared binary core,10
2.76865843503221,2.76865843503221,Matched AI Lean root values,,3.229067534853775,-1.002528621573288,1.3780445957593062,148,83,pair_152731e7,3236,0.0012419456238904204,0.3160883502161832,0.1681895197621307,3235,all normalized constructors,10
2.415949340476978,2.415949340476978,Matched human Lean root values,,1.5479942810381555,-0.43085125530253215,-0.4269147375619715,154,45,pair_1565703f,2674,0.12162367343035767,0.6665765283207337,0.6694414308215211,2673,shared binary core,10
2.415949340476978,2.415949340476978,Matched human Lean root values,,1.5479942810381555,-0.43085125530253215,-0.4269147375619715,154,45,pair_1565703f,2674,0.12162367343035767,0.6665765283207337,0.6694414308215211,2673,all normalized constructors,10
2.4772462528191808,2.4772462528191808,Matched AI Lean root values,,2.1274685652108163,-1.0151929482330342,0.5534033585976623,165,41,pair_1565703f,2440,0.03338117047616251,0.3100138613937765,0.5799872396261174,2439,shared binary core,10
2.4772462528191808,2.4772462528191808,Matched AI Lean root values,,2.1274685652108163,-1.0151929482330342,0.5534033585976623,165,41,pair_1565703f,2440,0.03338117047616251,0.3100138613937765,0.5799872396261174,2439,all normalized constructors,10
,,Matched human Lean root values,insufficient tail variation,,,,31,4,pair_171e8749,245,,,,244,shared binary core,10
,,Matched human Lean root values,insufficient tail variation,,,,31,4,pair_171e8749,245,,,,244,all normalized constructors,10
2.702186865175327,2.702186865175327,Matched AI Lean root values,,1.6875747718042662,-0.5710396100474618,-0.486870139760608,251,159,pair_171e8749,5048,0.09149288544626472,0.5679727930091046,0.6263503609423084,5047,shared binary core,10
2.702186865175327,2.702186865175327,Matched AI Lean root values,,1.6875747718042662,-0.5710396100474618,-0.486870139760608,251,159,pair_171e8749,5048,0.09149288544626472,0.5679727930091046,0.6263503609423084,5047,all normalized constructors,10
,,Matched human Lean root values,insufficient tail variation,,,,25,2,pair_17275427,222,,,,221,shared binary core,10
,,Matched human Lean root values,insufficient tail variation,,,,25,2,pair_17275427,222,,,,221,all normalized constructors,10
,,Matched AI Lean root values,insufficient tail variation,,,,42,3,pair_17275427,315,,,,314,shared binary core,10
,,Matched AI Lean root values,insufficient tail variation,,,,42,3,pair_17275427,315,,,,314,all normalized constructors,10
2.232865217296091,2.232865217296091,Matched human Lean root values,,0.9832534590563822,-0.8146132401019429,-0.8575507928124021,217,47,pair_17a4d7d8,2765,0.32548270984628347,0.4152937292995752,0.3911405563965169,2764,shared binary core,10
2.232865217296091,2.232865217296091,Matched human Lean root values,,0.9832534590563822,-0.8146132401019429,-0.8575507928124021,217,47,pair_17a4d7d8,2765,0.32548270984628347,0.4152937292995752,0.3911405563965169,2764,all normalized constructors,10
2.4185921805317596,2.41859218053176,Matched AI Lean root values,,1.6714274035986056,-0.8967022960424129,-0.9312281179564262,331,149,pair_17a4d7d8,6348,0.09463728689162465,0.36987779512108754,0.35173557594632665,6347,shared binary core,10
2.4185921805317596,2.41859218053176,Matched AI Lean root values,,1.6714274035986056,-0.8967022960424129,-0.9312281179564262,331,149,pair_17a4d7d8,6348,0.09463728689162465,0.36987779512108754,0.35173557594632665,6347,all normalized constructors,10
2.2058893949078113,2.2058893949078113,Matched human Lean root values,,1.7380116805386925,-1.122551287573228,-1.1785641901266097,159,85,pair_19517b6c,4916,0.08220875563967905,0.2616281137585468,0.23857175800798947,4915,shared binary core,10
2.2058893949078113,2.2058893949078113,Matched human Lean root values,,1.7380116805386925,-1.122551287573228,-1.1785641901266097,159,85,pair_19517b6c,4916,0.08220875563967905,0.2616281137585468,0.23857175800798947,4915,all normalized constructors,10
2.3326967400275347,2.3326967400275347,Matched AI Lean root values,,1.2778055402999382,-0.2655454648632586,-0.19354511880274855,138,33,pair_19517b6c,2064,0.20131800043198278,0.7905892906281355,0.8465320742968532,2063,shared binary core,10
2.3326967400275347,2.3326967400275347,Matched AI Lean root values,,1.2778055402999382,-0.2655454648632586,-0.19354511880274855,138,33,pair_19517b6c,2064,0.20131800043198278,0.7905892906281355,0.8465320742968532,2063,all normalized constructors,10
2.45546799351261,2.45546799351261,Matched human Lean root values,,1.5264607853382248,-0.5699692086038269,-0.5653315142687374,220,83,pair_19f291ba,4151,0.12689514943148938,0.5686985824980761,0.5718482972875958,4150,shared binary core,10
2.45546799351261,2.45546799351261,Matched human Lean root values,,1.5264607853382248,-0.5699692086038269,-0.5653315142687374,220,83,pair_19f291ba,4151,0.12689514943148938,0.5686985824980761,0.5718482972875958,4150,all normalized constructors,10
2.5464340009399686,2.5464340009399686,Matched AI Lean root values,,2.085337605855289,-0.3651219244024452,-0.12030371161943756,237,120,pair_19f291ba,5211,0.03703866614132644,0.715020395726959,0.9042425640215438,5210,shared binary core,10
2.5464340009399686,2.5464340009399686,Matched AI Lean root values,,2.085337605855289,-0.3651219244024452,-0.12030371161943756,237,120,pair_19f291ba,5211,0.03703866614132644,0.715020395726959,0.9042425640215438,5210,all normalized constructors,10
2.3531660166902375,2.3531660166902375,Matched human Lean root values,,1.7160948723603844,-1.0840910001843371,-1.123028518165417,229,120,pair_1d99af92,5352,0.08614467959243612,0.27832445281601803,0.2614253827817481,5351,shared binary core,10
2.3531660166902375,2.3531660166902375,Matched human Lean root values,,1.7160948723603844,-1.0840910001843371,-1.123028518165417,229,120,pair_1d99af92,5352,0.08614467959243612,0.27832445281601803,0.2614253827817481,5351,all normalized constructors,10
2.2665832483876898,2.2665832483876898,Matched AI Lean root values,,1.620169074441145,-1.7949974160288673,-1.7765877013558045,547,268,pair_1d99af92,11140,0.10519596263790362,0.0726541116307488,0.07563610062233843,11139,shared binary core,10
2.2665832483876898,2.2665832483876898,Matched AI Lean root values,,1.620169074441145,-1.7949974160288673,-1.7765877013558045,547,268,pair_1d99af92,11140,0.10519596263790362,0.0726541116307488,0.07563610062233843,11139,all normalized constructors,10
2.337891559917761,2.337891559917761,Matched human Lean root values,,2.2193936481433307,-1.0315684236028138,-1.0692621667266677,251,173,pair_1e273c45,7725,0.026459955416788555,0.3022743390499403,0.28495155323244536,7724,shared binary core,10
2.337891559917761,2.337891559917761,Matched human Lean root values,,2.2193936481433307,-1.0315684236028138,-1.0692621667266677,251,173,pair_1e273c45,7725,0.026459955416788555,0.3022743390499403,0.28495155323244536,7724,all normalized constructors,10
2.2483508670215793,2.2483508670215793,Matched AI Lean root values,,2.710752678460925,-1.5793295163580758,-1.6119739764422663,630,368,pair_1e273c45,16161,0.006713067801625747,0.11426049501490862,0.10696760275996849,16160,shared binary core,10
2.2483508670215793,2.2483508670215793,Matched AI Lean root values,,2.710752678460925,-1.5793295163580758,-1.6119739764422663,630,368,pair_1e273c45,16161,0.006713067801625747,0.11426049501490862,0.10696760275996849,16160,all normalized constructors,10
2.640524413586557,2.640524413586557,Matched human Lean root values,,1.0597204765631636,-0.495122856769729,-0.5202091982082336,104,39,pair_1e4638c2,1690,0.28927178435424716,0.6205134004739971,0.6029177750069261,1689,shared binary core,10
2.640524413586557,2.640524413586557,Matched human Lean root values,,1.0597204765631636,-0.495122856769729,-0.5202091982082336,104,39,pair_1e4638c2,1690,0.28927178435424716,0.6205134004739971,0.6029177750069261,1689,all normalized constructors,10
2.8681392050820786,2.8681392050820786,Matched AI Lean root values,,2.083525540616105,-0.07977710518847939,0.30177686755882943,175,120,pair_1e4638c2,4632,0.03720334612588789,0.9364145336876597,0.7628221662395359,4631,shared binary core,10
2.8681392050820786,2.8681392050820786,Matched AI Lean root values,,2.083525540616105,-0.07977710518847939,0.30177686755882943,175,120,pair_1e4638c2,4632,0.03720334612588789,0.9364145336876597,0.7628221662395359,4631,all normalized constructors,10
2.3973120762778404,2.3973120762778404,Matched human Lean root values,,0.5704995787785981,-0.7070892629455781,-0.7423732355537463,142,36,pair_1e6ca847,1977,0.5683389077256203,0.47951100796880153,0.4578612309548947,1976,shared binary core,10
2.394905361408278,2.394905361408278,Matched human Lean root values,,0.5610772343860718,-0.7109732104008771,-0.7463797324237653,142,36,pair_1e6ca847,1978,0.5747448869202822,0.47710083694469796,0.4554380589319318,1977,all normalized constructors,10
2.723436844670219,2.7234368446702195,Matched AI Lean root values,,-1.9302540755634694,-1.3441832285935287,-1.2653099523166216,27,14,pair_1e6ca847,504,0.053575364277446795,0.1788891436420167,0.20576024032675233,503,shared binary core,10
2.723436844670219,2.7234368446702195,Matched AI Lean root values,,-1.9302540755634694,-1.3441832285935287,-1.2653099523166216,27,14,pair_1e6ca847,504,0.053575364277446795,0.1788891436420167,0.20576024032675233,503,all normalized constructors,10
2.432775021152821,2.4327750211528207,Matched human Lean root values,,2.090892660812037,-0.26008105205489757,-0.005546419672516684,219,66,pair_1eac5349,3640,0.03653768715435023,0.7948012533960849,0.995574620065069,3639,shared binary core,10
2.432775021152821,2.4327750211528207,Matched human Lean root values,,2.090892660812037,-0.26008105205489757,-0.005546419672516684,219,66,pair_1eac5349,3640,0.03653768715435023,0.7948012533960849,0.995574620065069,3639,all normalized constructors,10
2.3220383047673105,2.322038304767311,Matched AI Lean root values,,1.7595113509575073,-1.0705204558072896,-1.1188005563737626,226,119,pair_1eac5349,5619,0.0784906939846278,0.28438510644007486,0.26322523429600586,5618,shared binary core,10
2.3220383047673105,2.322038304767311,Matched AI Lean root values,,1.7595113509575073,-1.0705204558072896,-1.1188005563737626,226,119,pair_1eac5349,5619,0.0784906939846278,0.28438510644007486,0.26322523429600586,5618,all normalized constructors,10
2.4463842320247586,2.4463842320247586,Matched human Lean root values,,2.4162615425946465,-0.4154249882129487,-0.23005164915293136,163,87,pair_2000cc20,3816,0.015680793403070332,0.6778308171340794,0.8180516356097469,3815,shared binary core,10
2.4463842320247586,2.4463842320247586,Matched human Lean root values,,2.4162615425946465,-0.4154249882129487,-0.23005164915293136,163,87,pair_2000cc20,3816,0.015680793403070332,0.6778308171340794,0.8180516356097469,3815,all normalized constructors,10
2.3019441673937955,2.301944167393796,Matched AI Lean root values,,1.414469594142895,-0.7039984861207782,-0.7396529149596625,142,70,pair_2000cc20,3394,0.1572240688462969,0.4814337163878264,0.45951062513729246,3393,shared binary core,10
2.3019441673937955,2.301944167393796,Matched AI Lean root values,,1.414469594142895,-0.7039984861207782,-0.7396529149596625,142,70,pair_2000cc20,3394,0.1572240688462969,0.4814337163878264,0.45951062513729246,3393,all normalized constructors,10
2.35926794975648,2.3592679497564797,Matched human Lean root values,,1.008125700425878,-1.01163453132693,-1.0863311113628653,138,63,pair_204207d6,2875,0.3133941210516572,0.3117128288949199,0.27733252737558267,2874,shared binary core,10
2.35926794975648,2.3592679497564797,Matched human Lean root values,,1.008125700425878,-1.01163453132693,-1.0863311113628653,138,63,pair_204207d6,2875,0.3133941210516572,0.3117128288949199,0.27733252737558267,2874,all normalized constructors,10
2.303117996817444,2.303117996817444,Matched AI Lean root values,,0.9587761658885153,-1.0399523331365363,-1.0994273392155878,156,59,pair_204207d6,2832,0.33767151860783784,0.29836204695010116,0.271581711279573,2831,shared binary core,10
2.303117996817444,2.303117996817444,Matched AI Lean root values,,0.9587761658885153,-1.0399523331365363,-1.0994273392155878,156,59,pair_204207d6,2832,0.33767151860783784,0.29836204695010116,0.271581711279573,2831,all normalized constructors,10
2.538678208598914,2.538678208598914,Matched human Lean root values,,1.724988146188232,-0.14776589069705207,0.22858732634778384,235,58,pair_20f6251a,2862,0.08452960877423601,0.8825275290532791,0.8191896758954642,2861,shared binary core,10
2.538678208598914,2.538678208598914,Matched human Lean root values,,1.724988146188232,-0.14776589069705207,0.22858732634778384,235,58,pair_20f6251a,2862,0.08452960877423601,0.8825275290532791,0.8191896758954642,2861,all normalized constructors,10
2.2726948799631064,2.2726948799631064,Matched AI Lean root values,,0.823096961588564,-0.8939922531041838,-0.9196312860548382,243,54,pair_20f6251a,3087,0.41045285652746955,0.37132603608946646,0.35776547171408946,3086,shared binary core,10
2.2726948799631064,2.2726948799631064,Matched AI Lean root values,,0.823096961588564,-0.8939922531041838,-0.9196312860548382,243,54,pair_20f6251a,3087,0.41045285652746955,0.37132603608946646,0.35776547171408946,3086,all normalized constructors,10
2.379532898874227,2.379532898874227,Matched human Lean root values,,2.8407249025396384,-0.3546407747977254,0.005984961779850322,257,122,pair_22599b6f,5689,0.004501112205694127,0.7228587252294945,0.9952247199071164,5688,shared binary core,10
2.379532898874227,2.379532898874227,Matched human Lean root values,,2.8407249025396384,-0.3546407747977254,0.005984961779850322,257,122,pair_22599b6f,5689,0.004501112205694127,0.7228587252294945,0.9952247199071164,5688,all normalized constructors,10
2.4940424042119416,2.4940424042119407,Matched AI Lean root values,,3.084240083880332,-0.2736286392140227,0.21680215246474555,241,165,pair_22599b6f,6581,0.002040728389118692,0.7843700227579093,0.82836253443191,6580,shared binary core,10
2.4940424042119416,2.4940424042119407,Matched AI Lean root values,,3.084240083880332,-0.2736286392140227,0.21680215246474555,241,165,pair_22599b6f,6581,0.002040728389118692,0.7843700227579093,0.82836253443191,6580,all normalized constructors,10
2.2764304116552108,2.2764304116552108,Matched human Lean root values,,2.419921483630613,-0.7988204154772424,-0.8379057366820615,216,96,pair_2347fae1,4485,0.015523858610411395,0.42439455091968525,0.4020836466257207,4484,shared binary core,10
2.2764304116552108,2.2764304116552108,Matched human Lean root values,,2.419921483630613,-0.7988204154772424,-0.8379057366820615,216,96,pair_2347fae1,4485,0.015523858610411395,0.42439455091968525,0.4020836466257207,4484,all normalized constructors,10
2.0706345502547405,2.0706345502547405,Matched AI Lean root values,,2.1752444828198776,-0.5776892038148973,-0.4544825431274225,714,75,pair_2347fae1,5088,0.029611800379369512,0.5634739694018462,0.6494815537390762,5087,shared binary core,10
2.0706345502547405,2.0706345502547405,Matched AI Lean root values,,2.1752444828198776,-0.5776892038148973,-0.4544825431274225,714,75,pair_2347fae1,5088,0.029611800379369512,0.5634739694018462,0.6494815537390762,5087,all normalized constructors,10
2.1097774219580385,2.1097774219580385,Matched human Lean root values,,-0.5146195094699862,-1.3477260346166533,-1.454955550986761,120,19,pair_2590c3a7,1358,0.6068189293353023,0.17774651525447815,0.14568156730514378,1357,shared binary core,10
2.1077863397301018,2.1077863397301018,Matched human Lean root values,,-0.5221438365289321,-1.3505365653575265,-1.4552008708432294,120,19,pair_2590c3a7,1359,0.6015701868459048,0.17684393292915856,0.14561365988928945,1358,all normalized constructors,10
2.174347658861337,2.174347658861337,Matched AI Lean root values,,-0.14342219972981587,-1.187448521226674,-1.3086898290037927,118,19,pair_2590c3a7,1285,0.8859567513671791,0.23505075069532655,0.19063943839827124,1284,shared binary core,10
2.172118374517953,2.172118374517953,Matched AI Lean root values,,-0.15033046307969955,-1.1909752614933518,-1.3095604559749703,118,19,pair_2590c3a7,1286,0.8805039000169316,0.2336632967023663,0.1903445732995801,1285,all normalized constructors,10
2.7590812642939246,2.7590812642939246,Matched human Lean root values,,2.190511206703731,-1.0122725612748422,0.8502653544522536,177,55,pair_26771bf6,2468,0.028487182947570897,0.31140775046819036,0.39517757382916074,2467,shared binary core,10
2.7590812642939246,2.7590812642939246,Matched human Lean root values,,2.190511206703731,-1.0122725612748422,0.8502653544522536,177,55,pair_26771bf6,2468,0.028487182947570897,0.31140775046819036,0.39517757382916074,2467,all normalized constructors,10
2.481754389575796,2.4817543895757965,Matched AI Lean root values,,1.8242918384240576,-0.2229633378837973,0.005706804940861953,181,51,pair_26771bf6,2625,0.06810796363813289,0.8235640403846685,0.9954466531614664,2624,shared binary core,10
2.481754389575796,2.4817543895757965,Matched AI Lean root values,,1.8242918384240576,-0.2229633378837973,0.005706804940861953,181,51,pair_26771bf6,2625,0.06810796363813289,0.8235640403846685,0.9954466531614664,2624,all normalized constructors,10
2.328403722690914,2.328403722690914,Matched human Lean root values,,3.2648834852437165,-0.8441368825234077,-0.35001333462439616,995,552,pair_271fa579,22998,0.0010950911309576567,0.39859291973976385,0.7263286902939461,22997,shared binary core,10
2.328403722690914,2.328403722690914,Matched human Lean root values,,3.2648834852437165,-0.8441368825234077,-0.35001333462439616,995,552,pair_271fa579,22998,0.0010950911309576567,0.39859291973976385,0.7263286902939461,22997,all normalized constructors,10
2.282282405020205,2.282282405020205,Matched AI Lean root values,,3.6140469188474467,-0.9819659577666944,-0.6316874040143662,832,520,pair_271fa579,22190,0.00030145447289080853,0.3261166194476516,0.5275911603671323,22189,shared binary core,10
2.282282405020205,2.282282405020205,Matched AI Lean root values,,3.6140469188474467,-0.9819659577666944,-0.6316874040143662,832,520,pair_271fa579,22190,0.00030145447289080853,0.3261166194476516,0.5275911603671323,22189,all normalized constructors,10
2.3380840986669345,2.3380840986669345,Matched human Lean root values,,1.5232875228959457,-1.2054295263068828,-1.2071407285141398,392,187,pair_2748f3f1,7724,0.12768678734683608,0.22803752873958671,0.22737795205237454,7723,shared binary core,10
2.3380840986669345,2.3380840986669345,Matched human Lean root values,,1.5232875228959457,-1.2054295263068828,-1.2071407285141398,392,187,pair_2748f3f1,7724,0.12768678734683608,0.22803752873958671,0.22737795205237454,7723,all normalized constructors,10
2.2660794767213854,2.266079476721385,Matched AI Lean root values,,1.7319229808236012,-1.4767615044987585,-1.4509386143061254,649,290,pair_2748f3f1,12585,0.08328727644808559,0.1397395789124443,0.14679695424309294,12584,shared binary core,10
2.2660794767213854,2.266079476721385,Matched AI Lean root values,,1.7319229808236012,-1.4767615044987585,-1.4509386143061254,649,290,pair_2748f3f1,12585,0.08328727644808559,0.1397395789124443,0.14679695424309294,12584,all normalized constructors,10
2.3366641505771506,2.3366641505771506,Matched human Lean root values,,1.0087116033641501,-0.7164350598092962,-0.7455448998894889,203,51,pair_29059eae,2810,0.3131129653258037,0.47372275291662247,0.4559423783800378,2809,shared binary core,10
2.3366641505771506,2.3366641505771506,Matched human Lean root values,,1.0087116033641501,-0.7164350598092962,-0.7455448998894889,203,51,pair_29059eae,2810,0.3131129653258037,0.47372275291662247,0.4559423783800378,2809,all normalized constructors,10
2.740945045536048,2.740945045536047,Matched AI Lean root values,,3.1278038510510524,-0.9998797445229761,1.5832228725074702,249,127,pair_29059eae,5101,0.0017611767302990787,0.3173687079719505,0.11337067499143193,5100,shared binary core,10
2.740945045536048,2.740945045536047,Matched AI Lean root values,,3.1278038510510524,-0.9998797445229761,1.5832228725074702,249,127,pair_29059eae,5101,0.0017611767302990787,0.3173687079719505,0.11337067499143193,5100,all normalized constructors,10
2.682271219254487,2.682271219254487,Matched human Lean root values,,2.442084260797145,-0.15915294638304486,0.2539671328512756,136,96,pair_2a4dc8cc,3663,0.014602737891793805,0.8735483745959953,0.7995209499546848,3662,shared binary core,10
2.682271219254487,2.682271219254487,Matched human Lean root values,,2.442084260797145,-0.15915294638304486,0.2539671328512756,136,96,pair_2a4dc8cc,3663,0.014602737891793805,0.8735483745959953,0.7995209499546848,3662,all normalized constructors,10
2.604460705192584,2.604460705192584,Matched AI Lean root values,,1.9415558276165883,-0.45921130905638885,-0.3758098057216247,134,80,pair_2a4dc8cc,3294,0.05219089476516164,0.6460824301901908,0.70705829739226,3293,shared binary core,10
2.604460705192584,2.604460705192584,Matched AI Lean root values,,1.9415558276165883,-0.45921130905638885,-0.3758098057216247,134,80,pair_2a4dc8cc,3294,0.05219089476516164,0.6460824301901908,0.70705829739226,3293,all normalized constructors,10
2.332139391767582,2.332139391767582,Matched human Lean root values,,3.054943358181383,-0.9629418995612244,-0.8723236953380886,421,281,pair_2a66f969,12613,0.00225103030474203,0.33557668115233297,0.3830318144613013,12612,shared binary core,10
2.332139391767582,2.332139391767582,Matched human Lean root values,,3.054943358181383,-0.9629418995612244,-0.8723236953380886,421,281,pair_2a66f969,12613,0.00225103030474203,0.33557668115233297,0.3830318144613013,12612,all normalized constructors,10
2.360922747371842,2.360922747371842,Matched AI Lean root values,,2.377179364992554,-1.0343375217787472,-1.0411530362621528,477,271,pair_2a66f969,11532,0.017445602670137995,0.3009784014536,0.2978045281027316,11531,shared binary core,10
2.360922747371842,2.360922747371842,Matched AI Lean root values,,2.377179364992554,-1.0343375217787472,-1.0411530362621528,477,271,pair_2a66f969,11532,0.017445602670137995,0.3009784014536,0.2978045281027316,11531,all normalized constructors,10
2.340613993191099,2.340613993191099,Matched human Lean root values,,-0.2141100084151315,-0.9941996692225986,-1.1019695875346451,84,20,pair_2b09aabd,975,0.8304612711873464,0.32012566912217566,0.27047489353052245,974,shared binary core,10
2.340613993191099,2.340613993191099,Matched human Lean root values,,-0.2141100084151315,-0.9941996692225986,-1.1019695875346451,84,20,pair_2b09aabd,975,0.8304612711873464,0.32012566912217566,0.27047489353052245,974,all normalized constructors,10
2.229622839411382,2.229622839411382,Matched AI Lean root values,,0.8795289504237475,-0.7867092384395917,-0.8450978873372769,129,30,pair_2b09aabd,1951,0.379114543158787,0.4314520947362097,0.3980561877987946,1950,shared binary core,10
2.229622839411382,2.229622839411382,Matched AI Lean root values,,0.8795289504237475,-0.7867092384395917,-0.8450978873372769,129,30,pair_2b09aabd,1951,0.379114543158787,0.4314520947362097,0.3980561877987946,1950,all normalized constructors,10
2.221568344227874,2.221568344227874,Matched human Lean root values,,0.8101643216368064,-0.7458332058697618,-0.777572468913947,192,31,pair_2d283418,2138,0.417845740173437,0.4557681782324441,0.43682109660103774,2137,shared binary core,10
2.221568344227874,2.221568344227874,Matched human Lean root values,,0.8101643216368064,-0.7458332058697618,-0.777572468913947,192,31,pair_2d283418,2138,0.417845740173437,0.4557681782324441,0.43682109660103774,2137,all normalized constructors,10
2.311298257449814,2.311298257449814,Matched AI Lean root values,,1.2397080925892598,-0.4573381590595642,-0.47145703035381886,172,32,pair_2d283418,2011,0.2150833828162012,0.6474280061844613,0.6373143980003819,2010,shared binary core,10
2.311298257449814,2.311298257449814,Matched AI Lean root values,,1.2397080925892598,-0.4573381590595642,-0.47145703035381886,172,32,pair_2d283418,2011,0.2150833828162012,0.6474280061844613,0.6373143980003819,2010,all normalized constructors,10
2.3463551750651854,2.346355175065186,Matched human Lean root values,,2.451508187796926,-0.8420740835395115,-0.7522582627573527,624,268,pair_2fba10ea,11483,0.014225894995985066,0.39974648682962644,0.4518957621569125,11482,shared binary core,10
2.3463551750651854,2.346355175065186,Matched human Lean root values,,2.451508187796926,-0.8420740835395115,-0.7522582627573527,624,268,pair_2fba10ea,11483,0.014225894995985066,0.39974648682962644,0.4518957621569125,11482,all normalized constructors,10
2.520035166400114,2.520035166400114,Matched AI Lean root values,,2.7848319662649184,-0.2744996826925833,0.18282427195035658,283,175,pair_2fba10ea,6974,0.005355546874096329,0.7837006474310255,0.8549359033201702,6973,shared binary core,10
2.520035166400114,2.520035166400114,Matched AI Lean root values,,2.7848319662649184,-0.2744996826925833,0.18282427195035658,283,175,pair_2fba10ea,6974,0.005355546874096329,0.7837006474310255,0.8549359033201702,6973,all normalized constructors,10
2.2933057239603087,2.2933057239603096,Matched human Lean root values,,2.1596190969136466,-0.6795146239453972,-0.6580098634032362,379,118,pair_2fde2018,6434,0.030802168822678652,0.49681184485211627,0.5105317932090229,6433,shared binary core,10
2.2933057239603087,2.2933057239603096,Matched human Lean root values,,2.1596190969136466,-0.6795146239453972,-0.6580098634032362,379,118,pair_2fde2018,6434,0.030802168822678652,0.49681184485211627,0.5105317932090229,6433,all normalized constructors,10
2.2852104861763944,2.2852104861763944,Matched AI Lean root values,,1.8386627972097287,-1.2617741509605391,-1.3179382643196562,378,160,pair_2fde2018,6953,0.06596479856470817,0.20703006605041052,0.18752431514219237,6952,shared binary core,10
2.2852104861763944,2.2852104861763944,Matched AI Lean root values,,1.8386627972097287,-1.2617741509605391,-1.3179382643196562,378,160,pair_2fde2018,6953,0.06596479856470817,0.20703006605041052,0.18752431514219237,6952,all normalized constructors,10
2.368992043336376,2.368992043336376,Matched human Lean root values,,1.954972818271197,-0.9237750507310161,-0.9446880669315546,274,169,pair_301c1ff9,6977,0.0505862786555713,0.3556034475603401,0.34481815100913327,6976,shared binary core,10
2.368992043336376,2.368992043336376,Matched human Lean root values,,1.954972818271197,-0.9237750507310161,-0.9446880669315546,274,169,pair_301c1ff9,6977,0.0505862786555713,0.3556034475603401,0.34481815100913327,6976,all normalized constructors,10
2.3809129756038088,2.3809129756038088,Matched AI Lean root values,,2.636608064452491,-0.5720541361433201,-0.3643038122838411,309,199,pair_301c1ff9,8193,0.008373952289301137,0.5672852993638599,0.7156311534019297,8192,shared binary core,10
2.3809129756038088,2.3809129756038088,Matched AI Lean root values,,2.636608064452491,-0.5720541361433201,-0.3643038122838411,309,199,pair_301c1ff9,8193,0.008373952289301137,0.5672852993638599,0.7156311534019297,8192,all normalized constructors,10
2.2369177182392157,2.2369177182392157,Matched human Lean root values,,2.9333267685003492,-1.4543951444896004,-1.4379553589775644,959,480,pair_326a8dc3,21629,0.003353507369692655,0.14583678535265332,0.15044672078622662,21628,shared binary core,10
2.2369177182392157,2.2369177182392157,Matched human Lean root values,,2.9333267685003492,-1.4543951444896004,-1.4379553589775644,959,480,pair_326a8dc3,21629,0.003353507369692655,0.14583678535265332,0.15044672078622662,21628,all normalized constructors,10
2.284702326231866,2.284702326231866,Matched AI Lean root values,,5.072954717040502,-0.8055903036576038,1.2098487527986341,981,663,pair_326a8dc3,30762,3.9168573262025603e-07,0.4204791183368979,0.2263369348215809,30761,shared binary core,10
2.284702326231866,2.284702326231866,Matched AI Lean root values,,5.072954717040502,-0.8055903036576038,1.2098487527986341,981,663,pair_326a8dc3,30762,3.9168573262025603e-07,0.4204791183368979,0.2263369348215809,30761,all normalized constructors,10
2.5090251609986156,2.5090251609986156,Matched human Lean root values,,2.030687120834545,-0.29045960016252115,-0.07000686985262058,175,66,pair_32d5762e,3073,0.042286743656337854,0.7714646535277313,0.9441881917038,3072,shared binary core,10
2.5090251609986156,2.5090251609986156,Matched human Lean root values,,2.030687120834545,-0.29045960016252115,-0.07000686985262058,175,66,pair_32d5762e,3073,0.042286743656337854,0.7714646535277313,0.9441881917038,3072,all normalized constructors,10
2.4703464953873597,2.47034649538736,Matched AI Lean root values,,1.8189011414590233,-0.35443931749325197,-0.21980162248395105,170,56,pair_32d5762e,2678,0.06892651367783091,0.7230096734389405,0.8260256559748217,2677,shared binary core,10
2.4703464953873597,2.47034649538736,Matched AI Lean root values,,1.8189011414590233,-0.35443931749325197,-0.21980162248395105,170,56,pair_32d5762e,2678,0.06892651367783091,0.7230096734389405,0.8260256559748217,2677,all normalized constructors,10
2.2367885833983365,2.2367885833983365,Matched human Lean root values,,0.5783971683670658,-1.1079292513188843,-1.1443250485336212,202,54,pair_32e87abf,2925,0.562996005268021,0.26789237155342893,0.2524888589679469,2924,shared binary core,10
2.2367885833983365,2.2367885833983365,Matched human Lean root values,,0.5783971683670658,-1.1079292513188843,-1.1443250485336212,202,54,pair_32e87abf,2925,0.562996005268021,0.26789237155342893,0.2524888589679469,2924,all normalized constructors,10
2.411499017565289,2.4114990175652884,Matched AI Lean root values,,2.0475985996773565,-0.30969782702659465,-0.08803480899067942,237,76,pair_32e87abf,3853,0.040599346680014796,0.756790755371714,0.929849009961025,3852,shared binary core,10
2.411499017565289,2.4114990175652884,Matched AI Lean root values,,2.0475985996773565,-0.30969782702659465,-0.08803480899067942,237,76,pair_32e87abf,3853,0.040599346680014796,0.756790755371714,0.929849009961025,3852,all normalized constructors,10
2.456922153196468,2.456922153196468,Matched human Lean root values,,2.07661975699166,-0.4919913983571473,-0.3914777105878305,194,92,pair_33135e91,3948,0.03783666794217973,0.6227254243152857,0.695444161103906,3947,shared binary core,10
2.456922153196468,2.456922153196468,Matched human Lean root values,,2.07661975699166,-0.4919913983571473,-0.3914777105878305,194,92,pair_33135e91,3948,0.03783666794217973,0.6227254243152857,0.695444161103906,3947,all normalized constructors,10
2.5352439606278465,2.535243960627846,Matched AI Lean root values,,2.5477915229008654,-0.11054796191669007,0.4496114973486185,203,95,pair_33135e91,3949,0.01084072342043099,0.9119748148179946,0.6529905964189908,3948,shared binary core,10
2.5352439606278465,2.535243960627846,Matched AI Lean root values,,2.5477915229008654,-0.11054796191669007,0.4496114973486185,203,95,pair_33135e91,3949,0.01084072342043099,0.9119748148179946,0.6529905964189908,3948,all normalized constructors,10
2.4936662986474425,2.4936662986474425,Matched human Lean root values,,2.2970650148531955,-0.7720337777934243,-0.6811241390129833,335,217,pair_33b83cd5,8705,0.021615061168368747,0.4400944219992097,0.4957929441609581,8704,shared binary core,10
2.4936662986474425,2.4936662986474425,Matched human Lean root values,,2.2970650148531955,-0.7720337777934243,-0.6811241390129833,335,217,pair_33b83cd5,8705,0.021615061168368747,0.4400944219992097,0.4957929441609581,8704,all normalized constructors,10
2.3600780049237198,2.3600780049237198,Matched AI Lean root values,,1.8908320529928364,-1.1323961327618939,-1.1634895098409057,368,198,pair_33b83cd5,8846,0.058646766964411956,0.25746792999979784,0.24463095181104855,8845,shared binary core,10
2.3600780049237198,2.3600780049237198,Matched AI Lean root values,,1.8908320529928364,-1.1323961327618939,-1.1634895098409057,368,198,pair_33b83cd5,8846,0.058646766964411956,0.25746792999979784,0.24463095181104855,8845,all normalized constructors,10
2.79767078618183,2.79767078618183,Matched human Lean root values,,2.476535549967207,-0.09785653771538748,0.7538724137341587,141,94,pair_34b2dbc3,3405,0.013266441254388292,0.9220462121613908,0.45092583663696284,3404,shared binary core,10
2.79767078618183,2.79767078618183,Matched human Lean root values,,2.476535549967207,-0.09785653771538748,0.7538724137341587,141,94,pair_34b2dbc3,3405,0.013266441254388292,0.9220462121613908,0.45092583663696284,3404,all normalized constructors,10
,,Matched AI Lean root values,insufficient tail variation,,,,29,4,pair_34b2dbc3,223,,,,222,shared binary core,10
,,Matched AI Lean root values,insufficient tail variation,,,,29,4,pair_34b2dbc3,223,,,,222,all normalized constructors,10
2.6595718825381596,2.6595718825381596,Matched human Lean root values,,3.267979690411692,-1.0018552128417368,1.4502816377769712,273,163,pair_34e33ffa,6593,0.00108318138143865,0.3164135262899259,0.14697999742503526,6592,shared binary core,10
2.6595718825381596,2.6595718825381596,Matched human Lean root values,,3.267979690411692,-1.0018552128417368,1.4502816377769712,273,163,pair_34e33ffa,6593,0.00108318138143865,0.3164135262899259,0.14697999742503526,6592,all normalized constructors,10
2.3749353161483677,2.3749353161483677,Matched AI Lean root values,,2.778364255735695,-0.9918604290175164,-0.9850443438592983,457,292,pair_34e33ffa,12029,0.005463333526216727,0.32126561465486336,0.3246022897347315,12028,shared binary core,10
2.3749353161483677,2.3749353161483677,Matched AI Lean root values,,2.778364255735695,-0.9918604290175164,-0.9850443438592983,457,292,pair_34e33ffa,12029,0.005463333526216727,0.32126561465486336,0.3246022897347315,12028,all normalized constructors,10
2.413100872653172,2.413100872653172,Matched human Lean root values,,0.8798625165157858,-0.4633447740099624,-0.4825761862739618,95,23,pair_358e95d5,1191,0.37893379270397,0.6431172571307623,0.6293966911465385,1190,shared binary core,10
2.413100872653172,2.413100872653172,Matched human Lean root values,,0.8798625165157858,-0.4633447740099624,-0.4825761862739618,95,23,pair_358e95d5,1191,0.37893379270397,0.6431172571307623,0.6293966911465385,1190,all normalized constructors,10
,,Matched AI Lean root values,insufficient tail variation,,,,43,6,pair_358e95d5,377,,,,376,shared binary core,10
,,Matched AI Lean root values,insufficient tail variation,,,,43,6,pair_358e95d5,377,,,,376,all normalized constructors,10
2.358254972858215,2.358254972858215,Matched human Lean root values,,2.0577901002772276,-1.0058192728475945,-1.0158647362434063,559,238,pair_3757881d,9850,0.039610286790958044,0.31450251456375067,0.30969380344694963,9849,shared binary core,10
2.358254972858215,2.358254972858215,Matched human Lean root values,,2.0577901002772276,-1.0058192728475945,-1.0158647362434063,559,238,pair_3757881d,9850,0.039610286790958044,0.31450251456375067,0.30969380344694963,9849,all normalized constructors,10
2.3879542336817305,2.3879542336817305,Matched AI Lean root values,,1.7713654658752005,-1.121741499896732,-1.144447850597412,455,209,pair_3757881d,8434,0.07649994744941432,0.26197236594036377,0.25243795340057174,8433,shared binary core,10
2.3879542336817305,2.3879542336817305,Matched AI Lean root values,,1.7713654658752005,-1.121741499896732,-1.144447850597412,455,209,pair_3757881d,8434,0.07649994744941432,0.26197236594036377,0.25243795340057174,8433,all normalized constructors,10
2.3771811821068423,2.377181182106842,Matched human Lean root values,,0.29985952760202955,-0.7662024697326365,-0.8449577629183548,161,28,pair_37c40664,1541,0.7642843068014828,0.4435558390825596,0.3981344217231706,1540,shared binary core,10
2.3771811821068423,2.377181182106842,Matched human Lean root values,,0.29985952760202955,-0.7662024697326365,-0.8449577629183548,161,28,pair_37c40664,1541,0.7642843068014828,0.4435558390825596,0.3981344217231706,1540,all normalized constructors,10
2.52878091575694,2.52878091575694,Matched AI Lean root values,,1.0493836161502323,-0.2429144652871817,-0.19621612951617173,178,31,pair_37c40664,1785,0.29400159573720974,0.8080716594678369,0.8444410039183902,1784,shared binary core,10
2.52878091575694,2.52878091575694,Matched AI Lean root values,,1.0493836161502323,-0.2429144652871817,-0.19621612951617173,178,31,pair_37c40664,1785,0.29400159573720974,0.8080716594678369,0.8444410039183902,1784,all normalized constructors,10
2.2771195775113258,2.2771195775113258,Matched human Lean root values,,1.1419147028198928,-0.637498989606098,-0.698750275211061,132,27,pair_37d880cd,1551,0.25348947654198284,0.5237998678857465,0.48470810868173786,1550,shared binary core,10
2.2771195775113258,2.2771195775113258,Matched human Lean root values,,1.1419147028198928,-0.637498989606098,-0.698750275211061,132,27,pair_37d880cd,1551,0.25348947654198284,0.5237998678857465,0.48470810868173786,1550,all normalized constructors,10
,,Matched AI Lean root values,insufficient tail variation,,,,138,9,pair_37d880cd,803,,,,802,shared binary core,10
,,Matched AI Lean root values,insufficient tail variation,,,,138,9,pair_37d880cd,803,,,,802,all normalized constructors,10
2.21338194747172,2.213381947471719,Matched human Lean root values,,-0.2614717368434941,-0.983512570071119,-1.0511127888489058,117,31,pair_3b1172ec,1800,0.7937287423321436,0.3253552317993589,0.2932067910714501,1799,shared binary core,10
2.21338194747172,2.213381947471719,Matched human Lean root values,,-0.2614717368434941,-0.983512570071119,-1.0511127888489058,117,31,pair_3b1172ec,1800,0.7937287423321436,0.3253552317993589,0.2932067910714501,1799,all normalized constructors,10
2.460409602068162,2.460409602068162,Matched AI Lean root values,,1.7189495993940849,-1.0333533833491044,0.7519498625287826,81,12,pair_3b1172ec,822,0.0856235496075917,0.3014385535172135,0.4520812105739205,821,shared binary core,10
2.460409602068162,2.460409602068162,Matched AI Lean root values,,1.7189495993940849,-1.0333533833491044,0.7519498625287826,81,12,pair_3b1172ec,822,0.0856235496075917,0.3014385535172135,0.4520812105739205,821,all normalized constructors,10
2.1939791320069206,2.193979132006921,Matched human Lean root values,,0.7885859622461705,-0.7932818000766874,-0.8196524387042873,194,42,pair_3b470502,2763,0.43035403821194285,0.4276136580677069,0.4124142706167758,2762,shared binary core,10
2.1939791320069206,2.193979132006921,Matched human Lean root values,,0.7885859622461705,-0.7932818000766874,-0.8196524387042873,194,42,pair_3b470502,2763,0.43035403821194285,0.4276136580677069,0.4124142706167758,2762,all normalized constructors,10
2.2507821636920813,2.2507821636920813,Matched AI Lean root values,,1.0686894706552343,-0.5904826266422001,-0.6098384753398962,187,44,pair_3b470502,2717,0.28520961763045904,0.5548671299409496,0.5419688115142899,2716,shared binary core,10
2.2507821636920813,2.2507821636920813,Matched AI Lean root values,,1.0686894706552343,-0.5904826266422001,-0.6098384753398962,187,44,pair_3b470502,2717,0.28520961763045904,0.5548671299409496,0.5419688115142899,2716,all normalized constructors,10
2.332804917019977,2.3328049170199776,Matched human Lean root values,,0.43317188501459886,-0.6757359501568075,-0.7298905254892915,103,19,pair_3cca9874,1365,0.664889902389439,0.4992083066753329,0.4654571040979524,1364,shared binary core,10
2.332804917019977,2.3328049170199776,Matched human Lean root values,,0.43317188501459886,-0.6757359501568075,-0.7298905254892915,103,19,pair_3cca9874,1365,0.664889902389439,0.4992083066753329,0.4654571040979524,1364,all normalized constructors,10
2.5115201697214147,2.5115201697214156,Matched AI Lean root values,,1.4880070478006686,-0.23423397720226105,-0.08595200890487881,152,41,pair_3cca9874,2125,0.1367490349886572,0.8148033386193556,0.9315045673199069,2124,shared binary core,10
2.5115201697214147,2.5115201697214156,Matched AI Lean root values,,1.4880070478006686,-0.23423397720226105,-0.08595200890487881,152,41,pair_3cca9874,2125,0.1367490349886572,0.8148033386193556,0.9315045673199069,2124,all normalized constructors,10
2.266577812668804,2.266577812668804,Matched human Lean root values,,2.6922685621519262,-0.7030885986213461,-0.6318038109748181,177,113,pair_3da844f5,5538,0.007096777223738248,0.48200053697946754,0.527515083082859,5537,shared binary core,10
2.266577812668804,2.266577812668804,Matched human Lean root values,,2.6922685621519262,-0.7030885986213461,-0.6318038109748181,177,113,pair_3da844f5,5538,0.007096777223738248,0.48200053697946754,0.527515083082859,5537,all normalized constructors,10
2.3870179140757193,2.3870179140757193,Matched AI Lean root values,,5.144691507364579,-0.4286495889879151,1.3748344083536916,205,160,pair_3da844f5,7055,2.6796077730030805e-07,0.6681782518566548,0.16918278801982733,7054,shared binary core,10
2.3870179140757193,2.3870179140757193,Matched AI Lean root values,,5.144691507364579,-0.4286495889879151,1.3748344083536916,205,160,pair_3da844f5,7055,2.6796077730030805e-07,0.6681782518566548,0.16918278801982733,7054,all normalized constructors,10
1.6211716389114612,1.6211716389114614,Matched human Lean root values,,6.702002647820766,-0.5275977423836573,-0.15359407263794425,1811,135,pair_3db79af4,30063,2.055823110824893e-11,0.597778560283437,0.8779298108301048,30062,shared binary core,10
1.6211716389114612,1.6211716389114614,Matched human Lean root values,,6.702002647820766,-0.5275977423836573,-0.15359407263794425,1811,135,pair_3db79af4,30063,2.055823110824893e-11,0.597778560283437,0.8779298108301048,30062,all normalized constructors,10
1.6340241009811693,1.6340241009811693,Matched AI Lean root values,,6.952828606757335,-0.37170723066286204,0.14648893693497936,1810,138,pair_3db79af4,30108,3.5803358127478687e-12,0.7101108408654726,0.8835354227566533,30107,shared binary core,10
1.6340241009811693,1.6340241009811693,Matched AI Lean root values,,6.952828606757335,-0.37170723066286204,0.14648893693497936,1810,138,pair_3db79af4,30108,3.5803358127478687e-12,0.7101108408654726,0.8835354227566533,30107,all normalized constructors,10
2.8116346050898566,2.8116346050898566,Matched human Lean root values,,1.7566827061393633,-1.0038754184330956,0.8554602695274088,162,41,pair_3e5837da,2040,0.07897190687736778,0.3154386663680616,0.3922963903795179,2039,shared binary core,10
2.8116346050898566,2.8116346050898566,Matched human Lean root values,,1.7566827061393633,-1.0038754184330956,0.8554602695274088,162,41,pair_3e5837da,2040,0.07897190687736778,0.3154386663680616,0.3922963903795179,2039,all normalized constructors,10
2.672497620356138,2.672497620356138,Matched AI Lean root values,,2.8017566053703877,-0.11382684910304086,0.7496583604782135,247,166,pair_3e5837da,6141,0.005082520301952619,0.9093750544089094,0.4534604920096318,6140,shared binary core,10
2.672497620356138,2.672497620356138,Matched AI Lean root values,,2.8017566053703877,-0.11382684910304086,0.7496583604782135,247,166,pair_3e5837da,6141,0.005082520301952619,0.9093750544089094,0.4534604920096318,6140,all normalized constructors,10
2.7039891225621457,2.7039891225621453,Matched human Lean root values,,2.0181015531183353,-0.06616131058960587,0.7029621696677112,213,71,pair_3e7604ad,3456,0.04358068597216052,0.9472493989307113,0.482079325461627,3455,shared binary core,10
2.7039891225621457,2.7039891225621453,Matched human Lean root values,,2.0181015531183353,-0.06616131058960587,0.7029621696677112,213,71,pair_3e7604ad,3456,0.04358068597216052,0.9472493989307113,0.482079325461627,3455,all normalized constructors,10
2.6817570313030408,2.6817570313030408,Matched AI Lean root values,,2.0268227143237114,-0.008054093195045485,0.6846733454420466,217,69,pair_3e7604ad,3329,0.04268054663213878,0.9935738328643627,0.4935500724500652,3328,shared binary core,10
2.6817570313030408,2.6817570313030408,Matched AI Lean root values,,2.0268227143237114,-0.008054093195045485,0.6846733454420466,217,69,pair_3e7604ad,3329,0.04268054663213878,0.9935738328643627,0.4935500724500652,3328,all normalized constructors,10
2.198682693398069,2.1986826933980685,Matched human Lean root values,,1.2480641973768072,-0.790086931662048,-0.8343413861251845,251,47,pair_40400f26,3235,0.2120075482974012,0.4294770013228384,0.40408863657595195,3234,shared binary core,10
2.198682693398069,2.1986826933980685,Matched human Lean root values,,1.2480641973768072,-0.790086931662048,-0.8343413861251845,251,47,pair_40400f26,3235,0.2120075482974012,0.4294770013228384,0.40408863657595195,3234,all normalized constructors,10
,,Matched AI Lean root values,insufficient tail variation,,,,53,3,pair_40400f26,357,,,,356,shared binary core,10
,,Matched AI Lean root values,insufficient tail variation,,,,53,3,pair_40400f26,357,,,,356,all normalized constructors,10
,,Matched human Lean root values,insufficient tail variation,,,,29,2,pair_412ad836,208,,,,207,shared binary core,10
,,Matched human Lean root values,insufficient tail variation,,,,29,2,pair_412ad836,208,,,,207,all normalized constructors,10
,,Matched AI Lean root values,insufficient tail variation,,,,29,2,pair_412ad836,208,,,,207,shared binary core,10
,,Matched AI Lean root values,insufficient tail variation,,,,29,2,pair_412ad836,208,,,,207,all normalized constructors,10
2.3082205577404347,2.3082205577404347,Matched human Lean root values,,2.4853757274134565,-1.4052348307630247,-1.4637056691650916,454,294,pair_43cbe160,12066,0.012941476339814717,0.1599514599638009,0.14327438584916558,12065,shared binary core,10
2.3082205577404347,2.3082205577404347,Matched human Lean root values,,2.4853757274134565,-1.4052348307630247,-1.4637056691650916,454,294,pair_43cbe160,12066,0.012941476339814717,0.1599514599638009,0.14327438584916558,12065,all normalized constructors,10
2.527636489644011,2.527636489644011,Matched AI Lean root values,,2.423126550821334,-0.5956485832673069,-0.40340691351133595,300,215,pair_43cbe160,7963,0.015387565228853602,0.5514100135829936,0.6866489016320354,7962,shared binary core,10
2.527636489644011,2.527636489644011,Matched AI Lean root values,,2.423126550821334,-0.5956485832673069,-0.40340691351133595,300,215,pair_43cbe160,7963,0.015387565228853602,0.5514100135829936,0.6866489016320354,7962,all normalized constructors,10
2.4706600129735046,2.4706600129735046,Matched human Lean root values,,1.9040650777162076,-0.17768563508895668,0.07750650418182005,203,56,pair_44418174,3092,0.0569017091807688,0.8589698672621713,0.9382206172518446,3091,shared binary core,10
2.4706600129735046,2.4706600129735046,Matched human Lean root values,,1.9040650777162076,-0.17768563508895668,0.07750650418182005,203,56,pair_44418174,3092,0.0569017091807688,0.8589698672621713,0.9382206172518446,3091,all normalized constructors,10
2.5577742195147914,2.557774219514792,Matched AI Lean root values,,2.1475639971146037,0.0049659803479056835,0.5525568166017465,202,58,pair_44418174,3019,0.03174840809653534,0.9960377372366968,0.5805669188855318,3018,shared binary core,10
2.5577742195147914,2.557774219514792,Matched AI Lean root values,,2.1475639971146037,0.0049659803479056835,0.5525568166017465,202,58,pair_44418174,3019,0.03174840809653534,0.9960377372366968,0.5805669188855318,3018,all normalized constructors,10
2.8045724997586,2.8045724997585997,Matched human Lean root values,,1.02230746361691,-0.1542699417663217,-0.03445356539446223,123,25,pair_4453d7a8,1084,0.30663540183598725,0.8773968965651,0.9725154697915649,1083,shared binary core,10
2.8045724997586,2.8045724997585997,Matched human Lean root values,,1.02230746361691,-0.1542699417663217,-0.03445356539446223,123,25,pair_4453d7a8,1084,0.30663540183598725,0.8773968965651,0.9725154697915649,1083,all normalized constructors,10
,,Matched AI Lean root values,insufficient tail variation,,,,70,6,pair_4453d7a8,438,,,,437,shared binary core,10
,,Matched AI Lean root values,insufficient tail variation,,,,70,6,pair_4453d7a8,438,,,,437,all normalized constructors,10
2.3721281907927105,2.3721281907927105,Matched human Lean root values,,2.5526667273672214,-0.8756080982374673,-0.8245067368168816,392,246,pair_452bb14f,10676,0.01069017313862799,0.38124312140603867,0.40965168951083164,10675,shared binary core,10
2.3721281907927105,2.3721281907927105,Matched human Lean root values,,2.5526667273672214,-0.8756080982374673,-0.8245067368168816,392,246,pair_452bb14f,10676,0.01069017313862799,0.38124312140603867,0.40965168951083164,10675,all normalized constructors,10
2.605862612431133,2.605862612431133,Matched AI Lean root values,,2.386135199843286,-1.010471867378081,0.9702729915021172,245,94,pair_452bb14f,4480,0.017026490290186908,0.3122692712170829,0.3319104360810432,4479,shared binary core,10
2.605862612431133,2.605862612431133,Matched AI Lean root values,,2.386135199843286,-1.010471867378081,0.9702729915021172,245,94,pair_452bb14f,4480,0.017026490290186908,0.3122692712170829,0.3319104360810432,4479,all normalized constructors,10
2.3662977155840723,2.3662977155840723,Matched human Lean root values,,2.1031670945955065,-0.546393340625483,-0.4456996750130956,240,95,pair_45b25f4e,4602,0.035451165591851234,0.584795586724005,0.6558141993695323,4601,shared binary core,10
2.3662977155840723,2.3662977155840723,Matched human Lean root values,,2.1031670945955065,-0.546393340625483,-0.4456996750130956,240,95,pair_45b25f4e,4602,0.035451165591851234,0.584795586724005,0.6558141993695323,4601,all normalized constructors,10
2.3431747547558013,2.3431747547558013,Matched AI Lean root values,,2.378244162275024,-0.3688577110552044,-0.16330451141610122,198,81,pair_45b25f4e,4146,0.017395303329589103,0.712233785752984,0.8702786819909476,4145,shared binary core,10
2.3431747547558013,2.3431747547558013,Matched AI Lean root values,,2.378244162275024,-0.3688577110552044,-0.16330451141610122,198,81,pair_45b25f4e,4146,0.017395303329589103,0.712233785752984,0.8702786819909476,4145,all normalized constructors,10
2.247323940501455,2.247323940501455,Matched human Lean root values,,-2.6527759331079572,-1.4727147709385902,-1.6762130953667487,44,16,pair_47d24c12,814,0.007983284644335745,0.14082796199992348,0.09369646004145639,813,shared binary core,10
2.247323940501455,2.247323940501455,Matched human Lean root values,,-2.6527759331079572,-1.4727147709385902,-1.6762130953667487,44,16,pair_47d24c12,814,0.007983284644335745,0.14082796199992348,0.09369646004145639,813,all normalized constructors,10
2.779635100574141,2.7796351005741404,Matched AI Lean root values,,1.9080880783944565,-0.2578889905450771,-0.037639916150233516,101,46,pair_47d24c12,2347,0.05637983328979725,0.7964925818197792,0.9699747819722626,2346,shared binary core,10
2.779635100574141,2.7796351005741404,Matched AI Lean root values,,1.9080880783944565,-0.2578889905450771,-0.037639916150233516,101,46,pair_47d24c12,2347,0.05637983328979725,0.7964925818197792,0.9699747819722626,2346,all normalized constructors,10
2.45875536230867,2.45875536230867,Matched human Lean root values,,2.4803850339453897,-0.5671937499100322,-0.3454335327714587,203,113,pair_4860e4db,5157,0.013124057842883764,0.570582553924271,0.7297684713386086,5156,shared binary core,10
2.45875536230867,2.45875536230867,Matched human Lean root values,,2.4803850339453897,-0.5671937499100322,-0.3454335327714587,203,113,pair_4860e4db,5157,0.013124057842883764,0.570582553924271,0.7297684713386086,5156,all normalized constructors,10
2.4238463461150705,2.4238463461150705,Matched AI Lean root values,,3.5862920946727312,-0.4252288676185557,-0.0195393995931386,203,171,pair_4860e4db,7219,0.0003354132459706068,0.6706698420833379,0.9844108067050977,7218,shared binary core,10
2.4238463461150705,2.4238463461150705,Matched AI Lean root values,,3.5862920946727312,-0.4252288676185557,-0.0195393995931386,203,171,pair_4860e4db,7219,0.0003354132459706068,0.6706698420833379,0.9844108067050977,7218,all normalized constructors,10
2.4460940298220866,2.4460940298220866,Matched human Lean root values,,2.916741683310206,-0.49340948659206246,-0.12349163533811194,341,223,pair_48881c66,10332,0.0035370857503453207,0.6217232806489346,0.9017177976260935,10331,shared binary core,10
2.4460940298220866,2.4460940298220866,Matched human Lean root values,,2.916741683310206,-0.49340948659206246,-0.12349163533811194,341,223,pair_48881c66,10332,0.0035370857503453207,0.6217232806489346,0.9017177976260935,10331,all normalized constructors,10
2.4621133837440214,2.4621133837440214,Matched AI Lean root values,,3.2522465696752207,-0.18099631722995688,0.4538564553413579,463,258,pair_48881c66,11292,0.0011449664983482623,0.8563704666997335,0.6499321466349611,11291,shared binary core,10
2.4621133837440214,2.4621133837440214,Matched AI Lean root values,,3.2522465696752207,-0.18099631722995688,0.4538564553413579,463,258,pair_48881c66,11292,0.0011449664983482623,0.8563704666997335,0.6499321466349611,11291,all normalized constructors,10
2.2756754494136295,2.2756754494136295,Matched human Lean root values,,0.5911969727108598,-0.6374291838690636,-0.6654989341588694,142,29,pair_49366beb,1540,0.5543884508895565,0.5238453238762026,0.5057314250401288,1539,shared binary core,10
2.2756754494136295,2.2756754494136295,Matched human Lean root values,,0.5911969727108598,-0.6374291838690636,-0.6654989341588694,142,29,pair_49366beb,1540,0.5543884508895565,0.5238453238762026,0.5057314250401288,1539,all normalized constructors,10
2.2702587974769926,2.270258797476993,Matched AI Lean root values,,0.4940596710292148,-0.7560733558763425,-0.7858114577948735,150,29,pair_49366beb,1551,0.6212640384263186,0.44960521568081935,0.4319779530097907,1550,shared binary core,10
2.2702587974769926,2.270258797476993,Matched AI Lean root values,,0.4940596710292148,-0.7560733558763425,-0.7858114577948735,150,29,pair_49366beb,1551,0.6212640384263186,0.44960521568081935,0.4319779530097907,1550,all normalized constructors,10
,,Matched human Lean root values,insufficient tail variation,,,,13,1,pair_496aea54,78,,,,77,shared binary core,10
,,Matched human Lean root values,insufficient tail variation,,,,13,1,pair_496aea54,78,,,,77,all normalized constructors,10
,,Matched AI Lean root values,insufficient tail variation,,,,13,1,pair_496aea54,78,,,,77,shared binary core,10
,,Matched AI Lean root values,insufficient tail variation,,,,13,1,pair_496aea54,78,,,,77,all normalized constructors,10
,,Matched human Lean root values,insufficient tail variation,,,,9,0,pair_496f71fb,41,,,,40,shared binary core,10
,,Matched human Lean root values,insufficient tail variation,,,,9,0,pair_496f71fb,41,,,,40,all normalized constructors,10
,,Matched AI Lean root values,insufficient tail variation,,,,9,0,pair_496f71fb,41,,,,40,shared binary core,10
,,Matched AI Lean root values,insufficient tail variation,,,,9,0,pair_496f71fb,41,,,,40,all normalized constructors,10
2.4446996357782025,2.4446996357782025,Matched human Lean root values,,2.5376284944670013,-0.5780130066704728,-0.4001191245184093,284,170,pair_496fbd44,6814,0.011160638896894509,0.5632553379257838,0.6890687788637069,6813,shared binary core,10
2.4446996357782025,2.4446996357782025,Matched human Lean root values,,2.5376284944670013,-0.5780130066704728,-0.4001191245184093,284,170,pair_496fbd44,6814,0.011160638896894509,0.5632553379257838,0.6890687788637069,6813,all normalized constructors,10
2.239113614658497,2.239113614658497,Matched AI Lean root values,,2.111701010315005,-1.455341276937476,-1.4838300715859074,407,227,pair_496fbd44,10103,0.03471210232040749,0.14557480474057835,0.1378540071415341,10102,shared binary core,10
2.239113614658497,2.239113614658497,Matched AI Lean root values,,2.111701010315005,-1.455341276937476,-1.4838300715859074,407,227,pair_496fbd44,10103,0.03471210232040749,0.14557480474057835,0.1378540071415341,10102,all normalized constructors,10
2.9724282372714104,2.9724282372714104,Matched human Lean root values,,1.9455694276972881,-0.9866651412805901,1.3483487132929743,177,37,pair_49737f41,1905,0.051706482388886574,0.32380682429665586,0.17754625117416412,1904,shared binary core,10
2.9724282372714104,2.9724282372714104,Matched human Lean root values,,1.9455694276972881,-0.9866651412805901,1.3483487132929743,177,37,pair_49737f41,1905,0.051706482388886574,0.32380682429665586,0.17754625117416412,1904,all normalized constructors,10
2.7531563384314603,2.7531563384314603,Matched AI Lean root values,,1.8336278812538112,-0.037600510870198466,0.35220038813695953,188,85,pair_49737f41,3425,0.06670925059047698,0.9700062005958642,0.7246879858830737,3424,shared binary core,10
2.7531563384314603,2.7531563384314603,Matched AI Lean root values,,1.8336278812538112,-0.037600510870198466,0.35220038813695953,188,85,pair_49737f41,3425,0.06670925059047698,0.9700062005958642,0.7246879858830737,3424,all normalized constructors,10
2.224097914458409,2.2240979144584094,Matched human Lean root values,,1.540556604466402,-0.37354648243059696,-0.367675054192126,170,26,pair_49f9b472,1940,0.12342473639948066,0.7087417567604203,0.7131155434497372,1939,shared binary core,10
2.224097914458409,2.2240979144584094,Matched human Lean root values,,1.540556604466402,-0.37354648243059696,-0.367675054192126,170,26,pair_49f9b472,1940,0.12342473639948066,0.7087417567604203,0.7131155434497372,1939,all normalized constructors,10
2.354306739652179,2.3543067396521793,Matched AI Lean root values,,2.09376491262478,-0.2753484989335123,-0.09137556718533225,163,38,pair_49f9b472,2466,0.03628092722084833,0.7830485071375293,0.9271941750793542,2465,shared binary core,10
2.354306739652179,2.3543067396521793,Matched AI Lean root values,,2.09376491262478,-0.2753484989335123,-0.09137556718533225,163,38,pair_49f9b472,2466,0.03628092722084833,0.7830485071375293,0.9271941750793542,2465,all normalized constructors,10
2.619617043374918,2.619617043374918,Matched human Lean root values,,1.1023634256321129,-0.20751244111524653,-0.11278429141647218,156,36,pair_4a23a011,1911,0.2703037054138495,0.8356096775271867,0.9102015725063509,1910,shared binary core,10
2.619617043374918,2.619617043374918,Matched human Lean root values,,1.1023634256321129,-0.20751244111524653,-0.11278429141647218,156,36,pair_4a23a011,1911,0.2703037054138495,0.8356096775271867,0.9102015725063509,1910,all normalized constructors,10
2.828530452753932,2.828530452753932,Matched AI Lean root values,,0.962726859801087,-0.15335460301404547,-0.03954530395324881,113,28,pair_4a23a011,1297,0.3356846137101891,0.8781186428877834,0.9684556344141172,1296,shared binary core,10
2.828530452753932,2.828530452753932,Matched AI Lean root values,,0.962726859801087,-0.15335460301404547,-0.03954530395324881,113,28,pair_4a23a011,1297,0.3356846137101891,0.8781186428877834,0.9684556344141172,1296,all normalized constructors,10
2.223194454737934,2.223194454737934,Matched human Lean root values,,2.2274874204011788,-1.1259790534989034,-1.1578188205877515,515,203,pair_4c39d86a,9858,0.025914715618399396,0.2601743855933568,0.2469379812471545,9857,shared binary core,10
2.223194454737934,2.223194454737934,Matched human Lean root values,,2.2274874204011788,-1.1259790534989034,-1.1578188205877515,515,203,pair_4c39d86a,9858,0.025914715618399396,0.2601743855933568,0.2469379812471545,9857,all normalized constructors,10
2.295592947323155,2.295592947323155,Matched AI Lean root values,,2.099745183313974,-1.093530218220626,-1.1347286265412335,457,192,pair_4c39d86a,8534,0.03575126263223265,0.27416106881128965,0.25648903915132126,8533,shared binary core,10
2.295592947323155,2.295592947323155,Matched AI Lean root values,,2.099745183313974,-1.093530218220626,-1.1347286265412335,457,192,pair_4c39d86a,8534,0.03575126263223265,0.27416106881128965,0.25648903915132126,8533,all normalized constructors,10
2.1442921849687835,2.1442921849687835,Matched human Lean root values,,-0.23927047585044972,-0.9399677297612073,-1.040109281129342,141,20,pair_4c7ab903,1452,0.8108958574301329,0.3472341137081343,0.2982891321890552,1451,shared binary core,10
2.1442921849687835,2.1442921849687835,Matched human Lean root values,,-0.23927047585044972,-0.9399677297612073,-1.040109281129342,141,20,pair_4c7ab903,1452,0.8108958574301329,0.3472341137081343,0.2982891321890552,1451,all normalized constructors,10
2.4915409201889065,2.4915409201889065,Matched AI Lean root values,,2.092729570287727,-0.27273208545363176,0.5095713129496694,150,44,pair_4c7ab903,2398,0.03637330201980748,0.7850591687369097,0.6103518258033689,2397,shared binary core,10
2.4915409201889065,2.4915409201889065,Matched AI Lean root values,,2.092729570287727,-0.27273208545363176,0.5095713129496694,150,44,pair_4c7ab903,2398,0.03637330201980748,0.7850591687369097,0.6103518258033689,2397,all normalized constructors,10
2.258449928911781,2.2584499289117805,Matched human Lean root values,,0.6289166897049591,-0.80620284658691,-0.8781296566344803,141,30,pair_4cffc8e6,1886,0.5294035990550414,0.4201258976540042,0.3798733605130792,1885,shared binary core,10
2.258449928911781,2.2584499289117805,Matched human Lean root values,,0.6289166897049591,-0.80620284658691,-0.8781296566344803,141,30,pair_4cffc8e6,1886,0.5294035990550414,0.4201258976540042,0.3798733605130792,1885,all normalized constructors,10
2.3170434855052617,2.3170434855052617,Matched AI Lean root values,,2.4476966407628273,-1.37939020389701,-1.4172377726566918,353,266,pair_4cffc8e6,11009,0.014377264835674246,0.16777447797050782,0.15641342164030825,11008,shared binary core,10
2.3170434855052617,2.3170434855052617,Matched AI Lean root values,,2.4476966407628273,-1.37939020389701,-1.4172377726566918,353,266,pair_4cffc8e6,11009,0.014377264835674246,0.16777447797050782,0.15641342164030825,11008,all normalized constructors,10
2.245865192840146,2.2458651928401454,Matched human Lean root values,,1.6405249910491642,-1.7488643349071222,-1.7970708005633484,344,213,pair_4d25cb85,9582,0.10089605664212901,0.080314472824179,0.07232438056207538,9581,shared binary core,10
2.245865192840146,2.2458651928401454,Matched human Lean root values,,1.6405249910491642,-1.7488643349071222,-1.7970708005633484,344,213,pair_4d25cb85,9582,0.10089605664212901,0.080314472824179,0.07232438056207538,9581,all normalized constructors,10
2.1771756254560866,2.1771756254560866,Matched AI Lean root values,,1.8961410257813993,-2.2140413244976394,-2.2270443659661403,636,324,pair_4d25cb85,14597,0.05794139893573831,0.02682593633055849,0.02594430881945762,14596,shared binary core,10
2.1771756254560866,2.1771756254560866,Matched AI Lean root values,,1.8961410257813993,-2.2140413244976394,-2.2270443659661403,636,324,pair_4d25cb85,14597,0.05794139893573831,0.02682593633055849,0.02594430881945762,14596,all normalized constructors,10
,,Matched human Lean root values,insufficient tail variation,,,,55,4,pair_4d494975,362,,,,361,shared binary core,10
,,Matched human Lean root values,insufficient tail variation,,,,55,4,pair_4d494975,362,,,,361,all normalized constructors,10
2.4024727311513483,2.4024727311513483,Matched AI Lean root values,,0.7431091868464065,-0.6448053156799228,-0.6737941614184728,124,32,pair_4d494975,1699,0.4574155780887582,0.5190533567313923,0.5004421873216873,1698,shared binary core,10
2.4024727311513483,2.4024727311513483,Matched AI Lean root values,,0.7431091868464065,-0.6448053156799228,-0.6737941614184728,124,32,pair_4d494975,1699,0.4574155780887582,0.5190533567313923,0.5004421873216873,1698,all normalized constructors,10
2.5019011946113334,2.5019011946113334,Matched human Lean root values,,1.3386769921381836,-0.5184484905802421,-0.5391275673821744,140,46,pair_4d68f3d1,2377,0.18067584952855054,0.6041453898297366,0.5897988350459722,2376,shared binary core,10
2.5019011946113334,2.5019011946113334,Matched human Lean root values,,1.3386769921381836,-0.5184484905802421,-0.5391275673821744,140,46,pair_4d68f3d1,2377,0.18067584952855054,0.6041453898297366,0.5897988350459722,2376,all normalized constructors,10
2.588859122273014,2.5888591222730146,Matched AI Lean root values,,1.4729225130547636,-0.5210759503587102,-0.5416479725799114,96,47,pair_4d68f3d1,2382,0.14077193079548048,0.6023138636995244,0.5880610372618083,2381,shared binary core,10
2.588859122273014,2.5888591222730146,Matched AI Lean root values,,1.4729225130547636,-0.5210759503587102,-0.5416479725799114,96,47,pair_4d68f3d1,2382,0.14077193079548048,0.6023138636995244,0.5880610372618083,2381,all normalized constructors,10
1.9646220810481205,1.9646220810481205,Matched human Lean root values,,0.4213871128715417,-1.3226353057519626,-1.3742422652811543,179,50,pair_4eec1381,3330,0.6734724280286783,0.18595668727971304,0.1693664834513945,3329,shared binary core,10
1.9646220810481205,1.9646220810481205,Matched human Lean root values,,0.4213871128715417,-1.3226353057519626,-1.3742422652811543,179,50,pair_4eec1381,3330,0.6734724280286783,0.18595668727971304,0.1693664834513945,3329,all normalized constructors,10
2.5193387041899875,2.5193387041899875,Matched AI Lean root values,,2.5861420395341783,-0.10762918009452169,0.5228732396511774,195,85,pair_4eec1381,4016,0.009705692502507503,0.9142898490708833,0.6010624681205532,4015,shared binary core,10
2.5193387041899875,2.5193387041899875,Matched AI Lean root values,,2.5861420395341783,-0.10762918009452169,0.5228732396511774,195,85,pair_4eec1381,4016,0.009705692502507503,0.9142898490708833,0.6010624681205532,4015,all normalized constructors,10
2.7687720948843513,2.7687720948843513,Matched human Lean root values,,1.4932760162996783,-1.0189421434593184,0.6357019304991687,192,32,pair_4fd720f4,1831,0.13536495093877238,0.3082304345943885,0.5249707179009155,1830,shared binary core,10
2.7687720948843513,2.7687720948843513,Matched human Lean root values,,1.4932760162996783,-1.0189421434593184,0.6357019304991687,192,32,pair_4fd720f4,1831,0.13536495093877238,0.3082304345943885,0.5249707179009155,1830,all normalized constructors,10
2.488310135154218,2.4883101351542187,Matched AI Lean root values,,2.5698022241154113,-0.3086289843055757,0.013888006133708157,270,145,pair_4fd720f4,5957,0.010175658981149343,0.7576037702188975,0.9889193305272439,5956,shared binary core,10
2.488310135154218,2.4883101351542187,Matched AI Lean root values,,2.5698022241154113,-0.3086289843055757,0.013888006133708157,270,145,pair_4fd720f4,5957,0.010175658981149343,0.7576037702188975,0.9889193305272439,5956,all normalized constructors,10
2.444392248209436,2.444392248209436,Matched human Lean root values,,2.1949804004966285,-0.3208177761244308,-0.05951404188426945,292,102,pair_512e1ab2,5239,0.028165003703643384,0.7483484874994091,0.9525426814954192,5238,shared binary core,10
2.444392248209436,2.444392248209436,Matched human Lean root values,,2.1949804004966285,-0.3208177761244308,-0.05951404188426945,292,102,pair_512e1ab2,5239,0.028165003703643384,0.7483484874994091,0.9525426814954192,5238,all normalized constructors,10
2.4705022149637874,2.4705022149637874,Matched AI Lean root values,,2.5139715742223867,-0.3835438701900292,-0.03409712479431893,304,163,pair_512e1ab2,7402,0.01193800556591859,0.7013165488241232,0.9727997012352658,7401,shared binary core,10
2.4705022149637874,2.4705022149637874,Matched AI Lean root values,,2.5139715742223867,-0.3835438701900292,-0.03409712479431893,304,163,pair_512e1ab2,7402,0.01193800556591859,0.7013165488241232,0.9727997012352658,7401,all normalized constructors,10
2.4056862468281732,2.4056862468281732,Matched human Lean root values,,2.5846697575909316,-0.884047212937139,-0.8511959585653621,342,244,pair_517e0184,10263,0.009747230813135714,0.3766707268757157,0.39466050744356573,10262,shared binary core,10
2.4056862468281732,2.4056862468281732,Matched human Lean root values,,2.5846697575909316,-0.884047212937139,-0.8511959585653621,342,244,pair_517e0184,10263,0.009747230813135714,0.3766707268757157,0.39466050744356573,10262,all normalized constructors,10
2.2724642783000935,2.2724642783000935,Matched AI Lean root values,,1.8930606576592175,-1.9125137073250364,-1.8868934500066312,644,393,pair_517e0184,16285,0.058349803346134016,0.05581033616325319,0.05917465828349997,16284,shared binary core,10
2.2724642783000935,2.2724642783000935,Matched AI Lean root values,,1.8930606576592175,-1.9125137073250364,-1.8868934500066312,644,393,pair_517e0184,16285,0.058349803346134016,0.05581033616325319,0.05917465828349997,16284,all normalized constructors,10
2.3672799281343337,2.3672799281343333,Matched human Lean root values,,1.3267035591005896,-0.9632455707508089,-1.0123255761369663,204,82,pair_535c413d,3895,0.18460676317801317,0.33542430085099917,0.3113824099091357,3894,shared binary core,10
2.3672799281343337,2.3672799281343333,Matched human Lean root values,,1.3267035591005896,-0.9632455707508089,-1.0123255761369663,204,82,pair_535c413d,3895,0.18460676317801317,0.33542430085099917,0.3113824099091357,3894,all normalized constructors,10
2.448801999651614,2.448801999651614,Matched AI Lean root values,,1.7873341307185187,-0.6479669804178748,-0.6621462273220758,189,87,pair_535c413d,3776,0.0738835007812689,0.5170063070364128,0.5078775120887594,3775,shared binary core,10
2.448801999651614,2.448801999651614,Matched AI Lean root values,,1.7873341307185187,-0.6479669804178748,-0.6621462273220758,189,87,pair_535c413d,3776,0.0738835007812689,0.5170063070364128,0.5078775120887594,3775,all normalized constructors,10
2.3561994394731416,2.3561994394731416,Matched human Lean root values,,0.3974232140084437,-0.9427173777413849,-1.0093777957990953,136,33,pair_54aff7bc,1902,0.6910553997907203,0.3458254822922314,0.3127934831083078,1901,shared binary core,10
2.3561994394731416,2.3561994394731416,Matched human Lean root values,,0.3974232140084437,-0.9427173777413849,-1.0093777957990953,136,33,pair_54aff7bc,1902,0.6910553997907203,0.3458254822922314,0.3127934831083078,1901,all normalized constructors,10
2.4326996910642267,2.4326996910642262,Matched AI Lean root values,,1.2026763184399032,-0.5021086702987586,-0.5223446910726225,141,39,pair_54aff7bc,2118,0.22910160152763237,0.6155910816084447,0.6014303578674431,2117,shared binary core,10
2.4326996910642267,2.4326996910642262,Matched AI Lean root values,,1.2026763184399032,-0.5021086702987586,-0.5223446910726225,141,39,pair_54aff7bc,2118,0.22910160152763237,0.6155910816084447,0.6014303578674431,2117,all normalized constructors,10
2.593812245553527,2.5938122455535275,Matched human Lean root values,,1.5465692689930843,-0.009419991026511788,0.362106618545463,177,35,pair_564fee0e,1917,0.12196714483632286,0.9924840457534511,0.7172723579145202,1916,shared binary core,10
2.593812245553527,2.5938122455535275,Matched human Lean root values,,1.5465692689930843,-0.009419991026511788,0.362106618545463,177,35,pair_564fee0e,1917,0.12196714483632286,0.9924840457534511,0.7172723579145202,1916,all normalized constructors,10
2.4844666046966766,2.4844666046966766,Matched AI Lean root values,,0.9070686987762527,-0.3930410969908047,-0.4266904023837621,135,19,pair_564fee0e,1257,0.3643704693902885,0.6942891279122408,0.6696048420166192,1256,shared binary core,10
2.4844666046966766,2.4844666046966766,Matched AI Lean root values,,0.9070686987762527,-0.3930410969908047,-0.4266904023837621,135,19,pair_564fee0e,1257,0.3643704693902885,0.6942891279122408,0.6696048420166192,1256,all normalized constructors,10
2.5185663694687985,2.518566369468798,Matched human Lean root values,,2.4371863135122123,-0.5855637016848025,-0.36328375587026285,320,193,pair_567a7178,7100,0.01480205058313922,0.5581687470088478,0.7163929265940545,7099,shared binary core,10
2.5185663694687985,2.518566369468798,Matched human Lean root values,,2.4371863135122123,-0.5855637016848025,-0.36328375587026285,320,193,pair_567a7178,7100,0.01480205058313922,0.5581687470088478,0.7163929265940545,7099,all normalized constructors,10
2.3788800794411133,2.3788800794411133,Matched AI Lean root values,,2.5509119423737214,-0.8930374244859655,-0.8394087774234488,383,235,pair_567a7178,9363,0.010744146821162993,0.3718371314166852,0.4012399600092673,9362,shared binary core,10
2.3788800794411133,2.3788800794411133,Matched AI Lean root values,,2.5509119423737214,-0.8930374244859655,-0.8394087774234488,383,235,pair_567a7178,9363,0.010744146821162993,0.3718371314166852,0.4012399600092673,9362,all normalized constructors,10
2.3146795723802613,2.3146795723802613,Matched human Lean root values,,1.4485622836963192,-0.5098299369962124,-0.5436658755820778,161,36,pair_5688be7b,2215,0.1474598604687466,0.6101706103395443,0.5866714189501802,2214,shared binary core,10
2.3146795723802613,2.3146795723802613,Matched human Lean root values,,1.4485622836963192,-0.5098299369962124,-0.5436658755820778,161,36,pair_5688be7b,2215,0.1474598604687466,0.6101706103395443,0.5866714189501802,2214,all normalized constructors,10
2.200135971359927,2.200135971359927,Matched AI Lean root values,,0.5943434049885956,-1.1454223121633091,-1.2456002425348167,162,42,pair_5688be7b,2590,0.5522824531674089,0.2520342600454756,0.21291119321472296,2589,shared binary core,10
2.200135971359927,2.200135971359927,Matched AI Lean root values,,0.5943434049885956,-1.1454223121633091,-1.2456002425348167,162,42,pair_5688be7b,2590,0.5522824531674089,0.2520342600454756,0.21291119321472296,2589,all normalized constructors,10
2.346609786236515,2.346609786236515,Matched human Lean root values,,7.280543501267866,-1.0064387327375728,2.3695721517411803,353,365,pair_57c4dba0,16556,3.3247795122506877e-13,0.3142045695906003,0.0178086799708881,16555,shared binary core,10
2.346609786236515,2.346609786236515,Matched human Lean root values,,7.280543501267866,-1.0064387327375728,2.3695721517411803,353,365,pair_57c4dba0,16556,3.3247795122506877e-13,0.3142045695906003,0.0178086799708881,16555,all normalized constructors,10
2.2344678866630696,2.2344678866630696,Matched AI Lean root values,,6.156977620977529,-0.27462155394448357,0.8333889442633606,381,306,pair_57c4dba0,15294,7.414632155492805e-10,0.7836070051449829,0.4046254078906646,15293,shared binary core,10
2.2344678866630696,2.2344678866630696,Matched AI Lean root values,,6.156977620977529,-0.27462155394448357,0.8333889442633606,381,306,pair_57c4dba0,15294,7.414632155492805e-10,0.7836070051449829,0.4046254078906646,15293,all normalized constructors,10
2.1766445993631454,2.1766445993631454,Matched human Lean root values,,1.0566598799747777,-0.7280648157345698,-0.7784202870850476,216,35,pair_587b1256,2432,0.2906668414285205,0.46657391049193064,0.43632128279288707,2431,shared binary core,10
2.1766445993631454,2.1766445993631454,Matched human Lean root values,,1.0566598799747777,-0.7280648157345698,-0.7784202870850476,216,35,pair_587b1256,2432,0.2906668414285205,0.46657391049193064,0.43632128279288707,2431,all normalized constructors,10
2.279249107151074,2.279249107151074,Matched AI Lean root values,,1.5437960162998867,-0.7081632702666844,-0.7408726865344276,205,54,pair_587b1256,3250,0.12263775672359631,0.478843872418918,0.4587706378559716,3249,shared binary core,10
2.279249107151074,2.279249107151074,Matched AI Lean root values,,1.5437960162998867,-0.7081632702666844,-0.7408726865344276,205,54,pair_587b1256,3250,0.12263775672359631,0.478843872418918,0.4587706378559716,3249,all normalized constructors,10
2.5064809089233897,2.5064809089233893,Matched human Lean root values,,1.8382060649597611,-0.2601117950600339,-0.07485352308117253,141,44,pair_58e22ef3,2187,0.06603204643989524,0.7947775398591047,0.940331255966228,2186,shared binary core,10
2.5064809089233897,2.5064809089233893,Matched human Lean root values,,1.8382060649597611,-0.2601117950600339,-0.07485352308117253,141,44,pair_58e22ef3,2187,0.06603204643989524,0.7947775398591047,0.940331255966228,2186,all normalized constructors,10
2.793329995258775,2.793329995258775,Matched AI Lean root values,,2.396751681937578,0.10461470438054336,0.662002939807342,192,105,pair_58e22ef3,3511,0.016541129296860073,0.9166815463252862,0.5079693376289065,3510,shared binary core,10
2.793329995258775,2.793329995258775,Matched AI Lean root values,,2.396751681937578,0.10461470438054336,0.662002939807342,192,105,pair_58e22ef3,3511,0.016541129296860073,0.9166815463252862,0.5079693376289065,3510,all normalized constructors,10
2.334040511971631,2.334040511971631,Matched human Lean root values,,2.8175375354126735,-0.2148537778260473,0.2455635223225573,214,96,pair_59111b24,4773,0.004839345779900403,0.8298813231902412,0.8060201296441023,4772,shared binary core,10
2.334040511971631,2.334040511971631,Matched human Lean root values,,2.8175375354126735,-0.2148537778260473,0.2455635223225573,214,96,pair_59111b24,4773,0.004839345779900403,0.8298813231902412,0.8060201296441023,4772,all normalized constructors,10
2.5046917969027307,2.5046917969027307,Matched AI Lean root values,,2.736221779999704,-0.5098558952499942,-0.0844799788727347,392,243,pair_59111b24,8685,0.006214912423156336,0.6101524229518209,0.9326748204750102,8684,shared binary core,10
2.5046917969027307,2.5046917969027307,Matched AI Lean root values,,2.736221779999704,-0.5098558952499942,-0.0844799788727347,392,243,pair_59111b24,8685,0.006214912423156336,0.6101524229518209,0.9326748204750102,8684,all normalized constructors,10
2.965304815505888,2.965304815505888,Matched human Lean root values,,1.9955309776117878,-0.9914975312800638,1.4166675681443197,192,49,pair_5a6fca10,2354,0.045984999027739636,0.32144269722593066,0.15658014340046034,2353,shared binary core,10
2.965304815505888,2.965304815505888,Matched human Lean root values,,1.9955309776117878,-0.9914975312800638,1.4166675681443197,192,49,pair_5a6fca10,2354,0.045984999027739636,0.32144269722593066,0.15658014340046034,2353,all normalized constructors,10
2.7445887238363067,2.7445887238363067,Matched AI Lean root values,,2.1199414275973822,0.06727673340582283,0.46952710104795564,227,105,pair_5a6fca10,4300,0.03401098514234306,0.9463613989678402,0.6386929180663192,4299,shared binary core,10
2.7445887238363067,2.7445887238363067,Matched AI Lean root values,,2.1199414275973822,0.06727673340582283,0.46952710104795564,227,105,pair_5a6fca10,4300,0.03401098514234306,0.9463613989678402,0.6386929180663192,4299,all normalized constructors,10
2.244562059729706,2.244562059729706,Matched human Lean root values,,1.4956739487606134,-0.3985863323156276,-0.38414866143818777,241,45,pair_5cf7a965,2919,0.13473864224123247,0.6901980340695433,0.7008682665946375,2918,shared binary core,10
2.244562059729706,2.244562059729706,Matched human Lean root values,,1.4956739487606134,-0.3985863323156276,-0.38414866143818777,241,45,pair_5cf7a965,2919,0.13473864224123247,0.6901980340695433,0.7008682665946375,2918,all normalized constructors,10
2.362488661774944,2.362488661774944,Matched AI Lean root values,,1.7960548112404917,-0.13519941473123645,0.07944606186428867,175,31,pair_5cf7a965,2095,0.0724858002780698,0.8924542098225303,0.9366778323263509,2094,shared binary core,10
2.362488661774944,2.362488661774944,Matched AI Lean root values,,1.7960548112404917,-0.13519941473123645,0.07944606186428867,175,31,pair_5cf7a965,2095,0.0724858002780698,0.8924542098225303,0.9366778323263509,2094,all normalized constructors,10
2.933497033958897,2.933497033958896,Matched human Lean root values,,2.602442645492361,-1.0489541392550443,1.4466296085275239,110,12,pair_5d026d45,776,0.009256229622450067,0.2941992261978488,0.14800068897047058,775,shared binary core,10
2.933497033958897,2.933497033958896,Matched human Lean root values,,2.602442645492361,-1.0489541392550443,1.4466296085275239,110,12,pair_5d026d45,776,0.009256229622450067,0.2941992261978488,0.14800068897047058,775,all normalized constructors,10
,,Matched AI Lean root values,insufficient tail variation,,,,40,2,pair_5d026d45,248,,,,247,shared binary core,10
,,Matched AI Lean root values,insufficient tail variation,,,,40,2,pair_5d026d45,248,,,,247,all normalized constructors,10
2.300477893447958,2.300477893447958,Matched human Lean root values,,1.4477661471829428,-0.26975211770843216,-0.18115972441063588,203,33,pair_5daf2594,2306,0.14768246338714225,0.7873509621077137,0.8562422067389027,2305,shared binary core,10
2.300477893447958,2.300477893447958,Matched human Lean root values,,1.4477661471829428,-0.26975211770843216,-0.18115972441063588,203,33,pair_5daf2594,2306,0.14768246338714225,0.7873509621077137,0.8562422067389027,2305,all normalized constructors,10
2.4015593119866354,2.4015593119866354,Matched AI Lean root values,,0.925785308455801,-0.5277644742252433,-0.5454533061390967,191,43,pair_5daf2594,2483,0.35455756365760904,0.5976628173369863,0.5854417867193837,2482,shared binary core,10
2.4015593119866354,2.4015593119866354,Matched AI Lean root values,,0.925785308455801,-0.5277644742252433,-0.5454533061390967,191,43,pair_5daf2594,2483,0.35455756365760904,0.5976628173369863,0.5854417867193837,2482,all normalized constructors,10
,,Matched human Lean root values,insufficient tail variation,,,,112,7,pair_5df84962,878,,,,877,shared binary core,10
,,Matched human Lean root values,insufficient tail variation,,,,112,7,pair_5df84962,878,,,,877,all normalized constructors,10
2.483994415127432,2.483994415127432,Matched AI Lean root values,,1.0875248229691117,-0.24335295281023142,-0.20824756922612334,138,22,pair_5df84962,1239,0.27680493435919273,0.807731986601271,0.8350356677887616,1238,shared binary core,10
2.483994415127432,2.483994415127432,Matched AI Lean root values,,1.0875248229691117,-0.24335295281023142,-0.20824756922612334,138,22,pair_5df84962,1239,0.27680493435919273,0.807731986601271,0.8350356677887616,1238,all normalized constructors,10
2.3395951122777623,2.3395951122777623,Matched human Lean root values,,1.0265974067328978,-0.5205556811816506,-0.536237502169435,194,44,pair_5ee839bd,2621,0.30461007565924436,0.602676329602093,0.5917944179949883,2620,shared binary core,10
2.3395951122777623,2.3395951122777623,Matched human Lean root values,,1.0265974067328978,-0.5205556811816506,-0.536237502169435,194,44,pair_5ee839bd,2621,0.30461007565924436,0.602676329602093,0.5917944179949883,2620,all normalized constructors,10
2.46372562403469,2.4637256240346894,Matched AI Lean root values,,1.8114101893759986,-0.26331043987913105,-0.040748794868917776,200,69,pair_5ee839bd,3456,0.07007737987210698,0.7923113136744189,0.967496161195498,3455,shared binary core,10
2.46372562403469,2.4637256240346894,Matched AI Lean root values,,1.8114101893759986,-0.26331043987913105,-0.040748794868917776,200,69,pair_5ee839bd,3456,0.07007737987210698,0.7923113136744189,0.967496161195498,3455,all normalized constructors,10
2.2610428865746948,2.261042886574695,Matched human Lean root values,,0.28176863286516396,-1.1986949873001336,-1.2511130516852906,142,40,pair_5eec702b,2009,0.7781209241333524,0.23064656789457894,0.21089323439312546,2008,shared binary core,10
2.2610428865746948,2.261042886574695,Matched human Lean root values,,0.28176863286516396,-1.1986949873001336,-1.2511130516852906,142,40,pair_5eec702b,2009,0.7781209241333524,0.23064656789457894,0.21089323439312546,2008,all normalized constructors,10
2.0793440652370547,2.0793440652370547,Matched AI Lean root values,,-0.7301203841322284,-1.4320645702574437,-1.4991073389232548,139,25,pair_5eec702b,1573,0.4653166024541515,0.15212534288348314,0.13384578801684321,1572,shared binary core,10
2.0793440652370547,2.0793440652370547,Matched AI Lean root values,,-0.7301203841322284,-1.4320645702574437,-1.4991073389232548,139,25,pair_5eec702b,1573,0.4653166024541515,0.15212534288348314,0.13384578801684321,1572,all normalized constructors,10
2.675199507503806,2.675199507503806,Matched human Lean root values,,1.5436121931958806,-1.0315350723527033,0.6146872471396048,119,17,pair_5eff76b6,1150,0.12268230936182664,0.30228997002301283,0.5387612834564308,1149,shared binary core,10
2.675199507503806,2.675199507503806,Matched human Lean root values,,1.5436121931958806,-1.0315350723527033,0.6146872471396048,119,17,pair_5eff76b6,1150,0.12268230936182664,0.30228997002301283,0.5387612834564308,1149,all normalized constructors,10
2.6205225298848656,2.6205225298848656,Matched AI Lean root values,,1.8128385660231685,-1.0245576768700508,0.6358038435743567,123,24,pair_5eff76b6,1559,0.06985672378378104,0.30557194312059466,0.5249042819708003,1558,shared binary core,10
2.6205225298848656,2.6205225298848656,Matched AI Lean root values,,1.8128385660231685,-1.0245576768700508,0.6358038435743567,123,24,pair_5eff76b6,1559,0.06985672378378104,0.30557194312059466,0.5249042819708003,1558,all normalized constructors,10
2.424930111482672,2.424930111482672,Matched human Lean root values,,1.7193592580932813,-0.8263242807155698,-0.8576531803384161,219,125,pair_5feca8f4,5031,0.08554897597023338,0.4086201634626786,0.39108400030293167,5030,shared binary core,10
2.424930111482672,2.424930111482672,Matched human Lean root values,,1.7193592580932813,-0.8263242807155698,-0.8576531803384161,219,125,pair_5feca8f4,5031,0.08554897597023338,0.4086201634626786,0.39108400030293167,5030,all normalized constructors,10
2.6013340718422286,2.6013340718422286,Matched AI Lean root values,,2.137772308743657,-0.27804287592058485,0.03426924377443182,181,102,pair_5feca8f4,4121,0.032535227514246035,0.7809794456427241,0.972662450370149,4120,shared binary core,10
2.6013340718422286,2.6013340718422286,Matched AI Lean root values,,2.137772308743657,-0.27804287592058485,0.03426924377443182,181,102,pair_5feca8f4,4121,0.032535227514246035,0.7809794456427241,0.972662450370149,4120,all normalized constructors,10
,,Matched human Lean root values,insufficient tail variation,,,,13,1,pair_60565fc7,64,,,,63,shared binary core,10
,,Matched human Lean root values,insufficient tail variation,,,,13,1,pair_60565fc7,64,,,,63,all normalized constructors,10
,,Matched AI Lean root values,insufficient tail variation,,,,13,1,pair_60565fc7,64,,,,63,shared binary core,10
,,Matched AI Lean root values,insufficient tail variation,,,,13,1,pair_60565fc7,64,,,,63,all normalized constructors,10
2.3773566687338885,2.3773566687338885,Matched human Lean root values,,1.6053917071878396,-0.7544232245054487,-0.7855847542802533,231,86,pair_606263d6,4169,0.108407628269595,0.45059513039402976,0.4321107990613088,4168,shared binary core,10
2.3773566687338885,2.3773566687338885,Matched human Lean root values,,1.6053917071878396,-0.7544232245054487,-0.7855847542802533,231,86,pair_606263d6,4169,0.108407628269595,0.45059513039402976,0.4321107990613088,4168,all normalized constructors,10
2.3810755098476633,2.381075509847663,Matched AI Lean root values,,1.4928852712858243,-0.7865379569546864,-0.8228485066474677,209,93,pair_606263d6,4441,0.13546722120310942,0.43155239101749554,0.4105941484455984,4440,shared binary core,10
2.3810755098476633,2.381075509847663,Matched AI Lean root values,,1.4928852712858243,-0.7865379569546864,-0.8228485066474677,209,93,pair_606263d6,4441,0.13546722120310942,0.43155239101749554,0.4105941484455984,4440,all normalized constructors,10
2.564262493883704,2.564262493883704,Matched human Lean root values,,3.2167884730751855,-0.08508822078920211,0.6522077740051258,205,134,pair_61c6d911,5887,0.0012963413701412424,0.9321912547933009,0.514267145584199,5886,shared binary core,10
2.564262493883704,2.564262493883704,Matched human Lean root values,,3.2167884730751855,-0.08508822078920211,0.6522077740051258,205,134,pair_61c6d911,5887,0.0012963413701412424,0.9321912547933009,0.514267145584199,5886,all normalized constructors,10
2.3271401511100596,2.3271401511100596,Matched AI Lean root values,,0.9916379750698123,-0.5774801217451848,-0.6028851320239088,116,34,pair_61c6d911,2107,0.3213741575575203,0.5636151632107405,0.5465851075127333,2106,shared binary core,10
2.3271401511100596,2.3271401511100596,Matched AI Lean root values,,0.9916379750698123,-0.5774801217451848,-0.6028851320239088,116,34,pair_61c6d911,2107,0.3213741575575203,0.5636151632107405,0.5465851075127333,2106,all normalized constructors,10
,,Matched human Lean root values,insufficient tail variation,,,,24,3,pair_62b6e279,181,,,,180,shared binary core,10
,,Matched human Lean root values,insufficient tail variation,,,,24,3,pair_62b6e279,181,,,,180,all normalized constructors,10
1.595873943044403,1.595873943044403,Matched AI Lean root values,,0.7733227687681543,-1.6048293905132656,-1.6899989124038408,729,56,pair_62b6e279,7307,0.4393313840525005,0.10853135605830871,0.09102816271521903,7306,shared binary core,10
1.595873943044403,1.595873943044403,Matched AI Lean root values,,0.7733227687681543,-1.6048293905132656,-1.6899989124038408,729,56,pair_62b6e279,7307,0.4393313840525005,0.10853135605830871,0.09102816271521903,7306,all normalized constructors,10
2.4196312272631335,2.4196312272631335,Matched human Lean root values,,2.0795722140110495,-1.019198346585519,0.8666596474715542,209,30,pair_6357c298,2120,0.03756478778223199,0.30810881146540625,0.3861285213263804,2119,shared binary core,10
2.4196312272631335,2.4196312272631335,Matched human Lean root values,,2.0795722140110495,-1.019198346585519,0.8666596474715542,209,30,pair_6357c298,2120,0.03756478778223199,0.30810881146540625,0.3861285213263804,2119,all normalized constructors,10
2.502010830583733,2.5020108305837327,Matched AI Lean root values,,0.9559428569620448,-0.3748211521842863,-0.38843850934760954,123,28,pair_6357c298,1438,0.3391011051383831,0.7077934820569287,0.6976915507562841,1437,shared binary core,10
2.502010830583733,2.5020108305837327,Matched AI Lean root values,,0.9559428569620448,-0.3748211521842863,-0.38843850934760954,123,28,pair_6357c298,1438,0.3391011051383831,0.7077934820569287,0.6976915507562841,1437,all normalized constructors,10
2.3115794723254024,2.3115794723254024,Matched human Lean root values,,1.260117016722912,-0.4082480397268363,-0.39787823314753556,80,10,pair_6369b437,776,0.20762715246964336,0.68309158237297,0.6907199457119231,775,shared binary core,10
2.3115794723254024,2.3115794723254024,Matched human Lean root values,,1.260117016722912,-0.4082480397268363,-0.39787823314753556,80,10,pair_6369b437,776,0.20762715246964336,0.68309158237297,0.6907199457119231,775,all normalized constructors,10
2.48037598245244,2.48037598245244,Matched AI Lean root values,,1.708559598405857,-1.0557126913440793,0.3307904007448279,75,10,pair_6369b437,720,0.08753255782121351,0.29109949709220917,0.7408028121899846,719,shared binary core,10
2.48037598245244,2.48037598245244,Matched AI Lean root values,,1.708559598405857,-1.0557126913440793,0.3307904007448279,75,10,pair_6369b437,720,0.08753255782121351,0.29109949709220917,0.7408028121899846,719,all normalized constructors,10
2.339245430827333,2.339245430827333,Matched human Lean root values,,2.9558340559361147,-0.667942370626254,-0.3431545883127996,524,304,pair_659419e1,12902,0.0031182481278023543,0.5041703796296628,0.731482165957429,12901,shared binary core,10
2.339245430827333,2.339245430827333,Matched human Lean root values,,2.9558340559361147,-0.667942370626254,-0.3431545883127996,524,304,pair_659419e1,12902,0.0031182481278023543,0.5041703796296628,0.731482165957429,12901,all normalized constructors,10
2.1617844926340437,2.1617844926340437,Matched AI Lean root values,,1.754881792436909,-2.1466113678376657,-2.053473813574044,1060,405,pair_659419e1,18510,0.07927952916849965,0.03182423414245541,0.04002664689988951,18509,shared binary core,10
2.1617844926340437,2.1617844926340437,Matched AI Lean root values,,1.754881792436909,-2.1466113678376657,-2.053473813574044,1060,405,pair_659419e1,18510,0.07927952916849965,0.03182423414245541,0.04002664689988951,18509,all normalized constructors,10
2.2527429450216485,2.2527429450216485,Matched human Lean root values,,1.1000948870559624,-0.8706797079021044,-0.9204869865221808,160,55,pair_665c7b43,2991,0.2712907813469131,0.38392906124513626,0.35731833042434225,2990,shared binary core,10
2.2527429450216485,2.2527429450216485,Matched human Lean root values,,1.1000948870559624,-0.8706797079021044,-0.9204869865221808,160,55,pair_665c7b43,2991,0.2712907813469131,0.38392906124513626,0.35731833042434225,2990,all normalized constructors,10
2.3803620265966474,2.3803620265966474,Matched AI Lean root values,,1.5852468730054392,-0.6312916775663886,-0.6575265674899666,151,58,pair_665c7b43,2812,0.11291025453143343,0.5278498275709127,0.5108423939362691,2811,shared binary core,10
2.3803620265966474,2.3803620265966474,Matched AI Lean root values,,1.5852468730054392,-0.6312916775663886,-0.6575265674899666,151,58,pair_665c7b43,2812,0.11291025453143343,0.5278498275709127,0.5108423939362691,2811,all normalized constructors,10
2.2897500437595513,2.2897500437595513,Matched human Lean root values,,3.1920150998205874,-0.6628421818976445,-0.3546879200221349,489,266,pair_66b87803,12759,0.001412839465420436,0.5074316348147918,0.7228234017470967,12758,shared binary core,10
2.2897500437595513,2.2897500437595513,Matched human Lean root values,,3.1920150998205874,-0.6628421818976445,-0.3546879200221349,489,266,pair_66b87803,12759,0.001412839465420436,0.5074316348147918,0.7228234017470967,12758,all normalized constructors,10
2.271266791911061,2.271266791911061,Matched AI Lean root values,,4.385110791618373,-0.8419312585460137,-0.18646166871633568,876,551,pair_66b87803,25006,1.1592676031971266e-05,0.3998264322740367,0.8520827356130405,25005,shared binary core,10
2.271266791911061,2.271266791911061,Matched AI Lean root values,,4.385110791618373,-0.8419312585460137,-0.18646166871633568,876,551,pair_66b87803,25006,1.1592676031971266e-05,0.3998264322740367,0.8520827356130405,25005,all normalized constructors,10
2.5789612815209173,2.5789612815209173,Matched human Lean root values,,1.4192769211211358,-0.06711061760087231,0.23164490399803922,144,27,pair_677749e1,1662,0.15581829783985157,0.9464936413300645,0.8168138276014892,1661,shared binary core,10
2.5789612815209173,2.5789612815209173,Matched human Lean root values,,1.4192769211211358,-0.06711061760087231,0.23164490399803922,144,27,pair_677749e1,1662,0.15581829783985157,0.9464936413300645,0.8168138276014892,1661,all normalized constructors,10
2.488232208363459,2.488232208363459,Matched AI Lean root values,,1.1722517066153273,-0.24222229887257404,-0.17170001127495682,144,25,pair_677749e1,1639,0.24109601444981987,0.8086079174358075,0.8636733769494143,1638,shared binary core,10
2.488232208363459,2.488232208363459,Matched AI Lean root values,,1.1722517066153273,-0.24222229887257404,-0.17170001127495682,144,25,pair_677749e1,1639,0.24109601444981987,0.8086079174358075,0.8636733769494143,1638,all normalized constructors,10
2.459473040942396,2.459473040942396,Matched human Lean root values,,1.5523327968835647,-0.5626310742190999,-0.5652989074280147,192,77,pair_6801c12d,3724,0.12058261432295622,0.5736861276611993,0.57187047172391,3723,shared binary core,10
2.459473040942396,2.459473040942396,Matched human Lean root values,,1.5523327968835647,-0.5626310742190999,-0.5652989074280147,192,77,pair_6801c12d,3724,0.12058261432295622,0.5736861276611993,0.57187047172391,3723,all normalized constructors,10
2.7984513815994374,2.7984513815994374,Matched AI Lean root values,,3.6468244086605988,-1.006526170847839,1.9397514997776266,234,168,pair_6801c12d,6118,0.0002655012216417936,0.31416252896544716,0.05240989747740163,6117,shared binary core,10
2.7984513815994374,2.7984513815994374,Matched AI Lean root values,,3.6468244086605988,-1.006526170847839,1.9397514997776266,234,168,pair_6801c12d,6118,0.0002655012216417936,0.31416252896544716,0.05240989747740163,6117,all normalized constructors,10
2.496987687195541,2.496987687195541,Matched human Lean root values,,1.3789177379142072,-0.30432689834111115,-0.22077658505576503,160,36,pair_68e74a3f,2148,0.1679201185159277,0.760878854480384,0.8252663961474034,2147,shared binary core,10
2.496987687195541,2.496987687195541,Matched human Lean root values,,1.3789177379142072,-0.30432689834111115,-0.22077658505576503,160,36,pair_68e74a3f,2148,0.1679201185159277,0.760878854480384,0.8252663961474034,2147,all normalized constructors,10
2.5098467260380612,2.5098467260380612,Matched AI Lean root values,,1.700503851330776,-0.15034849667840014,0.10801437062076552,165,41,pair_68e74a3f,2290,0.08903619259291135,0.8804896729783405,0.9139842927986345,2289,shared binary core,10
2.5098467260380612,2.5098467260380612,Matched AI Lean root values,,1.700503851330776,-0.15034849667840014,0.10801437062076552,165,41,pair_68e74a3f,2290,0.08903619259291135,0.8804896729783405,0.9139842927986345,2289,all normalized constructors,10
2.5392773199281784,2.539277319928179,Matched human Lean root values,,1.811521523653391,-0.6875862968044522,-0.6740982419216771,238,140,pair_6920c5e4,5948,0.0700601603876881,0.49171333995400535,0.5002488571650789,5947,shared binary core,10
2.5392773199281784,2.539277319928179,Matched human Lean root values,,1.811521523653391,-0.6875862968044522,-0.6740982419216771,238,140,pair_6920c5e4,5948,0.0700601603876881,0.49171333995400535,0.5002488571650789,5947,all normalized constructors,10
2.2366573001102834,2.2366573001102834,Matched AI Lean root values,,1.8003552795225133,-1.588064859831597,-1.5567321284758031,756,295,pair_6920c5e4,14205,0.07180455741178426,0.11227167339060357,0.11953409728666976,14204,shared binary core,10
2.2366573001102834,2.2366573001102834,Matched AI Lean root values,,1.8003552795225133,-1.588064859831597,-1.5567321284758031,756,295,pair_6920c5e4,14205,0.07180455741178426,0.11227167339060357,0.11953409728666976,14204,all normalized constructors,10
2.4942342983784718,2.4942342983784718,Matched human Lean root values,,0.9899587562940116,-0.2870520130542634,-0.2575759217484203,142,24,pair_69286778,1345,0.3221942785607814,0.7740724945745453,0.7967342144698811,1344,shared binary core,10
2.4942342983784718,2.4942342983784718,Matched human Lean root values,,0.9899587562940116,-0.2870520130542634,-0.2575759217484203,142,24,pair_69286778,1345,0.3221942785607814,0.7740724945745453,0.7967342144698811,1344,all normalized constructors,10
2.7294639228940474,2.7294639228940483,Matched AI Lean root values,,2.4620960175193747,-1.0109551385716447,1.0681228040882433,158,59,pair_69286778,2504,0.013812768279876217,0.3120379017798347,0.2854651205605232,2503,shared binary core,10
2.7294639228940474,2.7294639228940483,Matched AI Lean root values,,2.4620960175193747,-1.0109551385716447,1.0681228040882433,158,59,pair_69286778,2504,0.013812768279876217,0.3120379017798347,0.2854651205605232,2503,all normalized constructors,10
2.194530381767829,2.194530381767829,Matched human Lean root values,,1.3117901112822967,-2.093193090669886,-2.122730688541976,499,248,pair_6ba505c0,11414,0.18959096236850537,0.036331921283305105,0.033776425852369556,11413,shared binary core,10
2.194530381767829,2.194530381767829,Matched human Lean root values,,1.3117901112822967,-2.093193090669886,-2.122730688541976,499,248,pair_6ba505c0,11414,0.18959096236850537,0.036331921283305105,0.033776425852369556,11413,all normalized constructors,10
2.2911961764605766,2.2911961764605766,Matched AI Lean root values,,1.657112508393579,-1.466272355606064,-1.4732517268563992,503,249,pair_6ba505c0,10359,0.0974967306979163,0.1425741035192404,0.14068317193907626,10358,shared binary core,10
2.2911961764605766,2.2911961764605766,Matched AI Lean root values,,1.657112508393579,-1.466272355606064,-1.4732517268563992,503,249,pair_6ba505c0,10359,0.0974967306979163,0.1425741035192404,0.14068317193907626,10358,all normalized constructors,10
2.462346628878903,2.462346628878903,Matched human Lean root values,,0.7514365102354353,-0.3254689569390403,-0.3465119670042797,103,14,pair_6bcfd203,968,0.4523899969383398,0.7448261735402082,0.7289579922691545,967,shared binary core,10
2.462346628878903,2.462346628878903,Matched human Lean root values,,0.7514365102354353,-0.3254689569390403,-0.3465119670042797,103,14,pair_6bcfd203,968,0.4523899969383398,0.7448261735402082,0.7289579922691545,967,all normalized constructors,10
,,Matched AI Lean root values,insufficient tail variation,,,,42,8,pair_6bcfd203,469,,,,468,shared binary core,10
,,Matched AI Lean root values,insufficient tail variation,,,,42,8,pair_6bcfd203,469,,,,468,all normalized constructors,10
,,Matched human Lean root values,insufficient tail variation,,,,13,1,pair_6d3a0d6c,71,,,,70,shared binary core,10
,,Matched human Lean root values,insufficient tail variation,,,,13,1,pair_6d3a0d6c,71,,,,70,all normalized constructors,10
,,Matched AI Lean root values,insufficient tail variation,,,,16,1,pair_6d3a0d6c,95,,,,94,shared binary core,10
,,Matched AI Lean root values,insufficient tail variation,,,,16,1,pair_6d3a0d6c,95,,,,94,all normalized constructors,10
2.491054340709324,2.491054340709324,Matched human Lean root values,,1.2747745462921656,-0.5123115276376979,-0.5328470285123668,140,43,pair_6d779213,2709,0.20238905246287275,0.6084329986931034,0.5941394761988642,2708,shared binary core,10
2.491054340709324,2.491054340709324,Matched human Lean root values,,1.2747745462921656,-0.5123115276376979,-0.5328470285123668,140,43,pair_6d779213,2709,0.20238905246287275,0.6084329986931034,0.5941394761988642,2708,all normalized constructors,10
2.552117006802824,2.552117006802824,Matched AI Lean root values,,3.4494054121604067,-0.029065816685790086,0.797231935294793,267,177,pair_6d779213,8102,0.0005618225196770212,0.9768120986056209,0.42531634208757596,8101,shared binary core,10
2.552117006802824,2.552117006802824,Matched AI Lean root values,,3.4494054121604067,-0.029065816685790086,0.797231935294793,267,177,pair_6d779213,8102,0.0005618225196770212,0.9768120986056209,0.42531634208757596,8101,all normalized constructors,10
2.3664169532731965,2.3664169532731965,Matched human Lean root values,,0.6249720017104787,-0.23431307958692787,-0.24979680869117385,93,10,pair_6e98ad25,675,0.5319894341497929,0.8147419324919,0.8027444878256713,674,shared binary core,10
2.3664169532731965,2.3664169532731965,Matched human Lean root values,,0.6249720017104787,-0.23431307958692787,-0.24979680869117385,93,10,pair_6e98ad25,675,0.5319894341497929,0.8147419324919,0.8027444878256713,674,all normalized constructors,10
,,Matched AI Lean root values,insufficient tail variation,,,,43,3,pair_6e98ad25,257,,,,256,shared binary core,10
,,Matched AI Lean root values,insufficient tail variation,,,,43,3,pair_6e98ad25,257,,,,256,all normalized constructors,10
2.280318837675277,2.280318837675277,Matched human Lean root values,,1.6441789327922511,-0.2597951347011188,-0.16682180611779068,158,19,pair_7007ed35,1467,0.10013924726992433,0.7950218040814874,0.8675102603136902,1466,shared binary core,10
2.280318837675277,2.280318837675277,Matched human Lean root values,,1.6441789327922511,-0.2597951347011188,-0.16682180611779068,158,19,pair_7007ed35,1467,0.10013924726992433,0.7950218040814874,0.8675102603136902,1466,all normalized constructors,10
2.3240236068210565,2.324023606821057,Matched AI Lean root values,,1.7408101452084332,-0.16486612156809044,-0.008839984975219073,157,20,pair_7007ed35,1485,0.08171686305937631,0.8690493585247149,0.992946804333052,1484,shared binary core,10
2.3240236068210565,2.324023606821057,Matched AI Lean root values,,1.7408101452084332,-0.16486612156809044,-0.008839984975219073,157,20,pair_7007ed35,1485,0.08171686305937631,0.8690493585247149,0.992946804333052,1484,all normalized constructors,10
2.6162265651110403,2.61622656511104,Matched human Lean root values,,3.223194091330364,0.07844351360180798,0.7765544562395543,179,102,pair_7187bdc5,4614,0.0012676962394041862,0.9374752612973617,0.4374216805709875,4613,shared binary core,10
2.6162265651110403,2.61622656511104,Matched human Lean root values,,3.223194091330364,0.07844351360180798,0.7765544562395543,179,102,pair_7187bdc5,4614,0.0012676962394041862,0.9374752612973617,0.4374216805709875,4613,all normalized constructors,10
2.200131302840833,2.200131302840833,Matched AI Lean root values,,0.48034764255901075,-1.5475858438349612,-1.640886300368743,162,111,pair_7187bdc5,5276,0.6309802171848776,0.12172204184818478,0.10082101932278587,5275,shared binary core,10
2.200131302840833,2.200131302840833,Matched AI Lean root values,,0.48034764255901075,-1.5475858438349612,-1.640886300368743,162,111,pair_7187bdc5,5276,0.6309802171848776,0.12172204184818478,0.10082101932278587,5275,all normalized constructors,10
2.2907008923327083,2.290700892332708,Matched human Lean root values,,1.3174249178751298,-0.5915320901587093,-0.6149330782167942,218,43,pair_71cf0c00,2716,0.1876962330728117,0.5541639603197976,0.538598916733334,2715,shared binary core,10
2.2907008923327083,2.290700892332708,Matched human Lean root values,,1.3174249178751298,-0.5915320901587093,-0.6149330782167942,218,43,pair_71cf0c00,2716,0.1876962330728117,0.5541639603197976,0.538598916733334,2715,all normalized constructors,10
2.184156587780776,2.184156587780776,Matched AI Lean root values,,-0.10369446957076033,-2.5408659240523015,-2.6462045918868577,243,124,pair_71cf0c00,4599,0.9174118156389706,0.011057831450347904,0.008140056780158514,4598,shared binary core,10
2.184156587780776,2.184156587780776,Matched AI Lean root values,,-0.10369446957076033,-2.5408659240523015,-2.6462045918868577,243,124,pair_71cf0c00,4599,0.9174118156389706,0.011057831450347904,0.008140056780158514,4598,all normalized constructors,10
,,Matched human Lean root values,insufficient tail variation,,,,25,1,pair_73bd6122,123,,,,122,shared binary core,10
,,Matched human Lean root values,insufficient tail variation,,,,25,1,pair_73bd6122,123,,,,122,all normalized constructors,10
,,Matched AI Lean root values,insufficient tail variation,,,,96,6,pair_73bd6122,596,,,,595,shared binary core,10
,,Matched AI Lean root values,insufficient tail variation,,,,96,6,pair_73bd6122,596,,,,595,all normalized constructors,10
,,Matched human Lean root values,insufficient tail variation,,,,70,8,pair_7415487b,514,,,,513,shared binary core,10
,,Matched human Lean root values,insufficient tail variation,,,,70,8,pair_7415487b,514,,,,513,all normalized constructors,10
2.2164101068756237,2.2164101068756237,Matched AI Lean root values,,0.22010378294655106,-0.9761478232363985,-1.0362842015599203,132,33,pair_7415487b,1961,0.8257903286874596,0.3289912152514951,0.3000695743303988,1960,shared binary core,10
2.2164101068756237,2.2164101068756237,Matched AI Lean root values,,0.22010378294655106,-0.9761478232363985,-1.0362842015599203,132,33,pair_7415487b,1961,0.8257903286874596,0.3289912152514951,0.3000695743303988,1960,all normalized constructors,10
2.248942199108213,2.248942199108213,Matched human Lean root values,,2.387870386127707,-1.5339069671855605,-1.5561620249503005,690,337,pair_7580a01f,16032,0.016946317183944036,0.12505254173224417,0.1196695690030515,16031,shared binary core,10
2.248942199108213,2.248942199108213,Matched human Lean root values,,2.387870386127707,-1.5339069671855605,-1.5561620249503005,690,337,pair_7580a01f,16032,0.016946317183944036,0.12505254173224417,0.1196695690030515,16031,all normalized constructors,10
2.3190892822438633,2.3190892822438633,Matched AI Lean root values,,2.290221569820933,-1.349667360945893,-1.3694279883594629,461,273,pair_7580a01f,11140,0.02200847565480564,0.17712270635041327,0.17086553042222952,11139,shared binary core,10
2.3190892822438633,2.3190892822438633,Matched AI Lean root values,,2.290221569820933,-1.349667360945893,-1.3694279883594629,461,273,pair_7580a01f,11140,0.02200847565480564,0.17712270635041327,0.17086553042222952,11139,all normalized constructors,10
1.688357661821621,1.6883576618216212,Matched human Lean root values,,2.746465533501093,-1.3319615577793773,-1.3916055981489415,695,78,pair_759606e4,7983,0.006024121536443017,0.18287282108875624,0.1640418627177087,7982,shared binary core,10
1.688357661821621,1.6883576618216212,Matched human Lean root values,,2.746465533501093,-1.3319615577793773,-1.3916055981489415,695,78,pair_759606e4,7983,0.006024121536443017,0.18287282108875624,0.1640418627177087,7982,all normalized constructors,10
1.688357661821621,1.6883576618216212,Matched AI Lean root values,,2.746465533501093,-1.3319615577793773,-1.3916055981489415,695,78,pair_759606e4,7983,0.006024121536443017,0.18287282108875624,0.1640418627177087,7982,shared binary core,10
1.688357661821621,1.6883576618216212,Matched AI Lean root values,,2.746465533501093,-1.3319615577793773,-1.3916055981489415,695,78,pair_759606e4,7983,0.006024121536443017,0.18287282108875624,0.1640418627177087,7982,all normalized constructors,10
2.3114521437732476,2.3114521437732476,Matched human Lean root values,,1.0280640591504124,-0.4043437991601798,-0.418531486337724,148,29,pair_76494dbd,1592,0.3039196956039294,0.6859599216615646,0.6755585706632224,1591,shared binary core,10
2.3114521437732476,2.3114521437732476,Matched human Lean root values,,1.0280640591504124,-0.4043437991601798,-0.418531486337724,148,29,pair_76494dbd,1592,0.3039196956039294,0.6859599216615646,0.6755585706632224,1591,all normalized constructors,10
2.3114521437732476,2.3114521437732476,Matched AI Lean root values,,1.0280640591504124,-0.4043437991601798,-0.418531486337724,148,29,pair_76494dbd,1592,0.3039196956039294,0.6859599216615646,0.6755585706632224,1591,shared binary core,10
2.3114521437732476,2.3114521437732476,Matched AI Lean root values,,1.0280640591504124,-0.4043437991601798,-0.418531486337724,148,29,pair_76494dbd,1592,0.3039196956039294,0.6859599216615646,0.6755585706632224,1591,all normalized constructors,10
2.1821278148117518,2.182127814811752,Matched human Lean root values,,0.5199170686396161,-0.9180374289153544,-0.9526445634413501,160,47,pair_77658e38,2663,0.6031213782565513,0.35859927088745813,0.3407701901582453,2662,shared binary core,10
2.1821278148117518,2.182127814811752,Matched human Lean root values,,0.5199170686396161,-0.9180374289153544,-0.9526445634413501,160,47,pair_77658e38,2663,0.6031213782565513,0.35859927088745813,0.3407701901582453,2662,all normalized constructors,10
2.241834916512054,2.2418349165120537,Matched AI Lean root values,,0.8612484224597867,-1.0819847889219774,-1.145853204694522,155,57,pair_77658e38,3097,0.38910123595770274,0.27925928697266056,0.2518558963989177,3096,shared binary core,10
2.241834916512054,2.2418349165120537,Matched AI Lean root values,,0.8612484224597867,-1.0819847889219774,-1.145853204694522,155,57,pair_77658e38,3097,0.38910123595770274,0.27925928697266056,0.2518558963989177,3096,all normalized constructors,10
2.3553125104228134,2.355312510422813,Matched human Lean root values,,1.2427112815967707,-1.1474528807090272,-1.1923470710912183,181,110,pair_78234522,4626,0.21397424515296437,0.251194496612553,0.23312518480066668,4625,shared binary core,10
2.3553125104228134,2.355312510422813,Matched human Lean root values,,1.2427112815967707,-1.1474528807090272,-1.1923470710912183,181,110,pair_78234522,4626,0.21397424515296437,0.251194496612553,0.23312518480066668,4625,all normalized constructors,10
2.3903582401856935,2.3903582401856935,Matched AI Lean root values,,2.4206317853861754,-0.7961764274895945,-0.7201641860519903,334,200,pair_78234522,8987,0.015493562202846207,0.425929496693525,0.47142391176771814,8986,shared binary core,10
2.3903582401856935,2.3903582401856935,Matched AI Lean root values,,2.4206317853861754,-0.7961764274895945,-0.7201641860519903,334,200,pair_78234522,8987,0.015493562202846207,0.425929496693525,0.47142391176771814,8986,all normalized constructors,10
2.3947125272361856,2.394712527236185,Matched human Lean root values,,1.3417605951337974,-0.7415235030283841,-0.7766637988929171,179,76,pair_788625c0,3497,0.17967363260233649,0.4583760866029851,0.4373571503059652,3496,shared binary core,10
2.3947125272361856,2.394712527236185,Matched human Lean root values,,1.3417605951337974,-0.7415235030283841,-0.7766637988929171,179,76,pair_788625c0,3497,0.17967363260233649,0.4583760866029851,0.4373571503059652,3496,all normalized constructors,10
2.5019979172838642,2.501997917283864,Matched AI Lean root values,,0.9084420916067136,-0.9071563880695256,-0.965839745105426,107,55,pair_788625c0,2458,0.36364469574659497,0.3643241026743712,0.33412437703905207,2457,shared binary core,10
2.5019979172838642,2.501997917283864,Matched AI Lean root values,,0.9084420916067136,-0.9071563880695256,-0.965839745105426,107,55,pair_788625c0,2458,0.36364469574659497,0.3643241026743712,0.33412437703905207,2457,all normalized constructors,10
2.232564972650329,2.232564972650329,Matched human Lean root values,,-0.34173776989605226,-0.8040643489367197,-0.8610322760707144,75,15,pair_7a30a024,800,0.7325482452294405,0.42135981269552847,0.3892202668670266,799,shared binary core,10
2.232564972650329,2.232564972650329,Matched human Lean root values,,-0.34173776989605226,-0.8040643489367197,-0.8610322760707144,75,15,pair_7a30a024,800,0.7325482452294405,0.42135981269552847,0.3892202668670266,799,all normalized constructors,10
2.3335535694672878,2.3335535694672878,Matched AI Lean root values,,0.2826612555878097,-0.7078035783898251,-0.754915303301753,94,20,pair_7a30a024,1013,0.7774365190373075,0.47906724388380706,0.4502998029699935,1012,shared binary core,10
2.3335535694672878,2.3335535694672878,Matched AI Lean root values,,0.2826612555878097,-0.7078035783898251,-0.754915303301753,94,20,pair_7a30a024,1013,0.7774365190373075,0.47906724388380706,0.4502998029699935,1012,all normalized constructors,10
2.458785735399801,2.4587857353998013,Matched human Lean root values,,1.6543303583976205,0.03666242800319501,0.37336926448087293,173,21,pair_7a9abe33,1366,0.09806040790743252,0.9707541665994465,0.7088736316390727,1365,shared binary core,10
2.458785735399801,2.4587857353998013,Matched human Lean root values,,1.6543303583976205,0.03666242800319501,0.37336926448087293,173,21,pair_7a9abe33,1366,0.09806040790743252,0.9707541665994465,0.7088736316390727,1365,all normalized constructors,10
2.4516367694058787,2.4516367694058787,Matched AI Lean root values,,1.5361107908060023,-0.0713134193651181,0.27282310501082263,203,32,pair_7a9abe33,2013,0.12451121018502978,0.9431483153132219,0.7849891978512478,2012,shared binary core,10
2.4516367694058787,2.4516367694058787,Matched AI Lean root values,,1.5361107908060023,-0.0713134193651181,0.27282310501082263,203,32,pair_7a9abe33,2013,0.12451121018502978,0.9431483153132219,0.7849891978512478,2012,all normalized constructors,10
2.423479723520977,2.423479723520977,Matched human Lean root values,,1.0805294496477074,-0.8545038620092341,-0.8924708003663823,161,66,pair_7b0b98d6,3119,0.2799064799493811,0.39282587047182127,0.3721406369516598,3118,shared binary core,10
2.423479723520977,2.423479723520977,Matched human Lean root values,,1.0805294496477074,-0.8545038620092341,-0.8924708003663823,161,66,pair_7b0b98d6,3119,0.2799064799493811,0.39282587047182127,0.3721406369516598,3118,all normalized constructors,10
2.416645861623828,2.416645861623828,Matched AI Lean root values,,1.3528840411351652,-1.0056837739767486,-1.0373554294711693,254,124,pair_7b0b98d6,5174,0.1760926785177046,0.3145677109401691,0.29957024201535265,5173,shared binary core,10
2.416645861623828,2.416645861623828,Matched AI Lean root values,,1.3528840411351652,-1.0056837739767486,-1.0373554294711693,254,124,pair_7b0b98d6,5174,0.1760926785177046,0.3145677109401691,0.29957024201535265,5173,all normalized constructors,10
2.405851641999042,2.4058516419990417,Matched human Lean root values,,1.196139291036621,-0.477500862131111,-0.46259809316023665,262,60,pair_7b176d5c,3389,0.2316422069905969,0.6330055070805879,0.64365247570108,3388,shared binary core,10
2.405851641999042,2.4058516419990417,Matched human Lean root values,,1.196139291036621,-0.477500862131111,-0.46259809316023665,262,60,pair_7b176d5c,3389,0.2316422069905969,0.6330055070805879,0.64365247570108,3388,all normalized constructors,10
2.429649589360516,2.429649589360516,Matched AI Lean root values,,1.988369399207154,-0.8020042974857545,-0.8234468089872393,352,170,pair_7b176d5c,7003,0.04677085056945464,0.42255047234534393,0.41025395350080107,7002,shared binary core,10
2.429649589360516,2.429649589360516,Matched AI Lean root values,,1.988369399207154,-0.8020042974857545,-0.8234468089872393,352,170,pair_7b176d5c,7003,0.04677085056945464,0.42255047234534393,0.41025395350080107,7002,all normalized constructors,10
2.3503024217516875,2.3503024217516875,Matched human Lean root values,,0.5866517754246228,-0.8475918094366044,-0.8815271748760305,167,36,pair_7cb6be3d,1942,0.5574376020990919,0.3966653373632676,0.37803255223955035,1941,shared binary core,10
2.3503024217516875,2.3503024217516875,Matched human Lean root values,,0.5866517754246228,-0.8475918094366044,-0.8815271748760305,167,36,pair_7cb6be3d,1942,0.5574376020990919,0.3966653373632676,0.37803255223955035,1941,all normalized constructors,10
2.646811532018021,2.646811532018021,Matched AI Lean root values,,2.3537412046856088,-0.19208391247755538,0.15128457497606895,254,127,pair_7cb6be3d,4643,0.018585545515079484,0.8476764762486068,0.8797512366193072,4642,shared binary core,10
2.646811532018021,2.646811532018021,Matched AI Lean root values,,2.3537412046856088,-0.19208391247755538,0.15128457497606895,254,127,pair_7cb6be3d,4643,0.018585545515079484,0.8476764762486068,0.8797512366193072,4642,all normalized constructors,10
2.5252698475627513,2.5252698475627513,Matched human Lean root values,,1.388609746167303,-0.0671079510365339,0.21067282479174892,148,25,pair_7f6de6ca,1779,0.16495145209509343,0.9464957641549578,0.8331425813515361,1778,shared binary core,10
2.5252698475627513,2.5252698475627513,Matched human Lean root values,,1.388609746167303,-0.0671079510365339,0.21067282479174892,148,25,pair_7f6de6ca,1779,0.16495145209509343,0.9464957641549578,0.8331425813515361,1778,all normalized constructors,10
,,Matched AI Lean root values,insufficient tail variation,,,,107,8,pair_7f6de6ca,796,,,,795,shared binary core,10
,,Matched AI Lean root values,insufficient tail variation,,,,107,8,pair_7f6de6ca,796,,,,795,all normalized constructors,10
2.311446348277488,2.311446348277488,Matched human Lean root values,,1.108430904803274,-0.9040409542879334,-0.9412824567339587,218,66,pair_7fda4fb2,3608,0.26767576410579574,0.36597368562085486,0.34656013052901546,3607,shared binary core,10
2.311446348277488,2.311446348277488,Matched human Lean root values,,1.108430904803274,-0.9040409542879334,-0.9412824567339587,218,66,pair_7fda4fb2,3608,0.26767576410579574,0.36597368562085486,0.34656013052901546,3607,all normalized constructors,10
2.5099628734602364,2.5099628734602364,Matched AI Lean root values,,1.751348123696531,-1.0060416678674735,0.505210202296197,113,10,pair_7fda4fb2,794,0.07988596299270018,0.3143955266618973,0.6134112053424494,793,shared binary core,10
2.5099628734602364,2.5099628734602364,Matched AI Lean root values,,1.751348123696531,-1.0060416678674735,0.505210202296197,113,10,pair_7fda4fb2,794,0.07988596299270018,0.3143955266618973,0.6134112053424494,793,all normalized constructors,10
2.3202341999609004,2.3202341999609004,Matched human Lean root values,,2.0486407708405503,-0.5884246257485735,-0.5377907858497608,296,102,pair_807fa532,5300,0.0404972548051038,0.5562473125490339,0.5907214939497136,5299,shared binary core,10
2.3202341999609004,2.3202341999609004,Matched human Lean root values,,2.0486407708405503,-0.5884246257485735,-0.5377907858497608,296,102,pair_807fa532,5300,0.0404972548051038,0.5562473125490339,0.5907214939497136,5299,all normalized constructors,10
2.2012607022847974,2.201260702284797,Matched AI Lean root values,,1.1091543253895155,-0.86616957992975,-0.9059811030978093,185,54,pair_807fa532,3026,0.26736361252758156,0.38639717275245655,0.3649458545616824,3025,shared binary core,10
2.2012607022847974,2.201260702284797,Matched AI Lean root values,,1.1091543253895155,-0.86616957992975,-0.9059811030978093,185,54,pair_807fa532,3026,0.26736361252758156,0.38639717275245655,0.3649458545616824,3025,all normalized constructors,10
2.3152897148250853,2.3152897148250853,Matched human Lean root values,,1.6009897508194988,-0.7601568895484176,-0.7992379682511827,187,65,pair_80de1ec1,3372,0.10937918922320523,0.44716081055278156,0.4241524400498754,3371,shared binary core,10
2.3152897148250853,2.3152897148250853,Matched human Lean root values,,1.6009897508194988,-0.7601568895484176,-0.7992379682511827,187,65,pair_80de1ec1,3372,0.10937918922320523,0.44716081055278156,0.4241524400498754,3371,all normalized constructors,10
2.2010987379160514,2.201098737916051,Matched AI Lean root values,,0.7445346152840531,-0.9890868900486063,-1.0224165285252143,177,43,pair_80de1ec1,2560,0.4565531077100451,0.3226206312709119,0.30658380089977877,2559,shared binary core,10
2.2010987379160514,2.201098737916051,Matched AI Lean root values,,0.7445346152840531,-0.9890868900486063,-1.0224165285252143,177,43,pair_80de1ec1,2560,0.4565531077100451,0.3226206312709119,0.30658380089977877,2559,all normalized constructors,10
2.2659559109288203,2.2659559109288203,Matched human Lean root values,,1.7059027915675258,-0.9852934136792673,-1.046641873987412,193,84,pair_80fc276c,4002,0.08802617993758814,0.3244799669844024,0.2952647814397318,4001,shared binary core,10
2.2659559109288203,2.2659559109288203,Matched human Lean root values,,1.7059027915675258,-0.9852934136792673,-1.046641873987412,193,84,pair_80fc276c,4002,0.08802617993758814,0.3244799669844024,0.2952647814397318,4001,all normalized constructors,10
2.2742006731984574,2.2742006731984574,Matched AI Lean root values,,1.9520818004698968,-0.9044271839808786,-0.9451369998736392,174,91,pair_80fc276c,4402,0.05092849360727235,0.36576892916098724,0.344588937866237,4401,shared binary core,10
2.2742006731984574,2.2742006731984574,Matched AI Lean root values,,1.9520818004698968,-0.9044271839808786,-0.9451369998736392,174,91,pair_80fc276c,4402,0.05092849360727235,0.36576892916098724,0.344588937866237,4401,all normalized constructors,10
2.2008677250252475,2.200867725025247,Matched human Lean root values,,0.16474877683269676,-0.9872582465031059,-1.0759043700307425,171,26,pair_81db3cca,1621,0.869141723140384,0.32351605394715566,0.28197002731754905,1620,shared binary core,10
2.2008677250252475,2.200867725025247,Matched human Lean root values,,0.16474877683269676,-0.9872582465031059,-1.0759043700307425,171,26,pair_81db3cca,1621,0.869141723140384,0.32351605394715566,0.28197002731754905,1620,all normalized constructors,10
2.4088080220846715,2.4088080220846715,Matched AI Lean root values,,1.7824142362078035,-0.692791302398001,-0.7202613393673525,176,86,pair_81db3cca,3719,0.07468170565203076,0.4884405312621348,0.47136410339059354,3718,shared binary core,10
2.4088080220846715,2.4088080220846715,Matched AI Lean root values,,1.7824142362078035,-0.692791302398001,-0.7202613393673525,176,86,pair_81db3cca,3719,0.07468170565203076,0.4884405312621348,0.47136410339059354,3718,all normalized constructors,10
2.1764030001438277,2.1764030001438277,Matched human Lean root values,,0.45021854530998184,-1.489571680296676,-1.4978857844360274,252,81,pair_81dfa8e6,4996,0.6525528653720829,0.13633689291257867,0.13416292767809646,4995,shared binary core,10
2.1764030001438277,2.1764030001438277,Matched human Lean root values,,0.45021854530998184,-1.489571680296676,-1.4978857844360274,252,81,pair_81dfa8e6,4996,0.6525528653720829,0.13633689291257867,0.13416292767809646,4995,all normalized constructors,10
2.470221146936324,2.470221146936324,Matched AI Lean root values,,3.4334341771018853,-0.10021571337128014,0.7313514318005657,269,162,pair_81dfa8e6,7858,0.0005959868922419299,0.9201730713498577,0.46456452299432505,7857,shared binary core,10
2.470221146936324,2.470221146936324,Matched AI Lean root values,,3.4334341771018853,-0.10021571337128014,0.7313514318005657,269,162,pair_81dfa8e6,7858,0.0005959868922419299,0.9201730713498577,0.46456452299432505,7857,all normalized constructors,10
2.3775552079429065,2.3775552079429065,Matched human Lean root values,,1.8016365731771093,-0.11493935026745962,0.135509843571649,119,23,pair_82f26bd9,1570,0.07160260316884291,0.9084931947641461,0.8922087819997064,1569,shared binary core,10
2.3775552079429065,2.3775552079429065,Matched human Lean root values,,1.8016365731771093,-0.11493935026745962,0.135509843571649,119,23,pair_82f26bd9,1570,0.07160260316884291,0.9084931947641461,0.8922087819997064,1569,all normalized constructors,10
2.4705566464242112,2.4705566464242112,Matched AI Lean root values,,1.4546496398488324,-0.1131618101984663,0.0661158169019005,97,14,pair_82f26bd9,966,0.14576628106281864,0.9099022721793332,0.9472856183375987,965,shared binary core,10
2.4705566464242112,2.4705566464242112,Matched AI Lean root values,,1.4546496398488324,-0.1131618101984663,0.0661158169019005,97,14,pair_82f26bd9,966,0.14576628106281864,0.9099022721793332,0.9472856183375987,965,all normalized constructors,10
,,Matched human Lean root values,insufficient tail variation,,,,7,0,pair_842aefbb,76,,,,75,shared binary core,10
,,Matched human Lean root values,insufficient tail variation,,,,7,0,pair_842aefbb,76,,,,75,all normalized constructors,10
,,Matched AI Lean root values,insufficient tail variation,,,,17,2,pair_842aefbb,185,,,,184,shared binary core,10
,,Matched AI Lean root values,insufficient tail variation,,,,17,2,pair_842aefbb,185,,,,184,all normalized constructors,10
2.2068810751383925,2.2068810751383925,Matched human Lean root values,,2.1014457114082092,-1.078111572725176,-1.1239984533703093,179,105,pair_84334dbe,5239,0.0356018588531762,0.2809839676788529,0.26101368207251363,5238,shared binary core,10
2.2068810751383925,2.2068810751383925,Matched human Lean root values,,2.1014457114082092,-1.078111572725176,-1.1239984533703093,179,105,pair_84334dbe,5239,0.0356018588531762,0.2809839676788529,0.26101368207251363,5238,all normalized constructors,10
2.1786004924603493,2.1786004924603493,Matched AI Lean root values,,1.909891444814675,-1.040812067730993,-1.0880337530855,172,98,pair_84334dbe,4993,0.05614719182718645,0.29796277817220196,0.2765802071033088,4992,shared binary core,10
2.1786004924603493,2.1786004924603493,Matched AI Lean root values,,1.909891444814675,-1.040812067730993,-1.0880337530855,172,98,pair_84334dbe,4993,0.05614719182718645,0.29796277817220196,0.2765802071033088,4992,all normalized constructors,10
2.0813588245094587,2.0813588245094587,Matched human Lean root values,,0.418967965671726,-1.1519510230713503,-1.3172166105196759,188,28,pair_87179bc6,1975,0.6752395442167438,0.24934119976515257,0.18776602764959704,1974,shared binary core,10
2.0813588245094587,2.0813588245094587,Matched human Lean root values,,0.418967965671726,-1.1519510230713503,-1.3172166105196759,188,28,pair_87179bc6,1975,0.6752395442167438,0.24934119976515257,0.18776602764959704,1974,all normalized constructors,10
2.044602020030487,2.044602020030487,Matched AI Lean root values,,0.08190017891716897,-1.3994887112998637,-1.6212653778528052,184,28,pair_87179bc6,2028,0.9347260921635182,0.1616664811941495,0.10496073685530546,2027,shared binary core,10
2.044602020030487,2.044602020030487,Matched AI Lean root values,,0.08190017891716897,-1.3994887112998637,-1.6212653778528052,184,28,pair_87179bc6,2028,0.9347260921635182,0.1616664811941495,0.10496073685530546,2027,all normalized constructors,10
2.1751798617122864,2.1751798617122864,Matched human Lean root values,,1.288575833026848,-0.8620957446207705,-0.9015935691451633,237,59,pair_877062a7,4206,0.19754558960437585,0.38863483288293776,0.3672728084151823,4205,shared binary core,10
2.1751798617122864,2.1751798617122864,Matched human Lean root values,,1.288575833026848,-0.8620957446207705,-0.9015935691451633,237,59,pair_877062a7,4206,0.19754558960437585,0.38863483288293776,0.3672728084151823,4205,all normalized constructors,10
2.511654001810056,2.5116540018100557,Matched AI Lean root values,,3.331634289190608,-1.007377871556212,1.0266831100038547,233,113,pair_877062a7,5769,0.0008633763326925975,0.31375322108158166,0.3045697049489339,5768,shared binary core,10
2.511654001810056,2.5116540018100557,Matched AI Lean root values,,3.331634289190608,-1.007377871556212,1.0266831100038547,233,113,pair_877062a7,5769,0.0008633763326925975,0.31375322108158166,0.3045697049489339,5768,all normalized constructors,10
2.4906215090994563,2.4906215090994563,Matched human Lean root values,,1.6990803891370805,-0.2579140124744708,-0.05368384721565727,346,90,pair_8793031c,4518,0.08930403788045338,0.7964732702445061,0.9571870522971391,4517,shared binary core,10
2.4906215090994563,2.4906215090994563,Matched human Lean root values,,1.6990803891370805,-0.2579140124744708,-0.05368384721565727,346,90,pair_8793031c,4518,0.08930403788045338,0.7964732702445061,0.9571870522971391,4517,all normalized constructors,10
2.502388839965088,2.5023888399650884,Matched AI Lean root values,,2.0477980010857433,-0.06205709128461282,0.5585005952487524,369,85,pair_8793031c,4390,0.04057979630617324,0.9505173672962677,0.5765025981632361,4389,shared binary core,10
2.502388839965088,2.5023888399650884,Matched AI Lean root values,,2.0477980010857433,-0.06205709128461282,0.5585005952487524,369,85,pair_8793031c,4390,0.04057979630617324,0.9505173672962677,0.5765025981632361,4389,all normalized constructors,10
,,Matched human Lean root values,insufficient tail variation,,,,44,4,pair_87ba057a,236,,,,235,shared binary core,10
,,Matched human Lean root values,insufficient tail variation,,,,44,4,pair_87ba057a,236,,,,235,all normalized constructors,10
,,Matched AI Lean root values,insufficient tail variation,,,,46,4,pair_87ba057a,222,,,,221,shared binary core,10
,,Matched AI Lean root values,insufficient tail variation,,,,46,4,pair_87ba057a,222,,,,221,all normalized constructors,10
,,Matched human Lean root values,insufficient tail variation,,,,53,8,pair_87d2dbfe,674,,,,673,shared binary core,10
,,Matched human Lean root values,insufficient tail variation,,,,53,8,pair_87d2dbfe,674,,,,673,all normalized constructors,10
,,Matched AI Lean root values,insufficient tail variation,,,,35,5,pair_87d2dbfe,491,,,,490,shared binary core,10
,,Matched AI Lean root values,insufficient tail variation,,,,35,5,pair_87d2dbfe,491,,,,490,all normalized constructors,10
2.3947304489038435,2.3947304489038435,Matched human Lean root values,,1.619280460263633,-0.13992729190699799,0.07519011812624798,183,30,pair_88838551,1858,0.10538693289330643,0.8887174375979439,0.9400634466911474,1857,shared binary core,10
2.3947304489038435,2.3947304489038435,Matched human Lean root values,,1.619280460263633,-0.13992729190699799,0.07519011812624798,183,30,pair_88838551,1858,0.10538693289330643,0.8887174375979439,0.9400634466911474,1857,all normalized constructors,10
2.7661979608871707,2.76619796088717,Matched AI Lean root values,,1.7619771529557076,-0.9876154862642145,0.854453472044604,133,30,pair_88838551,1477,0.07807315771794374,0.32334099898032553,0.3928537790413126,1476,shared binary core,10
2.7661979608871707,2.76619796088717,Matched AI Lean root values,,1.7619771529557076,-0.9876154862642145,0.854453472044604,133,30,pair_88838551,1477,0.07807315771794374,0.32334099898032553,0.3928537790413126,1476,all normalized constructors,10
2.2210625547420317,2.221062554742031,Matched human Lean root values,,0.5531047335696545,-0.6682993775698891,-0.7433346238588541,182,20,pair_8956508b,1494,0.5801916955302377,0.5039425105789996,0.45727911419813405,1493,shared binary core,10
2.2210625547420317,2.221062554742031,Matched human Lean root values,,0.5531047335696545,-0.6682993775698891,-0.7433346238588541,182,20,pair_8956508b,1494,0.5801916955302377,0.5039425105789996,0.45727911419813405,1493,all normalized constructors,10
,,Matched AI Lean root values,insufficient tail variation,,,,53,3,pair_8956508b,328,,,,327,shared binary core,10
,,Matched AI Lean root values,insufficient tail variation,,,,53,3,pair_8956508b,328,,,,327,all normalized constructors,10
2.194211916867209,2.194211916867209,Matched human Lean root values,,2.513730221038708,-0.8455282285890284,-0.8803005617922983,220,104,pair_896a11b6,5932,0.011946177836977687,0.3978159786337415,0.37869650836515867,5931,shared binary core,10
2.194211916867209,2.194211916867209,Matched human Lean root values,,2.513730221038708,-0.8455282285890284,-0.8803005617922983,220,104,pair_896a11b6,5932,0.011946177836977687,0.3978159786337415,0.37869650836515867,5931,all normalized constructors,10
,,Matched AI Lean root values,insufficient tail variation,,,,38,9,pair_896a11b6,343,,,,342,shared binary core,10
,,Matched AI Lean root values,insufficient tail variation,,,,38,9,pair_896a11b6,343,,,,342,all normalized constructors,10
2.3989965431790523,2.3989965431790523,Matched human Lean root values,,2.5331783690096223,-0.7478491037207857,-0.6189114295093043,447,256,pair_8a45bd25,10946,0.011303341877729146,0.4545511799569183,0.5359747085907209,10945,shared binary core,10
2.3989965431790523,2.3989965431790523,Matched human Lean root values,,2.5331783690096223,-0.7478491037207857,-0.6189114295093043,447,256,pair_8a45bd25,10946,0.011303341877729146,0.4545511799569183,0.5359747085907209,10945,all normalized constructors,10
2.422822608203256,2.422822608203256,Matched AI Lean root values,,2.3943183808505206,-0.8310166425914528,-0.769247982367044,426,271,pair_8a45bd25,10981,0.01665128775519736,0.40596422769656637,0.4417461107940701,10980,shared binary core,10
2.422822608203256,2.422822608203256,Matched AI Lean root values,,2.3943183808505206,-0.8310166425914528,-0.769247982367044,426,271,pair_8a45bd25,10981,0.01665128775519736,0.40596422769656637,0.4417461107940701,10980,all normalized constructors,10
,,Matched human Lean root values,insufficient tail variation,,,,120,9,pair_8a465ac4,731,,,,730,shared binary core,10
,,Matched human Lean root values,insufficient tail variation,,,,120,9,pair_8a465ac4,731,,,,730,all normalized constructors,10
,,Matched AI Lean root values,insufficient tail variation,,,,107,9,pair_8a465ac4,670,,,,669,shared binary core,10
,,Matched AI Lean root values,insufficient tail variation,,,,107,9,pair_8a465ac4,670,,,,669,all normalized constructors,10
2.465285962670948,2.465285962670948,Matched human Lean root values,,0.9383550859250877,-0.6304397627014077,-0.6739329548661618,177,48,pair_8d6d2aa2,2547,0.34806195942519136,0.5284069023302913,0.5003539394622786,2546,shared binary core,10
2.465285962670948,2.465285962670948,Matched human Lean root values,,0.9383550859250877,-0.6304397627014077,-0.6739329548661618,177,48,pair_8d6d2aa2,2547,0.34806195942519136,0.5284069023302913,0.5003539394622786,2546,all normalized constructors,10
2.7311497708272805,2.731149770827281,Matched AI Lean root values,,0.9004015448449402,-0.49303992134675734,-0.5160571769125969,116,47,pair_8d6d2aa2,1913,0.36790659898659694,0.6219843799087489,0.6058144756983623,1912,shared binary core,10
2.7311497708272805,2.731149770827281,Matched AI Lean root values,,0.9004015448449402,-0.49303992134675734,-0.5160571769125969,116,47,pair_8d6d2aa2,1913,0.36790659898659694,0.6219843799087489,0.6058144756983623,1912,all normalized constructors,10
2.459750065028113,2.459750065028113,Matched human Lean root values,,1.3344479649669927,-0.07284800903541573,0.13278680282094926,152,20,pair_8e82b67b,1274,0.18205708944683197,0.9419270667295978,0.8943619917513447,1273,shared binary core,10
2.459750065028113,2.459750065028113,Matched human Lean root values,,1.3344479649669927,-0.07284800903541573,0.13278680282094926,152,20,pair_8e82b67b,1274,0.18205708944683197,0.9419270667295978,0.8943619917513447,1273,all normalized constructors,10
2.4383630625899464,2.4383630625899464,Matched AI Lean root values,,1.3403145981830349,-0.30692342391595534,-0.22325417710960332,203,38,pair_8e82b67b,2402,0.18014308743598662,0.7589016593152971,0.823337688565454,2401,shared binary core,10
2.4383630625899464,2.4383630625899464,Matched AI Lean root values,,1.3403145981830349,-0.30692342391595534,-0.22325417710960332,203,38,pair_8e82b67b,2402,0.18014308743598662,0.7589016593152971,0.823337688565454,2401,all normalized constructors,10
2.3213768375624446,2.3213768375624446,Matched human Lean root values,,1.3448610728002817,-0.6312944581098564,-0.6720622944520885,205,46,pair_915d7da0,2808,0.17867010323188426,0.527848009838896,0.5015440392957938,2807,shared binary core,10
2.3213768375624446,2.3213768375624446,Matched human Lean root values,,1.3448610728002817,-0.6312944581098564,-0.6720622944520885,205,46,pair_915d7da0,2808,0.17867010323188426,0.527848009838896,0.5015440392957938,2807,all normalized constructors,10
2.2361461076324693,2.23614610763247,Matched AI Lean root values,,1.4624531802737482,-0.7443517370396256,-0.7928267953008656,202,53,pair_915d7da0,3233,0.14361706547805275,0.4566637089639014,0.42787874266227244,3232,shared binary core,10
2.2361461076324693,2.23614610763247,Matched AI Lean root values,,1.4624531802737482,-0.7443517370396256,-0.7928267953008656,202,53,pair_915d7da0,3233,0.14361706547805275,0.4566637089639014,0.42787874266227244,3232,all normalized constructors,10
,,Matched human Lean root values,insufficient tail variation,,,,13,1,pair_919a0d3c,102,,,,101,shared binary core,10
,,Matched human Lean root values,insufficient tail variation,,,,13,1,pair_919a0d3c,102,,,,101,all normalized constructors,10
,,Matched AI Lean root values,insufficient tail variation,,,,13,1,pair_919a0d3c,96,,,,95,shared binary core,10
,,Matched AI Lean root values,insufficient tail variation,,,,13,1,pair_919a0d3c,96,,,,95,all normalized constructors,10
2.3297754494410396,2.32977544944104,Matched human Lean root values,,2.347178520254196,-0.3191491434855376,-0.049510747298071735,256,98,pair_92daf189,5175,0.018916189094137493,0.7496134194767563,0.9605122725995553,5174,shared binary core,10
2.3297754494410396,2.32977544944104,Matched human Lean root values,,2.347178520254196,-0.3191491434855376,-0.049510747298071735,256,98,pair_92daf189,5175,0.018916189094137493,0.7496134194767563,0.9605122725995553,5174,all normalized constructors,10
2.43142822072355,2.43142822072355,Matched AI Lean root values,,2.884214206544046,-0.1713489702966958,0.46330365865130313,247,131,pair_92daf189,5865,0.003923917442408317,0.8639493770639595,0.6431467236808386,5864,shared binary core,10
2.43142822072355,2.43142822072355,Matched AI Lean root values,,2.884214206544046,-0.1713489702966958,0.46330365865130313,247,131,pair_92daf189,5865,0.003923917442408317,0.8639493770639595,0.6431467236808386,5864,all normalized constructors,10
2.4680957453365764,2.4680957453365764,Matched human Lean root values,,2.1185421875023436,-0.1697125490412946,0.142318393783523,166,54,pair_95cc16d3,2544,0.03412917598063024,0.86523620453583,0.8868285182699859,2543,shared binary core,10
2.4680957453365764,2.4680957453365764,Matched human Lean root values,,2.1185421875023436,-0.1697125490412946,0.142318393783523,166,54,pair_95cc16d3,2544,0.03412917598063024,0.86523620453583,0.8868285182699859,2543,all normalized constructors,10
2.337688620874419,2.3376886208744185,Matched AI Lean root values,,1.1776232356447738,-0.8900654542507438,-0.9319882356160966,171,59,pair_95cc16d3,2885,0.2389468423939155,0.37343074112369967,0.35134260527425976,2884,shared binary core,10
2.337688620874419,2.3376886208744185,Matched AI Lean root values,,1.1776232356447738,-0.8900654542507438,-0.9319882356160966,171,59,pair_95cc16d3,2885,0.2389468423939155,0.37343074112369967,0.35134260527425976,2884,all normalized constructors,10
2.359077445625132,2.359077445625132,Matched human Lean root values,,2.4181228552262644,-0.7974367382965019,-0.7586259894823153,321,187,pair_95ff000b,8370,0.015600808531059576,0.425197429796183,0.44807632124827734,8369,shared binary core,10
2.359077445625132,2.359077445625132,Matched human Lean root values,,2.4181228552262644,-0.7974367382965019,-0.7586259894823153,321,187,pair_95ff000b,8370,0.015600808531059576,0.425197429796183,0.44807632124827734,8369,all normalized constructors,10
2.488198786359815,2.488198786359816,Matched AI Lean root values,,2.4142042848966785,-0.49812527624639924,-0.27732179492052117,292,195,pair_95ff000b,7738,0.01576961800374265,0.618395746015844,0.7815330256904456,7737,shared binary core,10
2.488198786359815,2.488198786359816,Matched AI Lean root values,,2.4142042848966785,-0.49812527624639924,-0.27732179492052117,292,195,pair_95ff000b,7738,0.01576961800374265,0.618395746015844,0.7815330256904456,7737,all normalized constructors,10
2.2632732801403614,2.2632732801403614,Matched human Lean root values,,0.994435261739685,-1.5463095724211267,-1.5628181038451716,334,171,pair_965e479d,7533,0.32001100826234286,0.12202982124557565,0.1180953847288547,7532,shared binary core,10
2.2632732801403614,2.2632732801403614,Matched human Lean root values,,0.994435261739685,-1.5463095724211267,-1.5628181038451716,334,171,pair_965e479d,7534,0.32001100826234286,0.12202982124557565,0.1180953847288547,7533,all normalized constructors,10
2.3515687005224617,2.3515687005224617,Matched AI Lean root values,,3.6670622717419494,-0.297212445416436,0.41962368941632316,525,305,pair_965e479d,13308,0.0002453530603936679,0.7663043208884583,0.6747603798345971,13307,shared binary core,10
2.3515687005224617,2.3515687005224617,Matched AI Lean root values,,3.6670622717419494,-0.297212445416436,0.41962368941632316,525,305,pair_965e479d,13308,0.0002453530603936679,0.7663043208884583,0.6747603798345971,13307,all normalized constructors,10
2.3375852339105263,2.3375852339105263,Matched human Lean root values,,2.1208401087373825,-0.618094788889296,-0.5363366882899714,290,115,pair_98273f65,5829,0.033935260127819014,0.5365128571758928,0.5917258788656523,5828,shared binary core,10
2.3375852339105263,2.3375852339105263,Matched human Lean root values,,2.1208401087373825,-0.618094788889296,-0.5363366882899714,290,115,pair_98273f65,5829,0.033935260127819014,0.5365128571758928,0.5917258788656523,5828,all normalized constructors,10
2.3658792920651237,2.3658792920651237,Matched AI Lean root values,,3.396984641294216,-0.34061545686749406,0.32429021748151354,418,246,pair_98273f65,10914,0.0006813279090841222,0.7333930916829132,0.7457183251752856,10913,shared binary core,10
2.3658792920651237,2.3658792920651237,Matched AI Lean root values,,3.396984641294216,-0.34061545686749406,0.32429021748151354,418,246,pair_98273f65,10914,0.0006813279090841222,0.7333930916829132,0.7457183251752856,10913,all normalized constructors,10
2.3889888453915926,2.3889888453915935,Matched human Lean root values,,2.6016886703885342,-0.10864880646760719,0.46742827187335395,268,77,pair_99ea5bb6,4820,0.009276602312656371,0.9134810478947412,0.6401934992458405,4819,shared binary core,10
2.3889888453915926,2.3889888453915935,Matched human Lean root values,,2.6016886703885342,-0.10864880646760719,0.46742827187335395,268,77,pair_99ea5bb6,4820,0.009276602312656371,0.9134810478947412,0.6401934992458405,4819,all normalized constructors,10
2.444332222082502,2.444332222082502,Matched AI Lean root values,,2.625901338576786,-0.2468635309595861,0.14182039241213915,212,81,pair_99ea5bb6,4649,0.008641986251603248,0.805013841014008,0.8872218760627322,4648,shared binary core,10
2.444332222082502,2.444332222082502,Matched AI Lean root values,,2.625901338576786,-0.2468635309595861,0.14182039241213915,212,81,pair_99ea5bb6,4649,0.008641986251603248,0.805013841014008,0.8872218760627322,4648,all normalized constructors,10
,,Matched human Lean root values,insufficient tail variation,,,,12,3,pair_99eea8ae,140,,,,139,shared binary core,10
,,Matched human Lean root values,insufficient tail variation,,,,12,3,pair_99eea8ae,140,,,,139,all normalized constructors,10
2.3575662472601406,2.3575662472601406,Matched AI Lean root values,,0.6251396969964533,-0.5323063011139326,-0.5534530542555693,125,23,pair_99eea8ae,1472,0.531879375896853,0.5945138687893115,0.5799532183934243,1471,shared binary core,10
2.3575662472601406,2.3575662472601406,Matched AI Lean root values,,0.6251396969964533,-0.5323063011139326,-0.5534530542555693,125,23,pair_99eea8ae,1472,0.531879375896853,0.5945138687893115,0.5799532183934243,1471,all normalized constructors,10
2.404089650639012,2.404089650639012,Matched human Lean root values,,2.8702830090909854,-0.6344308375051487,-0.33809067002490195,445,251,pair_9a76e23c,10103,0.004101045640687122,0.5257996899065106,0.7352948612463055,10102,shared binary core,10
2.404089650639012,2.404089650639012,Matched human Lean root values,,2.8702830090909854,-0.6344308375051487,-0.33809067002490195,445,251,pair_9a76e23c,10103,0.004101045640687122,0.5257996899065106,0.7352948612463055,10102,all normalized constructors,10
2.3724720857021158,2.3724720857021158,Matched AI Lean root values,,2.8061799214129888,-0.8348394312835933,-0.6565961985858069,496,274,pair_9a76e23c,11237,0.005013269123636466,0.40380812112094255,0.5114405938338321,11236,shared binary core,10
2.3724720857021158,2.3724720857021158,Matched AI Lean root values,,2.8061799214129888,-0.8348394312835933,-0.6565961985858069,496,274,pair_9a76e23c,11237,0.005013269123636466,0.40380812112094255,0.5114405938338321,11236,all normalized constructors,10
2.276523184684886,2.276523184684886,Matched human Lean root values,,0.8829909599399963,-0.3596880395532199,-0.3793380673375634,135,17,pair_9a84ead7,1221,0.3772411558506068,0.7190804372996811,0.7044368346687351,1220,shared binary core,10
2.276523184684886,2.276523184684886,Matched human Lean root values,,0.8829909599399963,-0.3596880395532199,-0.3793380673375634,135,17,pair_9a84ead7,1221,0.3772411558506068,0.7190804372996811,0.7044368346687351,1220,all normalized constructors,10
,,Matched AI Lean root values,insufficient tail variation,,,,71,9,pair_9a84ead7,555,,,,554,shared binary core,10
,,Matched AI Lean root values,insufficient tail variation,,,,71,9,pair_9a84ead7,555,,,,554,all normalized constructors,10
2.3132235917469988,2.3132235917469988,Matched human Lean root values,,0.10528333011376997,-0.8869184943150638,-0.940589479062599,96,24,pair_9af28884,1348,0.9161509900976685,0.3751227837493355,0.34691527553570745,1347,shared binary core,10
2.3132235917469988,2.3132235917469988,Matched human Lean root values,,0.10528333011376997,-0.8869184943150638,-0.940589479062599,96,24,pair_9af28884,1348,0.9161509900976685,0.3751227837493355,0.34691527553570745,1347,all normalized constructors,10
2.821178991150016,2.821178991150016,Matched AI Lean root values,,1.6618997624832124,-0.9673366521816871,0.8011348860387716,77,11,pair_9af28884,665,0.09653287433486443,0.3333757667217314,0.42305356191034316,664,shared binary core,10
2.821178991150016,2.821178991150016,Matched AI Lean root values,,1.6618997624832124,-0.9673366521816871,0.8011348860387716,77,11,pair_9af28884,665,0.09653287433486443,0.3333757667217314,0.42305356191034316,664,all normalized constructors,10
2.458961905865211,2.458961905865211,Matched human Lean root values,,1.200413056888186,-0.7162964010017439,-0.737665379549778,208,74,pair_9b461a0f,3666,0.22997896042370347,0.4738083486134175,0.4607178150691229,3665,shared binary core,10
2.458961905865211,2.458961905865211,Matched human Lean root values,,1.200413056888186,-0.7162964010017439,-0.737665379549778,208,74,pair_9b461a0f,3666,0.22997896042370347,0.4738083486134175,0.4607178150691229,3665,all normalized constructors,10
2.4182374071942894,2.4182374071942894,Matched AI Lean root values,,1.5632404118791385,-0.8316684867993669,-0.8519591396672087,186,96,pair_9b461a0f,4641,0.11799605812851907,0.4055960929610033,0.39423677092749665,4640,shared binary core,10
2.4182374071942894,2.4182374071942894,Matched AI Lean root values,,1.5632404118791385,-0.8316684867993669,-0.8519591396672087,186,96,pair_9b461a0f,4641,0.11799605812851907,0.4055960929610033,0.39423677092749665,4640,all normalized constructors,10
,,Matched human Lean root values,insufficient tail variation,,,,100,8,pair_9d3572bb,769,,,,768,shared binary core,10
,,Matched human Lean root values,insufficient tail variation,,,,100,8,pair_9d3572bb,769,,,,768,all normalized constructors,10
,,Matched AI Lean root values,insufficient tail variation,,,,76,7,pair_9d3572bb,660,,,,659,shared binary core,10
,,Matched AI Lean root values,insufficient tail variation,,,,76,7,pair_9d3572bb,660,,,,659,all normalized constructors,10
2.238909779422523,2.238909779422523,Matched human Lean root values,,2.7809557172442787,-0.7588854711833308,-0.7288969872168298,245,137,pair_9d50620a,6676,0.0054199129691589595,0.44792107078563204,0.46606467785967265,6675,shared binary core,10
2.238909779422523,2.238909779422523,Matched human Lean root values,,2.7809557172442787,-0.7588854711833308,-0.7288969872168298,245,137,pair_9d50620a,6676,0.0054199129691589595,0.44792107078563204,0.46606467785967265,6675,all normalized constructors,10
2.3585015774346916,2.3585015774346916,Matched AI Lean root values,,2.73341530550561,-0.7236519619419055,-0.5833820534351911,373,206,pair_9d50620a,8221,0.006268124154658584,0.46927943192965604,0.5596361364232206,8220,shared binary core,10
2.3585015774346916,2.3585015774346916,Matched AI Lean root values,,2.73341530550561,-0.7236519619419055,-0.5833820534351911,373,206,pair_9d50620a,8221,0.006268124154658584,0.46927943192965604,0.5596361364232206,8220,all normalized constructors,10
2.2999202400268763,2.299920240026876,Matched human Lean root values,,0.9116567296148248,-0.6392495405853904,-0.6624119114426241,183,37,pair_9effdc53,2078,0.3619494488953636,0.5226606085973272,0.5077072719622593,2077,shared binary core,10
2.2999202400268763,2.299920240026876,Matched human Lean root values,,0.9116567296148248,-0.6392495405853904,-0.6624119114426241,183,37,pair_9effdc53,2078,0.3619494488953636,0.5226606085973272,0.5077072719622593,2077,all normalized constructors,10
2.3027991197568083,2.3027991197568083,Matched AI Lean root values,,1.2393744024395694,-0.6295180944063035,-0.6527274314013822,201,48,pair_9effdc53,2693,0.21520687653126014,0.5290099265087824,0.5139320146192117,2692,shared binary core,10
2.3027991197568083,2.3027991197568083,Matched AI Lean root values,,1.2393744024395694,-0.6295180944063035,-0.6527274314013822,201,48,pair_9effdc53,2693,0.21520687653126014,0.5290099265087824,0.5139320146192117,2692,all normalized constructors,10
2.1429369760123116,2.1429369760123116,Matched human Lean root values,,0.5981578870173828,-1.0003461300309033,-1.0935024529887853,184,35,pair_9f0d7c77,2422,0.5497345882441698,0.3171430301837467,0.27417325257526837,2421,shared binary core,10
2.1429369760123116,2.1429369760123116,Matched human Lean root values,,0.5981578870173828,-1.0003461300309033,-1.0935024529887853,184,35,pair_9f0d7c77,2422,0.5497345882441698,0.3171430301837467,0.27417325257526837,2421,all normalized constructors,10
2.568278788980953,2.568278788980953,Matched AI Lean root values,,2.7136531658321164,-1.010037519593337,0.8967204670213804,182,70,pair_9f0d7c77,3249,0.006654579743967643,0.3124773146635619,0.3698680964511558,3248,shared binary core,10
2.568278788980953,2.568278788980953,Matched AI Lean root values,,2.7136531658321164,-1.010037519593337,0.8967204670213804,182,70,pair_9f0d7c77,3249,0.006654579743967643,0.3124773146635619,0.3698680964511558,3248,all normalized constructors,10
2.443149148049996,2.443149148049996,Matched human Lean root values,,2.3244445892086087,-0.31043927669941546,0.050687531445397574,366,142,pair_a0095248,7070,0.020101678108786363,0.7562269299540809,0.9595745123431871,7069,shared binary core,10
2.443149148049996,2.443149148049996,Matched human Lean root values,,2.3244445892086087,-0.31043927669941546,0.050687531445397574,366,142,pair_a0095248,7070,0.020101678108786363,0.7562269299540809,0.9595745123431871,7069,all normalized constructors,10
2.3170403674440254,2.317040367444026,Matched AI Lean root values,,2.0807363654053286,-1.200512557530795,-1.2323462450171776,439,228,pair_a0095248,10098,0.037458043553805914,0.2299403386086245,0.2178197718713969,10097,shared binary core,10
2.3170403674440254,2.317040367444026,Matched AI Lean root values,,2.0807363654053286,-1.200512557530795,-1.2323462450171776,439,228,pair_a0095248,10098,0.037458043553805914,0.2299403386086245,0.2178197718713969,10097,all normalized constructors,10
2.466744751670335,2.466744751670336,Matched human Lean root values,,2.5092332707396756,0.0019177222933779402,0.5034135797673622,199,53,pair_a00e8681,3401,0.012099355366778513,0.9984698799280829,0.6146735260203706,3400,shared binary core,10
2.466744751670335,2.466744751670336,Matched human Lean root values,,2.5092332707396756,0.0019177222933779402,0.5034135797673622,199,53,pair_a00e8681,3401,0.012099355366778513,0.9984698799280829,0.6146735260203706,3400,all normalized constructors,10
2.5156990138310142,2.5156990138310142,Matched AI Lean root values,,1.8266449105520706,-0.45333097476038364,-0.36565319052118445,171,74,pair_a00e8681,3625,0.06775317620358791,0.6503104317732149,0.7146238792229171,3624,shared binary core,10
2.5156990138310142,2.5156990138310142,Matched AI Lean root values,,1.8266449105520706,-0.45333097476038364,-0.36565319052118445,171,74,pair_a00e8681,3625,0.06775317620358791,0.6503104317732149,0.7146238792229171,3624,all normalized constructors,10
2.641674288395322,2.641674288395321,Matched human Lean root values,,1.6363446880200447,-0.10321596807247002,0.16941727003415724,125,36,pair_a10926bc,1829,0.10176746833322764,0.9177915669101485,0.8654684403302592,1828,shared binary core,10
2.641674288395322,2.641674288395321,Matched human Lean root values,,1.6363446880200447,-0.10321596807247002,0.16941727003415724,125,36,pair_a10926bc,1829,0.10176746833322764,0.9177915669101485,0.8654684403302592,1828,all normalized constructors,10
2.86890989809969,2.86890989809969,Matched AI Lean root values,,2.3862805103738176,-0.9936009827329021,0.9719073371224454,129,56,pair_a10926bc,2327,0.0170197635696818,0.3204171655612347,0.3310966493272921,2326,shared binary core,10
2.86890989809969,2.86890989809969,Matched AI Lean root values,,2.3862805103738176,-0.9936009827329021,0.9719073371224454,129,56,pair_a10926bc,2327,0.0170197635696818,0.3204171655612347,0.3310966493272921,2326,all normalized constructors,10
,,Matched human Lean root values,insufficient tail variation,,,,59,5,pair_a302a9d8,607,,,,606,shared binary core,10
,,Matched human Lean root values,insufficient tail variation,,,,59,5,pair_a302a9d8,607,,,,606,all normalized constructors,10
,,Matched AI Lean root values,insufficient tail variation,,,,52,5,pair_a302a9d8,505,,,,504,shared binary core,10
,,Matched AI Lean root values,insufficient tail variation,,,,52,5,pair_a302a9d8,505,,,,504,all normalized constructors,10
2.5349212184475887,2.5349212184475887,Matched human Lean root values,,1.0756620571222781,-0.7809718259445955,-0.8242223726689629,171,83,pair_a3b6f8e9,3404,0.2820784225153782,0.4348190654845251,0.4098132170766903,3403,shared binary core,10
2.5349212184475887,2.5349212184475887,Matched human Lean root values,,1.0756620571222781,-0.7809718259445955,-0.8242223726689629,171,83,pair_a3b6f8e9,3404,0.2820784225153782,0.4348190654845251,0.4098132170766903,3403,all normalized constructors,10
2.2531858974410257,2.2531858974410257,Matched AI Lean root values,,0.6020026874752189,-1.616428287150525,-1.6921106963082462,184,93,pair_a3b6f8e9,4326,0.5471723484829158,0.10600174658825721,0.09062486939503421,4325,shared binary core,10
2.2531858974410257,2.2531858974410257,Matched AI Lean root values,,0.6020026874752189,-1.616428287150525,-1.6921106963082462,184,93,pair_a3b6f8e9,4326,0.5471723484829158,0.10600174658825721,0.09062486939503421,4325,all normalized constructors,10
2.2312983240747477,2.2312983240747477,Matched human Lean root values,,0.8553473669331354,-0.8352587707009698,-0.8588858902312276,202,48,pair_a41e71a8,3040,0.3923588722380107,0.40357202575840967,0.3904034746470303,3039,shared binary core,10
2.2312983240747477,2.2312983240747477,Matched human Lean root values,,0.8553473669331354,-0.8352587707009698,-0.8588858902312276,202,48,pair_a41e71a8,3040,0.3923588722380107,0.40357202575840967,0.3904034746470303,3039,all normalized constructors,10
2.4490148839260018,2.4490148839260018,Matched AI Lean root values,,2.2221402071858103,-0.5654487494428673,-0.4414064122380327,277,130,pair_a41e71a8,5275,0.026273831781344036,0.5717685743296341,0.6589188009034412,5274,shared binary core,10
2.4490148839260018,2.4490148839260018,Matched AI Lean root values,,2.2221402071858103,-0.5654487494428673,-0.4414064122380327,277,130,pair_a41e71a8,5275,0.026273831781344036,0.5717685743296341,0.6589188009034412,5274,all normalized constructors,10
2.751571669380019,2.751571669380019,Matched human Lean root values,,2.465592928529145,0.008674474989466652,0.8284716682389653,178,86,pair_a57e4b7b,3407,0.013678668824843778,0.9930788571315912,0.40740343352569863,3406,shared binary core,10
2.751571669380019,2.751571669380019,Matched human Lean root values,,2.465592928529145,0.008674474989466652,0.8284716682389653,178,86,pair_a57e4b7b,3407,0.013678668824843778,0.9930788571315912,0.40740343352569863,3406,all normalized constructors,10
2.5087798654826328,2.5087798654826328,Matched AI Lean root values,,2.173456931811053,-0.4541346620651539,-0.2235495460752178,371,178,pair_a57e4b7b,6987,0.02974594392398057,0.6497319065424229,0.8231078264218148,6986,shared binary core,10
2.5087798654826328,2.5087798654826328,Matched AI Lean root values,,2.173456931811053,-0.4541346620651539,-0.2235495460752178,371,178,pair_a57e4b7b,6987,0.02974594392398057,0.6497319065424229,0.8231078264218148,6986,all normalized constructors,10
2.1175818391343917,2.1175818391343917,Matched human Lean root values,,-0.5359899231021527,-1.123000321794866,-1.4081426329855156,116,12,pair_aa25e669,952,0.5919655148301736,0.26143735778265953,0.15908883914159844,951,shared binary core,10
2.1175818391343917,2.1175818391343917,Matched human Lean root values,,-0.5359899231021527,-1.123000321794866,-1.4081426329855156,116,12,pair_aa25e669,952,0.5919655148301736,0.26143735778265953,0.15908883914159844,951,all normalized constructors,10
2.6000364765816704,2.6000364765816704,Matched AI Lean root values,,1.5540991927932626,-0.6838689060291364,-0.7261167067956099,202,100,pair_aa25e669,3752,0.12016075773886861,0.4940579502156073,0.4677672279548316,3751,shared binary core,10
2.6000364765816704,2.6000364765816704,Matched AI Lean root values,,1.5540991927932626,-0.6838689060291364,-0.7261167067956099,202,100,pair_aa25e669,3752,0.12016075773886861,0.4940579502156073,0.4677672279548316,3751,all normalized constructors,10
2.5278817663269484,2.5278817663269484,Matched human Lean root values,,-0.06333102287518895,-0.5739475682983515,-0.6063475501328967,55,21,pair_ab0f093e,1106,0.9495029126571368,0.5660032822651189,0.5442839895147933,1105,shared binary core,10
2.5278817663269484,2.5278817663269484,Matched human Lean root values,,-0.06333102287518895,-0.5739475682983515,-0.6063475501328967,55,21,pair_ab0f093e,1106,0.9495029126571368,0.5660032822651189,0.5442839895147933,1105,all normalized constructors,10
,,Matched AI Lean root values,insufficient tail variation,,,,36,5,pair_ab0f093e,399,,,,398,shared binary core,10
,,Matched AI Lean root values,insufficient tail variation,,,,36,5,pair_ab0f093e,399,,,,398,all normalized constructors,10
2.608647906015701,2.6086479060157006,Matched human Lean root values,,2.6277099791126446,-1.0096009622625421,0.8467634804968014,198,77,pair_acbd062f,3526,0.0085961769929927,0.3126865084241246,0.39712696750156773,3525,shared binary core,10
2.608647906015701,2.6086479060157006,Matched human Lean root values,,2.6277099791126446,-1.0096009622625421,0.8467634804968014,198,77,pair_acbd062f,3526,0.0085961769929927,0.3126865084241246,0.39712696750156773,3525,all normalized constructors,10
2.1247192818881118,2.1247192818881118,Matched AI Lean root values,,0.9882131442532366,-0.7180881058455386,-0.7577268283729425,219,37,pair_acbd062f,2744,0.32304827211749276,0.47270296347975593,0.4486145346437921,2743,shared binary core,10
2.1247192818881118,2.1247192818881118,Matched AI Lean root values,,0.9882131442532366,-0.7180881058455386,-0.7577268283729425,219,37,pair_acbd062f,2744,0.32304827211749276,0.47270296347975593,0.4486145346437921,2743,all normalized constructors,10
,,Matched human Lean root values,insufficient tail variation,,,,17,2,pair_ad39313c,168,,,,167,shared binary core,10
,,Matched human Lean root values,insufficient tail variation,,,,17,2,pair_ad39313c,168,,,,167,all normalized constructors,10
2.1806495738083163,2.1806495738083163,Matched AI Lean root values,,-2.8083093094665275,-1.6502370297737858,-1.963208180737576,46,13,pair_ad39313c,661,0.004980236730160958,0.09889446588282008,0.049621989183628964,660,shared binary core,10
2.1806495738083163,2.1806495738083163,Matched AI Lean root values,,-2.8083093094665275,-1.6502370297737858,-1.963208180737576,46,13,pair_ad39313c,661,0.004980236730160958,0.09889446588282008,0.049621989183628964,660,all normalized constructors,10
2.6390319235724444,2.6390319235724444,Matched human Lean root values,,1.7919825742472144,-0.36733491044929983,-0.1999080395217104,187,92,pair_ae900f0c,3687,0.07313575740525852,0.7133692166913419,0.8415525027294244,3686,shared binary core,10
2.6390319235724444,2.6390319235724444,Matched human Lean root values,,1.7919825742472144,-0.36733491044929983,-0.1999080395217104,187,92,pair_ae900f0c,3687,0.07313575740525852,0.7133692166913419,0.8415525027294244,3686,all normalized constructors,10
2.999999999999999,3.230611935381533,Matched AI Lean root values,,1.8966515297687716,-1.1659212425641599,0.40674612100131996,109,20,pair_ae900f0c,1046,0.05787394481306777,0.24364628948559997,0.6841944625214191,1045,shared binary core,10
2.999999999999999,3.230611935381533,Matched AI Lean root values,,1.8966515297687716,-1.1659212425641599,0.40674612100131996,109,20,pair_ae900f0c,1046,0.05787394481306777,0.24364628948559997,0.6841944625214191,1045,all normalized constructors,10
2.298052710144291,2.298052710144291,Matched human Lean root values,,4.420334919845296,-0.5535642204728515,0.1424534998746697,599,430,pair_ae9ff2a1,19650,9.854804466174398e-06,0.5798771183165212,0.886721806432081,19649,shared binary core,10
2.298052710144291,2.298052710144291,Matched human Lean root values,,4.420334919845296,-0.5535642204728515,0.1424534998746697,599,430,pair_ae9ff2a1,19650,9.854804466174398e-06,0.5798771183165212,0.886721806432081,19649,all normalized constructors,10
2.344462515888427,2.344462515888427,Matched AI Lean root values,,4.634051449177055,-0.23220671754343414,0.5085563822265599,203,170,pair_ae9ff2a1,7642,3.585778151297774e-06,0.8163774604981815,0.6110632090085765,7641,shared binary core,10
2.344462515888427,2.344462515888427,Matched AI Lean root values,,4.634051449177055,-0.23220671754343414,0.5085563822265599,203,170,pair_ae9ff2a1,7642,3.585778151297774e-06,0.8163774604981815,0.6110632090085765,7641,all normalized constructors,10
2.3259071309280612,2.325907130928062,Matched human Lean root values,,0.7507925219813127,-0.8649672610049582,-0.9206020727416167,164,47,pair_af58b0a0,2481,0.45277753056312475,0.38705675831044595,0.35725821964913607,2480,shared binary core,10
2.3259071309280612,2.325907130928062,Matched human Lean root values,,0.7507925219813127,-0.8649672610049582,-0.9206020727416167,164,47,pair_af58b0a0,2481,0.45277753056312475,0.38705675831044595,0.35725821964913607,2480,all normalized constructors,10
2.403551700303257,2.4035517003032574,Matched AI Lean root values,,1.0990863354068534,-0.862668756792587,-0.9215926077884237,166,59,pair_af58b0a0,2855,0.27173040959098116,0.38831961501959067,0.3567411157940935,2854,shared binary core,10
2.403551700303257,2.4035517003032574,Matched AI Lean root values,,1.0990863354068534,-0.862668756792587,-0.9215926077884237,166,59,pair_af58b0a0,2855,0.27173040959098116,0.38831961501959067,0.3567411157940935,2854,all normalized constructors,10
2.4307828380977496,2.4307828380977496,Matched human Lean root values,,2.801076835501376,-0.23731704393769767,0.23442140333635586,339,171,pair_b0ad8896,7966,0.005093239059745517,0.8124108405854734,0.8146578440547785,7965,shared binary core,10
2.4307828380977496,2.4307828380977496,Matched human Lean root values,,2.801076835501376,-0.23731704393769767,0.23442140333635586,339,171,pair_b0ad8896,7966,0.005093239059745517,0.8124108405854734,0.8146578440547785,7965,all normalized constructors,10
2.561563063002507,2.5615630630025072,Matched AI Lean root values,,2.984983502660963,-0.06275831162292629,0.8768742837755447,300,145,pair_b0ad8896,6529,0.002835936182666243,0.9499589629002265,0.38055492555408166,6528,shared binary core,10
2.561563063002507,2.5615630630025072,Matched AI Lean root values,,2.984983502660963,-0.06275831162292629,0.8768742837755447,300,145,pair_b0ad8896,6529,0.002835936182666243,0.9499589629002265,0.38055492555408166,6528,all normalized constructors,10
2.409900153544546,2.4099001535445463,Matched human Lean root values,,3.102930506722573,-0.6563451299737866,-0.3921196887120424,342,247,pair_b1a1594e,11729,0.0019161462910285045,0.5116020862262483,0.694969780599787,11728,shared binary core,10
2.409900153544546,2.4099001535445463,Matched human Lean root values,,3.102930506722573,-0.6563451299737866,-0.3921196887120424,342,247,pair_b1a1594e,11729,0.0019161462910285045,0.5116020862262483,0.694969780599787,11728,all normalized constructors,10
2.361739756655357,2.361739756655357,Matched AI Lean root values,,2.1165123743567738,-1.3356404277361615,-1.3834957861553616,321,244,pair_b1a1594e,10433,0.034301253896587315,0.1816668294435586,0.16651289849844442,10432,shared binary core,10
2.361739756655357,2.361739756655357,Matched AI Lean root values,,2.1165123743567738,-1.3356404277361615,-1.3834957861553616,321,244,pair_b1a1594e,10433,0.034301253896587315,0.1816668294435586,0.16651289849844442,10432,all normalized constructors,10
2.3939980465443425,2.3939980465443425,Matched human Lean root values,,0.6371178407967167,-0.6397737565117203,-0.669822077121487,150,39,pair_b21abbab,2052,0.5240480883972518,0.522319696474803,0.5029712182090028,2051,shared binary core,10
2.3939980465443425,2.3939980465443425,Matched human Lean root values,,0.6371178407967167,-0.6397737565117203,-0.669822077121487,150,39,pair_b21abbab,2052,0.5240480883972518,0.522319696474803,0.5029712182090028,2051,all normalized constructors,10
2.5540470818875107,2.55404708188751,Matched AI Lean root values,,1.6726285247522068,-0.7349843058522966,-0.7617695295101862,286,143,pair_b21abbab,5067,0.09440044786612367,0.46234905222933476,0.44619756926244125,5066,shared binary core,10
2.5540470818875107,2.55404708188751,Matched AI Lean root values,,1.6726285247522068,-0.7349843058522966,-0.7617695295101862,286,143,pair_b21abbab,5067,0.09440044786612367,0.46234905222933476,0.44619756926244125,5066,all normalized constructors,10
2.278350466369675,2.278350466369675,Matched human Lean root values,,1.3959175637204493,-1.3053411511945707,-1.3596332810277687,280,142,pair_b39511ce,6360,0.162739320959001,0.1917767074465262,0.17394600090017043,6359,shared binary core,10
2.278350466369675,2.278350466369675,Matched human Lean root values,,1.3959175637204493,-1.3053411511945707,-1.3596332810277687,280,142,pair_b39511ce,6360,0.162739320959001,0.1917767074465262,0.17394600090017043,6359,all normalized constructors,10
2.249032652388572,2.249032652388572,Matched AI Lean root values,,1.5996889233540388,-0.9614530828662784,-1.009915780899368,187,77,pair_b39511ce,4121,0.10966761033715122,0.33632440487379656,0.312535641314615,4120,shared binary core,10
2.249032652388572,2.249032652388572,Matched AI Lean root values,,1.5996889233540388,-0.9614530828662784,-1.009915780899368,187,77,pair_b39511ce,4121,0.10966761033715122,0.33632440487379656,0.312535641314615,4120,all normalized constructors,10
2.4304539305097164,2.4304539305097164,Matched human Lean root values,,2.562266210482532,-1.0143585102346797,0.8756548001391937,209,25,pair_b40cb2db,1893,0.010399157477242344,0.3104117142385965,0.3812177244756475,1892,shared binary core,10
2.4304539305097164,2.4304539305097164,Matched human Lean root values,,2.562266210482532,-1.0143585102346797,0.8756548001391937,209,25,pair_b40cb2db,1893,0.010399157477242344,0.3104117142385965,0.3812177244756475,1892,all normalized constructors,10
2.515107682164506,2.5151076821645058,Matched AI Lean root values,,1.8231709903035758,-0.05081483470868007,0.26438537270383095,171,38,pair_b40cb2db,2181,0.06827749731003695,0.9594730697610477,0.7914829815472788,2180,shared binary core,10
2.515107682164506,2.5151076821645058,Matched AI Lean root values,,1.8231709903035758,-0.05081483470868007,0.26438537270383095,171,38,pair_b40cb2db,2181,0.06827749731003695,0.9594730697610477,0.7914829815472788,2180,all normalized constructors,10
2.401238430005659,2.401238430005659,Matched human Lean root values,,1.0349320358034275,-0.2565399552111839,-0.23774702282683696,124,19,pair_b4b63346,1165,0.3007006522969312,0.7975339326062589,0.8120773101843133,1164,shared binary core,10
2.3964474661650415,2.3964474661650415,Matched human Lean root values,,1.0164930797520695,-0.26417425116584314,-0.25739308325536625,124,19,pair_b4b63346,1166,0.30939464125730576,0.7916456510762552,0.7968753418267753,1165,all normalized constructors,10
2.502326255796495,2.502326255796495,Matched AI Lean root values,,1.8467328480511302,-0.16953581833188464,0.08129245094692543,134,38,pair_b4b63346,2183,0.06478586850589955,0.8653752011566974,0.9352093773933202,2182,shared binary core,10
2.4996907052698365,2.4996907052698365,Matched AI Lean root values,,1.8363994413353013,-0.1749709796160956,0.07408661674236472,134,38,pair_b4b63346,2184,0.06629860214550927,0.861102436699958,0.940941464286531,2183,all normalized constructors,10
2.3200632503844427,2.320063250384443,Matched human Lean root values,,1.4410334020198177,-0.22200860274295636,-0.13843637213445587,122,13,pair_b4b897fd,971,0.14957524652295429,0.8243071864175576,0.8898955529376065,970,shared binary core,10
2.3200632503844427,2.320063250384443,Matched human Lean root values,,1.4410334020198177,-0.22200860274295636,-0.13843637213445587,122,13,pair_b4b897fd,971,0.14957524652295429,0.8243071864175576,0.8898955529376065,970,all normalized constructors,10
2.2648714799896243,2.2648714799896243,Matched AI Lean root values,,1.2502970427041238,-0.2406892294963614,-0.220002921508774,118,12,pair_b4b897fd,947,0.21119105832126173,0.8097959872271858,0.8258688794113058,946,shared binary core,10
2.2648714799896243,2.2648714799896243,Matched AI Lean root values,,1.2502970427041238,-0.2406892294963614,-0.220002921508774,118,12,pair_b4b897fd,947,0.21119105832126173,0.8097959872271858,0.8258688794113058,946,all normalized constructors,10
2.4834280553965025,2.4834280553965025,Matched human Lean root values,,2.0965924599696915,-0.22094518100328386,0.09296620475543532,256,86,pair_b4d61cac,4399,0.03602966731996145,0.8251351172706525,0.9259304096125893,4398,shared binary core,10
2.4834280553965025,2.4834280553965025,Matched human Lean root values,,2.0965924599696915,-0.22094518100328386,0.09296620475543532,256,86,pair_b4d61cac,4399,0.03602966731996145,0.8251351172706525,0.9259304096125893,4398,all normalized constructors,10
2.520808531474697,2.5208085314746977,Matched AI Lean root values,,2.4121478916451116,-0.3077975289184671,0.054093515626757904,263,136,pair_b4d61cac,5862,0.015858847258971628,0.7582364020067869,0.9568606584655943,5861,shared binary core,10
2.520808531474697,2.5208085314746977,Matched AI Lean root values,,2.4121478916451116,-0.3077975289184671,0.054093515626757904,263,136,pair_b4d61cac,5862,0.015858847258971628,0.7582364020067869,0.9568606584655943,5861,all normalized constructors,10
2.124481889365347,2.124481889365347,Matched human Lean root values,,0.20398126566738511,-0.9279614587405546,-1.0274964569727412,91,11,pair_b5dab1a1,886,0.8383681389520629,0.3534275622524421,0.3041867529195451,885,shared binary core,10
2.124481889365347,2.124481889365347,Matched human Lean root values,,0.20398126566738511,-0.9279614587405546,-1.0274964569727412,91,11,pair_b5dab1a1,886,0.8383681389520629,0.3534275622524421,0.3041867529195451,885,all normalized constructors,10
,,Matched AI Lean root values,insufficient tail variation,,,,75,7,pair_b5dab1a1,692,,,,691,shared binary core,10
,,Matched AI Lean root values,insufficient tail variation,,,,75,7,pair_b5dab1a1,692,,,,691,all normalized constructors,10
,,Matched human Lean root values,insufficient tail variation,,,,49,5,pair_b7bb3d8e,335,,,,334,shared binary core,10
,,Matched human Lean root values,insufficient tail variation,,,,49,5,pair_b7bb3d8e,335,,,,334,all normalized constructors,10
,,Matched AI Lean root values,insufficient tail variation,,,,49,5,pair_b7bb3d8e,362,,,,361,shared binary core,10
,,Matched AI Lean root values,insufficient tail variation,,,,49,5,pair_b7bb3d8e,362,,,,361,all normalized constructors,10
2.5080512617100927,2.5080512617100923,Matched human Lean root values,,2.0616916414443236,-0.24458087642583487,0.047560778940864606,212,87,pair_b94f69f4,3916,0.039237102863395434,0.8067809728092884,0.9620662905057332,3915,shared binary core,10
2.5080512617100927,2.5080512617100923,Matched human Lean root values,,2.0616916414443236,-0.24458087642583487,0.047560778940864606,212,87,pair_b94f69f4,3916,0.039237102863395434,0.8067809728092884,0.9620662905057332,3915,all normalized constructors,10
2.394492251442965,2.3944922514429656,Matched AI Lean root values,,2.396633743263391,-0.5349964065661384,-0.38830621577430896,236,111,pair_b94f69f4,5183,0.016546453725722075,0.5926523421174583,0.6977894379365726,5182,shared binary core,10
2.394492251442965,2.3944922514429656,Matched AI Lean root values,,2.396633743263391,-0.5349964065661384,-0.38830621577430896,236,111,pair_b94f69f4,5183,0.016546453725722075,0.5926523421174583,0.6977894379365726,5182,all normalized constructors,10
2.7435946469779653,2.7435946469779653,Matched human Lean root values,,2.6199839437285224,0.04072472207215015,0.612263366032435,199,126,pair_b9bbcc78,5405,0.0087933907039041,0.9675153525778744,0.54036352327608,5404,shared binary core,10
2.7435946469779653,2.7435946469779653,Matched human Lean root values,,2.6199839437285224,0.04072472207215015,0.612263366032435,199,126,pair_b9bbcc78,5405,0.0087933907039041,0.9675153525778744,0.54036352327608,5404,all normalized constructors,10
2.787909840722082,2.787909840722082,Matched AI Lean root values,,2.509427406622681,-0.1134282885142744,0.33978647889283636,197,162,pair_b9bbcc78,6143,0.01209270682450864,0.9096910134402016,0.7340173310269427,6142,shared binary core,10
2.787909840722082,2.787909840722082,Matched AI Lean root values,,2.509427406622681,-0.1134282885142744,0.33978647889283636,197,162,pair_b9bbcc78,6143,0.01209270682450864,0.9096910134402016,0.7340173310269427,6142,all normalized constructors,10
2.3449155308100167,2.344915530810017,Matched human Lean root values,,2.3587963815851904,-0.44558614302722654,-0.3359573174745339,190,57,pair_ba39d0a3,3417,0.01833431263770321,0.6558962219398191,0.7369030533043746,3416,shared binary core,10
2.3449155308100167,2.344915530810017,Matched human Lean root values,,2.3587963815851904,-0.44558614302722654,-0.3359573174745339,190,57,pair_ba39d0a3,3417,0.01833431263770321,0.6558962219398191,0.7369030533043746,3416,all normalized constructors,10
2.5032846285916923,2.5032846285916923,Matched AI Lean root values,,2.2052469800235595,-0.6145187054159743,-0.56204207106734,161,81,pair_ba39d0a3,3583,0.027436768133361877,0.538872616218649,0.5740873553070744,3582,shared binary core,10
2.5032846285916923,2.5032846285916923,Matched AI Lean root values,,2.2052469800235595,-0.6145187054159743,-0.56204207106734,161,81,pair_ba39d0a3,3583,0.027436768133361877,0.538872616218649,0.5740873553070744,3582,all normalized constructors,10
2.3890983563371435,2.3890983563371435,Matched human Lean root values,,2.210044996692262,-0.4255532757402154,-0.2358268112643969,309,116,pair_babc83eb,5896,0.027102039593165806,0.6704333931590383,0.813567062461232,5895,shared binary core,10
2.3890983563371435,2.3890983563371435,Matched human Lean root values,,2.210044996692262,-0.4255532757402154,-0.2358268112643969,309,116,pair_babc83eb,5896,0.027102039593165806,0.6704333931590383,0.813567062461232,5895,all normalized constructors,10
2.384135304721625,2.384135304721625,Matched AI Lean root values,,2.537352290511021,-0.7254481391937638,-0.5860121650343881,314,169,pair_babc83eb,7165,0.011169449179193151,0.46817714962451074,0.557867339906386,7164,shared binary core,10
2.384135304721625,2.384135304721625,Matched AI Lean root values,,2.537352290511021,-0.7254481391937638,-0.5860121650343881,314,169,pair_babc83eb,7165,0.011169449179193151,0.46817714962451074,0.557867339906386,7164,all normalized constructors,10
2.278220033657554,2.2782200336575547,Matched human Lean root values,,1.243213865169375,-0.6093698682408597,-0.6541708894978036,174,33,pair_bb5a8572,1931,0.21378903472753918,0.542279305550424,0.5130017141078069,1930,shared binary core,10
2.278220033657554,2.2782200336575547,Matched human Lean root values,,1.243213865169375,-0.6093698682408597,-0.6541708894978036,174,33,pair_bb5a8572,1931,0.21378903472753918,0.542279305550424,0.5130017141078069,1930,all normalized constructors,10
2.4756865271632345,2.475686527163235,Matched AI Lean root values,,2.7506434321501576,-0.11836100865799587,0.27661681450356057,167,61,pair_bb5a8572,3331,0.005947834637010041,0.905781619140049,0.7820743522156735,3330,shared binary core,10
2.4756865271632345,2.475686527163235,Matched AI Lean root values,,2.7506434321501576,-0.11836100865799587,0.27661681450356057,167,61,pair_bb5a8572,3331,0.005947834637010041,0.905781619140049,0.7820743522156735,3330,all normalized constructors,10
2.439220210343712,2.439220210343712,Matched human Lean root values,,1.2392986166143956,-0.2861841173994546,-0.20724121754292857,169,30,pair_bc3e9c75,1839,0.21523493084556322,0.7747371077331249,0.8358214790325499,1838,shared binary core,10
2.439220210343712,2.439220210343712,Matched human Lean root values,,1.2392986166143956,-0.2861841173994546,-0.20724121754292857,169,30,pair_bc3e9c75,1839,0.21523493084556322,0.7747371077331249,0.8358214790325499,1838,all normalized constructors,10
2.3787502754430223,2.378750275443022,Matched AI Lean root values,,1.4372739953236868,-0.38602131883632923,-0.36186120796574006,170,43,pair_bc3e9c75,2538,0.1506401548795465,0.699480880056861,0.7174557497629614,2537,shared binary core,10
2.3787502754430223,2.378750275443022,Matched AI Lean root values,,1.4372739953236868,-0.38602131883632923,-0.36186120796574006,170,43,pair_bc3e9c75,2538,0.1506401548795465,0.699480880056861,0.7174557497629614,2537,all normalized constructors,10
1.9251428300894933,1.9251428300894933,Matched human Lean root values,,11.072077229232953,-1.4175102973308147,4.1852236210019615,2379,469,pair_bd329034,58504,1.7138128052793436e-28,0.15633378588094668,2.848855037361691e-05,58503,shared binary core,10
1.9251428300894933,1.9251428300894933,Matched human Lean root values,,11.072077229232953,-1.4175102973308147,4.1852236210019615,2379,469,pair_bd329034,58504,1.7138128052793436e-28,0.15633378588094668,2.848855037361691e-05,58503,all normalized constructors,10
1.9251428300894933,1.9251428300894933,Matched AI Lean root values,,11.072077229232953,-1.4175102973308147,4.1852236210019615,2379,469,pair_bd329034,58504,1.7138128052793436e-28,0.15633378588094668,2.848855037361691e-05,58503,shared binary core,10
1.9251428300894933,1.9251428300894933,Matched AI Lean root values,,11.072077229232953,-1.4175102973308147,4.1852236210019615,2379,469,pair_bd329034,58504,1.7138128052793436e-28,0.15633378588094668,2.848855037361691e-05,58503,all normalized constructors,10
2.4671368595033982,2.4671368595033982,Matched human Lean root values,,4.846987588746681,-0.6519700850435715,1.1386601951204585,215,279,pair_bde52c9a,10978,1.2535026631368466e-06,0.5144204708514775,0.2548449110411669,10977,shared binary core,10
2.4671368595033982,2.4671368595033982,Matched human Lean root values,,4.846987588746681,-0.6519700850435715,1.1386601951204585,215,279,pair_bde52c9a,10978,1.2535026631368466e-06,0.5144204708514775,0.2548449110411669,10977,all normalized constructors,10
2.3724680248984837,2.3724680248984837,Matched AI Lean root values,,0.6509988867176112,-1.778418602451928,-1.841008956536171,231,165,pair_bde52c9a,6095,0.5150472055380604,0.07533512967236658,0.06562024619053192,6094,shared binary core,10
2.3724680248984837,2.3724680248984837,Matched AI Lean root values,,0.6509988867176112,-1.778418602451928,-1.841008956536171,231,165,pair_bde52c9a,6095,0.5150472055380604,0.07533512967236658,0.06562024619053192,6094,all normalized constructors,10
1.9935965495685224,1.9935965495685224,Matched human Lean root values,,-0.6119051440898393,-1.010828618788251,-1.1235289386568397,137,15,pair_bf349feb,1284,0.5406005179865181,0.3120984630836726,0.26121291723822804,1283,shared binary core,10
1.9935965495685224,1.9935965495685224,Matched human Lean root values,,-0.6119051440898393,-1.010828618788251,-1.1235289386568397,137,15,pair_bf349feb,1284,0.5406005179865181,0.3120984630836726,0.26121291723822804,1283,all normalized constructors,10
2.4290808301290836,2.4290808301290836,Matched AI Lean root values,,1.609750951873513,-0.6195029821603646,-0.6500620343444928,189,72,pair_bf349feb,3253,0.10745223677723843,0.5355850579484076,0.5156521516623747,3252,shared binary core,10
2.4290808301290836,2.4290808301290836,Matched AI Lean root values,,1.609750951873513,-0.6195029821603646,-0.6500620343444928,189,72,pair_bf349feb,3253,0.10745223677723843,0.5355850579484076,0.5156521516623747,3252,all normalized constructors,10
2.32756197490267,2.32756197490267,Matched human Lean root values,,1.3784784594847892,-0.47251197708012505,-0.5079488514557395,185,32,pair_bf40e969,1808,0.1680556139412822,0.6365613948032256,0.6114892140157693,1807,shared binary core,10
2.32756197490267,2.32756197490267,Matched human Lean root values,,1.3784784594847892,-0.47251197708012505,-0.5079488514557395,185,32,pair_bf40e969,1808,0.1680556139412822,0.6365613948032256,0.6114892140157693,1807,all normalized constructors,10
2.3611816991783705,2.3611816991783705,Matched AI Lean root values,,2.2859498179075466,-0.45083836374601843,-0.26365674289204194,244,89,pair_bf40e969,5064,0.022257194494990737,0.6521060491916957,0.7920444305055384,5063,shared binary core,10
2.3611816991783705,2.3611816991783705,Matched AI Lean root values,,2.2859498179075466,-0.45083836374601843,-0.26365674289204194,244,89,pair_bf40e969,5064,0.022257194494990737,0.6521060491916957,0.7920444305055384,5063,all normalized constructors,10
,,Matched human Lean root values,insufficient tail variation,,,,17,2,pair_bf419b23,99,,,,98,shared binary core,10
,,Matched human Lean root values,insufficient tail variation,,,,17,2,pair_bf419b23,99,,,,98,all normalized constructors,10
,,Matched AI Lean root values,insufficient tail variation,,,,18,2,pair_bf419b23,96,,,,95,shared binary core,10
,,Matched AI Lean root values,insufficient tail variation,,,,18,2,pair_bf419b23,96,,,,95,all normalized constructors,10
2.2494545375784947,2.2494545375784947,Matched human Lean root values,,3.836171638684401,-0.6758779744266179,-0.3477389920392247,332,220,pair_bf476baa,10507,0.00012496708729123376,0.4991181229412698,0.7280362106031046,10506,shared binary core,10
2.2494545375784947,2.2494545375784947,Matched human Lean root values,,3.836171638684401,-0.6758779744266179,-0.3477389920392247,332,220,pair_bf476baa,10507,0.00012496708729123376,0.4991181229412698,0.7280362106031046,10506,all normalized constructors,10
2.272639205754821,2.272639205754821,Matched AI Lean root values,,3.896518650566297,-0.6103360394378828,-0.2161634354926549,346,233,pair_bf476baa,10848,9.758529596639149e-05,0.5416392279937119,0.8288603539830195,10847,shared binary core,10
2.272639205754821,2.272639205754821,Matched AI Lean root values,,3.896518650566297,-0.6103360394378828,-0.2161634354926549,346,233,pair_bf476baa,10848,9.758529596639149e-05,0.5416392279937119,0.8288603539830195,10847,all normalized constructors,10
2.3241296157049867,2.3241296157049867,Matched human Lean root values,,1.0892662484890547,-0.6222896272046025,-0.6566264447291232,230,45,pair_bfdd51b8,2619,0.2760364919885874,0.5337514405849328,0.5114211407012337,2618,shared binary core,10
2.3241296157049867,2.3241296157049867,Matched human Lean root values,,1.0892662484890547,-0.6222896272046025,-0.6566264447291232,230,45,pair_bfdd51b8,2619,0.2760364919885874,0.5337514405849328,0.5114211407012337,2618,all normalized constructors,10
2.346473817788455,2.346473817788455,Matched AI Lean root values,,2.3410599866344066,-0.7506845071851379,-0.7552804715201266,290,146,pair_bfdd51b8,6903,0.01922907727081833,0.4528425491192408,0.45008071346282486,6902,shared binary core,10
2.346473817788455,2.346473817788455,Matched AI Lean root values,,2.3410599866344066,-0.7506845071851379,-0.7552804715201266,290,146,pair_bfdd51b8,6903,0.01922907727081833,0.4528425491192408,0.45008071346282486,6902,all normalized constructors,10
,,Matched human Lean root values,insufficient tail variation,,,,23,2,pair_c021c917,126,,,,125,shared binary core,10
,,Matched human Lean root values,insufficient tail variation,,,,23,2,pair_c021c917,126,,,,125,all normalized constructors,10
,,Matched AI Lean root values,insufficient tail variation,,,,18,2,pair_c021c917,106,,,,105,shared binary core,10
,,Matched AI Lean root values,insufficient tail variation,,,,18,2,pair_c021c917,106,,,,105,all normalized constructors,10
2.353353560614973,2.353353560614973,Matched human Lean root values,,1.5668715686025936,-0.06999424939615134,0.1842070025715059,118,13,pair_c0d3928e,945,0.11714471449184827,0.9441982367302855,0.853851066227309,944,shared binary core,10
2.353353560614973,2.353353560614973,Matched human Lean root values,,1.5668715686025936,-0.06999424939615134,0.1842070025715059,118,13,pair_c0d3928e,945,0.11714471449184827,0.9441982367302855,0.853851066227309,944,all normalized constructors,10
2.487872591272389,2.4878725912723887,Matched AI Lean root values,,1.4131839428926711,-0.3716787868932743,-0.3155550788321712,174,35,pair_c0d3928e,1993,0.15760164652877562,0.7101320209205872,0.7523402385618465,1992,shared binary core,10
2.487872591272389,2.4878725912723887,Matched AI Lean root values,,1.4131839428926711,-0.3716787868932743,-0.3155550788321712,174,35,pair_c0d3928e,1993,0.15760164652877562,0.7101320209205872,0.7523402385618465,1992,all normalized constructors,10
2.332527022186241,2.3325270221862406,Matched human Lean root values,,2.201880427190962,-1.022573331756806,-1.0383093875072007,546,267,pair_c287c8cc,11828,0.027673755911724364,0.3065096240262811,0.29912603963094486,11827,shared binary core,10
2.332527022186241,2.3325270221862406,Matched human Lean root values,,2.201880427190962,-1.022573331756806,-1.0383093875072007,546,267,pair_c287c8cc,11828,0.027673755911724364,0.3065096240262811,0.29912603963094486,11827,all normalized constructors,10
2.36293703739723,2.36293703739723,Matched AI Lean root values,,2.54549499428252,-0.6992850612316055,-0.4465064028517158,592,275,pair_c287c8cc,12571,0.010912292839512129,0.4843739010351048,0.6552314885595192,12570,shared binary core,10
2.36293703739723,2.36293703739723,Matched AI Lean root values,,2.54549499428252,-0.6992850612316055,-0.4465064028517158,592,275,pair_c287c8cc,12571,0.010912292839512129,0.4843739010351048,0.6552314885595192,12570,all normalized constructors,10
,,Matched human Lean root values,insufficient tail variation,,,,37,7,pair_c3b332ce,376,,,,375,shared binary core,10
,,Matched human Lean root values,insufficient tail variation,,,,37,7,pair_c3b332ce,376,,,,375,all normalized constructors,10
,,Matched AI Lean root values,insufficient tail variation,,,,37,5,pair_c3b332ce,247,,,,246,shared binary core,10
,,Matched AI Lean root values,insufficient tail variation,,,,37,5,pair_c3b332ce,247,,,,246,all normalized constructors,10
2.3427833048415447,2.3427833048415447,Matched human Lean root values,,1.8717813358828541,-1.323462103980947,-1.357658049945482,295,201,pair_c4fe0db7,8251,0.06123686143739976,0.185681750709635,0.17457221381754862,8250,shared binary core,10
2.3427833048415447,2.3427833048415447,Matched human Lean root values,,1.8717813358828541,-1.323462103980947,-1.357658049945482,295,201,pair_c4fe0db7,8251,0.06123686143739976,0.185681750709635,0.17457221381754862,8250,all normalized constructors,10
2.309934923916521,2.309934923916521,Matched AI Lean root values,,5.61420810610885,-0.7052508678697441,1.4020728152807456,875,674,pair_c4fe0db7,30542,1.9746445143762127e-08,0.4806541303459716,0.16089350392198654,30541,shared binary core,10
2.309934923916521,2.309934923916521,Matched AI Lean root values,,5.61420810610885,-0.7052508678697441,1.4020728152807456,875,674,pair_c4fe0db7,30542,1.9746445143762127e-08,0.4806541303459716,0.16089350392198654,30541,all normalized constructors,10
,,Matched human Lean root values,insufficient tail variation,,,,35,4,pair_c5fb8da2,385,,,,384,shared binary core,10
,,Matched human Lean root values,insufficient tail variation,,,,35,4,pair_c5fb8da2,385,,,,384,all normalized constructors,10
,,Matched AI Lean root values,insufficient tail variation,,,,46,6,pair_c5fb8da2,536,,,,535,shared binary core,10
,,Matched AI Lean root values,insufficient tail variation,,,,46,6,pair_c5fb8da2,536,,,,535,all normalized constructors,10
1.3416221976780376,1.3415566919801871,Matched human Lean root values,,4.445578592780421,-2.406832449925151,-2.5299369403832705,16380,101,pair_c7a11f6b,139089,8.765562699566943e-06,0.016091550560636565,0.01140830282827038,139088,shared binary core,10
1.3416221976780376,1.3415566919801871,Matched human Lean root values,,4.445578592780421,-2.406832449925151,-2.5299369403832705,16380,101,pair_c7a11f6b,139089,8.765562699566943e-06,0.016091550560636565,0.01140830282827038,139088,all normalized constructors,10
1.7867020563566713,1.7867020563566713,Matched AI Lean root values,,-2.9252892645451394,-2.487550076748684,-2.729530167570147,180,37,pair_c7a11f6b,2065,0.0034413617070376784,0.012862634365099114,0.006342464575240161,2064,shared binary core,10
1.7867020563566713,1.7867020563566713,Matched AI Lean root values,,-2.9252892645451394,-2.487550076748684,-2.729530167570147,180,37,pair_c7a11f6b,2065,0.0034413617070376784,0.012862634365099114,0.006342464575240161,2064,all normalized constructors,10
,,Matched human Lean root values,insufficient tail variation,,,,29,3,pair_c84a0169,173,,,,172,shared binary core,10
,,Matched human Lean root values,insufficient tail variation,,,,29,3,pair_c84a0169,173,,,,172,all normalized constructors,10
,,Matched AI Lean root values,insufficient tail variation,,,,27,3,pair_c84a0169,204,,,,203,shared binary core,10
,,Matched AI Lean root values,insufficient tail variation,,,,27,3,pair_c84a0169,204,,,,203,all normalized constructors,10
2.4109561613930537,2.4109561613930537,Matched human Lean root values,,1.4449419349222974,-0.4363898361902083,-0.44265642314717196,197,44,pair_c8cf6c63,2346,0.14847419603035483,0.6625539119429859,0.6580142665674342,2345,shared binary core,10
2.4109561613930537,2.4109561613930537,Matched human Lean root values,,1.4449419349222974,-0.4363898361902083,-0.44265642314717196,197,44,pair_c8cf6c63,2346,0.14847419603035483,0.6625539119429859,0.6580142665674342,2345,all normalized constructors,10
,,Matched AI Lean root values,insufficient tail variation,,,,37,3,pair_c8cf6c63,271,,,,270,shared binary core,10
,,Matched AI Lean root values,insufficient tail variation,,,,37,3,pair_c8cf6c63,271,,,,270,all normalized constructors,10
2.316713091310402,2.316713091310402,Matched human Lean root values,,2.6581798311676965,-0.8273250679200538,-0.7514945775601266,288,200,pair_c9acf82e,9543,0.007856395927824215,0.408052839055448,0.45235506290493,9542,shared binary core,10
2.316713091310402,2.316713091310402,Matched human Lean root values,,2.6581798311676965,-0.8273250679200538,-0.7514945775601266,288,200,pair_c9acf82e,9543,0.007856395927824215,0.408052839055448,0.45235506290493,9542,all normalized constructors,10
2.278827915231994,2.278827915231994,Matched AI Lean root values,,2.349916121793597,-1.2260413882926358,-1.2471825541345316,422,260,pair_c9acf82e,12154,0.018777642004756637,0.22018310040082256,0.21233056825465546,12153,shared binary core,10
2.278827915231994,2.278827915231994,Matched AI Lean root values,,2.349916121793597,-1.2260413882926358,-1.2471825541345316,422,260,pair_c9acf82e,12154,0.018777642004756637,0.22018310040082256,0.21233056825465546,12153,all normalized constructors,10
2.152742265506218,2.152742265506218,Matched human Lean root values,,0.08424033900626256,-0.9951947921960277,-1.0773854158467422,139,24,pair_cb3b726a,1511,0.9328653462651633,0.31964153417833885,0.2813081168517185,1510,shared binary core,10
2.152742265506218,2.152742265506218,Matched human Lean root values,,0.08424033900626256,-0.9951947921960277,-1.0773854158467422,139,24,pair_cb3b726a,1511,0.9328653462651633,0.31964153417833885,0.2813081168517185,1510,all normalized constructors,10
2.15290184759165,2.15290184759165,Matched AI Lean root values,,0.050859664481366355,-1.0515774880298663,-1.133030825330253,138,24,pair_cb3b726a,1516,0.9594373469688536,0.2929934407274898,0.2572013086525755,1515,shared binary core,10
2.15290184759165,2.15290184759165,Matched AI Lean root values,,0.050859664481366355,-1.0515774880298663,-1.133030825330253,138,24,pair_cb3b726a,1516,0.9594373469688536,0.2929934407274898,0.2572013086525755,1515,all normalized constructors,10
2.0621347173184876,2.0621347173184876,Matched human Lean root values,,1.7912065007185334,-3.779779927284734,-3.4353853794526374,1802,786,pair_cc4ae138,36982,0.07326016341371049,0.00015696703443756336,0.0005917117124891681,36981,shared binary core,10
2.0621302806098436,2.0621302806098436,Matched human Lean root values,,1.791672848674923,-3.779490256893341,-3.4351458298663977,1802,786,pair_cc4ae138,36986,0.07318538624132724,0.0001571497420179265,0.0005922350358223763,36985,all normalized constructors,10
1.681011037347798,1.681011037347798,Matched AI Lean root values,,1.4165744769026531,-3.4621148057401343,-3.692510734001865,1264,167,pair_cc4ae138,15484,0.15660737508565978,0.0005359484841436306,0.00022205096555260727,15483,shared binary core,10
1.681011037347798,1.681011037347798,Matched AI Lean root values,,1.4165744769026531,-3.4621148057401343,-3.692510734001865,1264,167,pair_cc4ae138,15484,0.15660737508565978,0.0005359484841436306,0.00022205096555260727,15483,all normalized constructors,10
2.2379582610663076,2.2379582610663076,Matched human Lean root values,,1.3665295060759985,-0.672520969329034,-0.7095625320025052,136,37,pair_cc98e98a,2319,0.1717728262470538,0.5012520952227131,0.4779754612100423,2318,shared binary core,10
2.2379582610663076,2.2379582610663076,Matched human Lean root values,,1.3665295060759985,-0.672520969329034,-0.7095625320025052,136,37,pair_cc98e98a,2319,0.1717728262470538,0.5012520952227131,0.4779754612100423,2318,all normalized constructors,10
2.4423402764850595,2.4423402764850595,Matched AI Lean root values,,3.1116350679028053,-0.4622032909275494,-0.07682867928634142,205,155,pair_cc98e98a,6353,0.0018605433968892117,0.6439355434897874,0.9387598353900012,6352,shared binary core,10
2.4423402764850595,2.4423402764850595,Matched AI Lean root values,,3.1116350679028053,-0.4622032909275494,-0.07682867928634142,205,155,pair_cc98e98a,6353,0.0018605433968892117,0.6439355434897874,0.9387598353900012,6352,all normalized constructors,10
2.2701352821145777,2.2701352821145777,Matched human Lean root values,,2.7980877945499194,-0.7482495687630677,-0.7373392820506225,184,114,pair_ce95c511,5397,0.0051406137671102525,0.45430963726944495,0.4609160494782988,5396,shared binary core,10
2.2701352821145777,2.2701352821145777,Matched human Lean root values,,2.7980877945499194,-0.7482495687630677,-0.7373392820506225,184,114,pair_ce95c511,5397,0.0051406137671102525,0.45430963726944495,0.4609160494782988,5396,all normalized constructors,10
2.1955429162562483,2.1955429162562483,Matched AI Lean root values,,1.9957311398562856,-0.9412416245397283,-0.9663054832475525,192,82,pair_ce95c511,4478,0.04596319564234184,0.3465810502515786,0.33389134311302304,4477,shared binary core,10
2.1955429162562483,2.1955429162562483,Matched AI Lean root values,,1.9957311398562856,-0.9412416245397283,-0.9663054832475525,192,82,pair_ce95c511,4478,0.04596319564234184,0.3465810502515786,0.33389134311302304,4477,all normalized constructors,10
2.4135598476963156,2.4135598476963156,Matched human Lean root values,,2.152743585212307,-0.49648245524072926,-0.3367844922910437,235,121,pair_cffa85ea,5665,0.031338836040469276,0.6195540627786962,0.7362793642160685,5664,shared binary core,10
2.4135598476963156,2.4135598476963156,Matched human Lean root values,,2.152743585212307,-0.49648245524072926,-0.3367844922910437,235,121,pair_cffa85ea,5665,0.031338836040469276,0.6195540627786962,0.7362793642160685,5664,all normalized constructors,10
2.328700757613725,2.328700757613725,Matched AI Lean root values,,2.007435548050699,-1.2918754098323688,-1.3408353659492842,289,179,pair_cffa85ea,8159,0.044703306914694506,0.1964002947812845,0.1799739109930546,8158,shared binary core,10
2.328700757613725,2.328700757613725,Matched AI Lean root values,,2.007435548050699,-1.2918754098323688,-1.3408353659492842,289,179,pair_cffa85ea,8159,0.044703306914694506,0.1964002947812845,0.1799739109930546,8158,all normalized constructors,10
2.395923804233343,2.395923804233343,Matched human Lean root values,,2.7187528953759776,-0.25576250821061147,0.27281099180592033,480,189,pair_d020f221,7971,0.006552854154004568,0.7981342253079013,0.7849985097242069,7970,shared binary core,10
2.395923804233343,2.395923804233343,Matched human Lean root values,,2.7187528953759776,-0.25576250821061147,0.27281099180592033,480,189,pair_d020f221,7971,0.006552854154004568,0.7981342253079013,0.7849985097242069,7970,all normalized constructors,10
2.371360620205236,2.3713606202052366,Matched AI Lean root values,,2.7777942785707643,-0.4225904215574646,0.005900982509085064,480,204,pair_d020f221,8793,0.0054729256548633,0.6725941162621434,0.9952917244873927,8792,shared binary core,10
2.371360620205236,2.3713606202052366,Matched AI Lean root values,,2.7777942785707643,-0.4225904215574646,0.005900982509085064,480,204,pair_d020f221,8793,0.0054729256548633,0.6725941162621434,0.9952917244873927,8792,all normalized constructors,10
2.024402113113548,2.024402113113548,Matched human Lean root values,,-0.21267295681718237,-1.1230050555720719,-1.220358130576336,138,29,pair_d0c1af2e,2009,0.8315820615484257,0.26143534732060125,0.22232914215196242,2008,shared binary core,10
2.024402113113548,2.024402113113548,Matched human Lean root values,,-0.21267295681718237,-1.1230050555720719,-1.220358130576336,138,29,pair_d0c1af2e,2009,0.8315820615484257,0.26143534732060125,0.22232914215196242,2008,all normalized constructors,10
2.4572186147086406,2.4572186147086406,Matched AI Lean root values,,2.7042182204493774,-0.4509296346239372,0.46061035613964446,120,64,pair_d0c1af2e,3602,0.006846531012636005,0.6520402641671379,0.6450781802385197,3601,shared binary core,10
2.4572186147086406,2.4572186147086406,Matched AI Lean root values,,2.7042182204493774,-0.4509296346239372,0.46061035613964446,120,64,pair_d0c1af2e,3602,0.006846531012636005,0.6520402641671379,0.6450781802385197,3601,all normalized constructors,10
2.10392540970242,2.10392540970242,Matched human Lean root values,,2.6934781332817272,-1.6326487940243615,-1.653598392770647,586,304,pair_d2343074,16275,0.007071078361176698,0.10254288269905827,0.09820913948127453,16274,shared binary core,10
2.10392540970242,2.10392540970242,Matched human Lean root values,,2.6934781332817272,-1.6326487940243615,-1.653598392770647,586,304,pair_d2343074,16275,0.007071078361176698,0.10254288269905827,0.09820913948127453,16274,all normalized constructors,10
2.335798169086422,2.335798169086422,Matched AI Lean root values,,1.6786153134000983,-1.2248385450909876,-1.2510562595460974,309,178,pair_d2343074,7069,0.0932270401555573,0.22063605889169335,0.21091395233664212,7068,shared binary core,10
2.335798169086422,2.335798169086422,Matched AI Lean root values,,1.6786153134000983,-1.2248385450909876,-1.2510562595460974,309,178,pair_d2343074,7069,0.0932270401555573,0.22063605889169335,0.21091395233664212,7068,all normalized constructors,10
2.4001783722320997,2.4001783722320997,Matched human Lean root values,,-0.03870009415930183,-0.7209360668742218,-0.7774312481168371,90,18,pair_d339e847,1287,0.9691294983387184,0.47094885108175044,0.4369043824521006,1286,shared binary core,10
2.4001783722320997,2.4001783722320997,Matched human Lean root values,,-0.03870009415930183,-0.7209360668742218,-0.7774312481168371,90,18,pair_d339e847,1287,0.9691294983387184,0.47094885108175044,0.4369043824521006,1286,all normalized constructors,10
2.3823471810057164,2.3823471810057164,Matched AI Lean root values,,1.5254001290695771,-0.6249737371009982,-0.6445299980625643,175,67,pair_d339e847,4060,0.12715932659352852,0.5319882951556125,0.5192318116218955,4059,shared binary core,10
2.3823471810057164,2.3823471810057164,Matched AI Lean root values,,1.5254001290695771,-0.6249737371009982,-0.6445299980625643,175,67,pair_d339e847,4060,0.12715932659352852,0.5319882951556125,0.5192318116218955,4059,all normalized constructors,10
2.201869125932827,2.2018691259328276,Matched human Lean root values,,0.5268175950650203,-1.181021601871852,-1.2237311382842246,186,42,pair_d43fae54,2499,0.5983202630435664,0.23759414191872386,0.2210536690396937,2498,shared binary core,10
2.201869125932827,2.2018691259328276,Matched human Lean root values,,0.5268175950650203,-1.181021601871852,-1.2237311382842246,186,42,pair_d43fae54,2499,0.5983202630435664,0.23759414191872386,0.2210536690396937,2498,all normalized constructors,10
2.2039688234161243,2.2039688234161243,Matched AI Lean root values,,0.7032769094576936,-1.1731068889658318,-1.237744273034562,187,49,pair_d43fae54,2907,0.4818831976914091,0.24075294427666616,0.21581089741324555,2906,shared binary core,10
2.2039688234161243,2.2039688234161243,Matched AI Lean root values,,0.7032769094576936,-1.1731068889658318,-1.237744273034562,187,49,pair_d43fae54,2907,0.4818831976914091,0.24075294427666616,0.21581089741324555,2906,all normalized constructors,10
2.2827629325893066,2.282762932589307,Matched human Lean root values,,1.3428920507684763,-0.5693184311411046,-0.6010764219015058,194,45,pair_d71a4f84,2748,0.17930693080865134,0.5691400610060542,0.5477890867286361,2747,shared binary core,10
2.2827629325893066,2.282762932589307,Matched human Lean root values,,1.3428920507684763,-0.5693184311411046,-0.6010764219015058,194,45,pair_d71a4f84,2748,0.17930693080865134,0.5691400610060542,0.5477890867286361,2747,all normalized constructors,10
2.3256422785273605,2.3256422785273605,Matched AI Lean root values,,1.7870394614238092,-0.5287643860960589,-0.5447046041802657,201,63,pair_d71a4f84,3526,0.07393111083852895,0.5969689060601566,0.585956697725875,3525,shared binary core,10
2.3256422785273605,2.3256422785273605,Matched AI Lean root values,,1.7870394614238092,-0.5287643860960589,-0.5447046041802657,201,63,pair_d71a4f84,3526,0.07393111083852895,0.5969689060601566,0.585956697725875,3525,all normalized constructors,10
2.823586633182345,2.823586633182345,Matched human Lean root values,,4.285742348674112,-1.0054778785997098,2.6974265414253864,324,253,pair_d72cfd93,8281,1.8212997673881417e-05,0.3146667961722245,0.006987770006460159,8280,shared binary core,10
2.823586633182345,2.823586633182345,Matched human Lean root values,,4.285742348674112,-1.0054778785997098,2.6974265414253864,324,253,pair_d72cfd93,8281,1.8212997673881417e-05,0.3146667961722245,0.006987770006460159,8280,all normalized constructors,10
2.8664175210394136,2.8664175210394136,Matched AI Lean root values,,4.420285154442941,-1.0042525975951602,3.0845425715900032,358,273,pair_d72cfd93,8823,9.857074315667683e-06,0.31525687554780857,0.002038654315933904,8822,shared binary core,10
2.8664175210394136,2.8664175210394136,Matched AI Lean root values,,4.420285154442941,-1.0042525975951602,3.0845425715900032,358,273,pair_d72cfd93,8823,9.857074315667683e-06,0.31525687554780857,0.002038654315933904,8822,all normalized constructors,10
2.28339879097969,2.28339879097969,Matched human Lean root values,,3.2512502861135153,-0.9314356481979872,-0.5929498540746299,902,485,pair_d746cf8d,22782,0.0011489865994086797,0.3516282579687686,0.5532147123021305,22781,shared binary core,10
2.28339879097969,2.28339879097969,Matched human Lean root values,,3.2512502861135153,-0.9314356481979872,-0.5929498540746299,902,485,pair_d746cf8d,22782,0.0011489865994086797,0.3516282579687686,0.5532147123021305,22781,all normalized constructors,10
2.3675159860182724,2.3675159860182724,Matched AI Lean root values,,1.8863849465503644,-1.053319881022668,-1.080161997120542,367,188,pair_d746cf8d,8083,0.05924309961851156,0.29219441010201774,0.28007004803669233,8082,shared binary core,10
2.3675159860182724,2.3675159860182724,Matched AI Lean root values,,1.8863849465503644,-1.053319881022668,-1.080161997120542,367,188,pair_d746cf8d,8083,0.05924309961851156,0.29219441010201774,0.28007004803669233,8082,all normalized constructors,10
2.1593203398870693,2.159320339887069,Matched human Lean root values,,-0.7969203101034096,-1.1088438718815057,-1.2088305257002379,104,21,pair_d869cc1a,1175,0.4254973145049007,0.26749754065659215,0.2267279614812432,1174,shared binary core,10
2.1593203398870693,2.159320339887069,Matched human Lean root values,,-0.7969203101034096,-1.1088438718815057,-1.2088305257002379,104,21,pair_d869cc1a,1175,0.4254973145049007,0.26749754065659215,0.2267279614812432,1174,all normalized constructors,10
2.1800775320460044,2.1800775320460044,Matched AI Lean root values,,-0.3112480379449491,-1.0271514469460903,-1.1015744209505123,134,27,pair_d869cc1a,1540,0.7556120663362208,0.3043491565651627,0.27064673378325455,1539,shared binary core,10
2.1800775320460044,2.1800775320460044,Matched AI Lean root values,,-0.3112480379449491,-1.0271514469460903,-1.1015744209505123,134,27,pair_d869cc1a,1540,0.7556120663362208,0.3043491565651627,0.27064673378325455,1539,all normalized constructors,10
2.536623573065539,2.5366235730655395,Matched human Lean root values,,1.6336675807687895,-0.4343242662118296,-0.381565512811092,186,73,pair_d92632b4,3285,0.10232866910528773,0.6640529848112251,0.7027836689129376,3284,shared binary core,10
2.536623573065539,2.5366235730655395,Matched human Lean root values,,1.6336675807687895,-0.4343242662118296,-0.381565512811092,186,73,pair_d92632b4,3285,0.10232866910528773,0.6640529848112251,0.7027836689129376,3284,all normalized constructors,10
2.4270653788557444,2.4270653788557444,Matched AI Lean root values,,1.619347769135441,-0.7280694086705717,-0.7671362624954399,197,90,pair_d92632b4,4056,0.10537245805866918,0.46657109907877625,0.44300050370998645,4055,shared binary core,10
2.4270653788557444,2.4270653788557444,Matched AI Lean root values,,1.619347769135441,-0.7280694086705717,-0.7671362624954399,197,90,pair_d92632b4,4056,0.10537245805866918,0.46657109907877625,0.44300050370998645,4055,all normalized constructors,10
2.2174874259145754,2.217487425914576,Matched human Lean root values,,2.47929754754879,-1.2431709300345615,-1.2744072221269427,237,168,pair_d96197fd,7965,0.013164143826660991,0.21380485252080927,0.20251913412611022,7964,shared binary core,10
2.2174874259145754,2.217487425914576,Matched human Lean root values,,2.47929754754879,-1.2431709300345615,-1.2744072221269427,237,168,pair_d96197fd,7965,0.013164143826660991,0.21380485252080927,0.20251913412611022,7964,all normalized constructors,10
2.207539368305588,2.2075393683055875,Matched AI Lean root values,,3.535409862959292,-0.8606917930459557,-0.7753582767136024,293,197,pair_d96197fd,10035,0.0004071431202016394,0.3894078143761516,0.43812798229043304,10034,shared binary core,10
2.207539368305588,2.2075393683055875,Matched AI Lean root values,,3.535409862959292,-0.8606917930459557,-0.7753582767136024,293,197,pair_d96197fd,10035,0.0004071431202016394,0.3894078143761516,0.43812798229043304,10034,all normalized constructors,10
,,Matched human Lean root values,insufficient tail variation,,,,34,1,pair_d9e524cd,199,,,,198,shared binary core,10
,,Matched human Lean root values,insufficient tail variation,,,,34,1,pair_d9e524cd,199,,,,198,all normalized constructors,10
,,Matched AI Lean root values,insufficient tail variation,,,,34,1,pair_d9e524cd,199,,,,198,shared binary core,10
,,Matched AI Lean root values,insufficient tail variation,,,,34,1,pair_d9e524cd,199,,,,198,all normalized constructors,10
2.693804615477534,2.693804615477534,Matched human Lean root values,,2.813721045245179,-1.0131617519748115,1.1701329173755297,129,47,pair_db1d04db,2279,0.004897170431120368,0.3109829063369217,0.24194748344910466,2278,shared binary core,10
2.693804615477534,2.693804615477534,Matched human Lean root values,,2.813721045245179,-1.0131617519748115,1.1701329173755297,129,47,pair_db1d04db,2279,0.004897170431120368,0.3109829063369217,0.24194748344910466,2278,all normalized constructors,10
2.8733406166157875,2.8733406166157875,Matched AI Lean root values,,2.8843653909228157,-1.0052607375362936,1.6384607577821262,155,70,pair_db1d04db,2927,0.0039220339174931545,0.3147713155125057,0.10132561372654754,2926,shared binary core,10
2.8733406166157875,2.8733406166157875,Matched AI Lean root values,,2.8843653909228157,-1.0052607375362936,1.6384607577821262,155,70,pair_db1d04db,2927,0.0039220339174931545,0.3147713155125057,0.10132561372654754,2926,all normalized constructors,10
,,Matched human Lean root values,insufficient tail variation,,,,11,1,pair_db881e0a,73,,,,72,shared binary core,10
,,Matched human Lean root values,insufficient tail variation,,,,11,1,pair_db881e0a,73,,,,72,all normalized constructors,10
,,Matched AI Lean root values,insufficient tail variation,,,,21,2,pair_db881e0a,178,,,,177,shared binary core,10
,,Matched AI Lean root values,insufficient tail variation,,,,21,2,pair_db881e0a,178,,,,177,all normalized constructors,10
2.143952492937636,2.1439524929376366,Matched human Lean root values,,0.00685297849634668,-1.499780657450898,-1.5745237436892794,165,48,pair_dd457978,2646,0.9945321570602889,0.13367122932432088,0.1153664167254142,2645,shared binary core,10
2.143952492937636,2.1439524929376366,Matched human Lean root values,,0.00685297849634668,-1.499780657450898,-1.5745237436892794,165,48,pair_dd457978,2646,0.9945321570602889,0.13367122932432088,0.1153664167254142,2645,all normalized constructors,10
2.1877089683843023,2.187708968384302,Matched AI Lean root values,,0.24080912257123097,-1.2151277386200063,-1.2533936404117845,160,36,pair_dd457978,2051,0.809703058867836,0.22431737551967945,0.21006248477203926,2050,shared binary core,10
2.1877089683843023,2.187708968384302,Matched AI Lean root values,,0.24080912257123097,-1.2151277386200063,-1.2533936404117845,160,36,pair_dd457978,2051,0.809703058867836,0.22431737551967945,0.21006248477203926,2050,all normalized constructors,10
2.3430753052785485,2.3430753052785485,Matched human Lean root values,,2.055024870164454,-0.7013719953539485,-0.7035475675063632,266,118,pair_de1e8e19,6217,0.039876602621507155,0.4830708941358932,0.4817145738458526,6216,shared binary core,10
2.3430753052785485,2.3430753052785485,Matched human Lean root values,,2.055024870164454,-0.7013719953539485,-0.7035475675063632,266,118,pair_de1e8e19,6217,0.039876602621507155,0.4830708941358932,0.4817145738458526,6216,all normalized constructors,10
2.447346587129763,2.447346587129763,Matched AI Lean root values,,2.4962381158171985,-0.5281732876711943,-0.24520625548991087,262,159,pair_de1e8e19,6906,0.0125518313010231,0.5973790677814717,0.8062967330419466,6905,shared binary core,10
2.447346587129763,2.447346587129763,Matched AI Lean root values,,2.4962381158171985,-0.5281732876711943,-0.24520625548991087,262,159,pair_de1e8e19,6906,0.0125518313010231,0.5973790677814717,0.8062967330419466,6905,all normalized constructors,10
2.4515081601817457,2.4515081601817457,Matched human Lean root values,,2.0434783664773803,-0.45165557785951754,-0.2875358449311127,272,102,pair_de483a80,4780,0.041005106780521064,0.6515171247787723,0.7737020598592871,4779,shared binary core,10
2.4515081601817457,2.4515081601817457,Matched human Lean root values,,2.0434783664773803,-0.45165557785951754,-0.2875358449311127,272,102,pair_de483a80,4780,0.041005106780521064,0.6515171247787723,0.7737020598592871,4779,all normalized constructors,10
2.406763996841323,2.406763996841323,Matched AI Lean root values,,1.4661265228079747,-0.5496929322836271,-0.5696754313655255,170,62,pair_de483a80,3004,0.14261382130127034,0.5825300053322002,0.5688978566837861,3003,shared binary core,10
2.406763996841323,2.406763996841323,Matched AI Lean root values,,1.4661265228079747,-0.5496929322836271,-0.5696754313655255,170,62,pair_de483a80,3004,0.14261382130127034,0.5825300053322002,0.5688978566837861,3003,all normalized constructors,10
2.6631788834767365,2.6631788834767365,Matched human Lean root values,,1.3285437033072671,0.013409391018920778,0.2536961880981146,104,13,pair_de5a08c0,793,0.18399855591158243,0.989301174566314,0.7997302791951699,792,shared binary core,10
2.6631788834767365,2.6631788834767365,Matched human Lean root values,,1.3285437033072671,0.013409391018920778,0.2536961880981146,104,13,pair_de5a08c0,793,0.18399855591158243,0.989301174566314,0.7997302791951699,792,all normalized constructors,10
,,Matched AI Lean root values,insufficient tail variation,,,,27,1,pair_de5a08c0,138,,,,137,shared binary core,10
,,Matched AI Lean root values,insufficient tail variation,,,,27,1,pair_de5a08c0,138,,,,137,all normalized constructors,10
2.6760206173590504,2.6760206173590504,Matched human Lean root values,,2.6400055198400882,-1.0542386246825866,1.0876942970860595,76,10,pair_debcd118,727,0.008290467690916967,0.29177368046118346,0.27673008619509365,726,shared binary core,10
2.6760206173590504,2.6760206173590504,Matched human Lean root values,,2.6400055198400882,-1.0542386246825866,1.0876942970860595,76,10,pair_debcd118,727,0.008290467690916967,0.29177368046118346,0.27673008619509365,726,all normalized constructors,10
1.650670651048432,1.650670651048432,Matched AI Lean root values,,-0.4171052688932474,-2.1106762845378855,-2.094023326013403,794,48,pair_debcd118,4138,0.6766014111996883,0.03480014576378124,0.036257902396590755,4137,shared binary core,10
1.650670651048432,1.650670651048432,Matched AI Lean root values,,-0.4171052688932474,-2.1106762845378855,-2.094023326013403,794,48,pair_debcd118,4138,0.6766014111996883,0.03480014576378124,0.036257902396590755,4137,all normalized constructors,10
2.516681665381836,2.516681665381835,Matched human Lean root values,,1.9372319819073462,-0.31962469024320744,-0.10558198933466627,159,55,pair_df433d2d,2883,0.05271699246420589,0.749252855341102,0.9159140152956767,2882,shared binary core,10
2.516681665381836,2.516681665381835,Matched human Lean root values,,1.9372319819073462,-0.31962469024320744,-0.10558198933466627,159,55,pair_df433d2d,2883,0.05271699246420589,0.749252855341102,0.9159140152956767,2882,all normalized constructors,10
2.376517494007194,2.3765174940071936,Matched AI Lean root values,,0.5132797404692,-1.1455533426932047,-1.1675261314828485,155,63,pair_df433d2d,2895,0.6077556536094604,0.2519800119538238,0.2429979616880774,2894,shared binary core,10
2.376517494007194,2.3765174940071936,Matched AI Lean root values,,0.5132797404692,-1.1455533426932047,-1.1675261314828485,155,63,pair_df433d2d,2895,0.6077556536094604,0.2519800119538238,0.2429979616880774,2894,all normalized constructors,10
2.2909203037243238,2.290920303724324,Matched human Lean root values,,2.749470518577781,-0.9648001948783931,-0.9783714168811228,389,245,pair_e21630bd,12059,0.005969163228685515,0.334644898306379,0.32789065969729303,12058,shared binary core,10
2.2909203037243238,2.290920303724324,Matched human Lean root values,,2.749470518577781,-0.9648001948783931,-0.9783714168811228,389,245,pair_e21630bd,12059,0.005969163228685515,0.334644898306379,0.32789065969729303,12058,all normalized constructors,10
2.3486927850985024,2.3486927850985024,Matched AI Lean root values,,5.873039538433547,-0.0490028582931893,1.345477014762847,474,421,pair_e21630bd,19474,4.278763703463106e-09,0.9609170180895095,0.17847123916219143,19473,shared binary core,10
2.3486927850985024,2.3486927850985024,Matched AI Lean root values,,5.873039538433547,-0.0490028582931893,1.345477014762847,474,421,pair_e21630bd,19474,4.278763703463106e-09,0.9609170180895095,0.17847123916219143,19473,all normalized constructors,10
2.438975379507066,2.438975379507066,Matched human Lean root values,,1.0164016921834287,-0.7345779767676435,-0.7639298606865996,136,41,pair_e23940b8,2201,0.30943814014910365,0.46259655465088223,0.4449090415353619,2200,shared binary core,10
2.438975379507066,2.438975379507066,Matched human Lean root values,,1.0164016921834287,-0.7345779767676435,-0.7639298606865996,136,41,pair_e23940b8,2201,0.30943814014910365,0.46259655465088223,0.4449090415353619,2200,all normalized constructors,10
,,Matched AI Lean root values,insufficient tail variation,,,,37,7,pair_e23940b8,267,,,,266,shared binary core,10
,,Matched AI Lean root values,insufficient tail variation,,,,37,7,pair_e23940b8,267,,,,266,all normalized constructors,10
2.2819777717323797,2.2819777717323797,Matched human Lean root values,,4.168752353175545,-0.5216090794477274,0.256111178744653,704,429,pair_e24e2569,20433,3.06271538564032e-05,0.6019425403600813,0.7978649904015114,20432,shared binary core,10
2.281925651613082,2.281925651613082,Matched human Lean root values,,4.169623190237765,-0.521290407356748,0.19785611010982188,704,429,pair_e24e2569,20435,3.0510366362060302e-05,0.6021644824236658,0.8431576443118992,20434,all normalized constructors,10
2.3163865837222,2.3163865837222,Matched AI Lean root values,,2.9358365636330617,-0.9553072477865133,-0.6484818543272246,1025,501,pair_e24e2569,22843,0.0033264953409413334,0.33942234333584154,0.5166733434187365,22842,shared binary core,10
2.3163865837222,2.3163865837222,Matched AI Lean root values,,2.9358365636330617,-0.9553072477865133,-0.6484818543272246,1025,501,pair_e24e2569,22843,0.0033264953409413334,0.33942234333584154,0.5166733434187365,22842,all normalized constructors,10
2.999999999999999,3.1544466883963285,Matched human Lean root values,,-0.8815212979614476,-0.6949121394384371,-0.6652685756193588,25,10,pair_e289753a,548,0.3780357316572003,0.48711036454446355,0.5058787259997336,547,shared binary core,10
2.999999999999999,3.1544466883963285,Matched human Lean root values,,-0.8815212979614476,-0.6949121394384371,-0.6652685756193588,25,10,pair_e289753a,548,0.3780357316572003,0.48711036454446355,0.5058787259997336,547,all normalized constructors,10
,,Matched AI Lean root values,insufficient tail variation,,,,20,3,pair_e289753a,283,,,,282,shared binary core,10
,,Matched AI Lean root values,insufficient tail variation,,,,20,3,pair_e289753a,283,,,,282,all normalized constructors,10
2.4294867814935595,2.4294867814935595,Matched human Lean root values,,2.4456368123027143,-0.3659483600921457,-0.11555561536912644,210,97,pair_e38bc8a1,4140,0.014459657670737005,0.7144036093370123,0.9080047409741021,4139,shared binary core,10
2.4294867814935595,2.4294867814935595,Matched human Lean root values,,2.4456368123027143,-0.3659483600921457,-0.11555561536912644,210,97,pair_e38bc8a1,4140,0.014459657670737005,0.7144036093370123,0.9080047409741021,4139,all normalized constructors,10
2.3881816988034057,2.3881816988034057,Matched AI Lean root values,,1.837065493919137,-0.9610790530393206,-1.0093322057183793,311,142,pair_e38bc8a1,5760,0.06620022738871108,0.3365124210430265,0.31281533964531383,5759,shared binary core,10
2.3881816988034057,2.3881816988034057,Matched AI Lean root values,,1.837065493919137,-0.9610790530393206,-1.0093322057183793,311,142,pair_e38bc8a1,5760,0.06620022738871108,0.3365124210430265,0.31281533964531383,5759,all normalized constructors,10
2.5054067702545133,2.5054067702545133,Matched human Lean root values,,1.86842409826658,-1.0948453680877248,-1.1098309333833747,345,241,pair_e39b5195,8493,0.06170298069116022,0.2735843867445936,0.2670718868864381,8492,shared binary core,10
2.5054067702545133,2.5054067702545133,Matched human Lean root values,,1.86842409826658,-1.0948453680877248,-1.1098309333833747,345,241,pair_e39b5195,8493,0.06170298069116022,0.2735843867445936,0.2670718868864381,8492,all normalized constructors,10
,,Matched AI Lean root values,insufficient tail variation,,,,26,3,pair_e39b5195,205,,,,204,shared binary core,10
,,Matched AI Lean root values,insufficient tail variation,,,,26,3,pair_e39b5195,205,,,,204,all normalized constructors,10
2.257457378325913,2.257457378325913,Matched human Lean root values,,3.190709352428813,-0.877134698369296,-0.8898912777463647,174,153,pair_e45dd21b,7809,0.0014192397582280152,0.3804134799583937,0.37352426783512327,7808,shared binary core,10
2.257457378325913,2.257457378325913,Matched human Lean root values,,3.190709352428813,-0.877134698369296,-0.8898912777463647,174,153,pair_e45dd21b,7809,0.0014192397582280152,0.3804134799583937,0.37352426783512327,7808,all normalized constructors,10
2.317424730251717,2.317424730251717,Matched AI Lean root values,,5.08379575870152,-0.2814852598408316,0.47463209774485693,214,203,pair_e45dd21b,9672,3.699657617215783e-07,0.7783382321791296,0.6350492239505854,9671,shared binary core,10
2.317424730251717,2.317424730251717,Matched AI Lean root values,,5.08379575870152,-0.2814852598408316,0.47463209774485693,214,203,pair_e45dd21b,9672,3.699657617215783e-07,0.7783382321791296,0.6350492239505854,9671,all normalized constructors,10
2.4572644862188175,2.4572644862188175,Matched human Lean root values,,2.4346721017053468,-0.44158683693481404,-0.2686947579465785,138,87,pair_e4b3d3b7,3589,0.014905289824976955,0.6587882109209864,0.7881645860432812,3588,shared binary core,10
2.4572644862188175,2.4572644862188175,Matched human Lean root values,,2.4346721017053468,-0.44158683693481404,-0.2686947579465785,138,87,pair_e4b3d3b7,3589,0.014905289824976955,0.6587882109209864,0.7881645860432812,3588,all normalized constructors,10
2.623911260921889,2.623911260921889,Matched AI Lean root values,,2.6376200925111655,-1.0107945935744727,1.088010573636594,185,62,pair_e4b3d3b7,3104,0.008349005749046835,0.31211475127565846,0.2765904397022274,3103,shared binary core,10
2.623911260921889,2.623911260921889,Matched AI Lean root values,,2.6376200925111655,-1.0107945935744727,1.088010573636594,185,62,pair_e4b3d3b7,3104,0.008349005749046835,0.31211475127565846,0.2765904397022274,3103,all normalized constructors,10
2.172701718371582,2.172701718371582,Matched human Lean root values,,0.44786509235413036,-1.0023003547657376,-1.0545021753029267,177,40,pair_e5328112,2341,0.6542505626292603,0.31619855126319285,0.2916530652223771,2340,shared binary core,10
2.172701718371582,2.172701718371582,Matched human Lean root values,,0.44786509235413036,-1.0023003547657376,-1.0545021753029267,177,40,pair_e5328112,2341,0.6542505626292603,0.31619855126319285,0.2916530652223771,2340,all normalized constructors,10
2.3229130058045113,2.3229130058045113,Matched AI Lean root values,,1.2666278507920186,-0.5794536077393323,-0.5991714304688435,181,48,pair_e5328112,2560,0.20528838909736513,0.562283141193139,0.5490585722263708,2559,shared binary core,10
2.3229130058045113,2.3229130058045113,Matched AI Lean root values,,1.2666278507920186,-0.5794536077393323,-0.5991714304688435,181,48,pair_e5328112,2560,0.20528838909736513,0.562283141193139,0.5490585722263708,2559,all normalized constructors,10
,,Matched human Lean root values,insufficient tail variation,,,,41,6,pair_e5e14291,360,,,,359,shared binary core,10
,,Matched human Lean root values,insufficient tail variation,,,,41,6,pair_e5e14291,360,,,,359,all normalized constructors,10
,,Matched AI Lean root values,insufficient tail variation,,,,24,3,pair_e5e14291,218,,,,217,shared binary core,10
,,Matched AI Lean root values,insufficient tail variation,,,,24,3,pair_e5e14291,218,,,,217,all normalized constructors,10
1.9161181274377683,1.916118127437768,Matched human Lean root values,,2.512023936966222,-0.7622765695721279,-0.7853361748872761,303,60,pair_e653c233,4639,0.012004094603095886,0.4458949549504545,0.4322564913606568,4638,shared binary core,10
1.9161181274377683,1.916118127437768,Matched human Lean root values,,2.512023936966222,-0.7622765695721279,-0.7853361748872761,303,60,pair_e653c233,4639,0.012004094603095886,0.4458949549504545,0.4322564913606568,4638,all normalized constructors,10
2.2282534757179464,2.2282534757179464,Matched AI Lean root values,,3.8625587716106433,-0.4637519510885906,0.5417199960359808,163,71,pair_e653c233,3596,0.00011220555937951238,0.6428254718262928,0.588011412510753,3595,shared binary core,10
2.2282534757179464,2.2282534757179464,Matched AI Lean root values,,3.8625587716106433,-0.4637519510885906,0.5417199960359808,163,71,pair_e653c233,3596,0.00011220555937951238,0.6428254718262928,0.588011412510753,3595,all normalized constructors,10
,,Matched human Lean root values,insufficient tail variation,,,,22,1,pair_e662ae99,150,,,,149,shared binary core,10
,,Matched human Lean root values,insufficient tail variation,,,,22,1,pair_e662ae99,150,,,,149,all normalized constructors,10
2.0782803239064878,2.0782803239064878,Matched AI Lean root values,,-0.35758732002763743,-1.0120520020637818,-1.1094812543392596,121,14,pair_e662ae99,1277,0.7206521688528515,0.3115131901016981,0.26722262681766307,1276,shared binary core,10
2.0782803239064878,2.0782803239064878,Matched AI Lean root values,,-0.35758732002763743,-1.0120520020637818,-1.1094812543392596,121,14,pair_e662ae99,1277,0.7206521688528515,0.3115131901016981,0.26722262681766307,1276,all normalized constructors,10
2.4701667988759155,2.4701667988759155,Matched human Lean root values,,2.3534565808798966,-0.5533475863797962,-0.2988692012475303,356,191,pair_e6f73d93,8119,0.018599779937097077,0.5800254219353094,0.7650398474914752,8118,shared binary core,10
2.4701667988759155,2.4701667988759155,Matched human Lean root values,,2.3534565808798966,-0.5533475863797962,-0.2988692012475303,356,191,pair_e6f73d93,8119,0.018599779937097077,0.5800254219353094,0.7650398474914752,8118,all normalized constructors,10
2.3758869561508,2.3758869561508,Matched AI Lean root values,,1.6720594371571424,-1.3282567399299876,-1.3569402450815218,394,223,pair_e6f73d93,9153,0.09451260219331596,0.1840933057063482,0.17480019792729085,9152,shared binary core,10
2.3758869561508,2.3758869561508,Matched AI Lean root values,,1.6720594371571424,-1.3282567399299876,-1.3569402450815218,394,223,pair_e6f73d93,9153,0.09451260219331596,0.1840933057063482,0.17480019792729085,9152,all normalized constructors,10
,,Matched human Lean root values,insufficient tail variation,,,,25,9,pair_e7575bee,297,,,,296,shared binary core,10
,,Matched human Lean root values,insufficient tail variation,,,,25,9,pair_e7575bee,297,,,,296,all normalized constructors,10
,,Matched AI Lean root values,insufficient tail variation,,,,42,8,pair_e7575bee,345,,,,344,shared binary core,10
,,Matched AI Lean root values,insufficient tail variation,,,,42,8,pair_e7575bee,345,,,,344,all normalized constructors,10
2.2034465864080444,2.2034465864080452,Matched human Lean root values,,1.7731217728170212,-1.301375490807605,-1.3605983146698732,219,125,pair_e83bd10d,7164,0.07620853087978277,0.19312995871502403,0.17364066449041526,7163,shared binary core,10
2.2034465864080444,2.2034465864080452,Matched human Lean root values,,1.7731217728170212,-1.301375490807605,-1.3605983146698732,219,125,pair_e83bd10d,7164,0.07620853087978277,0.19312995871502403,0.17364066449041526,7163,all normalized constructors,10
2.314635890284161,2.314635890284161,Matched AI Lean root values,,2.866457804438359,-0.9367178809966792,-0.9468481516193458,241,176,pair_e83bd10d,8558,0.004150934908582204,0.348903695958787,0.3437161612730184,8557,shared binary core,10
2.314635890284161,2.314635890284161,Matched AI Lean root values,,2.866457804438359,-0.9367178809966792,-0.9468481516193458,241,176,pair_e83bd10d,8558,0.004150934908582204,0.348903695958787,0.3437161612730184,8557,all normalized constructors,10
2.3702948633806997,2.3702948633806997,Matched human Lean root values,,4.491763608779888,-0.31466939379494,1.0775517108337103,530,320,pair_e8903db6,14168,7.063580106633642e-06,0.753012684794026,0.28123386203581124,14167,shared binary core,10
2.3702948633806997,2.3702948633806997,Matched human Lean root values,,4.491763608779888,-0.31466939379494,1.0775517108337103,530,320,pair_e8903db6,14168,7.063580106633642e-06,0.753012684794026,0.28123386203581124,14167,all normalized constructors,10
2.299188236694987,2.299188236694987,Matched AI Lean root values,,1.9365174809207841,-1.198081964922379,-1.203306336601851,516,222,pair_e8903db6,9096,0.05280435366187015,0.23088510923369254,0.22885779786618787,9095,shared binary core,10
2.299188236694987,2.299188236694987,Matched AI Lean root values,,1.9365174809207841,-1.198081964922379,-1.203306336601851,516,222,pair_e8903db6,9096,0.05280435366187015,0.23088510923369254,0.22885779786618787,9095,all normalized constructors,10
,,Matched human Lean root values,insufficient tail variation,,,,15,1,pair_e8d98c67,98,,,,97,shared binary core,10
,,Matched human Lean root values,insufficient tail variation,,,,15,1,pair_e8d98c67,98,,,,97,all normalized constructors,10
,,Matched AI Lean root values,insufficient tail variation,,,,33,6,pair_e8d98c67,296,,,,295,shared binary core,10
,,Matched AI Lean root values,insufficient tail variation,,,,33,6,pair_e8d98c67,296,,,,295,all normalized constructors,10
2.235102527860069,2.2351025278600694,Matched human Lean root values,,1.4643677482397257,-0.6455610961459163,-0.6704045916871765,228,58,pair_e970e4c4,3510,0.14309349534064644,0.5185636391335751,0.5025999083588355,3509,shared binary core,10
2.235102527860069,2.2351025278600694,Matched human Lean root values,,1.4643677482397257,-0.6455610961459163,-0.6704045916871765,228,58,pair_e970e4c4,3510,0.14309349534064644,0.5185636391335751,0.5025999083588355,3509,all normalized constructors,10
2.333602968468595,2.333602968468595,Matched AI Lean root values,,2.352581797805623,-0.380532190983718,-0.19832819421405087,229,81,pair_e970e4c4,4264,0.018643588753278394,0.7035504056172313,0.8427882940013781,4263,shared binary core,10
2.333602968468595,2.333602968468595,Matched AI Lean root values,,2.352581797805623,-0.380532190983718,-0.19832819421405087,229,81,pair_e970e4c4,4264,0.018643588753278394,0.7035504056172313,0.8427882940013781,4263,all normalized constructors,10
2.2979460613441383,2.2979460613441383,Matched human Lean root values,,1.6158861433767837,-1.063515539047256,-1.1249945884409713,138,80,pair_eabc1c29,4182,0.10611893205040487,0.28754822214352393,0.260591327446549,4181,shared binary core,10
2.2979460613441383,2.2979460613441383,Matched human Lean root values,,1.6158861433767837,-1.063515539047256,-1.1249945884409713,138,80,pair_eabc1c29,4182,0.10611893205040487,0.28754822214352393,0.260591327446549,4181,all normalized constructors,10
1.844811416599178,1.844811416599178,Matched AI Lean root values,,1.4289034080284864,-1.3067657119223883,-1.3302465094830231,885,61,pair_eabc1c29,5673,0.1530319977850614,0.19129229354583333,0.18343706481005462,5672,shared binary core,10
1.844811416599178,1.844811416599178,Matched AI Lean root values,,1.4289034080284864,-1.3067657119223883,-1.3302465094830231,885,61,pair_eabc1c29,5673,0.1530319977850614,0.19129229354583333,0.18343706481005462,5672,all normalized constructors,10
2.299064379727411,2.299064379727411,Matched human Lean root values,,1.6936402038061615,-0.6708233811870364,-0.6977164259652525,199,59,pair_eb63c4a0,2932,0.09033367349103044,0.502333050676683,0.4853545535814249,2931,shared binary core,10
2.299064379727411,2.299064379727411,Matched human Lean root values,,1.6936402038061615,-0.6708233811870364,-0.6977164259652525,199,59,pair_eb63c4a0,2932,0.09033367349103044,0.502333050676683,0.4853545535814249,2931,all normalized constructors,10
2.0607043159403675,2.0607043159403675,Matched AI Lean root values,,-0.45073015928637405,-1.5159494179356725,-1.5811649731375523,163,34,pair_eb63c4a0,2168,0.6521840428877799,0.12953214307685934,0.11384032188689175,2167,shared binary core,10
2.0607043159403675,2.0607043159403675,Matched AI Lean root values,,-0.45073015928637405,-1.5159494179356725,-1.5811649731375523,163,34,pair_eb63c4a0,2168,0.6521840428877799,0.12953214307685934,0.11384032188689175,2167,all normalized constructors,10
2.5182880440183086,2.518288044018308,Matched human Lean root values,,3.7487706928820588,-0.08155450861410989,0.6754589630140746,198,165,pair_ebc61bc9,7248,0.00017770346817509277,0.9350009775962177,0.49938421514005316,7247,shared binary core,10
2.5182880440183086,2.518288044018308,Matched human Lean root values,,3.7487706928820588,-0.08155450861410989,0.6754589630140746,198,165,pair_ebc61bc9,7248,0.00017770346817509277,0.9350009775962177,0.49938421514005316,7247,all normalized constructors,10
2.032671350177502,2.032671350177502,Matched AI Lean root values,,-0.44913528707246037,-0.6628457565426975,-0.7044593392348183,75,14,pair_ebc61bc9,982,0.6533340664735057,0.5074293451773815,0.48114676327578,981,shared binary core,10
2.032671350177502,2.032671350177502,Matched AI Lean root values,,-0.44913528707246037,-0.6628457565426975,-0.7044593392348183,75,14,pair_ebc61bc9,982,0.6533340664735057,0.5074293451773815,0.48114676327578,981,all normalized constructors,10
2.6460526275982303,2.6460526275982303,Matched human Lean root values,,0.6596343626807625,-0.3460253673648863,-0.3613838615915585,98,24,pair_ec20e9b4,1102,0.5094884972135068,0.7293236505846031,0.7178125105842834,1101,shared binary core,10
2.6460526275982303,2.6460526275982303,Matched human Lean root values,,0.6596343626807625,-0.3460253673648863,-0.3613838615915585,98,24,pair_ec20e9b4,1102,0.5094884972135068,0.7293236505846031,0.7178125105842834,1101,all normalized constructors,10
2.4315672320006243,2.4315672320006243,Matched AI Lean root values,,2.579680113074275,-0.23655758457550907,0.19486752497874657,344,148,pair_ec20e9b4,5874,0.009889187327725816,0.8130000288659534,0.8454966581011754,5873,shared binary core,10
2.4315672320006243,2.4315672320006243,Matched AI Lean root values,,2.579680113074275,-0.23655758457550907,0.19486752497874657,344,148,pair_ec20e9b4,5874,0.009889187327725816,0.8130000288659534,0.8454966581011754,5873,all normalized constructors,10
2.480231256259449,2.480231256259449,Matched human Lean root values,,2.9242311972905215,-0.10753407132686899,0.4684328924481747,301,172,pair_ec7f806f,7459,0.00345308170925852,0.9143652970124853,0.6394750505407083,7458,shared binary core,10
2.480231256259449,2.480231256259449,Matched human Lean root values,,2.9242311972905215,-0.10753407132686899,0.4684328924481747,301,172,pair_ec7f806f,7459,0.00345308170925852,0.9143652970124853,0.6394750505407083,7458,all normalized constructors,10
2.299435915618526,2.2994359156185262,Matched AI Lean root values,,1.8718822287018793,-0.47954479638571806,-0.4522159564355278,214,67,pair_ec7f806f,3554,0.0612228987261592,0.6315511077693883,0.6511134141919297,3553,shared binary core,10
2.299435915618526,2.2994359156185262,Matched AI Lean root values,,1.8718822287018793,-0.47954479638571806,-0.4522159564355278,214,67,pair_ec7f806f,3554,0.0612228987261592,0.6315511077693883,0.6511134141919297,3553,all normalized constructors,10
2.4722560467555104,2.4722560467555104,Matched human Lean root values,,2.2973379853769225,-0.2728365674752934,0.0045220069108319405,179,83,pair_ec8eb018,4307,0.02159949647486653,0.7849788487881783,0.9963919727984929,4306,shared binary core,10
2.4722560467555104,2.4722560467555104,Matched human Lean root values,,2.2973379853769225,-0.2728365674752934,0.0045220069108319405,179,83,pair_ec8eb018,4307,0.02159949647486653,0.7849788487881783,0.9963919727984929,4306,all normalized constructors,10
2.269543996937779,2.269543996937779,Matched AI Lean root values,,1.7345124547408837,-1.627207504798226,-1.6466118792347213,457,254,pair_ec8eb018,10922,0.08282719782622337,0.10369303437737361,0.09963784717403995,10921,shared binary core,10
2.269543996937779,2.269543996937779,Matched AI Lean root values,,1.7345124547408837,-1.627207504798226,-1.6466118792347213,457,254,pair_ec8eb018,10922,0.08282719782622337,0.10369303437737361,0.09963784717403995,10921,all normalized constructors,10
2.2369706487309173,2.2369706487309173,Matched human Lean root values,,1.8341981975544566,-0.6653804975057701,-0.6912995340606568,214,76,pair_edc1fe33,4529,0.06662457890264718,0.5058071556081695,0.4893773245688552,4528,shared binary core,10
2.2369706487309173,2.2369706487309173,Matched human Lean root values,,1.8341981975544566,-0.6653804975057701,-0.6912995340606568,214,76,pair_edc1fe33,4529,0.06662457890264718,0.5058071556081695,0.4893773245688552,4528,all normalized constructors,10
2.377620472474108,2.377620472474108,Matched AI Lean root values,,1.831778842887041,-0.4318044040663633,-0.3526489737330615,159,59,pair_edc1fe33,3048,0.06698437658589328,0.6658835783805159,0.7243516176219045,3047,shared binary core,10
2.377620472474108,2.377620472474108,Matched AI Lean root values,,1.831778842887041,-0.4318044040663633,-0.3526489737330615,159,59,pair_edc1fe33,3048,0.06698437658589328,0.6658835783805159,0.7243516176219045,3047,all normalized constructors,10
2.124387354893133,2.124387354893133,Matched human Lean root values,,1.1386417475703017,-1.1790779349173037,-1.229895086816829,193,70,pair_ee1554cd,4645,0.2548526083995968,0.23836714391559932,0.21873639431372205,4644,shared binary core,10
2.124387354893133,2.124387354893133,Matched human Lean root values,,1.1386417475703017,-1.1790779349173037,-1.229895086816829,193,70,pair_ee1554cd,4645,0.2548526083995968,0.23836714391559932,0.21873639431372205,4644,all normalized constructors,10
2.1498645314795963,2.1498645314795968,Matched AI Lean root values,,-0.09262667935137633,-1.809521399921935,-1.887441673522352,181,81,pair_ee1554cd,4364,0.9262001478033781,0.07037003860367157,0.0591009444077016,4363,shared binary core,10
2.1498645314795963,2.1498645314795968,Matched AI Lean root values,,-0.09262667935137633,-1.809521399921935,-1.887441673522352,181,81,pair_ee1554cd,4364,0.9262001478033781,0.07037003860367157,0.0591009444077016,4363,all normalized constructors,10
2.4902621473100255,2.4902621473100255,Matched human Lean root values,,2.382878670413147,-0.3406348366478423,-0.0781338164899798,187,110,pair_ee294964,4948,0.017177854871329758,0.7333785003724977,0.9377216077396213,4947,shared binary core,10
2.4902621473100255,2.4902621473100255,Matched human Lean root values,,2.382878670413147,-0.3406348366478423,-0.0781338164899798,187,110,pair_ee294964,4948,0.017177854871329758,0.7333785003724977,0.9377216077396213,4947,all normalized constructors,10
2.230240186363384,2.2302401863633845,Matched AI Lean root values,,1.226704572928633,-1.3908387358647754,-1.454011356767654,226,122,pair_ee294964,6135,0.21993364834145945,0.16427433391744573,0.14594315759890986,6134,shared binary core,10
2.230240186363384,2.2302401863633845,Matched AI Lean root values,,1.226704572928633,-1.3908387358647754,-1.454011356767654,226,122,pair_ee294964,6135,0.21993364834145945,0.16427433391744573,0.14594315759890986,6134,all normalized constructors,10
2.2246438872381087,2.2246438872381082,Matched human Lean root values,,0.8500040096503225,-0.5458968947384809,-0.567652042356934,111,26,pair_ee52321c,1916,0.39532285700480696,0.5851368130207477,0.5702712617990842,1915,shared binary core,10
2.2246438872381087,2.2246438872381082,Matched human Lean root values,,0.8500040096503225,-0.5458968947384809,-0.567652042356934,111,26,pair_ee52321c,1916,0.39532285700480696,0.5851368130207477,0.5702712617990842,1915,all normalized constructors,10
1.9563157426232634,1.9563157426232631,Matched AI Lean root values,,3.7880921574825828,-0.9404735100831463,-0.9602295719766594,195,136,pair_ee52321c,8799,0.00015180854274571634,0.3469747312440641,0.3369396866881389,8798,shared binary core,10
1.9563157426232634,1.9563157426232631,Matched AI Lean root values,,3.7880921574825828,-0.9404735100831463,-0.9602295719766594,195,136,pair_ee52321c,8799,0.00015180854274571634,0.3469747312440641,0.3369396866881389,8798,all normalized constructors,10
2.4812296740663657,2.4812296740663657,Matched human Lean root values,,2.316258357879533,-0.013435914270002978,0.44301660390816344,235,70,pair_eeb3bb08,3657,0.02054416654180448,0.9892800139800857,0.6577537249590684,3656,shared binary core,10
2.4812296740663657,2.4812296740663657,Matched human Lean root values,,2.316258357879533,-0.013435914270002978,0.44301660390816344,235,70,pair_eeb3bb08,3657,0.02054416654180448,0.9892800139800857,0.6577537249590684,3656,all normalized constructors,10
2.4841839443227958,2.4841839443227958,Matched AI Lean root values,,1.9996887762862208,-0.8139647275924926,-0.8306887784335405,321,195,pair_eeb3bb08,7166,0.045533880895355226,0.4156651579026803,0.40614946725587464,7165,shared binary core,10
2.4841839443227958,2.4841839443227958,Matched AI Lean root values,,1.9996887762862208,-0.8139647275924926,-0.8306887784335405,321,195,pair_eeb3bb08,7166,0.045533880895355226,0.4156651579026803,0.40614946725587464,7165,all normalized constructors,10
2.469109061384425,2.469109061384425,Matched human Lean root values,,0.9340832154346707,-0.27717588515568875,-0.2781341183747119,140,21,pair_eed4f922,1262,0.3502609692725913,0.7816450553404486,0.7809094059349276,1261,shared binary core,10
2.469109061384425,2.469109061384425,Matched human Lean root values,,0.9340832154346707,-0.27717588515568875,-0.2781341183747119,140,21,pair_eed4f922,1262,0.3502609692725913,0.7816450553404486,0.7809094059349276,1261,all normalized constructors,10
2.449915367671928,2.4499153676719283,Matched AI Lean root values,,1.306151659340634,-0.1741391712838326,-0.02901542699014917,137,25,pair_eed4f922,1552,0.19150098817360206,0.8617560892404519,0.9768522868157,1551,shared binary core,10
2.449915367671928,2.4499153676719283,Matched AI Lean root values,,1.306151659340634,-0.1741391712838326,-0.02901542699014917,137,25,pair_eed4f922,1552,0.19150098817360206,0.8617560892404519,0.9768522868157,1551,all normalized constructors,10
2.4770783760464123,2.4770783760464123,Matched human Lean root values,,1.0800592454385396,-0.21769830461505796,-0.1526656592022998,133,20,pair_f0d3d3dd,1229,0.280115798613224,0.8276641847224265,0.8786619432363755,1228,shared binary core,10
2.4770783760464123,2.4770783760464123,Matched human Lean root values,,1.0800592454385396,-0.21769830461505796,-0.1526656592022998,133,20,pair_f0d3d3dd,1229,0.280115798613224,0.8276641847224265,0.8786619432363755,1228,all normalized constructors,10
2.4659097653870408,2.4659097653870408,Matched AI Lean root values,,1.1379570202832012,-0.10268073836727115,0.02882251407907717,122,15,pair_f0d3d3dd,1075,0.2551384296301473,0.9182163613853052,0.9770061446991309,1074,shared binary core,10
2.4659097653870408,2.4659097653870408,Matched AI Lean root values,,1.1379570202832012,-0.10268073836727115,0.02882251407907717,122,15,pair_f0d3d3dd,1075,0.2551384296301473,0.9182163613853052,0.9770061446991309,1074,all normalized constructors,10
2.6961791894679923,2.6961791894679927,Matched human Lean root values,,1.573361610665063,-0.08202785855632884,0.18207971221451524,108,30,pair_f1a813ba,1112,0.11563511077347347,0.9346245601752619,0.8555201698967414,1111,shared binary core,10
2.6961791894679923,2.6961791894679927,Matched human Lean root values,,1.573361610665063,-0.08202785855632884,0.18207971221451524,108,30,pair_f1a813ba,1112,0.11563511077347347,0.9346245601752619,0.8555201698967414,1111,all normalized constructors,10
2.999999999999999,3.0590630154616263,Matched AI Lean root values,,1.1504346179675917,-0.14146575678969756,0.041108004806212795,87,34,pair_f1a813ba,1154,0.2499649088022079,0.8875020100763193,0.967209793086921,1153,shared binary core,10
2.999999999999999,3.0590630154616263,Matched AI Lean root values,,1.1504346179675917,-0.14146575678969756,0.041108004806212795,87,34,pair_f1a813ba,1154,0.2499649088022079,0.8875020100763193,0.967209793086921,1153,all normalized constructors,10
2.378039087758643,2.378039087758643,Matched human Lean root values,,3.162228566363553,-0.5902537669755008,-0.30831248826630997,265,193,pair_f2ee8d3a,8868,0.0015656662118858143,0.5550205301648579,0.7578445643337954,8867,shared binary core,10
2.378039087758643,2.378039087758643,Matched human Lean root values,,3.162228566363553,-0.5902537669755008,-0.30831248826630997,265,193,pair_f2ee8d3a,8868,0.0015656662118858143,0.5550205301648579,0.7578445643337954,8867,all normalized constructors,10
2.2915809230332176,2.2915809230332176,Matched AI Lean root values,,2.371804351976746,-1.5331883282775485,-1.567065163474412,517,326,pair_f2ee8d3a,13763,0.017701461209790475,0.12522945922829745,0.1170994609289334,13762,shared binary core,10
2.2915809230332176,2.2915809230332176,Matched AI Lean root values,,2.371804351976746,-1.5331883282775485,-1.567065163474412,517,326,pair_f2ee8d3a,13763,0.017701461209790475,0.12522945922829745,0.1170994609289334,13762,all normalized constructors,10
2.564616035546913,2.564616035546913,Matched human Lean root values,,1.6473676166554267,-0.5595958594492412,-0.5147627451013114,161,78,pair_f39ff433,3618,0.0994825073606127,0.5757551297522099,0.6067188216745731,3617,shared binary core,10
2.564616035546913,2.564616035546913,Matched human Lean root values,,1.6473676166554267,-0.5595958594492412,-0.5147627451013114,161,78,pair_f39ff433,3618,0.0994825073606127,0.5757551297522099,0.6067188216745731,3617,all normalized constructors,10
2.6104465382362747,2.6104465382362747,Matched AI Lean root values,,1.6088229761033155,-0.30856881971470973,-0.17033273557377618,139,48,pair_f39ff433,2261,0.1076550553929414,0.7576495423765031,0.8647484681465615,2260,shared binary core,10
2.6104465382362747,2.6104465382362747,Matched AI Lean root values,,1.6088229761033155,-0.30856881971470973,-0.17033273557377618,139,48,pair_f39ff433,2261,0.1076550553929414,0.7576495423765031,0.8647484681465615,2260,all normalized constructors,10
2.4159241394498565,2.4159241394498565,Matched human Lean root values,,1.7050302795937329,-0.4808882782526128,-0.4208862840114849,228,69,pair_f46b4569,3520,0.08818877730939456,0.6305959041238164,0.6738381213365209,3519,shared binary core,10
2.4159241394498565,2.4159241394498565,Matched human Lean root values,,1.7050302795937329,-0.4808882782526128,-0.4208862840114849,228,69,pair_f46b4569,3520,0.08818877730939456,0.6305959041238164,0.6738381213365209,3519,all normalized constructors,10
2.5391098899630373,2.5391098899630378,Matched AI Lean root values,,2.491535436404704,-0.18062285156100624,0.4417140527088771,283,156,pair_f46b4569,6523,0.012719227850250115,0.856663617945223,0.658696139393997,6522,shared binary core,10
2.5391098899630373,2.5391098899630378,Matched AI Lean root values,,2.491535436404704,-0.18062285156100624,0.4417140527088771,283,156,pair_f46b4569,6523,0.012719227850250115,0.856663617945223,0.658696139393997,6522,all normalized constructors,10
2.253993820196068,2.253993820196068,Matched human Lean root values,,1.525076819592675,-1.665030279710702,-1.644985453238285,606,267,pair_f4b1f0c5,11321,0.12723993818457416,0.09590671494880434,0.09997281097093376,11320,shared binary core,10
2.253993820196068,2.253993820196068,Matched human Lean root values,,1.525076819592675,-1.665030279710702,-1.644985453238285,606,267,pair_f4b1f0c5,11321,0.12723993818457416,0.09590671494880434,0.09997281097093376,11320,all normalized constructors,10
2.2930395361656357,2.2930395361656357,Matched AI Lean root values,,1.4930464022582106,-1.3651791231536519,-1.3909809651216067,388,180,pair_f4b1f0c5,7700,0.1354250409286806,0.17219675829840408,0.16423119895842542,7699,shared binary core,10
2.2930395361656357,2.2930395361656357,Matched AI Lean root values,,1.4930464022582106,-1.3651791231536519,-1.3909809651216067,388,180,pair_f4b1f0c5,7700,0.1354250409286806,0.17219675829840408,0.16423119895842542,7699,all normalized constructors,10
,,Matched human Lean root values,insufficient tail variation,,,,96,6,pair_f508c4f1,618,,,,617,shared binary core,10
,,Matched human Lean root values,insufficient tail variation,,,,96,6,pair_f508c4f1,618,,,,617,all normalized constructors,10
2.172267186044569,2.172267186044569,Matched AI Lean root values,,0.3590096660266957,-1.0135917293243786,-1.05657651597535,223,43,pair_f508c4f1,2622,0.7195878582277269,0.31077760579366265,0.29070490296358775,2621,shared binary core,10
2.172267186044569,2.172267186044569,Matched AI Lean root values,,0.3590096660266957,-1.0135917293243786,-1.05657651597535,223,43,pair_f508c4f1,2622,0.7195878582277269,0.31077760579366265,0.29070490296358775,2621,all normalized constructors,10
2.4284257019459936,2.4284257019459936,Matched human Lean root values,,2.0201234099734893,-0.11912381774369812,0.3110108051464398,253,65,pair_f54301fd,3593,0.043370588165510905,0.9051772612668616,0.7557924073929987,3592,shared binary core,10
2.4284257019459936,2.4284257019459936,Matched human Lean root values,,2.0201234099734893,-0.11912381774369812,0.3110108051464398,253,65,pair_f54301fd,3593,0.043370588165510905,0.9051772612668616,0.7557924073929987,3592,all normalized constructors,10
2.43519510298949,2.43519510298949,Matched AI Lean root values,,2.2454350877552343,-0.5136779439130591,-0.36801169078280943,329,139,pair_f54301fd,6404,0.024740215014319004,0.6074771749521604,0.7128645170146888,6403,shared binary core,10
2.43519510298949,2.43519510298949,Matched AI Lean root values,,2.2454350877552343,-0.5136779439130591,-0.36801169078280943,329,139,pair_f54301fd,6404,0.024740215014319004,0.6074771749521604,0.7128645170146888,6403,all normalized constructors,10
2.2906913962697306,2.2906913962697306,Matched human Lean root values,,0.544726045460023,-0.7483942379338192,-0.7665399133205413,124,25,pair_f549052a,1564,0.585941948814435,0.4542223970579097,0.4433551123199617,1563,shared binary core,10
2.2906913962697306,2.2906913962697306,Matched human Lean root values,,0.544726045460023,-0.7483942379338192,-0.7665399133205413,124,25,pair_f549052a,1564,0.585941948814435,0.4542223970579097,0.4433551123199617,1563,all normalized constructors,10
2.3714548458138465,2.3714548458138465,Matched AI Lean root values,,2.4232747574186537,-0.5752140574591761,-0.42037624955223163,219,101,pair_f549052a,4739,0.015381288398232313,0.565146536722261,0.6742106155851342,4738,shared binary core,10
2.3714548458138465,2.3714548458138465,Matched AI Lean root values,,2.4232747574186537,-0.5752140574591761,-0.42037624955223163,219,101,pair_f549052a,4739,0.015381288398232313,0.565146536722261,0.6742106155851342,4738,all normalized constructors,10
2.623225669307228,2.623225669307228,Matched human Lean root values,,2.5892075937414463,-0.0729693094960796,0.8500964035436862,263,112,pair_f5a9005d,4995,0.009619708260286877,0.9418305398587357,0.3952714909851478,4994,shared binary core,10
2.623225669307228,2.623225669307228,Matched human Lean root values,,2.5892075937414463,-0.0729693094960796,0.8500964035436862,263,112,pair_f5a9005d,4995,0.009619708260286877,0.9418305398587357,0.3952714909851478,4994,all normalized constructors,10
2.4178430142046228,2.4178430142046228,Matched AI Lean root values,,1.7530350714882514,-1.1307761348851417,-1.1719512945029125,296,187,pair_f5a9005d,7671,0.07959598723360874,0.258149327070634,0.24121661127092953,7670,shared binary core,10
2.4178430142046228,2.4178430142046228,Matched AI Lean root values,,1.7530350714882514,-1.1307761348851417,-1.1719512945029125,296,187,pair_f5a9005d,7671,0.07959598723360874,0.258149327070634,0.24121661127092953,7670,all normalized constructors,10
2.3281405223724043,2.3281405223724043,Matched human Lean root values,,2.090501541068392,-0.3241704977476206,-0.1568828540454875,242,67,pair_f5d4e5bf,3655,0.03657277010400867,0.745808956458669,0.8753371730104511,3654,shared binary core,10
2.3281405223724043,2.3281405223724043,Matched human Lean root values,,2.090501541068392,-0.3241704977476206,-0.1568828540454875,242,67,pair_f5d4e5bf,3655,0.03657277010400867,0.745808956458669,0.8753371730104511,3654,all normalized constructors,10
2.1143693797545566,2.1143693797545566,Matched AI Lean root values,,-0.4706539400035254,-1.4143108036346326,-1.4562504596271495,143,30,pair_f5d4e5bf,1809,0.6378878815287619,0.15727066623981273,0.14532339502694322,1808,shared binary core,10
2.1143693797545566,2.1143693797545566,Matched AI Lean root values,,-0.4706539400035254,-1.4143108036346326,-1.4562504596271495,143,30,pair_f5d4e5bf,1809,0.6378878815287619,0.15727066623981273,0.14532339502694322,1808,all normalized constructors,10
2.417039360308936,2.4170393603089364,Matched human Lean root values,,1.4665985445245635,-0.3941440032113276,-0.4086899472931078,154,32,pair_f5e39d77,1688,0.14248529621460973,0.6934747251396707,0.6827672120240031,1687,shared binary core,10
2.417039360308936,2.4170393603089364,Matched human Lean root values,,1.4665985445245635,-0.3941440032113276,-0.4086899472931078,154,32,pair_f5e39d77,1688,0.14248529621460973,0.6934747251396707,0.6827672120240031,1687,all normalized constructors,10
1.4686065672623214,1.468391470855458,Matched AI Lean root values,,-4.235984302925659,-2.9327133484061547,-2.2931573791138007,132,10,pair_f5e39d77,1103,2.275526741688229e-05,0.0033601396948472373,0.021838945929245793,1102,shared binary core,10
1.4686065672623214,1.468391470855458,Matched AI Lean root values,,-4.235984302925659,-2.9327133484061547,-2.2931573791138007,132,10,pair_f5e39d77,1103,2.275526741688229e-05,0.0033601396948472373,0.021838945929245793,1102,all normalized constructors,10
,,Matched human Lean root values,insufficient tail variation,,,,76,8,pair_f700873e,633,,,,632,shared binary core,10
,,Matched human Lean root values,insufficient tail variation,,,,76,8,pair_f700873e,633,,,,632,all normalized constructors,10
2.735348300735394,2.735348300735394,Matched AI Lean root values,,2.071625053923593,-0.990160910457511,1.0791779654632172,137,33,pair_f700873e,1847,0.03830042157464633,0.32209547535983685,0.28050840040833314,1846,shared binary core,10
2.735348300735394,2.735348300735394,Matched AI Lean root values,,2.071625053923593,-0.990160910457511,1.0791779654632172,137,33,pair_f700873e,1847,0.03830042157464633,0.32209547535983685,0.28050840040833314,1846,all normalized constructors,10
2.4515134943194905,2.4515134943194905,Matched human Lean root values,,1.160856194903863,-0.23959656775146618,-0.17556788590361125,135,18,pair_f7ca2998,1288,0.24570038562663854,0.8106430258226405,0.8606334337423291,1287,shared binary core,10
2.4515134943194905,2.4515134943194905,Matched human Lean root values,,1.160856194903863,-0.23959656775146618,-0.17556788590361125,135,18,pair_f7ca2998,1288,0.24570038562663854,0.8106430258226405,0.8606334337423291,1287,all normalized constructors,10
2.503947438741304,2.503947438741304,Matched AI Lean root values,,1.203271164052201,-0.3216830861353815,-0.27541003545840753,146,33,pair_f7ca2998,1797,0.22887140402682138,0.7476927926340162,0.7830012349237636,1796,shared binary core,10
2.503947438741304,2.503947438741304,Matched AI Lean root values,,1.203271164052201,-0.3216830861353815,-0.27541003545840753,146,33,pair_f7ca2998,1797,0.22887140402682138,0.7476927926340162,0.7830012349237636,1796,all normalized constructors,10
2.5113679155196924,2.511367915519693,Matched human Lean root values,,0.42019775995261793,-0.5443109187111044,-0.566292194979323,64,15,pair_f8026f2d,819,0.674340991039337,0.5862275345678779,0.5711951653217475,818,shared binary core,10
2.5113679155196924,2.511367915519693,Matched human Lean root values,,0.42019775995261793,-0.5443109187111044,-0.566292194979323,64,15,pair_f8026f2d,819,0.674340991039337,0.5862275345678779,0.5711951653217475,818,all normalized constructors,10
2.478161754842406,2.478161754842406,Matched AI Lean root values,,0.3415094635171349,-0.34093834266144096,-0.349014350808763,64,10,pair_f8026f2d,668,0.7327200817893171,0.733149998976758,0.727078535824216,667,shared binary core,10
2.478161754842406,2.478161754842406,Matched AI Lean root values,,0.3415094635171349,-0.34093834266144096,-0.349014350808763,64,10,pair_f8026f2d,668,0.7327200817893171,0.733149998976758,0.727078535824216,667,all normalized constructors,10
2.2461519124549687,2.2461519124549687,Matched human Lean root values,,1.1171167816135137,-1.3019421091719774,-1.3543143234843193,144,100,pair_f827a253,4687,0.26394439606000397,0.19293617612915004,0.17563611834895343,4686,shared binary core,10
2.2461519124549687,2.2461519124549687,Matched human Lean root values,,1.1171167816135137,-1.3019421091719774,-1.3543143234843193,144,100,pair_f827a253,4687,0.26394439606000397,0.19293617612915004,0.17563611834895343,4686,all normalized constructors,10
2.5360614908647463,2.5360614908647463,Matched AI Lean root values,,1.2421858722044576,-0.9386808502055628,-0.9939841760309656,131,80,pair_f827a253,3618,0.2141679909885168,0.3478946282870201,0.32023057133268407,3617,shared binary core,10
2.5360614908647463,2.5360614908647463,Matched AI Lean root values,,1.2421858722044576,-0.9386808502055628,-0.9939841760309656,131,80,pair_f827a253,3618,0.2141679909885168,0.3478946282870201,0.32023057133268407,3617,all normalized constructors,10
2.503146879461978,2.503146879461978,Matched human Lean root values,,1.756085301872258,-0.9085393368452553,-0.9222104096678226,322,193,pair_f85a44af,7476,0.07907384442443895,0.3635933405064564,0.3564188343313499,7475,shared binary core,10
2.503146879461978,2.503146879461978,Matched human Lean root values,,1.756085301872258,-0.9085393368452553,-0.9222104096678226,322,193,pair_f85a44af,7476,0.07907384442443895,0.3635933405064564,0.3564188343313499,7475,all normalized constructors,10
2.440520230798092,2.440520230798092,Matched AI Lean root values,,2.102342694362336,-1.0115803660660123,-1.031123491608076,338,212,pair_f85a44af,7697,0.03552326716066934,0.3117387374594971,0.30248291283324924,7696,shared binary core,10
2.440520230798092,2.440520230798092,Matched AI Lean root values,,2.102342694362336,-1.0115803660660123,-1.031123491608076,338,212,pair_f85a44af,7697,0.03552326716066934,0.3117387374594971,0.30248291283324924,7696,all normalized constructors,10
2.4440486101202943,2.4440486101202943,Matched human Lean root values,,1.9732993266219818,-0.07759514833373828,0.34315788538405195,188,37,pair_f9baa4be,2284,0.048461469606142143,0.9381501018153064,0.731479685693144,2283,shared binary core,10
2.4440486101202943,2.4440486101202943,Matched human Lean root values,,1.9732993266219818,-0.07759514833373828,0.34315788538405195,188,37,pair_f9baa4be,2284,0.048461469606142143,0.9381501018153064,0.731479685693144,2283,all normalized constructors,10
2.352316810478345,2.3523168104783454,Matched AI Lean root values,,1.5228154404612668,-0.30615144419914936,-0.22525357219943884,177,34,pair_f9baa4be,2221,0.1278048858881405,0.759489340325907,0.8217820155354029,2220,shared binary core,10
2.352316810478345,2.3523168104783454,Matched AI Lean root values,,1.5228154404612668,-0.30615144419914936,-0.22525357219943884,177,34,pair_f9baa4be,2221,0.1278048858881405,0.759489340325907,0.8217820155354029,2220,all normalized constructors,10
,,Matched human Lean root values,insufficient tail variation,,,,14,3,pair_fc9929da,170,,,,169,shared binary core,10
,,Matched human Lean root values,insufficient tail variation,,,,14,3,pair_fc9929da,170,,,,169,all normalized constructors,10
,,Matched AI Lean root values,insufficient tail variation,,,,33,8,pair_fc9929da,376,,,,375,shared binary core,10
,,Matched AI Lean root values,insufficient tail variation,,,,33,8,pair_fc9929da,376,,,,375,all normalized constructors,10
2.2904774630771714,2.290477463077172,Matched human Lean root values,,1.912245031051073,-0.5593230929015518,-0.5588151620211681,159,45,pair_fccad9e3,2776,0.055844772711240095,0.5759412378145182,0.5762878736874395,2775,shared binary core,10
2.2904774630771714,2.290477463077172,Matched human Lean root values,,1.912245031051073,-0.5593230929015518,-0.5588151620211681,159,45,pair_fccad9e3,2776,0.055844772711240095,0.5759412378145182,0.5762878736874395,2775,all normalized constructors,10
2.5387263983350916,2.5387263983350916,Matched AI Lean root values,,2.196086018007634,-1.0134115950908464,0.6847200055281035,114,28,pair_fccad9e3,1714,0.028085787165114867,0.31086360328734086,0.4935206224771759,1713,shared binary core,10
2.5387263983350916,2.5387263983350916,Matched AI Lean root values,,2.196086018007634,-1.0134115950908464,0.6847200055281035,114,28,pair_fccad9e3,1714,0.028085787165114867,0.31086360328734086,0.4935206224771759,1713,all normalized constructors,10
2.518087786495936,2.518087786495936,Matched human Lean root values,,4.063541583122222,-1.005097274115909,1.345809591050838,319,224,pair_fd852ae5,9941,4.8333706888055306e-05,0.31485001254650336,0.17836393150890995,9940,shared binary core,10
2.518087786495936,2.518087786495936,Matched human Lean root values,,4.063541583122222,-1.005097274115909,1.345809591050838,319,224,pair_fd852ae5,9941,4.8333706888055306e-05,0.31485001254650336,0.17836393150890995,9940,all normalized constructors,10
2.6005757391076214,2.6005757391076214,Matched AI Lean root values,,2.2597536643639176,-0.3563536717178909,-0.05517141832250363,267,142,pair_fd852ae5,5269,0.023836543634958633,0.7215757196361852,0.9560018991171599,5268,shared binary core,10
2.6005757391076214,2.6005757391076214,Matched AI Lean root values,,2.2597536643639176,-0.3563536717178909,-0.05517141832250363,267,142,pair_fd852ae5,5269,0.023836543634958633,0.7215757196361852,0.9560018991171599,5268,all normalized constructors,10
2.579255130575794,2.5792551305757936,Matched human Lean root values,,1.9382553294506066,-0.0381735838008818,0.5033961831066954,162,36,pair_fe3e5ba4,1856,0.052592079405152266,0.9695492826127309,0.6146857546351865,1855,shared binary core,10
2.579255130575794,2.5792551305757936,Matched human Lean root values,,1.9382553294506066,-0.0381735838008818,0.5033961831066954,162,36,pair_fe3e5ba4,1856,0.052592079405152266,0.9695492826127309,0.6146857546351865,1855,all normalized constructors,10
2.6067267233511267,2.6067267233511267,Matched AI Lean root values,,2.498127681026956,-0.150557306164263,0.30004985015815955,205,134,pair_fe3e5ba4,5282,0.012485121609267145,0.8803249421343933,0.7641391314205964,5281,shared binary core,10
2.6067267233511267,2.6067267233511267,Matched AI Lean root values,,2.498127681026956,-0.150557306164263,0.30004985015815955,205,134,pair_fe3e5ba4,5282,0.012485121609267145,0.8803249421343933,0.7641391314205964,5281,all normalized constructors,10
