pair,h_N,h_root_component_share,h_theorem_0.1,h_mean_all_0.1,h_mean_root_component_0.1,h_theorem_0.05,h_mean_all_0.05,h_mean_root_component_0.05,h_theorem_0.01,h_mean_all_0.01,h_mean_root_component_0.01,a_N,a_root_component_share,a_theorem_0.1,a_mean_all_0.1,a_mean_root_component_0.1,a_theorem_0.05,a_mean_all_0.05,a_mean_root_component_0.05,a_theorem_0.01,a_mean_all_0.01,a_mean_root_component_0.01
pair_00b23e63,6816,1.0,0.9796875,0.9893126008656103,0.9893126008656103,0.9453124999999999,0.9936456957893192,0.9936456957893192,0.9859375,0.9948962001173708,0.9948962001173708,4429,1.0,0.9761904761904762,0.988147988366717,0.988147988366717,0.9851190476190477,0.9922326065219493,0.9922326065219493,0.9985119047619048,0.9941712629960542,0.9941712629960542
pair_01eb3f84,5111,1.0,0.9672619047619048,0.9876369594991196,0.9876369594991196,0.9315476190476191,0.9913229868351177,0.9913229868351177,0.9925595238095238,0.9935284889733629,0.9935284889733629,5776,1.0,0.9765625,0.9875673584660665,0.9875673584660665,0.9296875,0.9919234764542937,0.9919234764542937,0.984375,0.9939921117555401,0.9939921117555401
pair_064daf4b,92,1.0,0.8546875,0.9165591032608695,0.9165591032608695,0.921875,0.926171875,0.926171875,0.8921875,0.9184952445652176,0.9184952445652176,118,1.0,0.9270833333333334,0.9466051251008878,0.9466051251008878,0.9389880952380951,0.9410184624697338,0.9410184624697338,0.9910714285714286,0.9344607546408394,0.9344607546408394
pair_06e244fd,15403,1.0,0.974702380952381,0.9910664048129152,0.9910664048129152,0.9330357142857143,0.994111188914961,0.994111188914961,0.9895833333333334,0.9954751393513324,0.9954751393513324,15481,1.0,0.980654761904762,0.9908788922519463,0.9908788922519463,0.9151785714285714,0.9943456994903122,0.9943456994903122,0.9970238095238095,0.9955457111789875,0.9955457111789875
pair_070c0d6f,5841,1.0,0.9598214285714286,0.986552622675504,0.986552622675504,0.9985119047619048,0.9905203671093502,0.9905203671093502,0.9761904761904763,0.993774508605017,0.993774508605017,579,1.0,0.8913690476190477,0.9649642240315817,0.9649642240315817,0.9672619047619048,0.9771311374290649,0.9771311374290649,0.9895833333333334,0.9812073361296159,0.9812073361296159
pair_0a7bd2c7,5443,1.0,0.9925595238095238,0.9895168980691672,0.9895168980691672,0.9880952380952381,0.9933250330262547,0.9933250330262547,0.9910714285714286,0.9958648832489085,0.9958648832489085,5543,1.0,0.9910714285714286,0.9904091282011632,0.9904091282011632,0.9880952380952381,0.9934658578387155,0.9934658578387155,1.0,0.9951018766698453,0.9951018766698453
pair_0a891d0e,2311,1.0,0.9806547619047619,0.9847539459314666,0.9847539459314666,0.9895833333333334,0.9916142517153984,0.9916142517153984,0.9732142857142857,0.9929800024726462,0.9929800024726462,2719,1.0,0.9627976190476191,0.9852131823674669,0.9852131823674669,0.9821428571428572,0.9918945603250495,0.9918945603250495,0.9985119047619048,0.9920806406416927,0.9920806406416927
pair_0a983018,10726,1.0,0.9702380952380952,0.9903139234437016,0.9903139234437016,0.9285714285714285,0.9939166511280999,0.9939166511280999,0.9970238095238095,0.9953750566047788,0.9953750566047788,11238,1.0,0.9613095238095238,0.990435300299155,0.990435300299155,0.9598214285714286,0.9940824445546148,0.9940824445546148,0.9642857142857143,0.995222019889999,0.995222019889999
pair_0b123512,5273,1.0,0.9285714285714286,0.9870648880640822,0.9870648880640822,0.912202380952381,0.9917066840959786,0.9917066840959786,0.9389880952380952,0.9943027372147418,0.9943027372147418,179,1.0,0.8690476190476191,0.9303754322958235,0.9303754322958235,0.9419642857142857,0.9592145517424847,0.9592145517424847,0.9375,0.9612596435222134,0.9612596435222134
pair_0bc9ff8b,6126,1.0,0.9747023809523809,0.9891740221227243,0.9891740221227243,0.9895833333333333,0.9928728837274382,0.9928728837274382,0.9434523809523808,0.9942441370116445,0.9942441370116445,11312,1.0,0.9484374999999999,0.9907758353960396,0.9907758353960396,1.0,0.9940468363242574,0.9940468363242574,0.946875,0.9950800311615983,0.9950800311615983
pair_0c9ecd6b,6868,1.0,0.990625,0.987340064429237,0.987340064429237,0.9828125,0.992841120049505,0.992841120049505,0.9515625,0.993717239370996,0.993717239370996,11644,1.0,0.9640625,0.9899413056080384,0.9899413056080384,0.9671875,0.9935787744761251,0.9935787744761251,1.0,0.9955188831157677,0.9955188831157677
pair_0f3deadd,343,1.0,0.9821428571428572,0.9704853880327641,0.9704853880327641,0.9806547619047619,0.9748802582257392,0.9748802582257392,0.9776785714285715,0.9766026308482577,0.9766026308482577,343,1.0,0.9821428571428572,0.9704853880327641,0.9704853880327641,0.9806547619047619,0.9748802582257392,0.9748802582257392,0.9776785714285715,0.9766026308482577,0.9766026308482577
pair_0f421760,6716,1.0,0.9234375,0.9878420004466945,0.9878420004466945,0.9562499999999999,0.9929296642346634,0.9929296642346634,0.934375,0.994029649344848,0.994029649344848,443,1.0,0.9866071428571428,0.9635097549177685,0.9635097549177685,0.9360119047619049,0.9754951359776416,0.9754951359776416,1.0,0.9761568848758465,0.9761568848758465
pair_0f905113,8052,1.0,0.94375,0.9884673450695479,0.9884673450695479,0.953125,0.9924956532538499,0.9924956532538499,0.978125,0.9948665704172875,0.9948665704172875,9568,1.0,0.9484374999999998,0.9892086577654683,0.9892086577654683,0.9640625,0.9939053028323577,0.9939053028323577,1.0,0.9951065726902174,0.9951065726902174
pair_11362c17,14422,1.0,0.9553571428571429,0.991739430829883,0.991739430829883,0.9940476190476191,0.9942850415370696,0.9942850415370696,0.9657738095238095,0.9957120528491524,0.9957120528491524,14377,1.0,0.9479166666666667,0.9910412050331714,0.9910412050331714,0.9717261904761905,0.9947104667839175,0.9947104667839175,1.0,0.995656918954547,0.995656918954547
pair_121126b4,4994,1.0,0.9553571428571428,0.9861792484314511,0.9861792484314511,0.9523809523809523,0.990892642599691,0.990892642599691,0.9895833333333333,0.9936465425176878,0.9936465425176878,4604,1.0,0.9359375000000001,0.985825504995656,0.985825504995656,1.0,0.991587817658558,0.991587817658558,1.0,0.9934119787141618,0.9934119787141618
pair_136afae1,5760,1.0,0.940625,0.9886035156250002,0.9886035156250002,0.96875,0.9926085069444445,0.9926085069444445,0.9515625000000001,0.9933178710937499,0.9933178710937499,5975,1.0,0.9523809523809523,0.9892000398485755,0.9892000398485755,0.9821428571428572,0.9934404263797569,0.9934404263797569,0.9821428571428572,0.9945447300259015,0.9945447300259015
pair_13d805d4,911,1.0,0.9985119047619048,0.9778811222622968,0.9778811222622968,0.9866071428571429,0.9829318253097068,0.9829318253097068,1.0,0.9889854816789504,0.9889854816789504,1846,1.0,0.9985119047619048,0.9811094128875819,0.9811094128875819,1.0,0.9885192565650313,0.9885192565650313,0.9583333333333334,0.9913962944332663,0.9913962944332663
pair_13dbafa5,1092,1.0,0.9890625,0.9729252518315017,0.9729252518315017,0.953125,0.9776585393772893,0.9776585393772893,0.9828125,0.9860548305860805,0.9860548305860805,411,1.0,0.9732142857142858,0.9652198470629126,0.9652198470629126,0.9345238095238095,0.9728848047734909,0.9728848047734909,0.9985119047619048,0.9778233982157339,0.9778233982157339
pair_1435e660,3220,1.0,0.99375,0.9849315799689442,0.9849315799689442,0.9703125,0.9908724767080745,0.9908724767080745,0.959375,0.9923505434782609,0.9923505434782609,4721,1.0,0.974702380952381,0.9874200633441259,0.9874200633441259,0.9151785714285715,0.9919117721225323,0.9919117721225323,0.9672619047619048,0.9939987618644153,0.9939987618644153
pair_149000e5,9713,1.0,0.974702380952381,0.9908122030857026,0.9908122030857026,0.9836309523809523,0.9941663541253009,0.9941663541253009,0.9851190476190477,0.9952994697827654,0.9952994697827654,12068,1.0,0.9640625,0.9906841699121642,0.9906841699121642,0.9890625,0.9945106635316541,0.9945106635316541,0.9734375000000001,0.995371410962877,0.995371410962877
pair_149fe16f,24598,1.0,0.9851190476190477,0.9916292071751867,0.9916292071751867,0.9910714285714286,0.9950461153442595,0.9950461153442595,0.9583333333333334,0.9959035335819019,0.9959035335819019,16663,1.0,0.9300595238095238,0.9910714285714285,0.9910714285714285,0.9627976190476191,0.9939982331827287,0.9939982331827287,0.96875,0.9955280340246283,0.9955280340246283
pair_152731e7,3702,1.0,0.9761904761904762,0.986476904376013,0.986476904376013,0.980654761904762,0.990188299117594,0.990188299117594,0.9538690476190476,0.9933534157855471,0.9933534157855471,4562,1.0,0.9955357142857143,0.9880293469864929,0.9880293469864929,0.9776785714285715,0.9922829116302374,0.9922829116302374,0.9479166666666667,0.9942452923738544,0.9942452923738544
pair_1565703f,2922,1.0,0.9553571428571429,0.9882821412274697,0.9882821412274697,0.96875,0.9917024176200254,0.9917024176200254,0.9702380952380952,0.9923481755809785,0.9923481755809785,2673,1.0,0.9360119047619048,0.9833804312970981,0.9833804312970981,1.0,0.9886397039174817,0.9886397039174817,1.0,0.9905859743822709,0.9905859743822709
pair_171e8749,274,1.0,0.9598214285714285,0.9757940128606187,0.9757940128606187,0.9836309523809523,0.9736053180396247,0.9736053180396247,0.9375,0.9778523635731664,0.9778523635731664,7104,1.0,0.9140625,0.9896398595861485,0.9896398595861485,0.96875,0.9934706679335586,0.9934706679335586,1.0,0.995189110008446,0.995189110008446
pair_17275427,249,1.0,0.9642857142857143,0.9718576687703194,0.9718576687703194,0.9955357142857143,0.9872645343277873,0.9872645343277873,0.9836309523809523,0.9873960126219163,0.9873960126219163,378,1.0,1.0,0.9756038989669942,0.9756038989669942,0.9464285714285714,0.9816468253968254,0.9816468253968254,0.9464285714285714,0.9914532942806752,0.9914532942806752
pair_17a4d7d8,3105,1.0,0.961309523809524,0.9821701748332184,0.9821701748332184,0.9985119047619048,0.9886152327275516,0.9886152327275516,0.9895833333333334,0.991359462464535,0.991359462464535,7074,1.0,0.9747023809523809,0.9877378343901881,0.9877378343901881,0.9330357142857143,0.9921926538497786,0.9921926538497786,0.9598214285714286,0.9945880370101108,0.9945880370101108
pair_19517b6c,6126,1.0,0.9389880952380953,0.9885259257963713,0.9885259257963713,0.9657738095238095,0.9920136945571569,0.9920136945571569,0.9776785714285714,0.9946012215692677,0.9946012215692677,2191,1.0,0.9955357142857143,0.9821190856534306,0.9821190856534306,0.9508928571428571,0.986182651974528,0.986182651974528,0.988095238095238,0.990814696485623,0.990814696485623
pair_19f291ba,6089,1.0,0.9538690476190477,0.9867254279770703,0.9867254279770703,0.9806547619047619,0.9915020450617429,0.9915020450617429,0.9255952380952381,0.9940578834588524,0.9940578834588524,7047,1.0,0.9940476190476191,0.98835307324292,0.98835307324292,0.9717261904761905,0.9924765351010562,0.9924765351010562,0.9226190476190477,0.9938660152580969,0.9938660152580969
pair_1d99af92,5710,1.0,0.9508928571428571,0.9862641772996413,0.9862641772996413,0.9880952380952381,0.9920901613710283,0.9920901613710283,1.0,0.9933382328412976,0.9933382328412976,13651,1.0,0.9702380952380953,0.9909468301641952,0.9909468301641952,1.0,0.9943602596704934,0.9943602596704934,1.0,0.9958364728207597,0.9958364728207597
pair_1e273c45,12038,1.0,0.9791666666666666,0.9907505201781661,0.9907505201781661,0.9866071428571429,0.9935451180389085,0.9935451180389085,0.9747023809523809,0.9958218864468864,0.9958218864468864,26688,1.0,0.9546875,0.991929776491307,0.991929776491307,0.946875,0.9948509161420862,0.9948509161420862,1.0,0.996234379683753,0.996234379683753
pair_1e4638c2,1757,1.0,0.9449404761904762,0.9827374176762339,0.9827374176762339,1.0,0.9881443613301895,0.9881443613301895,0.9627976190476191,0.991372096647424,0.991372096647424,4710,1.0,0.9627976190476192,0.9878876630269943,0.9878876630269943,0.9687500000000001,0.9924091345667777,0.9924091345667777,1.0,0.9943534526337073,0.9943534526337073
pair_1e6ca847,3402,1.0,0.9821428571428572,0.9865590269029422,0.9865590269029422,0.9985119047619048,0.9899061476442429,0.9899061476442429,1.0,0.9919467015201142,0.9919467015201142,706,1.0,0.9761904761904763,0.9788104512343182,0.9788104512343182,0.9985119047619048,0.9859010353433159,0.9859010353433159,0.9508928571428571,0.9871973222716849,0.9871973222716849
pair_1eac5349,4718,1.0,0.9523809523809523,0.9860816730252931,0.9860816730252931,0.9613095238095237,0.9917189613234016,0.9917189613234016,0.9300595238095238,0.9937823608671955,0.9937823608671955,7136,1.0,0.9546874999999999,0.9895621671804933,0.9895621671804933,0.9921875,0.9923120883548207,0.9923120883548207,0.9296875,0.9945010334921525,0.9945010334921525
pair_2000cc20,4537,1.0,0.9523809523809524,0.9874438479381173,0.9874438479381173,0.9925595238095238,0.9918782864699769,0.9918782864699769,0.9940476190476191,0.9938216332378224,0.9938216332378224,4460,1.0,0.921875,0.988461673206278,0.988461673206278,1.0,0.9928401765695068,0.9928401765695068,0.9984375,0.9940320207399103,0.9940320207399103
pair_204207d6,3480,1.0,0.98125,0.9871461925287357,0.9871461925287357,0.9812500000000001,0.9905419360632184,0.9905419360632184,0.9859375,0.9934527658045976,0.9934527658045976,3307,1.0,0.9940476190476191,0.9856585777643384,0.9856585777643384,0.9657738095238094,0.9911911241666307,0.9911911241666307,0.9330357142857143,0.9938275771451611,0.9938275771451611
pair_20f6251a,3189,1.0,0.9449404761904763,0.9816458921291941,0.9816458921291941,0.9672619047619048,0.988944511639714,0.988944511639714,0.9494047619047619,0.9913290104376652,0.9913290104376652,3553,1.0,0.9598214285714286,0.9829097308779972,0.9829097308779972,0.9866071428571429,0.98826779515634,0.98826779515634,0.96875,0.9920322195863991,0.9920322195863991
pair_22599b6f,7845,1.0,0.96875,0.9893280145072688,0.9893280145072688,0.96875,0.9929677304318796,0.9929677304318796,1.0,0.9944512731797627,0.9944512731797627,11855,1.0,0.9642857142857143,0.9901520857183026,0.9901520857183026,0.9598214285714286,0.993470330983511,0.993470330983511,1.0,0.9945529814625134,0.9945529814625134
pair_2347fae1,8424,1.0,1.0,0.9899670955009497,0.9899670955009497,0.98125,0.9938551682692307,0.9938551682692307,0.959375,0.9956582383665716,0.9956582383665716,6533,1.0,0.9583333333333334,0.9904322742413971,0.9904322742413971,0.9940476190476191,0.9938394269386922,0.9938394269386922,0.96875,0.9957509676149656,0.9957509676149656
pair_2590c3a7,1980,1.0,0.9828125,0.9856652462121213,0.9856652462121213,0.9734375000000001,0.9899494949494949,0.9899494949494949,0.9765625,0.9908901515151516,0.9908901515151516,1796,1.0,0.9765625,0.983826037026726,0.983826037026726,0.9359375,0.9901743457683743,0.9901743457683743,0.9562499999999999,0.9907441884743876,0.9907441884743876
pair_26771bf6,3296,1.0,0.95,0.9846741315230583,0.9846741315230583,0.9984375,0.9899214957524272,0.9899214957524272,0.978125,0.9930649840716019,0.9930649840716019,3086,1.0,0.9925595238095238,0.9838995424806346,0.9838995424806346,0.9955357142857143,0.9894483149708361,0.9894483149708361,0.9985119047619048,0.9930311236613895,0.9930311236613895
pair_271fa579,31173,1.0,0.9479166666666667,0.9923332997267171,0.9923332997267171,0.980654761904762,0.9952486259476684,0.9952486259476684,1.0,0.9965113563630308,0.9965113563630308,37713,1.0,0.9627976190476191,0.9920657411931972,0.9920657411931972,0.9776785714285714,0.9952619912547523,0.9952619912547523,0.9955357142857143,0.9963891998212061,0.9963891998212061
pair_2748f3f1,8440,1.0,0.93125,0.9900784952606634,0.9900784952606634,0.9953125,0.9937153806279619,0.9937153806279619,0.9890625,0.9956257405213269,0.9956257405213269,13835,1.0,0.9553571428571429,0.9906966888670901,0.9906966888670901,0.980654761904762,0.9946214526649113,0.9946214526649113,0.9360119047619048,0.9956515566110795,0.9956515566110795
pair_29059eae,3191,1.0,0.9776785714285715,0.9840576547134052,0.9840576547134052,0.9613095238095238,0.9899531420214591,0.9899531420214591,0.9613095238095237,0.9913349114324513,0.9913349114324513,5882,1.0,0.9181547619047618,0.9876598399475397,0.9876598399475397,0.9613095238095238,0.9916297805249268,0.9916297805249268,1.0,0.9954385655996503,0.9954385655996503
pair_2a4dc8cc,5238,1.0,0.9940476190476191,0.9897290746195386,0.9897290746195386,0.9791666666666667,0.9933575496827215,0.9933575496827215,0.9627976190476191,0.9948572928598702,0.9948572928598702,4520,1.0,0.9812500000000001,0.9880389242256638,0.9880389242256638,1.0,0.9921978705752212,0.9921978705752212,1.0,0.994278207964602,0.994278207964602
pair_2a66f969,17296,1.0,0.934375,0.9905602270756244,0.9905602270756244,0.9953125,0.9943140755087881,0.9943140755087881,0.98125,0.9957856043304811,0.9957856043304811,14007,1.0,0.9970238095238095,0.990550643045824,0.990550643045824,0.9955357142857143,0.9938920845699598,0.9938920845699598,0.9657738095238095,0.9953271663487984,0.9953271663487984
pair_2b09aabd,1127,1.0,0.9687500000000001,0.9806666455402038,0.9806666455402038,0.9895833333333334,0.9871920818016647,0.9871920818016647,1.0,0.9919323319389868,0.9919323319389868,2276,1.0,0.9578125,0.9773842541739893,0.9773842541739893,0.9640625,0.9859629009226712,0.9859629009226712,0.978125,0.987545996265378,0.987545996265378
pair_2d283418,2500,1.0,0.8718750000000001,0.98193125,0.98193125,0.9234375,0.9864012500000001,0.9864012500000001,0.9703125,0.9906149999999999,0.9906149999999999,2374,1.0,0.9196428571428571,0.9831382637300918,0.9831382637300918,0.9851190476190477,0.9884381142937376,0.9884381142937376,0.9508928571428572,0.9916299344084725,0.9916299344084725
pair_2fba10ea,16424,1.0,0.921875,0.9899052073185582,0.9899052073185582,0.9109375000000001,0.9935119718095471,0.9935119718095471,0.90625,0.9946339959814905,0.9946339959814905,10899,1.0,0.9479166666666667,0.9898412479956658,0.9898412479956658,0.9613095238095238,0.9941567105326394,0.9941567105326394,0.9270833333333334,0.9945755999895141,0.9945755999895141
pair_2fde2018,8581,1.0,0.9880952380952381,0.987597009728026,0.987597009728026,0.9702380952380952,0.9923751810478301,0.9923751810478301,1.0,0.9941806302406757,0.9941806302406757,8382,1.0,0.974702380952381,0.9894318962970537,0.9894318962970537,0.9925595238095238,0.9936273945870404,0.9936273945870404,0.9895833333333333,0.9947902463896559,0.9947902463896559
pair_301c1ff9,10837,1.0,0.96875,0.990918595684098,0.990918595684098,0.9598214285714286,0.9939379034348813,0.9939379034348813,0.9940476190476191,0.9957249359557425,0.9957249359557425,12871,1.0,0.9523809523809524,0.9908896800115432,0.9908896800115432,0.9761904761904762,0.9942383856658196,0.9942383856658196,1.0,0.9955021856073639,0.9955021856073639
pair_326a8dc3,30462,1.0,0.9836309523809524,0.9920341326899087,0.9920341326899087,0.9717261904761905,0.9952895058949324,0.9952895058949324,1.0,0.9962709198970772,0.9962709198970772,54506,1.0,0.9270833333333334,0.9923191068523693,0.9923191068523693,0.9910714285714286,0.9955700322638137,0.9955700322638137,0.9270833333333334,0.9962353696753349,0.9962353696753349
pair_32d5762e,3494,1.0,0.9836309523809524,0.9852395773707306,0.9852395773707306,0.9747023809523809,0.989886574263363,0.989886574263363,0.9866071428571429,0.9926510923487883,0.9926510923487883,3083,1.0,0.9851190476190477,0.9847806905765875,0.9847806905765875,0.9791666666666667,0.9897662681679874,0.9897662681679874,1.0,0.9928862965880481,0.9928862965880481
pair_32e87abf,3717,1.0,0.8779761904761905,0.9862892661772806,0.9862892661772806,0.9895833333333334,0.9914998014271621,0.9914998014271621,0.9583333333333334,0.9926155725943862,0.9926155725943862,4560,1.0,0.9171874999999999,0.985347108004386,0.985347108004386,0.9874999999999999,0.9898577987938596,0.9898577987938596,0.9734375,0.9922282757675437,0.9922282757675437
pair_33135e91,4561,1.0,0.9360119047619048,0.9876580428268655,0.9876580428268655,0.9642857142857143,0.9905454891888787,0.9905454891888787,0.96875,0.9938763298566522,0.9938763298566522,4487,1.0,0.9642857142857143,0.9875264653443281,0.9875264653443281,0.9672619047619048,0.9907872080189329,0.9907872080189329,0.9910714285714286,0.9939501151474631,0.9939501151474631
pair_33b83cd5,9336,1.0,0.9515624999999999,0.988190539310197,0.988190539310197,0.959375,0.9932602961653814,0.9932602961653814,0.9953125,0.9940576130034277,0.9940576130034277,9361,1.0,0.9866071428571429,0.9889307715394672,0.9889307715394672,1.0,0.9922268047268047,0.9922268047268047,0.9895833333333334,0.9943183407857319,0.9943183407857319
pair_34b2dbc3,5021,1.0,0.9538690476190477,0.9880667861647747,0.9880667861647747,0.9568452380952381,0.9929246569171385,0.9929246569171385,1.0,0.9950060934551076,0.9950060934551076,267,1.0,0.9508928571428572,0.9716425896201177,0.9716425896201177,0.9657738095238095,0.9743345371856609,0.9743345371856609,0.9776785714285714,0.9832352416622079,0.9832352416622079
pair_34e33ffa,7709,1.0,0.9836309523809523,0.9887446027833886,0.9887446027833886,0.9717261904761906,0.9926176268925004,0.9926176268925004,0.9821428571428572,0.9947236223585296,0.9947236223585296,16593,1.0,0.9627976190476191,0.9909297308388793,0.9909297308388793,0.9776785714285714,0.9944132530068619,0.9944132530068619,0.9866071428571429,0.99559059973655,0.99559059973655
pair_358e95d5,1454,1.0,0.9747023809523809,0.9821438805921269,0.9821438805921269,0.9732142857142858,0.9876019355472587,0.9876019355472587,0.9717261904761905,0.9925656645051418,0.9925656645051418,505,1.0,0.9627976190476191,0.9796086751532296,0.9796086751532296,0.9687500000000001,0.9806547619047618,0.9806547619047618,0.9627976190476191,0.9839668788307403,0.9839668788307403
pair_3757881d,11075,1.0,0.943452380952381,0.989054337310545,0.989054337310545,0.9657738095238095,0.9936802644308287,0.9936802644308287,1.0,0.9953324196495754,0.9953324196495754,9630,1.0,0.9136904761904762,0.9892254487464769,0.9892254487464769,0.9568452380952381,0.9935012114918659,0.9935012114918659,0.9925595238095238,0.9953331293576622,0.9953331293576622
pair_37c40664,1651,1.0,0.9360119047619048,0.9780787617893918,0.9780787617893918,0.9955357142857143,0.9840464653456781,0.9840464653456781,0.9925595238095238,0.987262409506504,0.987262409506504,1907,1.0,0.9047619047619049,0.979313369291083,0.979313369291083,0.9747023809523809,0.9847163957350114,0.9847163957350114,1.0,0.990190432491822,0.990190432491822
pair_37d880cd,1904,1.0,0.9750000000000001,0.9802315848214285,0.9802315848214285,0.98125,0.9877068014705882,0.9877068014705882,0.9953124999999999,0.9898396467962184,0.9898396467962184,1021,1.0,0.9553571428571429,0.9784014854717598,0.9784014854717598,0.9851190476190477,0.9876681941140805,0.9876681941140805,0.9523809523809523,0.990985436780001,0.990985436780001
pair_3b1172ec,2991,1.0,0.9910714285714286,0.9875479613443505,0.9875479613443505,0.9866071428571428,0.9919764253076692,0.9919764253076692,0.9940476190476191,0.9950292345289838,0.9950292345289838,1237,1.0,0.9985119047619048,0.9822042094930132,0.9822042094930132,1.0,0.9896314528236516,0.9896314528236516,0.9747023809523809,0.991669313238634,0.991669313238634
pair_3b470502,3347,1.0,0.9627976190476191,0.9837029785024258,0.9837029785024258,0.9925595238095238,0.98797030389688,0.98797030389688,0.9955357142857143,0.9921669369869252,0.9921669369869252,3325,1.0,0.912202380952381,0.9829287504475475,0.9829287504475475,0.9508928571428571,0.9883601861797351,0.9883601861797351,0.9553571428571428,0.99234470103831,0.99234470103831
pair_3cca9874,1495,1.0,0.9657738095238095,0.9786699713330148,0.9786699713330148,0.9583333333333334,0.9825798295906991,0.9825798295906991,1.0,0.9890219382067209,0.9890219382067209,5899,1.0,0.9776785714285714,0.9914425063973716,0.9914425063973716,0.9985119047619048,0.9945354943129989,0.9945354943129989,0.9836309523809523,0.9960240940756706,0.9960240940756706
pair_3da844f5,8092,1.0,0.9546875,0.9898619006426099,0.9898619006426099,0.9640624999999999,0.99364109614434,0.99364109614434,0.95625,0.9949662861468116,0.9949662861468116,11771,1.0,0.9642857142857143,0.9905417268428057,0.9905417268428057,0.9806547619047619,0.9941629145074053,0.9941629145074053,0.9791666666666667,0.9958172526507842,0.9958172526507842
pair_3db79af4,40141,1.0,0.9613095238095238,0.9873806068726786,0.9873806068726786,0.956845238095238,0.9923898095522807,0.9923898095522807,0.9940476190476191,0.9948931875258761,0.9948931875258761,40252,1.0,0.9375,0.9871905045090927,0.9871905045090927,0.9515625,0.9921795811388254,0.9921795811388254,0.99375,0.9947274747217529,0.9947274747217529
pair_3e5837da,2056,1.0,0.9609375,0.9805363874027236,0.9805363874027236,1.0,0.9869680204280156,0.9869680204280156,0.9734375,0.9905018847276266,0.9905018847276266,6169,1.0,0.9747023809523809,0.9882768778608866,0.9882768778608866,0.9776785714285715,0.9937554998494778,0.9937554998494778,0.9970238095238095,0.9951179187025759,0.9951179187025759
pair_3e7604ad,4855,1.0,0.9836309523809524,0.9864541954783974,0.9864541954783974,0.9613095238095238,0.9911517336079644,0.9911517336079644,0.9627976190476191,0.9925822053847285,0.9925822053847285,4746,1.0,0.9449404761904762,0.9864500556859911,0.9864500556859911,0.9241071428571429,0.9920007826139304,0.9920007826139304,0.9925595238095238,0.9935183512933198,0.9935183512933198
pair_40400f26,5416,1.0,0.9984375,0.9863650526218611,0.9863650526218611,0.959375,0.9917827386447562,0.9917827386447562,0.9390625,0.9928738344719351,0.9928738344719351,412,1.0,0.9281250000000001,0.9665769114077669,0.9665769114077669,0.9640624999999999,0.9660914745145631,0.9660914745145631,0.9515625,0.9804573725728154,0.9804573725728154
pair_412ad836,222,1.0,0.9270833333333334,0.9721954096954097,0.9721954096954097,0.9761904761904762,0.9787510725010724,0.9787510725010724,0.9866071428571428,0.9840934684684685,0.9840934684684685,222,1.0,0.9270833333333334,0.9721954096954097,0.9721954096954097,0.9761904761904762,0.9787510725010724,0.9787510725010724,0.9866071428571428,0.9840934684684685,0.9840934684684685
pair_43cbe160,16730,1.0,0.9627976190476191,0.9914177909657588,0.9914177909657588,0.875,0.9944302721088436,0.9944302721088436,0.96875,0.9959782291577718,0.9959782291577718,15895,1.0,0.8854166666666667,0.9915349428541471,0.9915349428541471,0.9523809523809523,0.9948678268098684,0.9948678268098684,0.9613095238095238,0.9959350986383857,0.9959350986383857
pair_44418174,4138,1.0,0.9717261904761906,0.9864855923036203,0.9864855923036203,0.9702380952380952,0.9914267301894174,0.9914267301894174,0.9866071428571428,0.9935736438122857,0.9935736438122857,4227,1.0,0.9687499999999999,0.986608903083353,0.986608903083353,0.9702380952380953,0.9908982223123457,0.9908982223123457,0.9970238095238095,0.9940131186138993,0.9940131186138993
pair_4453d7a8,1777,1.0,0.9166666666666666,0.984351970951577,0.984351970951577,0.9821428571428572,0.9898194857571616,0.9898194857571616,0.9419642857142857,0.9912841332368626,0.9912841332368626,581,1.0,0.943452380952381,0.9750942545692977,0.9750942545692977,0.8988095238095238,0.9779090853208753,0.9779090853208753,0.9672619047619048,0.9823964224243915,0.9823964224243915
pair_452bb14f,12423,1.0,0.9702380952380952,0.9897727142052184,0.9897727142052184,0.9791666666666667,0.9937663626989875,0.9937663626989875,0.9836309523809523,0.995275779755676,0.995275779755676,5137,1.0,0.9880952380952381,0.9864657781547503,0.9864657781547503,0.96875,0.9909039925099882,0.9909039925099882,1.0,0.9935722512676474,0.9935722512676474
pair_45b25f4e,5994,1.0,0.9122023809523809,0.9882320316348094,0.9882320316348094,0.9553571428571429,0.9929771040882152,0.9929771040882152,0.9791666666666667,0.9948971789249568,0.9948971789249568,5380,1.0,0.9406249999999999,0.9867774163568773,0.9867774163568773,0.9796874999999999,0.9921567146840148,0.9921567146840148,1.0,0.9942797397769517,0.9942797397769517
pair_47d24c12,1602,1.0,0.8854166666666665,0.9843712844063969,0.9843712844063969,0.9345238095238095,0.9910454194162059,0.9910454194162059,0.96875,0.9932023215028833,0.9932023215028833,8880,1.0,0.953125,0.9898770059121622,0.9898770059121622,0.9734375,0.9933606067004503,0.9933606067004503,0.9343750000000001,0.9947124859234234,0.9947124859234234
pair_4860e4db,8502,1.0,0.9508928571428571,0.9887524714072881,0.9887524714072881,0.8928571428571429,0.9930298263153768,0.9930298263153768,0.9360119047619048,0.9947461591670308,0.9947461591670308,13373,1.0,0.9687500000000001,0.9902813682864905,0.9902813682864905,0.8973214285714286,0.9939864171945605,0.9939864171945605,0.9851190476190476,0.9956309666242927,0.9956309666242927
pair_48881c66,11281,1.0,0.9479166666666666,0.9889444852491124,0.9889444852491124,0.9494047619047619,0.994008968936391,0.994008968936391,0.96875,0.9946313280653101,0.9946313280653101,12628,1.0,0.9609375,0.9894610439103579,0.9894610439103579,0.9421875,0.9936012729648399,0.9936012729648399,0.9265625000000001,0.9948643391669306,0.9948643391669306
pair_49366beb,2084,1.0,0.9156249999999999,0.9832061240403072,0.9832061240403072,1.0,0.9880743162188101,0.9880743162188101,0.990625,0.9921192718330136,0.9921192718330136,1931,1.0,0.9955357142857143,0.9826915489137136,0.9826915489137136,0.9672619047619048,0.9861193312125472,0.9861193312125472,0.9717261904761905,0.9894661968878695,0.9894661968878695
pair_496aea54,88,1.0,0.9078124999999999,0.9050603693181819,0.9050603693181819,0.990625,0.9603515625,0.9603515625,0.9578125,0.9493430397727274,0.9493430397727274,88,1.0,0.9078124999999999,0.9050603693181819,0.9050603693181819,0.990625,0.9603515625,0.9603515625,0.9578125,0.9493430397727274,0.9493430397727274
pair_496f71fb,54,1.0,0.9404761904761905,0.8732638888888887,0.8732638888888887,0.8958333333333333,0.9343309082892418,0.9343309082892418,0.837797619047619,0.9025022045855379,0.9025022045855379,54,1.0,0.9404761904761905,0.8732638888888887,0.8732638888888887,0.8958333333333333,0.9343309082892418,0.9343309082892418,0.837797619047619,0.9025022045855379,0.9025022045855379
pair_496fbd44,9644,1.0,0.9468749999999999,0.9889468192658648,0.9889468192658648,0.975,0.9933213008087929,0.9933213008087929,0.9703124999999999,0.9951890424097884,0.9951890424097884,13918,1.0,0.974702380952381,0.9907787919378127,0.9907787919378127,0.974702380952381,0.9946012443632432,0.9946012443632432,0.9866071428571429,0.9959536597006959,0.9959536597006959
pair_49737f41,1957,1.0,0.9553571428571429,0.9767295970508797,0.9767295970508797,0.9940476190476191,0.986185123001679,0.986185123001679,0.9955357142857143,0.9908889334987956,0.9908889334987956,3776,1.0,0.953125,0.9859048099841102,0.9859048099841102,0.9515625,0.9913814221398304,0.9913814221398304,1.0,0.9943330409163136,0.9943330409163136
pair_49f9b472,2731,1.0,0.9300595238095238,0.981137534655019,0.981137534655019,0.9717261904761905,0.988202036581751,0.988202036581751,0.9895833333333334,0.9904518883716064,0.9904518883716064,3200,1.0,0.9609375,0.98364013671875,0.98364013671875,0.95625,0.9900043945312501,0.9900043945312501,0.9921875,0.9905322265625,0.9905322265625
pair_4a23a011,2003,1.0,0.9717261904761905,0.9803026115588522,0.9803026115588522,0.9791666666666667,0.9860766885386206,0.9860766885386206,0.9613095238095238,0.9881546727527757,0.9881546727527757,1340,1.0,0.94375,0.9754734141791045,0.9754734141791045,0.9640625,0.9842269123134328,0.9842269123134328,0.9468750000000001,0.985889692164179,0.985889692164179
pair_4c39d86a,10926,1.0,0.9598214285714286,0.9903241122094087,0.9903241122094087,0.9925595238095238,0.9933155568194695,0.9933155568194695,0.9776785714285714,0.9956284648675505,0.9956284648675505,9532,1.0,0.9484374999999999,0.9891611807595468,0.9891611807595468,0.9875,0.9933583914708352,0.9933583914708352,0.9703125,0.9952906984368443,0.9952906984368443
pair_4c7ab903,1571,1.0,0.9255952380952381,0.9767408156770029,0.9767408156770029,0.9761904761904762,0.985747059804189,0.985747059804189,0.9880952380952381,0.9876812994453034,0.9876812994453034,2602,1.0,0.9627976190476191,0.9823887760330882,0.9823887760330882,0.9568452380952381,0.9888307071483474,0.9888307071483474,0.9836309523809523,0.9925377914424802,0.9925377914424802
pair_4cffc8e6,2587,1.0,0.9925595238095238,0.9844448892815727,0.9844448892815727,0.956845238095238,0.9889712988017008,0.9889712988017008,0.9717261904761905,0.9923927098864285,0.9923927098864285,13947,1.0,0.9702380952380952,0.9906945767480292,0.9906945767480292,0.9940476190476191,0.9939997123463998,0.9939997123463998,0.9375,0.9952883919395534,0.9952883919395534
pair_4d25cb85,12185,1.0,0.8898809523809524,0.9900807491646639,0.9900807491646639,0.9226190476190477,0.994125657033433,0.994125657033433,0.9642857142857143,0.9954601188033688,0.9954601188033688,18968,1.0,0.978125,0.9911823531737664,0.9911823531737664,0.9875,0.994419466338043,0.994419466338043,1.0,0.9956230559363137,0.9956230559363137
pair_4d494975,389,1.0,0.9627976190476191,0.9592820418655895,0.9592820418655895,0.9657738095238095,0.9726940261965967,0.9726940261965967,0.9836309523809523,0.982548353531644,0.982548353531644,2113,1.0,0.9300595238095238,0.9841499898586978,0.9841499898586978,0.9836309523809523,0.9886706161404458,0.9886706161404458,0.9613095238095238,0.9928813693011517,0.9928813693011517
pair_4d68f3d1,4044,1.0,0.9828125000000001,0.9883592977250247,0.9883592977250247,1.0,0.9922636158506429,0.9922636158506429,0.915625,0.9931658011869435,0.9931658011869435,3017,1.0,0.9732142857142857,0.9852482756443645,0.9852482756443645,1.0,0.9897456082200862,0.9897456082200862,0.9806547619047619,0.993034017551336,0.993034017551336
pair_4eec1381,11646,1.0,0.9464285714285714,0.9897534050113261,0.9897534050113261,0.9449404761904763,0.9940040469648276,0.9940040469648276,0.9434523809523809,0.9956772916104445,0.9956772916104445,4516,1.0,0.9578125000000001,0.9856084615810452,0.9856084615810452,0.9765625,0.9909810257971658,0.9909810257971658,0.95625,0.9928729102081487,0.9928729102081487
pair_4fd720f4,1846,1.0,0.9583333333333333,0.9790231775266987,0.9790231775266987,0.9776785714285714,0.9842742351545168,0.9842742351545168,0.9791666666666667,0.9881331256771397,0.9881331256771397,6395,1.0,0.9791666666666667,0.9890909471685468,0.9890909471685468,0.9761904761904762,0.9926181633716817,0.9926181633716817,0.9672619047619048,0.9947713057075841,0.9947713057075841
pair_512e1ab2,8036,1.0,0.9406249999999999,0.9884323279616724,0.9884323279616724,0.98125,0.9923615215903434,0.9923615215903434,0.9953125,0.9950286212045795,0.9950286212045795,15715,1.0,0.9702380952380953,0.9910733224247383,0.9910733224247383,0.9166666666666667,0.9938578549459873,0.9938578549459873,0.9910714285714286,0.9958656235322636,0.9958656235322636
pair_517e0184,13073,1.0,0.9940476190476191,0.9895146940440676,0.9895146940440676,0.9880952380952381,0.993610854614928,0.993610854614928,0.9404761904761905,0.9950156265367005,0.9950156265367005,21554,1.0,0.9910714285714286,0.9910850985564496,0.9910850985564496,0.9151785714285714,0.994782139101349,0.994782139101349,0.9568452380952381,0.9955684394013705,0.9955684394013705
pair_535c413d,5994,1.0,0.9687500000000001,0.9876801404579182,0.9876801404579182,0.9523809523809523,0.9925021747938415,0.9925021747938415,0.9702380952380952,0.9943383363522253,0.9943383363522253,7036,1.0,0.9812500000000001,0.9892410460488914,0.9892410460488914,0.984375,0.9928030841387151,0.9928030841387151,0.9890625,0.9945812162450255,0.9945812162450255
pair_54aff7bc,2359,1.0,0.9508928571428572,0.982849371202487,0.982849371202487,0.9717261904761905,0.988093345646864,0.988093345646864,0.96875,0.991614561254769,0.991614561254769,2864,1.0,0.9265625,0.985786378317039,0.985786378317039,0.9781249999999999,0.9909048751745811,0.9909048751745811,0.990625,0.9920740223463688,0.9920740223463688
pair_564fee0e,2240,1.0,0.9281249999999999,0.9814927455357142,0.9814927455357142,0.9515625,0.9861418805803572,0.9861418805803572,0.909375,0.989937220982143,0.989937220982143,1461,1.0,0.8839285714285714,0.9772110589615722,0.9772110589615722,0.9821428571428572,0.9820440582119226,0.9820440582119226,0.9836309523809523,0.9894733303999218,0.9894733303999218
pair_567a7178,11338,1.0,0.9479166666666666,0.9900742026392495,0.9900742026392495,0.9791666666666666,0.9942766476408874,0.9942766476408874,0.96875,0.9958433607170156,0.9958433607170156,17065,1.0,0.9136904761904763,0.9917892721108367,0.9917892721108367,0.9955357142857143,0.9950582855468586,0.9950582855468586,0.96875,0.9959514914961002,0.9959514914961002
pair_5688be7b,3508,1.0,0.946875,0.9849763041619156,0.9849763041619156,0.9875,0.9903354831812999,0.9903354831812999,1.0,0.9928239915906499,0.9928239915906499,3967,1.0,0.9747023809523809,0.9868408417059792,0.9868408417059792,0.9568452380952381,0.9916847473801722,0.9916847473801722,1.0,0.9930441769599193,0.9930441769599193
pair_57c4dba0,28310,1.0,0.9791666666666667,0.9919793716674237,0.9919793716674237,0.9345238095238095,0.9947905628164372,0.9947905628164372,1.0,0.9959691069115743,0.9959691069115743,25889,1.0,0.9970238095238095,0.9915094823320807,0.9915094823320807,0.9494047619047619,0.9950024164519221,0.9950024164519221,0.9523809523809523,0.9962869181432085,0.9962869181432085
pair_587b1256,2969,1.0,0.9389880952380952,0.9823403342475421,0.9823403342475421,0.9851190476190476,0.9872998163563168,0.9872998163563168,0.9866071428571429,0.9903582054243051,0.9903582054243051,3947,1.0,0.9657738095238095,0.986001272817209,0.986001272817209,0.949404761904762,0.9906416265518115,0.9906416265518115,0.96875,0.9921236894808595,0.9921236894808595
pair_58e22ef3,3029,1.0,0.894345238095238,0.9863737835840841,0.9863737835840841,0.9910714285714286,0.9919031701488783,0.9919031701488783,0.9255952380952381,0.9934114079768586,0.9934114079768586,4689,1.0,0.9345238095238095,0.9892923153479776,0.9892923153479776,0.9747023809523809,0.9927143948857001,0.9927143948857001,0.9211309523809523,0.9934192486975596,0.9934192486975596
pair_59111b24,6432,1.0,0.9640624999999999,0.9885897660136814,0.9885897660136814,0.9437500000000001,0.9928477728544777,0.9928477728544777,0.9640624999999999,0.9945421816697759,0.9945421816697759,12953,1.0,0.9776785714285715,0.9911742499439364,0.9911742499439364,0.9732142857142857,0.9948589313746035,0.9948589313746035,0.96875,0.9956968968394893,0.9956968968394893
pair_5a6fca10,3208,1.0,0.9546874999999999,0.9834578592581048,0.9834578592581048,0.9468750000000001,0.9876782652743142,0.9876782652743142,0.9890625000000001,0.9923964502805488,0.9923964502805488,5789,1.0,0.9553571428571429,0.9870654731058081,0.9870654731058081,0.9747023809523809,0.9916346375309494,0.9916346375309494,1.0,0.9948558020548002,0.9948558020548002
pair_5cf7a965,3862,1.0,0.9642857142857143,0.9820091520554364,0.9820091520554364,0.9761904761904762,0.9900175858795098,0.9900175858795098,0.9672619047619048,0.9932796817587728,0.9932796817587728,3020,1.0,0.975,0.9837939776490067,0.9837939776490067,0.96875,0.9902788700331124,0.9902788700331124,0.9890625,0.992655732615894,0.992655732615894
pair_5d026d45,804,1.0,0.9984375,0.9698033271144278,0.9698033271144278,0.9640625,0.9750233208955223,0.9750233208955223,0.9656250000000001,0.9802880130597015,0.9802880130597015,255,1.0,0.9657738095238095,0.9433765172735761,0.9433765172735761,0.9270833333333333,0.9609593837535014,0.9609593837535014,0.8898809523809523,0.9516456582633053,0.9516456582633053
pair_5daf2594,3366,1.0,0.9196428571428572,0.9837008035537448,0.9837008035537448,0.9791666666666667,0.9877198985654868,0.9877198985654868,0.9880952380952381,0.9914118425147836,0.9914118425147836,3324,1.0,0.9796875,0.9842960288808665,0.9842960288808665,0.9765625,0.9880631392900121,0.9880631392900121,0.9765625,0.991721664410349,0.991721664410349
pair_5df84962,1208,1.0,0.965625,0.9783552359271523,0.9783552359271523,0.9578125000000001,0.9847682119205298,0.9847682119205298,0.940625,0.9870641038907284,0.9870641038907284,1798,1.0,0.9568452380952381,0.9806274498119604,0.9806274498119604,0.9955357142857143,0.9872369762699295,0.9872369762699295,1.0,0.9888119736214841,0.9888119736214841
pair_5ee839bd,2925,1.0,0.9598214285714286,0.9817541717541717,0.9817541717541717,0.9985119047619048,0.989033374033374,0.989033374033374,0.9821428571428572,0.9927976190476191,0.9927976190476191,3861,1.0,0.9613095238095238,0.9862598820932154,0.9862598820932154,0.9910714285714286,0.9903190944857612,0.9903190944857612,0.9866071428571429,0.9914818977318978,0.9914818977318978
pair_5eec702b,2671,1.0,0.9836309523809524,0.9838432190547505,0.9838432190547505,0.9880952380952381,0.9891108867732791,0.9891108867732791,0.9985119047619048,0.991727728156032,0.991727728156032,2069,1.0,0.9895833333333334,0.9819162984188359,0.9819162984188359,0.9345238095238095,0.9883886855853989,0.9883886855853989,0.9821428571428572,0.9917834702754954,0.9917834702754954
pair_5eff76b6,1280,1.0,0.9484374999999999,0.9794055175781249,0.9794055175781249,0.98125,0.98526611328125,0.98526611328125,1.0,0.99205078125,0.99205078125,1710,1.0,0.9241071428571429,0.9796696602617656,0.9796696602617656,0.9851190476190477,0.9878089320523531,0.9878089320523531,0.9880952380952381,0.9905797479810637,0.9905797479810637
pair_5feca8f4,5751,1.0,0.9508928571428571,0.9884939782729298,0.9884939782729298,0.9866071428571428,0.9920784998054168,0.9920784998054168,1.0,0.9943803769116758,0.9943803769116758,4542,1.0,0.9032738095238095,0.9866785661864922,0.9866785661864922,0.9985119047619048,0.9921549008198611,0.9921549008198611,0.9866071428571428,0.9942727008240548,0.9942727008240548
pair_60565fc7,70,1.0,0.8809523809523809,0.8694302721088435,0.8694302721088435,0.9047619047619048,0.9122874149659865,0.9122874149659865,0.9568452380952381,0.9054421768707485,0.9054421768707485,70,1.0,0.8809523809523809,0.8694302721088435,0.8694302721088435,0.9047619047619048,0.9122874149659865,0.9122874149659865,0.9568452380952381,0.9054421768707485,0.9054421768707485
pair_606263d6,5337,1.0,0.9970238095238095,0.9876493950587545,0.9876493950587545,0.980654761904762,0.9925305258884517,0.9925305258884517,0.9747023809523809,0.9938839480892601,0.9938839480892601,5602,1.0,0.9880952380952381,0.9880251100797335,0.9880251100797335,0.9806547619047619,0.9926065414562827,0.9926065414562827,1.0,0.9948681699563082,0.9948681699563082
pair_61c6d911,6817,1.0,0.9598214285714286,0.9879256253623645,0.9879256253623645,0.96875,0.9921148634017198,0.9921148634017198,1.0,0.9929952342533024,0.9929952342533024,2730,1.0,0.9761904761904762,0.9807675954997384,0.9807675954997384,0.9925595238095238,0.9888403758939474,0.9888403758939474,0.9836309523809524,0.9906162785627073,0.9906162785627073
pair_62b6e279,207,1.0,0.9523809523809524,0.9419714745801703,0.9419714745801703,0.9910714285714286,0.950447147458017,0.950447147458017,0.9985119047619048,0.9670678053830228,0.9670678053830228,17460,1.0,0.9890625000000001,0.9874177584478809,0.9874177584478809,0.9296874999999999,0.9922864762313861,0.9922864762313861,0.9703124999999999,0.993740245561283,0.993740245561283
pair_6357c298,2600,1.0,0.9640625,0.979946514423077,0.979946514423077,0.984375,0.9866778846153845,0.9866778846153845,0.984375,0.9905414663461539,0.9905414663461539,1898,1.0,0.9717261904761905,0.9810397222640374,0.9810397222640374,0.9508928571428572,0.9870524737819258,0.9870524737819258,0.9702380952380952,0.9910604521049726,0.9910604521049726
pair_6369b437,1283,1.0,0.9553571428571429,0.9825163307723712,0.9825163307723712,0.9642857142857143,0.987444558883569,0.987444558883569,0.9851190476190477,0.9922672400994692,0.9922672400994692,1328,1.0,0.9671875000000001,0.9841079160391567,0.9841079160391567,0.975,0.9898155120481928,0.9898155120481928,1.0,0.9912674134036145,0.9912674134036145
pair_659419e1,17059,1.0,0.9702380952380952,0.9917927521849937,0.9917927521849937,0.9747023809523809,0.9946665319800468,0.9946665319800468,0.9672619047619048,0.9955019553984911,0.9955019553984911,24366,1.0,0.9806547619047619,0.9922370604237755,0.9922370604237755,0.9732142857142857,0.9950217271920672,0.9950217271920672,0.9404761904761905,0.9959717727278057,0.9959717727278057
pair_665c7b43,3771,1.0,0.9270833333333334,0.9877014117765908,0.9877014117765908,0.8988095238095238,0.9915761418595547,0.9915761418595547,0.9776785714285715,0.9945846908108243,0.9945846908108243,3666,1.0,0.9702380952380952,0.9873727041280234,0.9873727041280234,0.9747023809523809,0.9921588827838828,0.9921588827838828,1.0,0.9929224144649677,0.9929224144649677
pair_66b87803,15962,1.0,0.949404761904762,0.9893103636016491,0.9893103636016491,0.9404761904761906,0.9939999798628886,0.9939999798628886,0.9791666666666667,0.9953460898204665,0.9953460898204665,44041,1.0,0.9702380952380952,0.992236265773992,0.992236265773992,0.9627976190476191,0.9950502359273448,0.9950502359273448,0.9880952380952381,0.9964699762991411,0.9964699762991411
pair_677749e1,2233,1.0,0.9389880952380952,0.9833703857718636,0.9833703857718636,0.9895833333333334,0.9874648135116115,0.9874648135116115,0.9791666666666667,0.9936084543535282,0.9936084543535282,2209,1.0,0.9851190476190477,0.9821004171247495,0.9821004171247495,0.9330357142857142,0.9877065414214576,0.9877065414214576,0.9910714285714286,0.9934534587941106,0.9934534587941106
pair_6801c12d,4584,1.0,0.9624999999999999,0.9852625981675394,0.9852625981675394,0.99375,0.9908117910122165,0.9908117910122165,0.965625,0.9928559255017452,0.9928559255017452,7992,1.0,0.940625,0.9885221158658659,0.9885221158658659,0.9843750000000001,0.9937189142267269,0.9937189142267269,0.9640625,0.9947981184309309,0.9947981184309309
pair_68e74a3f,2300,1.0,0.9125,0.9782269021739133,0.9782269021739133,0.9906250000000001,0.9883097826086957,0.9883097826086957,0.9765625,0.9902710597826087,0.9902710597826087,2608,1.0,0.9734375,0.9816639906058282,0.9816639906058282,0.9625000000000001,0.9894219708588957,0.9894219708588957,0.959375,0.991980804256135,0.991980804256135
pair_6920c5e4,6432,1.0,0.9796874999999999,0.9879117595615672,0.9879117595615672,1.0,0.9917363864272388,0.9917363864272388,0.984375,0.9946216184701493,0.9946216184701493,14851,1.0,0.9910714285714286,0.9906491786668207,0.9906491786668207,0.9657738095238095,0.9938621457269191,0.9938621457269191,0.9672619047619048,0.9960766029864913,0.9960766029864913
pair_69286778,1440,1.0,0.9640624999999999,0.9775119357638888,0.9775119357638888,0.9890625,0.9853005642361111,0.9853005642361111,0.93125,0.9904210069444446,0.9904210069444446,2621,1.0,0.9642857142857143,0.9842810359550154,0.9842810359550154,0.9776785714285714,0.990362865863629,0.990362865863629,0.9672619047619048,0.9926463908722588,0.9926463908722588
pair_6ba505c0,13586,1.0,0.9583333333333334,0.9897891430604334,0.9897891430604334,0.9613095238095238,0.9939667847854586,0.9939667847854586,0.9523809523809523,0.9952802867798084,0.9952802867798084,12386,1.0,0.8883928571428571,0.9905880919701969,0.9905880919701969,0.9464285714285715,0.994211013971227,0.994211013971227,0.9672619047619048,0.9956479281523687,0.9956479281523687
pair_6bcfd203,1098,1.0,0.9479166666666667,0.9677172781680979,0.9677172781680979,0.9776785714285715,0.981759313470379,0.981759313470379,0.9747023809523809,0.9848154653482523,0.9848154653482523,827,1.0,0.9523809523809524,0.9823641820694422,0.9823641820694422,0.9880952380952381,0.9882877727874705,0.9882877727874705,1.0,0.9895653394368631,0.9895653394368631
pair_6d3a0d6c,91,1.0,0.8854166666666666,0.9130690737833596,0.9130690737833596,0.84375,0.950484039769754,0.950484039769754,0.96875,0.9485217163788592,0.9485217163788592,115,1.0,0.9895833333333334,0.9233178053830227,0.9233178053830227,0.9002976190476191,0.9564699792960663,0.9564699792960663,1.0,0.9580745341614907,0.9580745341614907
pair_6d779213,3016,1.0,0.946875,0.9809256879973476,0.9809256879973476,0.9875,0.9888034648541115,0.9888034648541115,0.9796875,0.9894671128978781,0.9894671128978781,8921,1.0,0.9776785714285714,0.9889971695998206,0.9889971695998206,0.9598214285714286,0.9930079040359557,0.9930079040359557,0.9672619047619048,0.9939420295076892,0.9939420295076892
pair_6e98ad25,925,1.0,0.9538690476190477,0.9737564350064352,0.9737564350064352,0.9925595238095238,0.9834314671814671,0.9834314671814671,0.9836309523809524,0.9874469111969112,0.9874469111969112,384,1.0,0.971875,0.9700520833333334,0.9700520833333334,0.990625,0.97603759765625,0.97603759765625,0.9859375,0.9831665039062498,0.9831665039062498
pair_7007ed35,2256,1.0,0.9984375,0.9828395113031914,0.9828395113031914,0.9984375,0.9882306903812056,0.9882306903812056,0.978125,0.9907157302748227,0.9907157302748227,2276,1.0,0.9343750000000001,0.9823587159490333,0.9823587159490333,0.975,0.988247610940246,0.988247610940246,0.9765625,0.9908556678383128,0.9908556678383128
pair_7187bdc5,5970,1.0,0.9300595238095238,0.9878955790859056,0.9878955790859056,0.9598214285714286,0.9917514158092048,0.9917514158092048,0.9866071428571429,0.9936582715163118,0.9936582715163118,8204,1.0,0.9406250000000002,0.9889514642247683,0.9889514642247683,0.9984375,0.9935717333008289,0.9935717333008289,1.0,0.9942110936738177,0.9942110936738177
pair_71cf0c00,5068,1.0,0.96875,0.9862143597079716,0.9862143597079716,0.9187500000000001,0.9914703778610893,0.9914703778610893,0.9796875,0.993604787391476,0.993604787391476,40978,1.0,0.9970238095238095,0.9925498641547498,0.9925498641547498,0.9851190476190477,0.9957193203554056,0.9957193203554056,0.9776785714285714,0.9962806697670528,0.9962806697670528
pair_73bd6122,137,1.0,0.9389880952380952,0.9346215676051443,0.9346215676051443,0.9970238095238095,0.9313955509210984,0.9313955509210984,0.9836309523809523,0.961320385818561,0.961320385818561,645,1.0,0.9508928571428572,0.9627607050572168,0.9627607050572168,0.9642857142857143,0.9706949058693244,0.9706949058693244,0.9866071428571429,0.9789198043558509,0.9789198043558509
pair_7415487b,530,1.0,0.9925595238095238,0.9633170485175202,0.9633170485175202,0.9568452380952381,0.9761146675651391,0.9761146675651391,0.9925595238095238,0.9816178122192273,0.9816178122192273,2129,1.0,0.9925595238095238,0.9834534154197142,0.9834534154197142,0.9895833333333334,0.9888857668478382,0.9888857668478382,0.9940476190476191,0.9909092688273056,0.9909092688273056
pair_7580a01f,19412,1.0,0.9703125,0.9907001790129816,0.9907001790129816,0.9921875,0.9942991126622707,0.9942991126622707,0.9796875,0.995716406089017,0.995716406089017,18614,1.0,0.9940476190476191,0.9917193024195818,0.9917193024195818,0.9553571428571428,0.9948042180233004,0.9948042180233004,1.0,0.9962132477090977,0.9962132477090977
pair_759606e4,21597,1.0,0.9464285714285714,0.9911517693154032,0.9911517693154032,0.9404761904761905,0.9948617064318898,0.9948617064318898,1.0,0.9965583706511266,0.9965583706511266,21597,1.0,0.9464285714285714,0.9911517693154032,0.9911517693154032,0.9404761904761905,0.9948617064318898,0.9948617064318898,1.0,0.9965583706511266,0.9965583706511266
pair_76494dbd,2253,1.0,0.9241071428571428,0.9809050895102828,0.9809050895102828,0.9925595238095238,0.9882722507556062,0.9882722507556062,1.0,0.9923276900640416,0.9923276900640416,2253,1.0,0.9241071428571428,0.9809050895102828,0.9809050895102828,0.9925595238095238,0.9882722507556062,0.9882722507556062,1.0,0.9923276900640416,0.9923276900640416
pair_77658e38,4332,1.0,0.9890625000000001,0.9870271381578949,0.9870271381578949,0.9921875,0.9925168080563251,0.9925168080563251,0.9578125,0.9945243969298246,0.9945243969298246,3653,1.0,0.9255952380952381,0.9866572484455047,0.9866572484455047,0.9508928571428572,0.9910645034088094,0.9910645034088094,0.9598214285714286,0.9929184101781966,0.9929184101781966
pair_78234522,5762,1.0,0.9836309523809524,0.9890996119898844,0.9890996119898844,1.0,0.992538088213418,0.992538088213418,0.9747023809523809,0.9936473157468473,0.9936473157468473,11232,1.0,0.9828125,0.990101384437322,0.990101384437322,0.978125,0.9936469184027779,0.9936469184027779,0.9890625,0.9949508101851852,0.9949508101851852
pair_788625c0,4278,1.0,0.9821428571428572,0.9851367878848594,0.9851367878848594,0.9523809523809523,0.9895648973708232,0.9895648973708232,0.9568452380952381,0.9916638143102028,0.9916638143102028,2948,1.0,0.9578125,0.9832672574626866,0.9832672574626866,0.96875,0.9885780613975577,0.9885780613975577,0.9453125,0.9910484862618725,0.9910484862618725
pair_7a30a024,1359,1.0,0.9300595238095238,0.9844467220295035,0.9844467220295035,0.9895833333333334,0.9895669084410808,0.9895669084410808,0.9925595238095238,0.9922124110865832,0.9922124110865832,1631,1.0,0.9657738095238095,0.9819622054830516,0.9819622054830516,0.9761904761904762,0.987848894922776,0.987848894922776,1.0,0.9924345274590523,0.9924345274590523
pair_7a9abe33,1560,1.0,0.9390624999999999,0.9748327323717948,0.9748327323717948,0.99375,0.9820562900641026,0.9820562900641026,0.9890625,0.9870322516025641,0.9870322516025641,2534,1.0,0.96875,0.9807234703273575,0.9807234703273575,0.9836309523809523,0.988205054121096,0.988205054121096,0.9389880952380952,0.989718988424099,0.989718988424099
pair_7b0b98d6,3991,1.0,0.9613095238095238,0.9873972390259035,0.9873972390259035,0.980654761904762,0.9905259303671357,0.9905259303671357,1.0,0.9935285940986267,0.9935285940986267,6235,1.0,0.9538690476190476,0.9894496792301524,0.9894496792301524,0.9389880952380952,0.9929996276778555,0.9929996276778555,1.0,0.9945817581242601,0.9945817581242601
pair_7b176d5c,3517,1.0,0.9136904761904762,0.9825274686217962,0.9825274686217962,0.9895833333333334,0.9882010168298198,0.9882010168298198,0.9047619047619048,0.9923581210988803,0.9923581210988803,7189,1.0,0.8898809523809524,0.9882113629288133,0.9882113629288133,0.9598214285714286,0.9922999506521206,0.9922999506521206,0.8943452380952381,0.9942498542747187,0.9942498542747187
pair_7cb6be3d,2364,1.0,0.9859375,0.9811138430626057,0.9811138430626057,0.9234374999999999,0.9884378965736041,0.9884378965736041,0.9437500000000001,0.9895284739847716,0.9895284739847716,5345,1.0,0.9449404761904763,0.989013430442336,0.989013430442336,0.9494047619047619,0.9923624103523543,0.9923624103523543,0.9375,0.994634504877723,0.994634504877723
pair_7f6de6ca,1797,1.0,0.9211309523809524,0.9767552402151733,0.9767552402151733,0.9151785714285714,0.9874087434083261,0.9874087434083261,0.9985119047619048,0.9887196253014283,0.9887196253014283,812,1.0,0.953125,0.9636006773399015,0.9636006773399015,0.9859375,0.9770801262315271,0.9770801262315271,1.0,0.9775034636699507,0.9775034636699507
pair_7fda4fb2,3918,1.0,0.9523809523809524,0.9850719511898685,0.9850719511898685,0.9940476190476191,0.9894298901285885,0.9894298901285885,0.9776785714285714,0.9918470004132333,0.9918470004132333,825,1.0,0.9821428571428572,0.9654870129870131,0.9654870129870131,0.9583333333333334,0.9745887445887447,0.9745887445887447,0.9985119047619048,0.9841305916305917,0.9841305916305917
pair_807fa532,10814,1.0,0.9702380952380952,0.9903586180172087,0.9903586180172087,0.9791666666666667,0.9938681779351283,0.9938681779351283,0.9389880952380952,0.995291046879266,0.995291046879266,5525,1.0,0.8943452380952381,0.9891515837104072,0.9891515837104072,0.9851190476190477,0.9924051928463694,0.9924051928463694,0.9776785714285714,0.995043902176255,0.995043902176255
pair_80de1ec1,4507,1.0,0.943452380952381,0.9879476502160659,0.9879476502160659,0.9836309523809523,0.9917862557714454,0.9917862557714454,0.9523809523809523,0.9938250816190686,0.9938250816190686,3404,1.0,0.928125,0.9845843125734429,0.9845843125734429,0.9765625,0.9910518874853113,0.9910518874853113,0.9828125,0.9923417303172737,0.9923417303172737
pair_80fc276c,5723,1.0,0.9657738095238095,0.9873955239093715,0.9873955239093715,0.9553571428571428,0.9921351709476383,0.9921351709476383,1.0,0.9940580198530574,0.9940580198530574,8735,1.0,0.9880952380952381,0.9897634039305476,0.9897634039305476,0.9404761904761905,0.9936101343800258,0.9936101343800258,0.9880952380952381,0.99536569493281,0.99536569493281
pair_81db3cca,1760,1.0,0.9578125000000001,0.9773481889204545,0.9773481889204545,0.984375,0.98486328125,0.98486328125,1.0,0.9887349076704546,0.9887349076704546,4694,1.0,0.9895833333333334,0.9870370229472276,0.9870370229472276,1.0,0.9915843680889485,0.9915843680889485,1.0,0.9931158951650536,0.9931158951650536
pair_81dfa8e6,6047,1.0,0.9419642857142857,0.9862766464283746,0.9862766464283746,0.9449404761904763,0.9905516903305062,0.9905516903305062,0.9761904761904763,0.9936066290250184,0.9936066290250184,9243,1.0,0.9404761904761905,0.9893263821270151,0.9893263821270151,0.9598214285714286,0.993141366954658,0.993141366954658,0.9985119047619048,0.9943349986862645,0.9943349986862645
pair_82f26bd9,1798,1.0,0.9255952380952381,0.9819616041633561,0.9819616041633561,0.9836309523809523,0.9866038323004396,0.9866038323004396,0.9880952380952381,0.9910730838497801,0.9910730838497801,1092,1.0,0.8999999999999999,0.9737952152014653,0.9737952152014653,0.95,0.9835236378205128,0.9835236378205128,0.9703125,0.9876273466117217,0.9876273466117217
pair_842aefbb,126,1.0,0.886904761904762,0.8933886054421768,0.8933886054421768,0.9419642857142857,0.9258196334089194,0.9258196334089194,1.0,0.9549201625094482,0.9549201625094482,192,1.0,0.9234374999999999,0.9380289713541666,0.9380289713541666,0.99375,0.961767578125,0.961767578125,1.0,0.9698567708333332,0.9698567708333332
pair_84334dbe,12707,1.0,0.9717261904761905,0.9908014939272317,0.9908014939272317,0.9940476190476191,0.9941849870899805,0.9941849870899805,0.9479166666666666,0.9955928631388024,0.9955928631388024,11216,1.0,0.9624999999999999,0.9904940486804563,0.9904940486804563,0.98125,0.9941243257400142,0.9941243257400142,0.9671875,0.9954488844062056,0.9954488844062056
pair_87179bc6,2775,1.0,0.9910714285714286,0.9833403045903046,0.9833403045903046,0.9821428571428571,0.9889575289575289,0.9889575289575289,0.9821428571428571,0.9915953453453454,0.9915953453453454,2845,1.0,0.9717261904761905,0.9822987279270231,0.9822987279270231,0.9925595238095238,0.9888709306218094,0.9888709306218094,0.9791666666666667,0.9923884843919993,0.9923884843919993
pair_877062a7,4944,1.0,0.9578125000000001,0.9846581715210355,0.9846581715210355,0.9546875,0.9908534966626215,0.9908534966626215,0.9140625,0.9922576608009709,0.9922576608009709,6962,1.0,0.9523809523809524,0.9883699008905487,0.9883699008905487,0.9538690476190477,0.9916228916157097,0.9916228916157097,0.9702380952380953,0.9938888062406808,0.9938888062406808
pair_8793031c,11317,1.0,0.9449404761904763,0.9906251446412268,0.9906251446412268,0.96875,0.993477469630602,0.993477469630602,0.9211309523809523,0.9956403819369933,0.9956403819369933,10969,1.0,0.9464285714285715,0.9902946181663477,0.9902946181663477,0.9657738095238095,0.9939024588776162,0.9939024588776162,1.0,0.9955735644608832,0.9955735644608832
pair_87ba057a,399,1.0,0.8690476190476191,0.9443959601384413,0.9443959601384413,0.9642857142857143,0.9758771929824561,0.9758771929824561,0.931547619047619,0.9788235469626447,0.9788235469626447,386,1.0,0.8288690476190477,0.9666951949173452,0.9666951949173452,0.9226190476190477,0.9793825561312607,0.9793825561312607,0.9895833333333333,0.981926967678263,0.981926967678263
pair_87d2dbfe,1673,1.0,0.9627976190476191,0.9841904334955741,0.9841904334955741,0.974702380952381,0.9902646728147326,0.9902646728147326,0.9315476190476191,0.9902157515725957,0.9902157515725957,1474,1.0,0.9761904761904763,0.9881618692253021,0.9881618692253021,1.0,0.9912773793370808,0.9912773793370808,0.9285714285714286,0.9935034648187633,0.9935034648187633
pair_88838551,2347,1.0,0.9583333333333334,0.9828339623024327,0.9828339623024327,0.9494047619047619,0.9871314951204172,0.9871314951204172,0.9776785714285714,0.9903727149146836,0.9903727149146836,2117,1.0,0.930059523809524,0.9838333951908587,0.9838333951908587,0.9747023809523809,0.988225279483546,0.988225279483546,0.9672619047619049,0.9899903277324156,0.9899903277324156
pair_8956508b,1756,1.0,0.9234374999999999,0.9764708499430524,0.9764708499430524,0.96875,0.9834362542710706,0.9834362542710706,0.984375,0.9879004128701594,0.9879004128701594,383,1.0,0.9672619047619048,0.9563556819594677,0.9563556819594677,0.9880952380952381,0.9659525363670272,0.9659525363670272,0.9627976190476191,0.9692589829665548,0.9692589829665548
pair_896a11b6,8800,1.0,0.9375000000000001,0.9902162642045453,0.9902162642045453,0.8546875,0.9931690340909092,0.9931690340909092,0.875,0.9954627130681818,0.9954627130681818,372,1.0,0.875,0.9786878360215053,0.9786878360215053,0.85625,0.9780955981182796,0.9780955981182796,0.934375,0.9849168346774194,0.9849168346774194
pair_8a45bd25,12494,1.0,0.9851190476190476,0.9896025092044182,0.9896025092044182,0.9821428571428572,0.9933500222964164,0.9933500222964164,0.9791666666666666,0.9950453598679748,0.9950453598679748,13170,1.0,0.9985119047619048,0.9898661505224717,0.9898661505224717,0.9523809523809524,0.9934935097805258,0.9934935097805258,0.9836309523809523,0.9954748119824999,0.9954748119824999
pair_8a465ac4,739,1.0,0.9330357142857143,0.963452058766673,0.963452058766673,0.9315476190476191,0.9791666666666667,0.9791666666666667,1.0,0.9836329660416264,0.9836329660416264,683,1.0,0.9315476190476191,0.9633335947849125,0.9633335947849125,0.9702380952380952,0.9789030363243395,0.9789030363243395,0.9955357142857143,0.9763582409537753,0.9763582409537753
pair_8d6d2aa2,6263,1.0,0.9806547619047619,0.9890347125597804,0.9890347125597804,0.9880952380952381,0.9926878283646207,0.9926878283646207,1.0,0.9934614573116489,0.9934614573116489,9143,1.0,0.9553571428571429,0.9912685283563277,0.9912685283563277,1.0,0.9940526645416998,0.9940526645416998,0.9985119047619048,0.9952432383869001,0.9952432383869001
pair_8e82b67b,2139,1.0,0.9315476190476191,0.9803528295376122,0.9803528295376122,0.9940476190476191,0.9873070137358356,0.9873070137358356,1.0,0.9890810403170152,0.9890810403170152,3448,1.0,0.9640624999999999,0.9835085556844548,0.9835085556844548,0.9515625,0.9869222194025522,0.9869222194025522,1.0,0.9902366408062645,0.9902366408062645
pair_915d7da0,3309,1.0,0.9419642857142857,0.9842389622818,0.9842389622818,0.9851190476190477,0.9895774870842867,0.9895774870842867,0.9970238095238095,0.9927214199369684,0.9927214199369684,3960,1.0,0.9671875000000001,0.984900173611111,0.984900173611111,0.9937499999999999,0.9910357481060607,0.9910357481060607,0.96875,0.9932402146464646,0.9932402146464646
pair_919a0d3c,107,1.0,0.96875,0.9646055852247442,0.9646055852247442,0.8809523809523809,0.9444676234979973,0.9444676234979973,0.9613095238095237,0.949766355140187,0.949766355140187,101,1.0,0.9479166666666666,0.9313413484205566,0.9313413484205566,0.9642857142857143,0.9693982791136255,0.9693982791136255,0.8973214285714286,0.9658474776049034,0.9658474776049034
pair_92daf189,6889,1.0,0.9211309523809524,0.987869507289053,0.987869507289053,1.0,0.992748532857765,0.992748532857765,0.9866071428571429,0.9943690424347995,0.9943690424347995,8168,1.0,0.9578125,0.9880365833129284,0.9880365833129284,0.99375,0.992913465658668,0.992913465658668,0.9140625,0.9936899332761998,0.9936899332761998
pair_95cc16d3,3641,1.0,0.9449404761904762,0.9870248394606401,0.9870248394606401,0.9047619047619049,0.9910746982121604,0.9910746982121604,0.9568452380952381,0.993598860857169,0.993598860857169,4717,1.0,0.9717261904761905,0.9887208248786054,0.9887208248786054,0.9642857142857143,0.9916140454485801,0.9916140454485801,0.9955357142857143,0.9949574487416337,0.9949574487416337
pair_95ff000b,12177,1.0,0.9434523809523809,0.9896080188254985,0.9896080188254985,0.9761904761904763,0.99291929652702,0.99291929652702,0.9895833333333333,0.9957090015524974,0.9957090015524974,10832,1.0,0.9874999999999999,0.9899275583918021,0.9899275583918021,0.9625,0.9937941400480059,0.9937941400480059,0.9953124999999999,0.9949554849058344,0.9949554849058344
pair_965e479d,10946,1.0,0.9389880952380952,0.9900624167993526,0.9900624167993526,0.9732142857142857,0.9936328393498821,0.9936328393498821,0.9955357142857143,0.9952726534154681,0.9952726534154681,21846,1.0,0.9672619047619049,0.9914098363871776,0.9914098363871776,0.9940476190476191,0.9949595763417517,0.9949595763417517,0.96875,0.9956804640056149,0.9956804640056149
pair_98273f65,6722,1.0,0.9657738095238095,0.9872502426290363,0.9872502426290363,0.9940476190476191,0.992329734631133,0.992329734631133,0.9910714285714286,0.9938669755316586,0.9938669755316586,19734,1.0,0.9866071428571429,0.9917295868382826,0.9917295868382826,0.9880952380952381,0.9948797428416993,0.9948797428416993,1.0,0.995926024458633,0.995926024458633
pair_99ea5bb6,6291,1.0,0.9761904761904762,0.9864302083096791,0.9864302083096791,0.9880952380952381,0.9911438108863001,0.9911438108863001,0.9553571428571428,0.9928216140215425,0.9928216140215425,5665,1.0,0.9553571428571429,0.9869961753456901,0.9869961753456901,0.9880952380952381,0.9920817047030639,0.9920817047030639,0.9821428571428571,0.9934250619930232,0.9934250619930232
pair_99eea8ae,161,1.0,0.9166666666666667,0.9637588731144631,0.9637588731144631,0.9613095238095238,0.9754510499852116,0.9754510499852116,0.9806547619047619,0.9859878734102336,0.9859878734102336,1848,1.0,0.978125,0.9805845846861473,0.9805845846861473,0.9875,0.9859002976190475,0.9859002976190475,0.9624999999999999,0.9884139948593075,0.9884139948593075
pair_9a76e23c,10400,1.0,0.9953125,0.9894116586538461,0.9894116586538461,0.934375,0.9924149639423075,0.9924149639423075,0.9375,0.9938955829326922,0.9938955829326922,11553,1.0,0.9880952380952381,0.9899589315082045,0.9899589315082045,0.9241071428571429,0.9931074643568152,0.9931074643568152,0.9389880952380953,0.9945092596027418,0.9945092596027418
pair_9a84ead7,1587,1.0,0.9613095238095238,0.9787100174033067,0.9787100174033067,0.9702380952380952,0.9879761529690642,0.9879761529690642,0.9895833333333333,0.9876957871995679,0.9876957871995679,632,1.0,0.9593749999999999,0.9701147151898734,0.9701147151898734,0.9921875,0.9788592761075948,0.9788592761075948,0.9578125,0.9748368275316455,0.9748368275316455
pair_9af28884,2573,1.0,0.9672619047619048,0.9860501915496085,0.9860501915496085,0.974702380952381,0.9891993087557605,0.9891993087557605,0.9940476190476191,0.9933911914940872,0.9933911914940872,894,1.0,0.930059523809524,0.9813089245765421,0.9813089245765421,0.9940476190476191,0.9847095717481623,0.9847095717481623,0.9657738095238095,0.987983714179184,0.987983714179184
pair_9b461a0f,4134,1.0,0.9717261904761906,0.9868843158937498,0.9868843158937498,0.9970238095238095,0.9912395322183057,0.9912395322183057,0.9895833333333334,0.9938355996728641,0.9938355996728641,5239,1.0,0.9360119047619049,0.987720870940474,0.987720870940474,0.9955357142857143,0.992159592888501,0.992159592888501,0.9836309523809523,0.9947347162762795,0.9947347162762795
pair_9d3572bb,940,1.0,0.9812500000000001,0.9756565824468085,0.9756565824468085,0.996875,0.9815841090425533,0.9815841090425533,1.0,0.9880950797872341,0.9880950797872341,808,1.0,0.95625,0.9744372679455445,0.9744372679455445,0.9671875,0.9827699566831684,0.9827699566831684,1.0,0.9867728960396039,0.9867728960396039
pair_9d50620a,8881,1.0,0.9851190476190477,0.989678004407483,0.989678004407483,0.9717261904761905,0.9935973868772822,0.9935973868772822,0.9360119047619048,0.9939435646457659,0.9939435646457659,11526,1.0,0.9627976190476191,0.9906078028556555,0.9906078028556555,0.9791666666666667,0.9943044142435734,0.9943044142435734,0.9375,0.9951328982920602,0.9951328982920602
pair_9effdc53,2494,1.0,0.9434523809523809,0.9820080096994692,0.9820080096994692,0.9955357142857143,0.988848235765838,0.988848235765838,0.9970238095238095,0.9910887320044297,0.9910887320044297,3127,1.0,0.9494047619047619,0.984903471302176,0.984903471302176,0.9970238095238095,0.9878292178719905,0.9878292178719905,0.9970238095238095,0.9920845896721336,0.9920845896721336
pair_9f0d7c77,3003,1.0,0.9880952380952381,0.9843658325801183,0.9843658325801183,0.9821428571428571,0.989970842649414,0.989970842649414,1.0,0.9919713223284651,0.9919713223284651,4086,1.0,0.9732142857142857,0.9867666596741487,0.9867666596741487,0.9985119047619048,0.9912946792765075,0.9912946792765075,0.9866071428571429,0.9946059279071394,0.9946059279071394
pair_a0095248,7643,1.0,0.9702380952380952,0.988031571060977,0.988031571060977,0.9761904761904762,0.9920361691058734,0.9920361691058734,0.96875,0.99437121113001,0.99437121113001,11166,1.0,0.9538690476190476,0.9890350596624107,0.9890350596624107,0.9747023809523809,0.9930178400842694,0.9930178400842694,0.9955357142857143,0.9943604042458826,0.9943604042458826
pair_a00e8681,3767,1.0,0.9836309523809524,0.9832892474749391,0.9832892474749391,0.9613095238095238,0.9896216516869555,0.9896216516869555,0.8943452380952381,0.9902051177519056,0.9902051177519056,4562,1.0,0.8973214285714286,0.9856523741675539,0.9856523741675539,1.0,0.9901770056992547,0.9901770056992547,0.9970238095238095,0.9925653952944614,0.9925653952944614
pair_a10926bc,2315,1.0,0.9300595238095238,0.9857489972230793,0.9857489972230793,0.9717261904761905,0.990290419623573,0.990290419623573,0.9910714285714286,0.9920562069320168,0.9920562069320168,2861,1.0,0.961309523809524,0.9861317429803098,0.9861317429803098,0.9717261904761905,0.9916633378272665,0.9916633378272665,0.9732142857142857,0.9943378522328189,0.9943378522328189
pair_a302a9d8,1406,1.0,0.9479166666666666,0.9795656794012056,0.9795656794012056,0.9732142857142857,0.9817830048093207,0.9817830048093207,0.9940476190476191,0.9857191543046806,0.9857191543046806,987,1.0,0.9032738095238095,0.9795270058377962,0.9795270058377962,0.8839285714285714,0.98604326482366,0.98604326482366,0.9910714285714286,0.9863990809089593,0.9863990809089593
pair_a3b6f8e9,4252,1.0,0.975,0.9879508907572908,0.9879508907572908,1.0,0.9916458431326434,0.9916458431326434,0.98125,0.9929904309736595,0.9929904309736595,5316,1.0,0.9359375,0.9884690674379233,0.9884690674379233,0.996875,0.9931856659142212,0.9931856659142212,0.9500000000000001,0.9949512674003009,0.9949512674003009
pair_a41e71a8,3421,1.0,0.9583333333333334,0.984864144430061,0.984864144430061,0.9761904761904762,0.990604686042789,0.990604686042789,0.9866071428571429,0.9932750796898707,0.9932750796898707,6133,1.0,0.9598214285714286,0.988806408345174,0.988806408345174,0.9747023809523809,0.9924282569704875,0.9924282569704875,0.9568452380952381,0.993871221650245,0.993871221650245
pair_a57e4b7b,3663,1.0,0.9092261904761905,0.9854818292318294,0.9854818292318294,0.9747023809523809,0.9893416143416143,0.9893416143416143,0.9598214285714286,0.9924892424892425,0.9924892424892425,7323,1.0,0.9300595238095238,0.989103355052249,0.989103355052249,0.9345238095238095,0.9927978872827296,0.9927978872827296,0.9553571428571429,0.9952313080769656,0.9952313080769656
pair_aa25e669,1056,1.0,0.9421875,0.9752929687499999,0.9752929687499999,0.9734375,0.9825121330492426,0.9825121330492426,0.9828125,0.9878713896780303,0.9878713896780303,4043,1.0,0.9717261904761906,0.9886605891429042,0.9886605891429042,0.9107142857142858,0.9915675830064897,0.9915675830064897,0.9880952380952381,0.9942198744449549,0.9942198744449549
pair_ab0f093e,1166,1.0,0.9583333333333335,0.9782273544065998,0.9782273544065998,0.9226190476190477,0.9865931042228213,0.9865931042228213,0.9672619047619048,0.99034397206567,0.99034397206567,448,1.0,0.9546875,0.9633614676339286,0.9633614676339286,0.96875,0.9763567243303571,0.9763567243303571,0.984375,0.9825230189732144,0.9825230189732144
pair_acbd062f,4169,1.0,0.9761904761904763,0.9867784754823015,0.9867784754823015,0.9925595238095238,0.9919002501456328,0.9919002501456328,1.0,0.9937010274246424,0.9937010274246424,3208,1.0,0.8921874999999999,0.9819089970386534,0.9819089970386534,0.98125,0.9885837164900249,0.9885837164900249,0.98125,0.9905037211658354,0.9905037211658354
pair_ad39313c,200,1.0,0.9718749999999999,0.9543203124999999,0.9543203124999999,0.9984375,0.9605234375,0.9605234375,0.94375,0.9637890625,0.9637890625,3829,1.0,0.9523809523809524,0.9896101493613898,0.9896101493613898,0.9523809523809523,0.9940775441803779,0.9940775441803779,0.96875,0.9944996051437028,0.9944996051437028
pair_ae900f0c,6053,1.0,0.9613095238095238,0.9870208987279036,0.9870208987279036,0.9880952380952381,0.993138732859739,0.993138732859739,0.9523809523809524,0.9945897056162626,0.9945897056162626,1186,1.0,0.9732142857142857,0.972358568216494,0.972358568216494,0.9642857142857142,0.9810324319441098,0.9810324319441098,0.9895833333333334,0.9856385007628684,0.9856385007628684
pair_ae9ff2a1,30446,1.0,0.9821428571428572,0.991637174560424,0.991637174560424,0.9702380952380952,0.9947765149382357,0.9947765149382357,0.9479166666666666,0.9961443738797496,0.9961443738797496,13116,1.0,0.9765625,0.9909224658813662,0.9909224658813662,0.9890625,0.9940761760445258,0.9940761760445258,0.96875,0.9958529896691063,0.9958529896691063
pair_af58b0a0,2715,1.0,0.9568452380952381,0.9849546172059983,0.9849546172059983,0.9464285714285715,0.9893657370867316,0.9893657370867316,1.0,0.9918453477155136,0.9918453477155136,3160,1.0,0.984375,0.9855048457278481,0.9855048457278481,0.9624999999999999,0.9892775909810126,0.9892775909810126,1.0,0.9918967563291138,0.9918967563291138
pair_b0ad8896,10510,1.0,0.912202380952381,0.9889671401386435,0.9889671401386435,0.9747023809523809,0.9927209347107064,0.9927209347107064,0.9925595238095238,0.9951286473200126,0.9951286473200126,8039,1.0,0.9583333333333335,0.9876781864008197,0.9876781864008197,0.9434523809523808,0.9918061281609297,0.9918061281609297,0.9985119047619048,0.9947110514811722,0.9947110514811722
pair_b1a1594e,16979,1.0,0.9360119047619049,0.9899819349672845,0.9899819349672845,0.9970238095238095,0.9935397262444645,0.9935397262444645,1.0,0.9954393066785581,0.9954393066785581,17971,1.0,0.9568452380952381,0.9908668165112575,0.9908668165112575,0.9747023809523809,0.9942140578339176,0.9942140578339176,0.9672619047619048,0.9954923242737638,0.9954923242737638
pair_b21abbab,2432,1.0,0.9859375,0.982068513569079,0.982068513569079,1.0,0.9890271638569079,0.9890271638569079,1.0,0.9916812294407894,0.9916812294407894,6565,1.0,0.96875,0.9891331646900955,0.9891331646900955,1.0,0.9928242755594241,0.9928242755594241,0.9657738095238095,0.9944073459543756,0.9944073459543756
pair_b39511ce,7189,1.0,0.9479166666666667,0.9888393892123549,0.9888393892123549,0.9940476190476191,0.99308591498917,0.99308591498917,1.0,0.9943088481741285,0.9943088481741285,4686,1.0,0.9196428571428571,0.9856430248155599,0.9856430248155599,1.0,0.9921082682966487,0.9921082682966487,0.9657738095238095,0.9937256112432168,0.9937256112432168
pair_b40cb2db,2038,1.0,0.9627976190476191,0.9789950757044723,0.9789950757044723,0.9821428571428572,0.9867553682415066,0.9867553682415066,0.9613095238095238,0.986701335342773,0.986701335342773,2828,1.0,0.9390624999999999,0.984187698903819,0.984187698903819,1.0,0.9904421189886845,0.9904421189886845,0.99375,0.9937461324257426,0.9937461324257426
pair_b4b63346,1193,1.0,0.8511904761904762,0.9798714225841216,0.9798714225841216,0.8630952380952381,0.9825432582924201,0.9825432582924201,0.9375,0.9897991258531912,0.9897991258531912,2251,1.0,0.9270833333333334,0.9796393401874298,0.9796393401874298,0.9642857142857143,0.9878294831926551,0.9878294831926551,0.9523809523809524,0.9883623151615156,0.9883623151615156
pair_b4b897fd,1084,1.0,0.9390625,0.973610470479705,0.973610470479705,0.96875,0.9834337523062731,0.9834337523062731,0.9796875,0.9859836254612547,0.9859836254612547,1076,1.0,0.9546874999999999,0.9731020562267659,0.9731020562267659,0.996875,0.9838725604089219,0.9838725604089219,0.9921875,0.9883044842007436,0.9883044842007436
pair_b4d61cac,4888,1.0,0.959375,0.98564852700491,0.98564852700491,0.9828125000000001,0.9910897862111292,0.9910897862111292,0.953125,0.9930873440057283,0.9930873440057283,6493,1.0,0.8675595238095238,0.9878369471152083,0.9878369471152083,0.96875,0.9926275916188129,0.9926275916188129,0.9568452380952381,0.9939323392224594,0.9939323392224594
pair_b5dab1a1,1290,1.0,0.9583333333333335,0.9779508121077889,0.9779508121077889,0.9732142857142857,0.9850636766334441,0.9850636766334441,0.9553571428571428,0.9882428940568475,0.9882428940568475,930,1.0,0.9523809523809524,0.9750736047107015,0.9750736047107015,1.0,0.9820116487455196,0.9820116487455196,0.9508928571428572,0.9807235663082436,0.9807235663082436
pair_b7bb3d8e,496,1.0,0.9140625,0.9682365171370967,0.9682365171370967,0.9953125,0.9792527721774194,0.9792527721774194,0.9375,0.9821730090725806,0.9821730090725806,512,1.0,1.0,0.96982421875,0.96982421875,0.9359375,0.9753479003906249,0.9753479003906249,0.984375,0.9833221435546875,0.9833221435546875
pair_b94f69f4,5234,1.0,0.9761904761904762,0.9874922098185857,0.9874922098185857,0.9553571428571429,0.9928159743071857,0.9928159743071857,0.9925595238095238,0.993598119893735,0.993598119893735,7892,1.0,0.9546875,0.9890361679548909,0.9890361679548909,0.990625,0.9928105597440445,0.9928105597440445,0.9453125,0.993986394450076,0.993986394450076
pair_b9bbcc78,5829,1.0,0.9642857142857143,0.989375015317501,0.989375015317501,0.9880952380952381,0.9930154747608427,0.9930154747608427,1.0,0.9949541598248495,0.9949541598248495,6809,1.0,0.9598214285714286,0.9903792861688661,0.9903792861688661,0.9866071428571428,0.9932335267048515,0.9932335267048515,0.9985119047619048,0.995288099084545,0.995288099084545
pair_ba39d0a3,8165,1.0,0.9538690476190477,0.9896726372729128,0.9896726372729128,0.9642857142857144,0.99353384801563,0.99353384801563,0.9702380952380953,0.9942641355378649,0.9942641355378649,5774,1.0,0.9494047619047619,0.9873921685057814,0.9873921685057814,0.9523809523809526,0.9925084945651278,0.9925084945651278,0.9940476190476191,0.9939919507810052,0.9939919507810052
pair_babc83eb,7788,1.0,0.996875,0.9882920839753467,0.9882920839753467,0.959375,0.9926477433230612,0.9926477433230612,0.96875,0.9943366397021058,0.9943366397021058,9560,1.0,0.9578125,0.9900011440899581,0.9900011440899581,0.9828125000000001,0.9927732740585774,0.9927732740585774,1.0,0.9951265036610878,0.9951265036610878
pair_bb5a8572,2075,1.0,0.9583333333333334,0.9805393000573724,0.9805393000573724,0.980654761904762,0.9850638267355135,0.9850638267355135,0.9761904761904762,0.9891666666666665,0.9891666666666665,3746,1.0,0.9880952380952381,0.984331699844914,0.984331699844914,0.9568452380952381,0.9897374659954745,0.9897374659954745,0.9955357142857143,0.9915532917651844,0.9915532917651844
pair_bc3e9c75,2228,1.0,0.984375,0.9796657596499102,0.9796657596499102,0.98125,0.9874747531418312,0.9874747531418312,0.9765625,0.9901929982046679,0.9901929982046679,2960,1.0,0.9734375,0.984503272804054,0.984503272804054,0.928125,0.9903003589527027,0.9903003589527027,1.0,0.9931835937500001,0.9931835937500001
pair_bd329034,114601,1.0,0.9479166666666667,0.9893625102373826,0.9893625102373826,0.9568452380952381,0.992944139833401,0.992944139833401,0.9985119047619048,0.9945174427132479,0.9945174427132479,114601,1.0,0.9479166666666667,0.9893625102373826,0.9893625102373826,0.9568452380952381,0.992944139833401,0.992944139833401,0.9985119047619048,0.9945174427132479,0.9945174427132479
pair_bde52c9a,21057,1.0,0.9702380952380952,0.991611204960685,0.991611204960685,1.0,0.99516201206702,0.99516201206702,0.9821428571428572,0.996012382490157,0.996012382490157,8128,1.0,0.990625,0.9900805856299213,0.9900805856299213,0.99375,0.994020477054626,0.994020477054626,0.978125,0.9957884781003936,0.9957884781003936
pair_bf349feb,1434,1.0,0.9627976190476191,0.9754588812512454,0.9754588812512454,0.9181547619047619,0.9840149100086338,0.9840149100086338,0.9940476190476191,0.9911627482234177,0.9911627482234177,3560,1.0,0.95625,0.9866134129213483,0.9866134129213483,0.9859375,0.9914698911516854,0.9914698911516854,0.9984375,0.9939115168539325,0.9939115168539325
pair_bf40e969,2598,1.0,0.9672619047619048,0.98494091150702,0.98494091150702,0.9598214285714286,0.9912799222845412,0.9912799222845412,0.9508928571428572,0.9925996187543532,0.9925996187543532,7650,1.0,0.96875,0.9887215997510116,0.9887215997510116,0.9404761904761905,0.9929188064114536,0.9929188064114536,0.9479166666666667,0.9947451758481171,0.9947451758481171
pair_bf419b23,119,1.0,0.9717261904761905,0.97406462585034,0.97406462585034,0.9583333333333334,0.9679746898759505,0.9679746898759505,0.9479166666666667,0.9724014605842338,0.9724014605842338,116,1.0,0.928125,0.9601158405172414,0.9601158405172414,0.96875,0.9770070043103447,0.9770070043103447,0.9734375000000001,0.9711206896551723,0.9711206896551723
pair_bf476baa,15069,1.0,0.9866071428571429,0.9913664998151361,0.9913664998151361,0.9568452380952381,0.9945231103590152,0.9945231103590152,0.980654761904762,0.9961615062774729,0.9961615062774729,15410,1.0,0.9880952380952381,0.9914238975927815,0.9914238975927815,0.9910714285714286,0.9947019560582182,0.9947019560582182,0.9642857142857142,0.9959245890114645,0.9959245890114645
pair_bfdd51b8,2714,1.0,0.9880952380952381,0.9813461724041126,0.9813461724041126,1.0,0.9880393111555602,0.9880393111555602,0.9672619047619049,0.989901897568165,0.989901897568165,8105,1.0,0.9761904761904763,0.9884178270321083,0.9884178270321083,0.9791666666666666,0.9923693120061103,0.9923693120061103,0.9776785714285714,0.994364516318557,0.994364516318557
pair_c021c917,135,1.0,0.9955357142857143,0.9608355379188712,0.9608355379188712,0.9479166666666666,0.9549933862433863,0.9549933862433863,0.9136904761904762,0.9433862433862434,0.9433862433862434,115,1.0,0.974702380952381,0.9568322981366459,0.9568322981366459,0.9523809523809524,0.9612965838509318,0.9612965838509318,0.9166666666666666,0.9304347826086955,0.9304347826086955
pair_c0d3928e,1014,1.0,0.9836309523809523,0.9702146144453837,0.9702146144453837,0.9866071428571429,0.9796274772236311,0.9796274772236311,0.9866071428571429,0.9823292359350052,0.9823292359350052,4544,1.0,0.9578125,0.987493466659331,0.987493466659331,0.975,0.9909059336487678,0.9909059336487678,0.9578125,0.9926321110255283,0.9926321110255283
pair_c287c8cc,12938,1.0,0.9717261904761905,0.9905071531627025,0.9905071531627025,0.9702380952380952,0.9940036823973678,0.9940036823973678,0.9880952380952381,0.9952050392347386,0.9952050392347386,13792,1.0,0.95625,0.9900067747607308,0.9900067747607308,0.98125,0.9937420696780742,0.9937420696780742,1.0,0.9952418068445475,0.9952418068445475
pair_c3b332ce,1439,1.0,0.9940476190476191,0.9841273288328535,0.9841273288328535,0.918154761904762,0.9852007429100896,0.9852007429100896,0.9702380952380952,0.9900828121380589,0.9900828121380589,1294,1.0,0.9836309523809523,0.9854812964598514,0.9854812964598514,0.9270833333333334,0.9866025428718628,0.9866025428718628,0.9583333333333334,0.991586626922794,0.991586626922794
pair_c4fe0db7,10264,1.0,0.971875,0.9899761910561186,0.9899761910561186,0.915625,0.993277931362042,0.993277931362042,0.996875,0.9956667417673422,0.9956667417673422,53990,1.0,0.9330357142857144,0.9923252156484005,0.9923252156484005,0.9761904761904762,0.9951860022579136,0.9951860022579136,0.9985119047619048,0.9963098049462422,0.9963098049462422
pair_c5fb8da2,424,1.0,0.9406249999999999,0.9524579893867924,0.9524579893867924,0.9546875000000001,0.9717165389150944,0.9717165389150944,0.9125,0.9680535082547169,0.9680535082547169,601,1.0,0.9419642857142857,0.9686757190396958,0.9686757190396958,0.9627976190476191,0.9798426234054354,0.9798426234054354,0.9627976190476191,0.9817145036051026,0.9817145036051026
pair_c7a11f6b,259843,1.0,0.9791666666666666,0.9888079166119175,0.9888079166119175,0.9047619047619049,0.9922619711939609,0.9922619711939609,0.9538690476190477,0.9953195810272246,0.9953195810272246,5284,1.0,0.9390625,0.9886349119984861,0.9886349119984861,0.9453125,0.991770853046934,0.991770853046934,0.9953125,0.9945279972558667,0.9945279972558667
pair_c84a0169,224,1.0,0.98125,0.9615931919642857,0.9615931919642857,0.93125,0.9777762276785713,0.9777762276785713,0.921875,0.97841796875,0.97841796875,311,1.0,0.9136904761904763,0.9791092482008881,0.9791092482008881,0.9449404761904762,0.9845352932169651,0.9845352932169651,0.9910714285714286,0.9847266881028937,0.9847266881028937
pair_c8cf6c63,3092,1.0,0.953125,0.9828509055627427,0.9828509055627427,0.9781249999999999,0.9886405441461836,0.9886405441461836,1.0,0.9903389796248382,0.9903389796248382,308,1.0,0.9187500000000001,0.948432426948052,0.948432426948052,0.9796874999999999,0.953809862012987,0.953809862012987,0.98125,0.9751521915584416,0.9751521915584416
pair_c9acf82e,11566,1.0,0.9732142857142857,0.9901535596946717,0.9901535596946717,1.0,0.9935902285434318,0.9935902285434318,0.9806547619047619,0.9953894265210841,0.9953894265210841,15240,1.0,0.975,0.990538467847769,0.990538467847769,0.9640625,0.9942386400918635,0.9942386400918635,0.984375,0.9957501845472441,0.9957501845472441
pair_cb3b726a,2215,1.0,0.980654761904762,0.982536547350317,0.982536547350317,0.9672619047619048,0.9883236590347199,0.9883236590347199,0.9851190476190477,0.9917660969579705,0.9917660969579705,2222,1.0,0.9270833333333333,0.9820999957138571,0.9820999957138571,0.9776785714285714,0.9880778256397068,0.9880778256397068,0.9791666666666666,0.9923452166645237,0.9923452166645237
pair_cc4ae138,87440,1.0,0.990625,0.993094693504117,0.993094693504117,0.9562499999999999,0.9958888595036597,0.9958888595036597,0.9874999999999999,0.9967484846752057,0.9967484846752057,71043,1.0,0.9836309523809523,0.9907197594280593,0.9907197594280593,0.9866071428571428,0.9942128652130868,0.9942128652130868,1.0,0.9953466101683555,0.9953466101683555
pair_cc98e98a,2863,1.0,0.9538690476190476,0.9824308085092227,0.9824308085092227,0.9732142857142857,0.9883187382532476,0.9883187382532476,0.9985119047619048,0.9893494378191375,0.9893494378191375,9231,1.0,0.974702380952381,0.9904494947150131,0.9904494947150131,1.0,0.9943503644551743,0.9943503644551743,1.0,0.9956103527967356,0.9956103527967356
pair_ce95c511,12411,1.0,0.9583333333333334,0.9908564455110865,0.9908564455110865,0.9791666666666667,0.9945473677344597,0.9945473677344597,0.9702380952380952,0.9954022641205382,0.9954022641205382,9118,1.0,0.8869047619047619,0.9903874400714443,0.9903874400714443,0.9345238095238095,0.9939722187405342,0.9939722187405342,0.9330357142857143,0.9954772872079298,0.9954772872079298
pair_cffa85ea,8800,1.0,0.9734375,0.9893178267045455,0.9893178267045455,0.98125,0.9938870738636363,0.9938870738636363,1.0,0.9945923295454544,0.9945923295454544,13241,1.0,0.9211309523809526,0.9895264663149453,0.9895264663149453,0.9791666666666667,0.9938789285444561,0.9938789285444561,1.0,0.9952739686615526,0.9952739686615526
pair_d020f221,8682,1.0,0.96875,0.9915134693015654,0.9915134693015654,0.9315476190476191,0.9943189453274975,0.9943189453274975,0.9375,0.9957247685413719,0.9957247685413719,9502,1.0,0.980654761904762,0.9917655180363031,0.9917655180363031,0.9791666666666667,0.9944654508825209,0.9944654508825209,0.9866071428571428,0.9955369671547846,0.9955369671547846
pair_d0c1af2e,2177,1.0,0.9449404761904763,0.9826172430386948,0.9826172430386948,0.9568452380952381,0.9898642736837501,0.9898642736837501,1.0,0.9921370879541527,0.9921370879541527,3896,1.0,0.9374999999999999,0.9857133117299796,0.9857133117299796,0.9703125,0.9906743294404518,0.9906743294404518,0.9828125000000001,0.9927429575205339,0.9927429575205339
pair_d2343074,21651,1.0,0.9910714285714286,0.9922957341682227,0.9922957341682227,0.9880952380952381,0.9952991421269446,0.9952991421269446,0.9836309523809524,0.9962742977889507,0.9962742977889507,8904,1.0,0.9859374999999999,0.9905641074236297,0.9905641074236297,1.0,0.9933835916442049,0.9933835916442049,0.9578125,0.9951161346024259,0.9951161346024259
pair_d339e847,1345,1.0,0.949404761904762,0.9707614179500798,0.9707614179500798,0.9553571428571429,0.9810132324305187,0.9810132324305187,0.9657738095238095,0.987226721543636,0.987226721543636,4289,1.0,0.9672619047619048,0.9859215573615783,0.9859215573615783,0.9895833333333334,0.9899982929753856,0.9899982929753856,0.9866071428571429,0.9925106029821583,0.9925106029821583
pair_d43fae54,3394,1.0,0.9568452380952381,0.9843478161742011,0.9843478161742011,0.980654761904762,0.9901107872435951,0.9901107872435951,0.9880952380952381,0.9935390184358952,0.9935390184358952,3905,1.0,0.9687500000000001,0.9842033260167065,0.9842033260167065,0.9851190476190477,0.990281842570575,0.990281842570575,0.912202380952381,0.9933125266752028,0.9933125266752028
pair_d71a4f84,3903,1.0,0.9836309523809524,0.9857401357929798,0.9857401357929798,0.9821428571428571,0.9891395355221257,0.9891395355221257,1.0,0.9916162628259093,0.9916162628259093,5197,1.0,0.892857142857143,0.9870933436872921,0.9870933436872921,0.9866071428571428,0.9906943222738394,0.9906943222738394,0.9895833333333334,0.9932630546927257,0.9932630546927257
pair_d72cfd93,9994,1.0,0.961309523809524,0.9905732129754043,0.9905732129754043,0.9211309523809524,0.9941718006994674,0.9941718006994674,0.9866071428571429,0.9948631381209678,0.9948631381209678,10540,1.0,0.9546875,0.9894534214895635,0.9894534214895635,0.9765625,0.9938512511859583,0.9938512511859583,0.9875,0.9945699418880455,0.9945699418880455
pair_d746cf8d,29171,1.0,0.9791666666666667,0.9912778264780252,0.9912778264780252,0.9985119047619048,0.9945284659748511,0.9945284659748511,0.9880952380952381,0.9960424757301364,0.9960424757301364,9846,1.0,0.9434523809523809,0.989565045752203,0.989565045752203,0.974702380952381,0.9936354683555323,0.9936354683555323,1.0,0.9955751610516236,0.9955751610516236
pair_d869cc1a,1762,1.0,0.9508928571428572,0.9834823117669315,0.9834823117669315,0.9553571428571429,0.9894439827576889,0.9894439827576889,0.9747023809523809,0.9921034673801417,0.9921034673801417,2154,1.0,0.9732142857142857,0.9839066023345272,0.9839066023345272,0.9970238095238095,0.9903398162886322,0.9903398162886322,0.9657738095238095,0.991625491886634,0.991625491886634
pair_d92632b4,4311,1.0,0.9568452380952381,0.9861093851829759,0.9861093851829759,0.9791666666666667,0.9896130192972575,0.9896130192972575,1.0,0.9929499287536866,0.9929499287536866,5522,1.0,0.9047619047619048,0.9870728126455218,0.9870728126455218,0.9613095238095238,0.9907289133509253,0.9907289133509253,0.9866071428571429,0.9931235555613046,0.9931235555613046
pair_d96197fd,10713,1.0,0.9851190476190476,0.9909189102692324,0.9909189102692324,0.9479166666666667,0.9940874849426377,0.9940874849426377,0.9642857142857143,0.9956053059700498,0.9956053059700498,14416,1.0,0.9953125,0.9911754951096005,0.9911754951096005,0.965625,0.9941963356687014,0.9941963356687014,0.9703124999999999,0.9962400717952276,0.9962400717952276
pair_d9e524cd,209,1.0,0.8497023809523809,0.9335198792435634,0.9335198792435634,0.96875,0.9606829573934836,0.9606829573934836,0.96875,0.9607327979038506,0.9607327979038506,209,1.0,0.8497023809523809,0.9335198792435634,0.9335198792435634,0.96875,0.9606829573934836,0.9606829573934836,0.96875,0.9607327979038506,0.9607327979038506
pair_db1d04db,2448,1.0,0.928125,0.9834654564950981,0.9834654564950981,0.8796875,0.9894575929330065,0.9894575929330065,0.9265625,0.9913436989379084,0.9913436989379084,3031,1.0,0.788690476190476,0.9860283027760757,0.9860283027760757,0.9404761904761906,0.9910350976418281,0.9910350976418281,0.9136904761904762,0.991728822013794,0.991728822013794
pair_db881e0a,158,1.0,0.943452380952381,0.9818320524412296,0.9818320524412296,1.0,0.9819827456298976,0.9819827456298976,0.9806547619047619,0.9812198613622662,0.9812198613622662,425,1.0,0.9583333333333334,0.9788235294117648,0.9788235294117648,0.9866071428571429,0.9866316526610643,0.9866316526610643,0.9925595238095238,0.9893522408963586,0.9893522408963586
pair_dd457978,3370,1.0,0.9940476190476191,0.9853385085488201,0.9853385085488201,0.9880952380952381,0.9908139925109509,0.9908139925109509,0.9598214285714286,0.9931830224671471,0.9931830224671471,2550,1.0,0.9761904761904762,0.9827585200746966,0.9827585200746966,0.9851190476190477,0.9893942577030811,0.9893942577030811,0.96875,0.9911986461251168,0.9911986461251168
pair_de1e8e19,8065,1.0,0.9717261904761906,0.9890071000501874,0.9890071000501874,0.9553571428571429,0.9914125926253948,0.9914125926253948,0.9910714285714286,0.993568993003277,0.993568993003277,10016,1.0,0.946875,0.9896705895567093,0.9896705895567093,0.9859375,0.9933643670127794,0.9933643670127794,0.975,0.9943170614516773,0.9943170614516773
pair_de483a80,6169,1.0,0.9464285714285715,0.9888053940979861,0.9888053940979861,0.9747023809523809,0.992538055098843,0.992538055098843,1.0,0.995162544674216,0.995162544674216,3549,1.0,0.9360119047619048,0.9863023118517623,0.9863023118517623,1.0,0.9902194112358949,0.9902194112358949,0.9627976190476191,0.9930748433495686,0.9930748433495686
pair_de5a08c0,1008,1.0,0.9546875,0.9759269593253969,0.9759269593253969,0.9531249999999999,0.9859468005952381,0.9859468005952381,0.9953125,0.9887183779761904,0.9887183779761904,171,1.0,0.8303571428571428,0.9319131161236425,0.9319131161236425,0.9330357142857143,0.9455844472291842,0.9455844472291842,0.9627976190476191,0.9515716374269005,0.9515716374269005
pair_debcd118,931,1.0,0.9776785714285715,0.9799306940821441,0.9799306940821441,0.9241071428571428,0.9867685796122961,0.9867685796122961,0.9806547619047619,0.9894538642524678,0.9894538642524678,10582,1.0,0.9776785714285714,0.9894540988290987,0.9894540988290987,0.9508928571428572,0.9940588690588691,0.9940588690588691,1.0,0.9947728228978229,0.9947728228978229
pair_df433d2d,4073,1.0,0.9836309523809523,0.9864902289174939,0.9864902289174939,0.9642857142857143,0.990841619608806,0.990841619608806,1.0,0.9944275893514783,0.9944275893514783,4383,1.0,0.9717261904761905,0.9859440696196342,0.9859440696196342,0.9747023809523809,0.9913230093543235,0.9913230093543235,1.0,0.9937396787371119,0.9937396787371119
pair_e21630bd,19327,1.0,0.9672619047619048,0.9902704426573237,0.9902704426573237,0.9806547619047619,0.9938381138402482,0.9938381138402482,1.0,0.9948506838447078,0.9948506838447078,45102,1.0,0.9851190476190477,0.9916241440037503,0.9916241440037503,0.9553571428571428,0.9948764612381247,0.9948764612381247,1.0,0.9959690244440645,0.9959690244440645
pair_e23940b8,2911,1.0,0.96875,0.9851609657947686,0.9851609657947686,0.9702380952380952,0.9905316042597045,0.9905316042597045,0.9985119047619048,0.9929260522484501,0.9929260522484501,321,1.0,0.9404761904761906,0.9788977896454533,0.9788977896454533,0.9583333333333333,0.987362780002967,0.987362780002967,0.9553571428571429,0.9857866043613707,0.9857866043613707
pair_e24e2569,22808,1.0,0.9343750000000001,0.9917034319098561,0.9917034319098561,0.96875,0.9946708665819011,0.9946708665819011,1.0,0.9959755074973693,0.9959755074973693,24846,1.0,0.9464285714285714,0.9918110441270609,0.9918110441270609,0.9583333333333334,0.994981347002296,0.994981347002296,1.0,0.9962443053974386,0.9962443053974386
pair_e289753a,604,1.0,0.9359375,0.9844422599337748,0.9844422599337748,0.98125,0.9901024420529801,0.9901024420529801,0.9953124999999999,0.9883174668874171,0.9883174668874171,354,1.0,0.9791666666666667,0.9714067124024751,0.9714067124024751,0.9776785714285714,0.9742105528652137,0.9742105528652137,0.9880952380952381,0.9870653416733925,0.9870653416733925
pair_e38bc8a1,4426,1.0,0.9077380952380953,0.9882435096722826,0.9882435096722826,0.9851190476190477,0.9917969842704366,0.9917969842704366,0.8705357142857143,0.9936323913885483,0.9936323913885483,6120,1.0,0.9546875,0.9893405330882352,0.9893405330882352,0.95,0.9929511335784313,0.9929511335784313,0.8671875,0.9943022365196079,0.9943022365196079
pair_e39b5195,11955,1.0,0.9360119047619048,0.9908977863416383,0.9908977863416383,0.9642857142857143,0.9943309235028182,0.9943309235028182,0.9955357142857143,0.995224278544542,0.995224278544542,325,1.0,0.8824404761904763,0.9742628205128205,0.9742628205128205,0.943452380952381,0.9809111721611722,0.9809111721611722,0.9122023809523809,0.987687728937729,0.987687728937729
pair_e45dd21b,13479,1.0,0.96875,0.991372492130616,0.991372492130616,0.9910714285714286,0.9942463408688648,0.9942463408688648,0.9761904761904762,0.9958128208253404,0.9958128208253404,14445,1.0,0.9747023809523809,0.991101200777992,0.991101200777992,0.9598214285714286,0.9945305675056454,0.9945305675056454,0.9851190476190477,0.9958035611267698,0.9958035611267698
pair_e4b3d3b7,5626,1.0,0.9449404761904763,0.9890810416772469,0.9890810416772469,0.961309523809524,0.9934458741726337,0.9934458741726337,0.8973214285714286,0.9947281858886463,0.9947281858886463,3644,1.0,0.9546875,0.9843106819429197,0.9843106819429197,0.975,0.9913162047200877,0.9913162047200877,1.0,0.9937795863062568,0.9937795863062568
pair_e5328112,3065,1.0,0.9866071428571429,0.9845126427406199,0.9845126427406199,0.9389880952380952,0.9894537015458711,0.9894537015458711,0.96875,0.9927750912763147,0.9927750912763147,3416,1.0,0.9265625000000001,0.9846746011416861,0.9846746011416861,0.93125,0.9905659945843092,0.9905659945843092,0.965625,0.9922510794789227,0.9922510794789227
pair_e5e14291,416,1.0,0.9125,0.9613694411057693,0.9613694411057693,0.996875,0.9736365685096153,0.9736365685096153,0.928125,0.9821739783653847,0.9821739783653847,238,1.0,0.9836309523809523,0.9596276010404161,0.9596276010404161,0.9583333333333334,0.9668867547018808,0.9668867547018808,0.9836309523809524,0.976171718687475,0.976171718687475
pair_e653c233,29939,1.0,0.875,0.9921795845997973,0.9921795845997973,0.9375,0.9947758358662614,0.9947758358662614,0.9732142857142857,0.9958659989597898,0.9958659989597898,9651,1.0,0.9330357142857143,0.9888919418663746,0.9888919418663746,0.980654761904762,0.9938545721884237,0.9938545721884237,0.9285714285714286,0.9946905946089969,0.9946905946089969
pair_e662ae99,162,1.0,0.9196428571428572,0.9261004556143446,0.9261004556143446,0.9657738095238095,0.9515450470311579,0.9515450470311579,0.9732142857142857,0.95720348324515,0.95720348324515,1365,1.0,0.9375000000000001,0.9776949241234957,0.9776949241234957,0.9270833333333333,0.9836930926216642,0.9836930926216642,0.9910714285714286,0.9887090092447236,0.9887090092447236
pair_e6f73d93,10173,1.0,0.9568452380952381,0.9888294118886128,0.9888294118886128,1.0,0.992646706033244,0.992646706033244,0.9851190476190477,0.9953786107483394,0.9953786107483394,10848,1.0,0.9828125,0.989190547796829,0.989190547796829,0.9890625,0.9933462677452065,0.9933462677452065,0.9828125,0.9948909073101033,0.9948909073101033
pair_e7575bee,309,1.0,0.8482142857142858,0.9850901525658806,0.9850901525658806,0.9345238095238095,0.9917697256896286,0.9917697256896286,0.9985119047619048,0.9923572584373557,0.9923572584373557,356,1.0,0.7906249999999999,0.9889527738764046,0.9889527738764046,0.8328125,0.9922006671348316,0.9922006671348316,0.9375,0.9918232092696629,0.9918232092696629
pair_e83bd10d,7985,1.0,0.96875,0.9900091689775472,0.9900091689775472,0.9732142857142858,0.9932926692906343,0.9932926692906343,0.9925595238095238,0.9946260846229538,0.9946260846229538,10602,1.0,0.9360119047619049,0.9901574051616496,0.9901574051616496,1.0,0.993213039318727,0.993213039318727,0.9985119047619048,0.9955431533583061,0.9955431533583061
pair_e8903db6,15079,1.0,0.9702380952380952,0.9912201492772983,0.9912201492772983,0.9895833333333334,0.9948498424172375,0.9948498424172375,0.944940476190476,0.9962660938106923,0.9962660938106923,10078,1.0,0.9747023809523809,0.9907389032215388,0.9907389032215388,0.9672619047619048,0.9952284384184314,0.9952284384184314,0.9940476190476191,0.9959792782959581,0.9959792782959581
pair_e8d98c67,130,1.0,0.9776785714285714,0.926018772893773,0.926018772893773,0.9375,0.9222641941391941,0.9222641941391941,0.9776785714285714,0.9453296703296703,0.9453296703296703,379,1.0,0.925595238095238,0.9777099824098506,0.9777099824098506,0.9583333333333334,0.9827592976504586,0.9827592976504586,0.9940476190476191,0.9885075072245257,0.9885075072245257
pair_e970e4c4,5462,1.0,0.9851190476190477,0.9856939068194104,0.9856939068194104,0.9732142857142857,0.9915116998831756,0.9915116998831756,0.9940476190476191,0.9940053900542275,0.9940053900542275,5968,1.0,0.9265625,0.9852164669906167,0.9852164669906167,0.978125,0.9913661926105897,0.9913661926105897,0.9953125,0.9929305253016085,0.9929305253016085
pair_eabc1c29,7549,1.0,0.9538690476190476,0.9901108393416979,0.9901108393416979,0.9598214285714285,0.9936180840729457,0.9936180840729457,0.9389880952380952,0.9936626342814249,0.9936626342814249,7770,1.0,0.9747023809523809,0.9887100110314395,0.9887100110314395,1.0,0.9920556398234969,0.9920556398234969,0.9940476190476191,0.9941083302690445,0.9941083302690445
pair_eb63c4a0,3595,1.0,0.9747023809523809,0.9860305318232997,0.9860305318232997,0.9851190476190477,0.9908495595734818,0.9908495595734818,0.9910714285714286,0.9941279223789654,0.9941279223789654,2607,1.0,0.9136904761904762,0.9825698211774161,0.9825698211774161,0.96875,0.990308829707564,0.990308829707564,1.0,0.9920115485780042,0.9920115485780042
pair_ebc61bc9,9473,1.0,0.9836309523809524,0.9890973028607621,0.9890973028607621,0.9583333333333333,0.9929644968406447,0.9929644968406447,0.9553571428571429,0.9940303393604882,0.9940303393604882,1161,1.0,0.9553571428571429,0.9773004593741027,0.9773004593741027,0.9270833333333334,0.9845307308970098,0.9845307308970098,0.9404761904761905,0.9881567614125754,0.9881567614125754
pair_ec20e9b4,1191,1.0,0.9270833333333334,0.9805235696293632,0.9805235696293632,0.943452380952381,0.9871269141577704,0.9871269141577704,0.9375,0.988598766542721,0.988598766542721,7348,1.0,0.9796875,0.9900910536880784,0.9900910536880784,0.9859374999999999,0.9936077419025585,0.9936077419025585,0.971875,0.9949035877109418,0.9949035877109418
pair_ec7f806f,8694,1.0,0.9776785714285714,0.988072302189797,0.988072302189797,0.9970238095238095,0.9925982067545214,0.9925982067545214,0.9866071428571429,0.9945895226045329,0.9945895226045329,4284,1.0,0.9453125,0.9855570874183006,0.9855570874183006,0.978125,0.9908930759803921,0.9908930759803921,0.96875,0.9922334558823529,0.9922334558823529
pair_ec8eb018,7156,1.0,0.9703125,0.9883480645612073,0.9883480645612073,0.9609374999999999,0.9923589033678032,0.9923589033678032,0.996875,0.9949041887926215,0.9949041887926215,20356,1.0,0.9750000000000001,0.9918142992238161,0.9918142992238161,0.9859375,0.9949295508695224,0.9949295508695224,0.9734375,0.9957905531538612,0.9957905531538612
pair_edc1fe33,5499,1.0,0.9583333333333334,0.9884378328527266,0.9884378328527266,0.9925595238095238,0.9926959122437846,0.9926959122437846,0.9642857142857143,0.9934465898561643,0.9934465898561643,3691,1.0,0.9538690476190477,0.9870046670795113,0.9870046670795113,0.9657738095238095,0.991935418843777,0.991935418843777,0.9732142857142857,0.9940810820399685,0.9940810820399685
pair_ee1554cd,21422,1.0,0.9925595238095238,0.9918355517914382,0.9918355517914382,1.0,0.9951481648816748,0.9951481648816748,0.96875,0.9963219276133571,0.9963219276133571,7283,1.0,0.9449404761904764,0.9883669896628156,0.9883669896628156,0.9732142857142857,0.9926872266138366,0.9926872266138366,0.9821428571428572,0.9950091700829722,0.9950091700829722
pair_ee294964,5899,1.0,0.949404761904762,0.9890349151187852,0.9890349151187852,0.9672619047619048,0.9925292523349397,0.9925292523349397,0.9836309523809523,0.99453675562444,0.99453675562444,7617,1.0,0.9955357142857143,0.9892547293960253,0.9892547293960253,0.9836309523809523,0.9931733606531755,0.9931733606531755,0.9880952380952381,0.9955568137061835,0.9955568137061835
pair_ee52321c,2027,1.0,0.9642857142857143,0.9769187398689125,0.9769187398689125,0.9598214285714286,0.986376623910541,0.986376623910541,0.949404761904762,0.9867972842812508,0.9867972842812508,16382,1.0,0.9553571428571428,0.9888585432036323,0.9888585432036323,0.9553571428571429,0.992981553505299,0.992981553505299,1.0,0.9944593841382238,0.9944593841382238
pair_eeb3bb08,4347,1.0,0.9553571428571429,0.9864007197081731,0.9864007197081731,0.9642857142857142,0.9902645639576283,0.9902645639576283,0.9940476190476191,0.9940667893566446,0.9940667893566446,10238,1.0,0.9747023809523809,0.990521423455102,0.990521423455102,0.9985119047619048,0.9942025623494173,0.9942025623494173,0.9732142857142857,0.9955127489558041,0.9955127489558041
pair_eed4f922,1429,1.0,0.8988095238095238,0.9765216268452797,0.9765216268452797,0.9464285714285715,0.9836798960311908,0.9836798960311908,0.9821428571428572,0.987076793628578,0.987076793628578,1766,1.0,0.918154761904762,0.9808620503694115,0.9808620503694115,0.9270833333333333,0.9894046944938791,0.9894046944938791,0.9791666666666667,0.9897215256430998,0.9897215256430998
pair_f0d3d3dd,1524,1.0,0.9500000000000001,0.9767624261811023,0.9767624261811023,0.9875,0.9825028707349083,0.9825028707349083,0.98125,0.989779158464567,0.989779158464567,1283,1.0,0.9568452380952381,0.9737037449430279,0.9737037449430279,1.0,0.9835706398693538,0.9835706398693538,0.9866071428571429,0.9881137957911146,0.9881137957911146
pair_f1a813ba,3156,1.0,0.9375,0.9835234474017744,0.9835234474017744,0.98125,0.9864320936311787,0.9864320936311787,0.9843749999999999,0.9867464749683144,0.9867464749683144,1346,1.0,0.9776785714285714,0.9829819836552749,0.9829819836552749,0.9642857142857144,0.9868083563291586,0.9868083563291586,0.9315476190476191,0.9877856789075214,0.9877856789075214
pair_f2ee8d3a,11691,1.0,0.9672619047619048,0.9900906934923486,0.9900906934923486,0.9657738095238095,0.9941990888391965,0.9941990888391965,0.9895833333333334,0.9953206017245663,0.9953206017245663,18218,1.0,0.9776785714285714,0.9914694683175718,0.9914694683175718,0.9761904761904762,0.9945279132621321,0.9945279132621321,0.9880952380952381,0.9960909115265384,0.9960909115265384
pair_f39ff433,9370,1.0,0.9181547619047621,0.9916323626569091,0.9916323626569091,0.9791666666666666,0.9944684784265895,0.9944684784265895,0.96875,0.9964117370534125,0.9964117370534125,2683,1.0,0.8824404761904762,0.9842482650906058,0.9842482650906058,0.9434523809523809,0.9886914745398718,0.9886914745398718,0.9583333333333333,0.993036512965231,0.993036512965231
pair_f46b4569,3953,1.0,0.9955357142857143,0.9849323298760435,0.9849323298760435,0.9732142857142858,0.9908075391806103,0.9908075391806103,1.0,0.9936666546203606,0.9936666546203606,7149,1.0,0.956845238095238,0.9888631193839965,0.9888631193839965,0.9925595238095238,0.9933605016352605,0.9933605016352605,0.9806547619047619,0.9945863224293773,0.9945863224293773
pair_f4b1f0c5,15448,1.0,0.9,0.9904794512234594,0.9904794512234594,0.9890625,0.9939083942905229,0.9939083942905229,0.9875,0.9954141515082859,0.9954141515082859,9962,1.0,0.9389880952380952,0.9901327425168021,0.9901327425168021,0.9836309523809523,0.993880017877458,0.993880017877458,0.9747023809523809,0.9941523324346804,0.9941523324346804
pair_f508c4f1,660,1.0,0.946875,0.9774526515151515,0.9774526515151515,0.9609375,0.9800331439393938,0.9800331439393938,0.9953124999999999,0.9849928977272727,0.9849928977272727,2937,1.0,0.9374999999999999,0.9830138260615789,0.9830138260615789,0.9895833333333334,0.9893041571412359,0.9893041571412359,0.9866071428571429,0.9917924226210744,0.9917924226210744
pair_f54301fd,4155,1.0,0.9866071428571429,0.9839181852042863,0.9839181852042863,0.9955357142857143,0.9901868087788667,0.9901868087788667,0.9449404761904762,0.9918081342043437,0.9918081342043437,7262,1.0,0.9717261904761905,0.9861694436794272,0.9861694436794272,0.9940476190476191,0.9918828933391037,0.9918828933391037,0.9985119047619048,0.9933466036510996,0.9933466036510996
pair_f549052a,1578,1.0,0.9241071428571428,0.9805604592914478,0.9805604592914478,0.9598214285714286,0.9881480475586939,0.9881480475586939,0.9821428571428572,0.9887525273100368,0.9887525273100368,4971,1.0,0.9047619047619048,0.9877419988313169,0.9877419988313169,0.9866071428571428,0.9925433586228699,0.9925433586228699,0.9523809523809523,0.9947415246525082,0.9947415246525082
pair_f5a9005d,6281,1.0,0.9464285714285715,0.9883259982865937,0.9883259982865937,0.9940476190476191,0.9918459204251672,0.9918459204251672,0.9866071428571429,0.9945278561193623,0.9945278561193623,9204,1.0,0.9796875,0.9895855402542374,0.9895855402542374,0.9515625,0.9938182447848761,0.9938182447848761,0.9734375,0.995247990004346,0.995247990004346
pair_f5d4e5bf,4664,1.0,0.9593749999999999,0.9856008120711837,0.9856008120711837,0.9625,0.9920461245711837,0.9920461245711837,0.9234374999999999,0.9931429566895369,0.9931429566895369,2424,1.0,0.9109375000000001,0.9818546307755776,0.9818546307755776,0.909375,0.9896929146039604,0.9896929146039604,0.9406249999999999,0.9920843646864687,0.9920843646864687
pair_f5e39d77,2354,1.0,0.9791666666666666,0.9853358771291013,0.9853358771291013,0.9866071428571429,0.9900953796981835,0.9900953796981835,0.9925595238095238,0.9917522605898774,0.9917522605898774,8093,1.0,0.9330357142857143,0.9910712446970634,0.9910712446970634,0.96875,0.9949647843815643,0.9949647843815643,0.8705357142857142,0.9958157549440139,0.9958157549440139
pair_f700873e,730,1.0,0.9285714285714286,0.972315313111546,0.972315313111546,0.8913690476190476,0.9770446020874103,0.9770446020874103,0.9761904761904762,0.9850232387475539,0.9850232387475539,2021,1.0,0.9598214285714286,0.9814308392827691,0.9814308392827691,0.9747023809523809,0.9877631594448764,0.9877631594448764,0.9717261904761905,0.9902246648288212,0.9902246648288212
pair_f7ca2998,1393,1.0,0.9717261904761906,0.9799945732061668,0.9799945732061668,0.9419642857142857,0.9847633148736882,0.9847633148736882,0.9925595238095238,0.9873752264724984,0.9873752264724984,2164,1.0,0.9468749999999999,0.9819027264325324,0.9819027264325324,0.9859375,0.986930308456562,0.986930308456562,0.99375,0.9915715977356747,0.9915715977356747
pair_f8026f2d,1222,1.0,0.9523809523809524,0.982197656067337,0.982197656067337,0.9747023809523809,0.9849741349076456,0.9849741349076456,0.9836309523809523,0.9903919219078793,0.9903919219078793,1056,1.0,0.9703124999999999,0.9798280658143941,0.9798280658143941,0.9859375,0.9883641098484849,0.9883641098484849,0.978125,0.9907492897727274,0.9907492897727274
pair_f827a253,7535,1.0,0.9672619047619048,0.98875742566436,0.98875742566436,0.9970238095238095,0.992474997630107,0.992474997630107,0.9821428571428572,0.9942374079691598,0.9942374079691598,7555,1.0,0.980654761904762,0.9884497809712899,0.9884497809712899,0.9940476190476191,0.9931892313510448,0.9931892313510448,0.9970238095238095,0.9947864470076581,0.9947864470076581
pair_f85a44af,10422,1.0,0.9747023809523809,0.9896754290374757,0.9896754290374757,0.9761904761904762,0.9932870084802295,0.9932870084802295,1.0,0.9954040674032039,0.9954040674032039,9472,1.0,0.94375,0.9890781711887668,0.9890781711887668,1.0,0.993694408519848,0.993694408519848,1.0,0.9953063964843749,0.9953063964843749
pair_f9baa4be,2899,1.0,0.9880952380952381,0.9835077571904928,0.9835077571904928,0.9642857142857143,0.9895063363392961,0.9895063363392961,0.9449404761904763,0.9913475911233758,0.9913475911233758,2767,1.0,0.9434523809523809,0.983188342196293,0.983188342196293,0.9717261904761905,0.9880258617722478,0.9880258617722478,0.9598214285714286,0.9908310315452526,0.9908310315452526
pair_fc9929da,222,1.0,0.9404761904761905,0.9687902187902188,0.9687902187902188,0.9107142857142857,0.9611419455169455,0.9611419455169455,0.96875,0.9594192406692404,0.9594192406692404,460,1.0,0.9718749999999999,0.9808899456521738,0.9808899456521738,0.9312500000000001,0.9805366847826087,0.9805366847826087,0.984375,0.9871976902173913,0.9871976902173913
pair_fccad9e3,3303,1.0,0.974702380952381,0.9847482627625681,0.9847482627625681,0.9419642857142857,0.9888219403716679,0.9888219403716679,0.9672619047619048,0.9927221645545896,0.9927221645545896,2125,1.0,0.9583333333333334,0.9820168067226891,0.9820168067226891,0.9925595238095238,0.9859873949579834,0.9859873949579834,1.0,0.9890427170868348,0.9890427170868348
pair_fd852ae5,12261,1.0,0.9449404761904763,0.9888997877513293,0.9888997877513293,0.9806547619047619,0.9930102852249292,0.9930102852249292,0.96875,0.9947000943758958,0.9947000943758958,7819,1.0,0.9434523809523809,0.988013972374984,0.988013972374984,0.96875,0.9925174635655516,0.9925174635655516,0.9672619047619048,0.9936667930377164,0.9936667930377164
pair_fe3e5ba4,2382,1.0,0.9196428571428571,0.9841338561033146,0.9841338561033146,0.9970238095238095,0.9895733377313981,0.9895733377313981,0.9821428571428572,0.9909296159689738,0.9909296159689738,9068,1.0,0.9484375,0.9898601193758272,0.9898601193758272,0.99375,0.9933524826312307,0.9933524826312307,0.996875,0.9953033676113806,0.9953033676113806
