corpus,name,nodes,positive_nodes,zero_fraction,positive_mean,positive_variance,variance_ratio_to_ztp,fraction_degree_1,fraction_degree_2,fraction_degree_3,max_degree,poisson_lambda,poisson_ks,poisson_bootstrap_p,poisson_aic,geometric_aic,negative_binomial_aic,cmp_aic,cmp_nu,cmp_at_bound,aic_winner,delta_aic_poisson_cmp,delta_aic_poisson_cmp_per_positive_node,ordinary_poisson_aic_all,zero_inflated_poisson_aic_all,zip_lambda,zip_pi,zip_at_zero_boundary,zip_ks,zip_bootstrap_p,hurdle_poisson_aic_all,hurdle_geometric_aic_all,hurdle_negative_binomial_aic_all,hurdle_cmp_aic_all,mixed_model_aic_winner,delta_aic_zip_hurdle_cmp,delta_aic_zip_best_full_model,delta_aic_hurdle_poisson_cmp
Coq expanded terms,Alt_PI_eq,13619,10681,0.2157280270210735,4.02303155135287,7.222950495119108,1.9469405675532747,0.0155416159535624,0.07283962175826234,0.5294448085385264,31,3.9451962760395487,0.22722643346910776,0.005,46529.982804549036,48193.482974006256,44909.52343279234,45745.16265147661,0.566219982937819,False,negative_binomial,784.8201530724255,0.0734781530823355,67814.4073448351,60735.17372661028,3.9451962760395487,0.20025502627125621,False,0.17820732328978217,0.005,60735.17372661028,62398.6738960675,59114.71435485358,59950.353573537854,hurdle_negative_binomial,784.8201530724255,1620.4593717566968,784.8201530724255
Coq expanded terms,Bertrand,22434,18069,0.19457074083979672,3.5392108030328187,4.129916937630817,1.319022938017685,0.021749958492445626,0.12806464109801316,0.5782832475510543,35,3.423883324650889,0.19000622388316157,0.005,68816.22184116449,76146.56674658756,68470.96782893284,68791.0783214933,1.0840599195993357,False,negative_binomial,25.14351967118273,0.001391528013237187,97618.98907171589,90928.41498235043,3.423883324650889,0.16744127506472004,False,0.15303657213804245,0.005,90928.41498235043,98258.75988777351,90583.1609701188,90903.27146267926,hurdle_negative_binomial,25.14351967116818,345.2540122316277,25.14351967116818
Coq expanded terms,CSB,1331,1012,0.2396694214876033,3.2796442687747036,1.7765421659454135,0.6315836598118139,0.06027667984189723,0.15711462450592886,0.46047430830039526,8,3.137309677360983,0.14821713259863445,0.005,3475.1298831314125,4084.159126892333,3477.1302442902365,3342.7249613909025,2.089302165632264,False,cmp,132.40492174050996,0.13083490290564226,5377.320121553757,4943.089496031309,3.137309677360983,0.20517447092124688,False,0.11269401817416835,0.005,4943.089496031309,5552.1187397922295,4945.089857190133,4810.684574290799,hurdle_cmp,132.40492174050996,132.40492174050996,132.40492174050996
Coq expanded terms,Cardan_Tartaglia,11271,9166,0.18676248780055008,4.069823259873445,7.579239920759435,2.0131307445846973,0.01058258782456906,0.08356971416102989,0.48941741217543094,33,3.9949007722988643,0.2413901899765436,0.005,40307.268179798346,41601.47042383469,38787.705440439124,39546.77629120568,0.5474572207661532,False,negative_binomial,760.4918885926672,0.08296878557633289,56058.95851011462,51163.11351788671,3.9949007722988643,0.1715106002379252,False,0.1963075575658768,0.005,51163.11351788671,52457.315761923055,49643.55077852749,50402.621629294044,hurdle_negative_binomial,760.4918885926672,1519.5627393592222,760.4918885926672
Coq expanded terms,Cauchy_Schwarz_inequality,12647,10195,0.1938799715347513,3.687788131436979,5.265446750599696,1.590391732202021,0.0163805787150564,0.12712113781265327,0.5335948994605199,30,3.5855582650385283,0.17254276535921287,0.005,40548.35450627369,43946.455284706884,39996.04054263561,40506.382107275684,0.8718857883049765,False,negative_binomial,41.97239899800479,0.004116959195488454,57298.143185392815,52989.95144565824,3.5855582650385283,0.17089623044911256,False,0.13909017892284148,0.005,52989.95144565824,56388.052224091436,52437.63748202016,52947.979046660235,hurdle_negative_binomial,41.97239899800479,552.3139636380802,41.97239899800479
Coq expanded terms,Cayley_Hamilton,11407,9599,0.15849916717804857,3.5163037816439213,1.9440773474500184,0.6264803137271611,0.021773101364725492,0.17772684654651527,0.41483487863319096,14,3.398813961420149,0.11765289296318038,0.005,33874.03067308568,40306.553753202345,33876.701134133196,32547.651399945884,2.062310159630113,False,cmp,1326.379273139799,0.13817890125427637,46137.302916648296,43849.689908604094,3.398813961420149,0.12941026066870415,False,0.09900500741242818,0.005,43849.689908604094,50282.212988720756,43852.36036965161,42523.310635464295,hurdle_cmp,1326.379273139799,1326.379273139799,1326.379273139799
Coq expanded terms,Ceva,15279,11439,0.25132534851757315,3.822099833901565,7.835385362530789,2.256894769753141,0.023516041612029023,0.11355887752425911,0.5691056910569106,35,3.7304368739425735,0.23094681566598985,0.005,49797.83417392979,50260.29253455966,47446.46478133468,48473.274098215974,0.46223084176859885,False,negative_binomial,1324.5600757138163,0.11579334519746624,75637.78708959463,67028.02235135126,3.7304368739425735,0.23292918288868875,False,0.17290402672971128,0.005,67028.02235135126,67490.48071198113,64676.65295875615,65703.46227563744,hurdle_negative_binomial,1324.5600757138163,2351.3693925951084,1324.5600757138163
Coq expanded terms,Desargues,18213,14034,0.2294514906934607,4.161821291150064,8.174968209191835,2.111000615335692,0.0122559498361123,0.07930739632321505,0.47249536839105033,35,4.092316807733314,0.23611884843475517,0.005,63075.67768311535,64413.44918478174,60318.82675888648,61514.52197525343,0.4984528268812297,False,negative_binomial,1561.1557078619153,0.11124096535997686,93979.79252623965,82697.18468256365,4.092316807733314,0.21636438659006121,False,0.1819410266805772,0.005,82697.18468256365,84034.95618423003,79940.33375833477,81136.02897470172,hurdle_negative_binomial,1561.1557078619226,2756.850924228871,1561.1557078619226
Coq expanded terms,Euler_Poincare_criterion,23750,20297,0.1453894736842105,3.3596590629157017,1.2116317111255543,0.41615534068324966,0.007538059811794846,0.08912647189239789,0.6700497610484308,13,3.2262615901851976,0.2519205122754097,0.005,67026.69277972047,83039.45445075477,67028.7004727011,58685.91477618541,3.48666470415716,False,cmp,8340.778003535059,0.4109364932519613,89987.83676072166,86723.50323843308,3.2262615901851976,0.11005356517442746,False,0.2152939215854312,0.005,86723.50323843308,102736.26490946738,86725.51093141371,78382.72523489803,hurdle_cmp,8340.778003535059,8340.778003535059,8340.778003535059
Coq expanded terms,Euler_exp_totient,22444,18727,0.16561219034040278,3.16206546697282,1.4329647732011264,0.5372963592869704,0.027767394670796176,0.21893522721204678,0.5041384097826668,11,3.0054987971176614,0.14514451693151012,0.005,61828.58160019132,73904.71109755908,61830.60614399024,57405.52830038394,2.672651896526107,False,cmp,4423.053299807376,0.23618589735715148,85023.35384809479,81979.01309566274,3.0054987971176614,0.12214608719259061,False,0.12110681556658298,0.005,81979.01309566274,94055.1425930305,81981.03763946166,77555.95979585536,hurdle_cmp,4423.053299807376,4423.053299807376,4423.053299807376
Coq expanded terms,FTA,20431,16654,0.1848661347951642,3.4625915695928904,1.874756487802112,0.617170374478077,0.010928305512189264,0.15569833073135583,0.5077458868740242,28,3.3398721726401073,0.16102631017212446,0.005,57843.087867845905,69325.14121349827,57845.75275068239,54885.65927161003,2.2738863767687563,False,cmp,2957.428596235877,0.17758067708874006,82545.00575629552,77405.42407042987,3.3398721726401073,0.1549150674479806,False,0.13125799861027665,0.005,77405.42407042987,88887.47741608223,77408.08895326636,74447.995474194,hurdle_cmp,2957.42859623587,2957.42859623587,2957.42859623587
Coq expanded terms,FTC1,16845,13448,0.201662214306916,3.8660767400356932,2.9581948400360116,0.8394070952879875,0.013459250446162998,0.11325104104699583,0.4265318262938727,16,3.777633401148959,0.12878630293740695,0.005,50828.62782003347,59443.3943731674,50831.569019358496,50171.52017467194,1.5203852975191603,False,cmp,657.1076453615315,0.04886285286745475,74842.62497802408,67766.52766744308,3.777633401148959,0.18297123722463396,False,0.10281497191464817,0.005,67766.52766744308,76381.29422057701,67769.4688667681,67109.42002208155,hurdle_cmp,657.1076453615242,657.1076453615242,657.1076453615242
Coq expanded terms,Goedel_sIncompleteness1st,28984,24326,0.1607093568865581,3.4828578475705005,1.6695861104347982,0.5451872136525303,0.01611444544931349,0.16854394475047274,0.39838033379922716,20,3.362138287695153,0.1389990968408675,0.005,83974.15081361726,101595.10407685355,83976.21687216738,78676.580815883,2.4671379171927867,False,cmp,5297.569997734259,0.21777398658777683,115273.18523298774,109531.01233607023,3.362138287695153,0.13057413091594253,False,0.11666064137975929,0.005,109531.01233607023,127151.96559930651,109533.07839462034,104233.44233833597,hurdle_cmp,5297.569997734259,5297.569997734259,5297.569997734259
Coq expanded terms,IVT_cor,14467,11199,0.22589341259417986,3.506652379676757,4.107264434120375,1.3286014451785975,0.025091526029109742,0.1403696758639164,0.55942494865613,33,3.3882394831039875,0.17930099435169544,0.005,42491.38923025234,46952.22566693497,42272.86998206357,42477.14644933532,1.0831386245583343,False,negative_binomial,14.242780917018536,0.0012717904203070395,63325.31892667073,57951.85595271515,3.3882394831039875,0.1988397749372542,False,0.13879808085606116,0.005,57951.85595271515,62412.69238939778,57733.33670452637,57937.61317179813,hurdle_negative_binomial,14.242780917018536,218.51924818877887,14.242780917018536
Coq expanded terms,Lagrange,10583,8840,0.16469810072758198,3.304072398190045,1.750526401998321,0.6157304944810374,0.020588235294117647,0.21018099547511312,0.47058823529411764,13,3.1645279627864604,0.12957133857729636,0.005,30180.169738009132,35816.76959000247,30182.585849811498,28705.189168812023,2.26382230742753,False,cmp,1474.9805691971087,0.1668530055652838,41402.14483728479,39651.392151095846,3.1645279627864604,0.1278642559026261,False,0.10823118520488523,0.005,39651.392151095846,45287.99200308919,39653.808262898216,38176.41158189874,hurdle_cmp,1474.980569197105,1474.980569197105,1474.980569197105
Coq expanded terms,Law_of_the_Mean,10168,7953,0.2178402832415421,3.7646171256129763,2.417623948088456,0.7104307670581879,0.01609455551364265,0.10059097196026656,0.44348044762982525,15,3.6685707991015195,0.15553717343799767,0.005,29094.72782158739,34664.43693740135,29097.01522041727,28252.01253010697,1.8527318110290982,False,cmp,842.7152914804174,0.10596193781974317,44198.2719390649,39756.063021926064,3.6685707991015195,0.1973626717536324,False,0.1216549115216754,0.005,39756.063021926064,45325.772137740016,39758.350420755945,38913.34773044565,hurdle_cmp,842.7152914804174,842.7152914804174,842.7152914804174
Coq expanded terms,Liouville_theorem,11645,9197,0.21021897810218979,3.5089703164075243,2.9334032781229076,0.9480196292789503,0.0310970968794172,0.22279004023050994,0.3767532891160161,14,3.390779766765576,0.08709345276253014,0.005,34021.85760587079,38573.431358314774,34023.974379873776,33824.36299073867,1.3490923480059658,False,cmp,197.4946151321201,0.021473808321422212,49846.98548840705,46000.66221917174,3.390779766765576,0.1826900144137219,False,0.06878475612339968,0.005,46000.66221917174,50552.23597161572,46002.778993174725,45803.16760403962,hurdle_cmp,197.4946151321201,197.4946151321201,197.4946151321201
Coq expanded terms,Pigeonhole,7747,6024,0.22240867432554537,3.3877822045152723,2.2510193841720327,0.7640818289321663,0.026228419654714476,0.12284196547144755,0.5821713147410359,14,3.2573909142115465,0.19368860734139945,0.005,21095.059753300866,24766.022861114976,21097.3645706377,20426.272643205215,1.9467004842279658,False,cmp,668.7871100956509,0.11102043660286369,31804.335727353795,29307.945136624538,3.2573909142115465,0.1912821872216118,False,0.15061058095063773,0.005,29307.945136624538,32978.908244438644,29310.24995396137,28639.158026528887,hurdle_cmp,668.7871100956509,668.7871100956509,668.7871100956509
Coq expanded terms,Q_countable,13108,10498,0.19911504424778761,3.4987616688893124,4.1718883503234485,1.353716319465044,0.04172223280624881,0.12640502952943417,0.5619165555343875,33,3.379588738135847,0.18263515078535786,0.005,40041.21875187001,43957.688868296915,39809.388225689836,40041.579228122755,1.026818682806863,False,negative_binomial,-0.3604762527465937,-3.4337612187711345e-05,57036.13914233698,53129.542427733904,3.379588738135847,0.17087379515841006,False,0.14626974465553,0.005,53129.542427733904,57046.01254416081,52897.71190155373,53129.90290398666,hurdle_negative_binomial,-0.36047625275386963,231.83052618017246,-0.36047625275386963
Coq expanded terms,Quadratic_reciprocity,14397,11759,0.1832326179065083,3.4485075261501827,1.1615419089279646,0.38455932228861633,0.00433710349519517,0.05349094310740709,0.6725061654902628,9,3.3243789595685507,0.27262571749171893,0.005,39002.5017091829,48836.290980088765,39005.60731585075,33542.33792445084,3.7313412474938414,False,cmp,5460.16378473206,0.4643391261784216,56225.92671248216,52717.93282802886,3.3243789595685507,0.15273544366646477,False,0.22267179356707112,0.005,52717.93282802886,62551.722098934726,52721.038434696704,47257.769043296794,hurdle_cmp,5460.163784732067,5460.163784732067,5460.163784732067
Coq expanded terms,Strict_Rel_is_Strict_Included,282,192,0.3191489361702128,3.0052083333333335,0.6197645399305555,0.2508294987183195,0.03125,0.15104166666666666,0.6510416666666666,6,2.827400868862334,0.2468822875720806,0.005,589.3390606216054,736.0743852900848,591.3391538292971,454.8278916746581,5.5680862935773705,False,cmp,134.51116894694735,0.7005790049320174,1054.266677709853,944.5306851125856,2.827400868862334,0.2763320853036903,False,0.16809006813418254,0.005,944.5306851125856,1091.266009781065,946.5307783202772,810.0195161656383,hurdle_cmp,134.51116894694735,134.51116894694735,134.51116894694735
Coq expanded terms,Sylow_s_theorem,15942,13669,0.14257935014427298,3.213402589801741,1.3803866153740816,0.5054884366165742,0.019021142731728728,0.21596312824639696,0.4802838539761504,11,3.0632175554731838,0.14522548021271714,0.005,45190.012895468186,54472.56988275875,45195.09955596043,41503.48015603563,2.8235114164561588,False,cmp,3686.5327394325577,0.2697002516228369,59912.85198401676,58252.28166592249,3.0632175554731838,0.10054128154463572,False,0.124519325619598,0.005,58252.28166592249,67534.83865321305,58257.36832641474,54565.748926489934,hurdle_cmp,3686.5327394325577,3686.5327394325577,3686.5327394325577
Coq expanded terms,Taylor,17809,13908,0.21904654949744512,3.7966637906241014,2.481231320095266,0.7209987691123019,0.01632154155881507,0.08671268334771355,0.4702329594477998,18,3.703086109992042,0.16380656040245595,0.005,51135.65880141581,60892.62439518538,51137.672174936,49739.57163694521,1.8186188608304996,False,cmp,1396.0871644705985,0.10038015275169676,77907.718521161,69861.9900986257,3.703086109992042,0.19931170931038017,False,0.12792529856125318,0.005,69861.9900986257,79618.95569239528,69864.00347214588,68465.9029341551,hurdle_cmp,1396.0871644705912,1396.0871644705912,1396.0871644705912
Coq expanded terms,Wilson,16120,13650,0.1532258064516129,3.2167765567765567,1.5245097559339316,0.5574108050230707,0.018095238095238095,0.20857142857142857,0.5307692307692308,13,3.0670016725019784,0.15278812789236773,0.005,45496.932595727776,54431.1718957448,45498.94824981685,42411.47017792394,2.598193870603988,False,cmp,3085.4624178038357,0.22604120276951178,61306.324024519156,59306.16415445156,3.0670016725019784,0.11187418020944442,False,0.12937704377982756,0.005,59306.16415445156,68240.40345446859,59308.17980854063,56220.70173664772,hurdle_cmp,3085.4624178038357,3085.4624178038357,3085.4624178038357
Coq expanded terms,Zgcd_is_gcd,10792,9090,0.15770941438102298,3.2471947194719473,1.7511059917872973,0.6315548497507862,0.060616061606160614,0.10946094609460946,0.5655665566556656,14,3.101067220911739,0.20262608878887764,0.005,30855.176782216222,36452.9662113284,30857.18198823657,29408.250039138627,2.2406904651878548,False,cmp,1446.9267430775944,0.15917785952448785,41762.66428080754,40264.60571915387,3.101067220911739,0.11801926658051021,False,0.17067004698766658,0.005,40264.60571915387,45862.39514826605,40266.61092517422,38817.67897607628,hurdle_cmp,1446.9267430775944,1446.9267430775944,1446.9267430775944
Coq expanded terms,Zis_gcd_bezout,14909,11864,0.2042390502381112,3.5378455832771407,4.275708642372603,1.3663105251008343,0.040289952798381656,0.11429534726904922,0.5785569790964261,33,3.422390348119042,0.19473744226600664,0.005,45647.1239341655,49987.31947824514,45351.20010837351,45648.97817743552,0.992628066078722,False,negative_binomial,-1.8542432700196514,-0.00015629157704144062,65566.69553897553,60743.685353482564,3.422390348119042,0.17739384608573125,False,0.15496445201179843,0.005,60743.685353482564,65083.8808975622,60447.76152769057,60745.539596752584,hurdle_negative_binomial,-1.8542432700196514,295.9238257919933,-1.8542432700196514
Coq expanded terms,bertrand_ballot,24137,20770,0.13949538053610638,3.3885411651420316,1.2817752911556959,0.43494586386773854,0.005633124699085219,0.08194511314395764,0.6696677900818488,17,3.258230059251152,0.25502464918179635,0.005,69005.31720958024,85396.28650868045,69009.04130639561,60895.63164121524,3.3659548799545096,False,cmp,8109.6855683650065,0.3904518809997596,91674.75215518312,88512.25292381144,3.258230059251152,0.105079975071361,False,0.21944988869809462,0.005,88512.25292381144,104903.22222291165,88515.9770206268,80402.56735544643,hurdle_cmp,8109.6855683650065,8109.6855683650065,8109.6855683650065
Coq expanded terms,binomial,16314,13145,0.19425033713375014,3.6310384176492962,5.282505616249455,1.6292261450729342,0.02898440471662229,0.12552301255230125,0.5694941042221376,35,3.52398967412438,0.206769250141558,0.005,52597.634719480586,56185.87447918425,51732.713550439585,52429.0854774582,0.7827992537365771,False,negative_binomial,168.54924202238908,0.012822308255792246,73959.69979231051,68663.30082315969,3.52398967412438,0.16977396319917318,False,0.16660425359266762,0.005,68663.30082315969,72251.54058286335,67798.37965411869,68494.7515811373,hurdle_negative_binomial,168.54924202238908,864.9211690410011,168.54924202238908
Coq expanded terms,birthday_paradox,11692,9568,0.1816626753335614,3.30873745819398,1.5969888742156129,0.5605901153545797,0.027069397993311036,0.15290551839464883,0.5219481605351171,13,3.1697196061447808,0.17936674128347702,0.005,32289.035502989074,38798.373930158254,32291.03680731678,30135.07737412378,2.559766003171801,False,cmp,2153.9581288652953,0.22512104189645646,45746.55141281629,43372.837926125176,3.1697196061447808,0.14577196219089886,False,0.1467824991960578,0.005,43372.837926125176,49882.17635329436,43374.83923045288,41218.879797259884,hurdle_cmp,2153.9581288652917,2153.9581288652917,2153.9581288652917
Coq expanded terms,card_powerset,20205,16725,0.17223459539717892,3.1285500747384156,1.2499621727541048,0.4761341178779127,0.029058295964125562,0.24699551569506725,0.4395814648729447,12,2.9676708184177203,0.13182096035656746,0.005,54506.40947998459,65575.21369428384,54509.20611838552,49746.477444988705,2.939812584155944,False,cmp,4759.932034995887,0.28459982272023243,75910.5299536286,73073.24092566824,2.9676708184177203,0.1273609248155131,False,0.10911683058468652,0.005,73073.24092566824,84142.0451399675,73076.03756406918,68313.30889067237,hurdle_cmp,4759.9320349958725,4759.9320349958725,4759.9320349958725
Coq expanded terms,div3,13037,10993,0.15678453631970546,3.491312653506777,2.7167670661702807,0.884156429232568,0.039661602838169746,0.10533976166651506,0.5646320385699991,13,3.371417782962578,0.17700135535886652,0.005,39963.593679584104,45975.08190914772,39966.484018238465,39454.21467557396,1.5417879147232234,False,cmp,509.37900401014485,0.04633666915402027,53775.65140614851,51289.51185819564,3.371417782962578,0.1267979801089301,False,0.14925027993096723,0.005,51289.51185819564,57301.000087759254,51292.40219685,50780.1328541855,hurdle_cmp,509.37900401014485,509.37900401014485,509.37900401014485
Coq expanded terms,divisors_correct,11362,9361,0.17611336032388664,3.1795748317487447,1.3431401247548722,0.4995360005977503,0.024249545988676423,0.2071359897446854,0.5081722038243778,12,3.0252147591523215,0.15646072178431739,0.005,30769.18655769116,37067.692715775214,30771.21442719371,28180.367483471957,2.874230418786295,False,cmp,2588.819074219202,0.27655368809093067,43160.29174895896,41348.0389015576,3.0252147591523215,0.13407495590090238,False,0.12890589831218047,0.005,41348.0389015576,47646.545059641656,41350.066771060156,38759.2198273384,hurdle_cmp,2588.819074219202,2588.819074219202,2588.819074219202
Coq expanded terms,edivpP,11815,9950,0.15785019043588658,3.3246231155778894,1.753715310219439,0.61140143329945,0.03165829145728643,0.1943718592964824,0.452964824120603,13,3.187383550731573,0.12992697984289883,0.005,34122.92433333851,40460.74445017701,34124.92553781521,32540.213900773408,2.2172783347530283,False,cmp,1582.7104325651017,0.15906637513217103,46269.971086722624,44429.6778253948,3.187383550731573,0.1215896426980848,False,0.1094179813319377,0.005,44429.6778253948,50767.4979422333,44431.679029871506,42846.9673928297,hurdle_cmp,1582.7104325651017,1582.7104325651017,1582.7104325651017
Coq expanded terms,euclid_book,174597,127848,0.2677537414732212,3.815280645766848,3.3025441753522142,0.9534958107998995,0.0060775295663600525,0.022636255553469747,0.599485326325011,97,3.7231081927166105,0.23504267547747054,0.005,469026.6951817491,561184.448647033,469033.9752297394,454587.0702674964,1.8800399349329706,False,cmp,14439.624914252723,0.11294369027480072,779009.944577527,671914.5430858827,3.7231081927166105,0.2496256263630276,False,0.1721091197125016,0.005,671914.5430858827,764072.2965511666,671921.8231338729,657474.91817163,hurdle_cmp,14439.624914252665,14439.624914252665,14439.624914252665
Coq expanded terms,four_color,12407,9435,0.23954219392278553,3.154107048224695,1.3333257394680755,0.5018006311429569,0.02172760996290408,0.21218865924748279,0.5350291467938527,14,2.996526974642475,0.15976027494946202,0.005,30861.329669777984,37178.338866672406,30863.348935149395,28175.60847716524,2.9281315082021897,False,cmp,2685.7211926127457,0.2846551343521723,48049.68601232039,44524.71830364439,2.996526974642475,0.1995515654212293,False,0.12149094818636041,0.005,44524.71830364439,50841.727500538815,44526.73756901581,41838.99711103165,hurdle_cmp,2685.721192612742,2685.721192612742,2685.721192612742
Coq expanded terms,fun_power_series_conv_IR,16160,13179,0.18446782178217822,3.593747628803399,2.1849096900078457,0.6833771298210308,0.008194855451855224,0.11920479550800515,0.5405569466575613,13,3.483410517538328,0.17511218723298155,0.005,46973.314138534995,56012.62700845515,46975.3262840927,45214.35824637322,2.0221522723356005,False,cmp,1758.955892161779,0.13346656743013727,67065.26121668032,62427.54066006549,3.483410517538328,0.15863582057668865,False,0.14280962348660042,0.005,62427.54066006549,71466.85352998564,62429.55280562319,60668.58476790371,hurdle_cmp,1758.955892161779,1758.955892161779,1758.955892161779
Coq expanded terms,herron_qin,17487,13396,0.23394521644650312,4.088235294117647,9.71795355944707,2.566474473624153,0.022021498954911914,0.10547924753657809,0.5328456255598686,39,4.014429344777757,0.24015765025411367,0.005,62576.574777655274,60937.868296121254,58253.83083454496,59441.65779812752,0.33144609039009176,False,negative_binomial,3134.9169795277558,0.23401888470646132,92237.06219873473,81604.41755441402,4.014429344777757,0.21986117219247245,False,0.18397391678413144,0.005,81604.41755441402,79965.71107288,77281.6736113037,78469.50057488627,hurdle_negative_binomial,3134.916979527741,4322.743943110312,3134.916979527741
Coq expanded terms,inclusion_exclusion,12886,10309,0.1999844792798386,3.508390726549617,4.069310718998298,1.3154232463183702,0.0370550004850131,0.14482491027257735,0.519546027742749,33,3.3901446189788236,0.15624212202009302,0.005,39212.52261657403,43233.055228427416,39026.47177291169,39206.064484497896,1.0620729819427852,False,negative_binomial,6.458132076135371,0.0006264557256897246,56017.28456911307,52110.33933885449,3.3901446189788236,0.1720804421506276,False,0.12499612260632764,0.005,52110.33933885449,56130.87195070787,51924.288495192144,52103.88120677835,hurdle_negative_binomial,6.458132076135371,186.05084366234223,6.458132076135371
Coq expanded terms,is_hexamy,150,111,0.26,2.891891891891892,0.6549793036279523,0.2813326988338959,0.08108108108108109,0.14414414414414414,0.5765765765765766,4,2.6969464459916486,0.23259893441646765,0.005,339.6476981677201,415.9643334567952,341.65158451066463,280.06791130570855,4.638793664439934,False,cmp,59.57978686201153,0.5367548365946985,546.922948134745,513.5647733071462,2.6969464459916486,0.20651001313704853,False,0.17212321146818604,0.005,513.5647733071462,589.8814085962213,515.5686596500907,453.98498644513467,hurdle_cmp,59.57978686201153,59.57978686201153,59.57978686201153
Coq expanded terms,isosceles_conga,13055,9839,0.24634239754883186,3.7525154995426364,3.1666201078754264,0.9345088239964804,0.020225632686248603,0.08029271267405225,0.5359284480130094,18,3.6555203101045,0.17376078656460714,0.005,37003.11327090627,42810.73692181114,37005.11445099189,36636.83932436598,1.4532864910536487,False,cmp,366.27394654029194,0.03722674525259599,58377.12100831188,51581.83189945211,3.6555203101045,0.22634492640384093,False,0.1309561378023109,0.005,51581.83189945211,57389.45555035698,51583.833079537726,51215.55795291182,hurdle_cmp,366.27394654029194,366.27394654029194,366.27394654029194
Coq expanded terms,konigsberg_bridges,53031,51639,0.02624879787294224,3.5809949844110074,2.0548226820368516,0.6458112777550286,0.008055926722051163,0.020488390557524352,0.6024322701833885,15,3.469510494801259,0.2763384756844628,0.005,179251.44411643536,219036.87966562895,179253.45042276778,166524.0087375719,2.5788178335889107,False,cmp,12727.435378863476,0.24646943935520588,192172.28606312466,192174.28606312466,3.486998170881183,0.0,True,0.2692148440665009,0.005,192134.71791129172,231920.1534604853,192136.72421762414,179407.28253242825,hurdle_cmp,12767.003530696413,12767.003530696413,12727.435378863476
Coq expanded terms,mul_adj_mx,10613,8870,0.16423254499199094,3.617249154453213,2.449104946941224,0.7592545896450859,0.018827508455467868,0.18895152198421647,0.40529875986471253,12,3.508995926318406,0.09323265243793899,0.005,32442.790157875836,37834.84758258023,32444.793482735975,31871.99832264054,1.6419801917168477,False,cmp,570.7918352352972,0.06435082697128491,44464.88839389045,41924.79356159517,3.508995926318406,0.13844895137307392,False,0.07792081665170247,0.005,41924.79356159517,47316.85098629957,41926.79688645531,41354.00172635988,hurdle_cmp,570.7918352352935,570.7918352352935,570.7918352352935
Coq expanded terms,nat_ind,40,25,0.375,2.48,0.6496,0.3602112314540761,0.12,0.36,0.44,4,2.207171895261573,0.1528281047384189,0.02,72.9665508620218,85.6129469665087,74.96655805993235,64.64540381957534,4.2436587606653156,False,cmp,8.32114704244647,0.3328458816978588,136.26396145902476,127.89160991466036,2.207171895261573,0.29774386701480554,False,0.09551756546151186,0.015,127.89160991466036,140.53800601914725,129.8916171125709,119.5704628722139,hurdle_cmp,8.32114704244647,8.32114704244647,8.32114704244647
Coq expanded terms,postulate_of_existence_of_a_triangle_whose_angles_sum_to_two_rights,739,474,0.35859269282814615,3.3059071729957807,1.0055769196531896,0.35342035214508716,0.016877637130801686,0.052742616033755275,0.7172995780590717,11,3.1665700811450552,0.29032717181029927,0.005,1536.6174125487698,1923.0114974229236,1538.6308899964806,1286.6953802026146,4.181196661554463,False,cmp,249.92203234615522,0.5272616716163612,2966.3555743156044,2503.1663909705817,3.1665700811450552,0.3303691491885205,False,0.18621796946966412,0.005,2503.1663909705817,2889.5604758447357,2505.1798684182927,2253.2443586244267,hurdle_cmp,249.922032346155,249.922032346155,249.922032346155
Coq expanded terms,pytha_thm3,13254,10809,0.1844726120416478,3.4863539642890182,2.9884575085329477,0.974494644503847,0.011379406050513461,0.11971505227125544,0.5902488666851697,20,3.365976100659265,0.1918779113210675,0.005,39096.66675703906,45169.381818103866,39098.669272673294,38495.75261301217,1.6038889430950927,False,cmp,600.9141440268868,0.055593870295761565,55179.36498487476,51772.35860768246,3.365976100659265,0.15530679453190646,False,0.1564816918265745,0.005,51772.35860768246,57845.07366874727,51774.36112331669,51171.44446365557,hurdle_cmp,600.9141440268868,600.9141440268868,600.9141440268868
Coq expanded terms,pythagoras,18230,13063,0.2834339001645639,4.336293347623058,7.178110948778374,1.7615134849155685,0.0038276046849881344,0.057184413993722726,0.45089183189160226,46,4.276028646265697,0.13914149285258381,0.005,57204.929058612266,61180.23308775806,55841.89585601811,56724.63419138217,0.6907356770761063,False,negative_binomial,480.29486723009904,0.03676757767971362,95317.3579705912,78943.1899692175,4.276028646265697,0.27333489345021356,False,0.09970407685865623,0.005,78943.1899692175,82918.49399836331,77580.15676662336,78462.89510198741,hurdle_negative_binomial,480.29486723009904,1363.0332025941461,480.29486723009904
Coq expanded terms,reals_not_countable,14574,11673,0.1990531082750103,3.5960764156600704,3.265527310874431,1.0204630493537872,0.02090293840486593,0.21648248093891886,0.4009252120277564,20,3.4859475612082957,0.11318554422426552,0.005,44070.17305277167,49629.86318631536,44070.55303876273,43947.55861361753,1.2324403953802316,False,cmp,122.61443915413838,0.010504106840926787,63390.605931071965,58619.55940337088,3.4859475612082957,0.17374941046728765,False,0.09065560983462684,0.005,58619.55940337088,64179.24953691456,58619.93938936194,58496.944964216746,hurdle_cmp,122.6144391541311,122.6144391541311,122.6144391541311
Coq expanded terms,sum_of_two_squares,250,203,0.188,2.6995073891625614,0.604285471620277,0.28995834250056374,0.054187192118226604,0.33497536945812806,0.46798029556650245,4,2.471515785750007,0.17380441129432095,0.005,596.9448756825149,724.4704392524211,598.9462160940949,481.1794514909511,5.020677316697724,False,cmp,115.76542419156374,0.5702730255742056,856.8728893516608,840.5998325619269,2.471515785750007,0.11309488183794494,False,0.14112918197098867,0.005,840.5998325619269,968.1253961318332,842.6011729735069,724.8344083703632,hurdle_cmp,115.76542419156362,115.76542419156362,115.76542419156362
Coq expanded terms,triangle,13657,10811,0.20839130116423812,3.498381278327629,4.601861222122905,1.493460877521739,0.04060678938118583,0.14217001202478957,0.5525853297567292,33,3.3791715860284626,0.187865485217937,0.005,41897.04115278652,45265.46788844309,41452.975467780445,41869.94188886776,0.8937217055914677,False,negative_binomial,27.0992639187607,0.002506638046319554,60278.36491366853,55878.82299157206,3.3791715860284626,0.18046509883709794,False,0.14871595230952017,0.005,55878.82299157206,59247.24972722863,55434.75730656598,55851.7237276533,hurdle_negative_binomial,27.0992639187607,444.0656850060768,27.0992639187607
Human Lean expanded terms,banach_fixed_point_term,27506,26388,0.040645677306769434,1.970213733515234,0.030869637507312947,0.026861810068373033,0.030771562831590115,0.9682431408215856,0.0009852963468243141,3,1.553501561488832,0.38594060919480855,0.005,59157.01845678644,72063.56040441837,59159.097359100364,7666.485884032911,25.49958821104018,False,cmp,51490.53257275353,1.951285909229708,73296.41347448385,73298.41347448385,1.8901330618774086,0.0,True,0.36639302701394216,0.005,68510.54928575605,81417.09123338797,68512.62818806997,17020.016713002507,hurdle_cmp,56278.396761481345,56278.396761481345,51490.53257275354
Human Lean expanded terms,basel_problem_term,13519,12796,0.05348028700347659,1.982338230697093,0.019538015015437872,0.016775403300558787,0.018755861206627072,0.980150046889653,0.0010940919037199124,3,1.5698677778903813,0.39371459160008077,0.005,28765.186729727087,35164.729176066554,28768.571668730954,2606.423196886317,26.52257891993777,False,cmp,26158.76353284077,2.044292242328913,36244.73603035109,36246.73603035109,1.8763222131814483,0.0,True,0.3692823776892058,0.005,34408.339506686,40807.88195302547,34411.72444568987,8249.575973845229,hurdle_cmp,27997.160056505858,27997.160056505858,26158.763532840774
Human Lean expanded terms,bertrand_postulate_term,14322,13584,0.05152911604524508,1.9793138987043581,0.025853003941101637,0.022271329506205625,0.023483510011778563,0.9737190812720848,0.0027974087161366313,3,1.5657898315534857,0.39004055713909025,0.005,30535.233586714727,37272.35966154805,30537.419830426847,3548.772802275489,23.620452570844016,False,cmp,26986.460784439238,1.9866358056860451,38379.3460296347,38381.3460296347,1.8773216031280548,0.0,True,0.3664257947238621,0.005,36351.772347505226,43088.89842233855,36353.95859121734,9365.311563065989,hurdle_cmp,29016.034466568708,29016.034466568708,26986.460784439238
Human Lean expanded terms,bezout_gcd_term,13155,12850,0.023185100722158875,1.9679377431906615,0.033835824917864014,0.029517510109843832,0.03346303501945525,0.965136186770428,0.0014007782101167316,3,1.5504240136308676,0.3840506945403352,0.005,28797.845014338454,35051.89907423641,28799.875503148884,4042.4324360808823,24.40917270153687,False,cmp,24755.412578257572,1.9264912512262702,34782.49082364553,34784.49082364553,1.922310908399848,0.0,True,0.3715699107860475,0.005,31698.907969608714,37952.96202950667,31700.938458419143,6943.495391351142,hurdle_cmp,27840.99543229439,27840.99543229439,24755.412578257572
Human Lean expanded terms,binomial_theorem_term,15163,14733,0.02835850425377564,1.9604289689811987,0.042349154205934894,0.03725572958338593,0.04174302586031358,0.9560849792981742,0.0021719948415122514,3,1.5402588025062234,0.3784271406146582,0.005,32969.65282742618,40030.571445725145,32971.66000669238,5568.371034604264,22.735670876585278,False,cmp,27401.281792821916,1.8598575845260243,40185.897050228225,40187.897050228225,1.9048341357251204,0.0,True,0.3634590420375291,0.005,36883.37409376522,43944.29271206418,36885.38127303142,9482.092300943303,hurdle_cmp,30705.804749284922,30705.804749284922,27401.281792821916
Human Lean expanded terms,cantor_theorem_term,12775,12319,0.03569471624266145,1.95998051789918,0.040203782395023605,0.03538619672691249,0.04091241172173066,0.9581946586573585,0.0008929296209107882,3,1.5396511143981224,0.3794169917793237,0.005,27552.24170383793,33464.010424784836,27554.810105676508,4388.518244824489,24.988373527398604,False,cmp,23163.723459013443,1.8803249824672006,33954.442268528466,33956.442268528466,1.8900195694716242,0.0,True,0.36144516893822526,0.005,31489.238092114872,37401.00681306177,31491.80649395345,8325.514633101428,hurdle_cmp,25630.92763542704,25630.92763542704,23163.723459013447
Human Lean expanded terms,cayley_hamilton_term,32812,32024,0.024015604047299768,1.9835435923057707,0.018184095464187516,0.015592313366896265,0.01745565825630777,0.9815450911816138,0.0009992505620784412,3,1.571492244149887,0.39459568989957183,0.005,72002.5847032078,88056.43182343527,72004.61989643991,6142.935991816921,26.930404678819013,False,cmp,65859.64871139088,2.0565715935358133,86813.13432235373,86815.13432235373,1.9359075947823967,0.0,True,0.3825795931791563,0.005,79438.49221891745,95492.33933914492,79440.52741214956,13578.843507526577,hurdle_cmp,73236.29081482715,73236.29081482715,65859.64871139088
Human Lean expanded terms,divergence_harmonic_term,16852,15986,0.051388559221457394,1.9655948955335918,0.03447248796093303,0.03015156504790918,0.0350306518203428,0.9643438008257225,0.0006255473539346928,3,1.5472542987662714,0.3833099449469741,0.005,35796.17705828638,43552.51391054373,35798.408024572505,5024.683338136179,26.280448230994217,False,cmp,30771.493720150203,1.9249026473257977,45098.6898893685,45100.6898893685,1.8645858058390696,0.0,True,0.35927826949898645,0.005,42626.05643294016,50382.393285197504,42628.28739922628,11854.562712789957,hurdle_cmp,33246.12717657854,33246.12717657854,30771.493720150203
Human Lean expanded terms,euclid_infinite_primes_term,15700,15256,0.028280254777070062,1.9651284740429995,0.03994810882216018,0.03495904894577307,0.03801782905086523,0.9588358678552701,0.003146303093864709,3,1.5466230479583996,0.38048759703373136,0.005,34189.16754443601,41553.664023909965,34191.18161675271,5579.745933636441,22.066449944207072,False,cmp,28609.421610799567,1.8752898276612198,41626.4107955091,41628.4107955091,1.9095541401273886,0.0,True,0.3658171125755516,0.005,38232.736231143994,45597.23271061795,38234.75030346069,9623.314620344427,hurdle_cmp,32005.096175164676,32005.096175164676,28609.421610799567
Human Lean expanded terms,extreme_value_term,15322,14916,0.026497846234173086,1.9686913381603648,0.032071524196895296,0.027954923159087604,0.032180209171359615,0.9669482434969161,0.0008715473317243229,3,1.5514431962222945,0.3850679327667069,0.005,33426.904703476626,40703.10676652775,33432.746252466044,4455.646692714188,25.685125789853632,False,cmp,28971.258010762438,1.9422940473828398,40568.43473063831,40570.43473063831,1.9165252577992429,0.0,True,0.3712458835008371,0.005,37178.17203686129,44454.37409991241,37184.013585850706,8206.914026098846,hurdle_cmp,32363.520704539467,32363.520704539467,28971.25801076244
Human Lean expanded terms,fermat_last_four_term,15181,14583,0.039391344443712534,1.9864225468010697,0.01887894563989658,0.016137241876492674,0.01632037303709799,0.9809367071247342,0.0027429198381677296,3,1.5753703299232453,0.39473184384072263,0.005,32830.18902739859,40158.82168695622,32832.27921387881,2985.4675263033714,24.60284259035939,False,cmp,29844.72150109522,2.0465419667486264,40477.1016717149,40479.1016717149,1.9081746920492721,0.0,True,0.3763615717223728,0.005,37872.43163099889,45201.06429055652,37874.521817479115,8027.71012990367,hurdle_cmp,32451.391541811234,32451.391541811234,29844.721501095224
Human Lean expanded terms,fermat_last_three_term,36592,35282,0.03580017490161784,1.9742928405419193,0.027937293984794543,0.0242005186576121,0.027152655745139163,0.9714018479678023,0.0014454962870585567,3,1.5590130353301386,0.38812714946663784,0.005,79180.4234078499,96555.29598122506,79182.43884879211,9569.507655275054,24.878969739273323,False,cmp,69610.91575257485,1.9729866717469204,97327.34258985528,97329.34258985528,1.9036128115435067,0.0,True,0.37074242339898644,0.005,90479.03783564229,107853.91040901745,90481.0532765845,20868.12208306744,hurdle_cmp,76461.22050678784,76461.22050678784,69610.91575257485
Human Lean expanded terms,fermat_little_term,13180,12526,0.0496206373292868,1.9465112565863005,0.05477906290218915,0.048955097137718326,0.05556442599393262,0.9423598914258343,0.002075682580233115,3,1.5213681748523975,0.3695786557399671,0.005,27936.911472774016,33784.21567209107,27938.99069192067,5749.964020871033,22.070822188607963,False,cmp,22186.947451902983,1.7712715513254815,35226.07758545016,35228.07758545016,1.8499241274658573,0.0,True,0.3457200737531635,0.005,33142.2888686229,38989.59306793995,33144.36808776955,10955.341416719919,hurdle_cmp,24272.736168730244,24272.736168730244,22186.94745190298
Human Lean expanded terms,fta_complex_term,27764,26425,0.048227921048840224,1.9646168401135289,0.03625039718093281,0.031741274424564724,0.03644276253547777,0.9624976348155156,0.0010596026490066225,3,1.545930525202533,0.38224355237551466,0.005,59166.1047238114,71954.63130164298,59170.438415460936,8710.889814885333,24.8737239116196,False,cmp,50455.214908926064,1.9093742633463033,74207.52177328701,74209.52177328701,1.8698674542573117,0.0,True,0.359459986851178,0.005,69899.66994392566,82688.19652175724,69904.0036355752,19444.455034999595,hurdle_cmp,54765.06673828741,54765.06673828741,50455.214908926064
Human Lean expanded terms,ftc_term,13313,12490,0.06181927439345001,1.9645316253002403,0.03645216253066505,0.03192098186206176,0.03658927141713371,0.9622898318654924,0.0011208967173738991,3,1.5458151742638258,0.3821271796192773,0.005,27966.487623623812,34009.5062197072,27968.542820254235,4141.744696750888,24.72405411310164,False,cmp,23824.742926872925,1.9075054385006345,35782.17667645932,35784.17667645932,1.8430857057011942,0.0,True,0.35399378432694145,0.005,34144.23527416139,40187.25387024478,34146.29047079181,10319.492347288466,hurdle_cmp,25464.684329170854,25464.684329170854,23824.74292687292
Human Lean expanded terms,fund_thm_arithmetic_term,21159,20648,0.024150479701309135,1.9661468423091826,0.03948743911149353,0.034516656669934274,0.037243316543975204,0.9593665246028671,0.0033901588531576906,3,1.548001206897194,0.38090231886800985,0.005,46286.974843697964,56269.35618694003,46288.977643116916,7504.055937908124,21.935828576073426,False,cmp,38782.91890578984,1.8782893697108602,55999.60047901474,56001.60047901474,1.9186634529042015,0.0,True,0.3679743160515847,0.005,51103.90034355219,61086.28168679425,51105.90314297114,12320.981437762348,hurdle_cmp,43680.619041252394,43680.619041252394,38782.91890578984
Human Lean expanded terms,intermediate_value_term,16825,16410,0.024665676077265972,1.9708714198659354,0.03291142831784992,0.028617608268256635,0.03144424131627057,0.9662400975015235,0.0023156611822059718,3,1.5543905577241799,0.38503662082548157,0.005,36812.09372207461,44830.467348269754,36814.09522272129,5124.500380881829,23.328562867589135,False,cmp,31687.593341192784,1.930992890992857,44532.210092957364,44534.210092957364,1.922258543833581,0.0,True,0.3721226024884385,0.005,40706.71663800182,48725.09026419696,40708.718138648495,9019.123296809033,hurdle_cmp,35515.08679614833,35515.08679614833,31687.593341192784
Human Lean expanded terms,lagrange_subgroup_term,17384,16743,0.03687298665439485,1.9682852535387922,0.032381261997796014,0.028237660815844508,0.03255091680105118,0.9666129128591053,0.0008361703398435167,3,1.5508940191887997,0.3848403175489379,0.005,37517.048803332465,45678.774360526906,37520.1316916776,5034.747600950417,25.757377930610588,False,cmp,32482.30120238205,1.9400526310925192,46242.39895080564,46244.39895080564,1.8957086976530142,0.0,True,0.36674608498472594,0.005,43008.07115199844,51169.79670919288,43011.15404034357,10525.769949616391,hurdle_cmp,35718.62900118925,35718.62900118925,32482.30120238205
Human Lean expanded terms,law_of_cosines_term,16003,15054,0.059301380991064176,1.9607413312076525,0.04289877286725937,0.03772601826460425,0.04184934236747708,0.9555599840573934,0.0025906735751295338,3,1.5406820399524999,0.3782099488876723,0.005,33695.51250211009,40909.416651645486,33697.61864072935,5775.210617417819,22.291974170409677,False,cmp,27920.30188469227,1.8546766231361944,42977.56748835201,42979.56748835201,1.844466662500781,0.0,True,0.35106855548962196,0.005,40900.17170640349,48114.075855938885,40902.27784502275,12979.869821711218,hurdle_cmp,29999.697666640794,29999.697666640794,27920.30188469227
Human Lean expanded terms,leibniz_pi_term,19182,18137,0.054478156605150665,1.9787175387329767,0.023034954510168664,0.019856719204627973,0.02238517946738711,0.9765121023322489,0.001102718200363897,3,1.564985365003602,0.391346994261984,0.005,40738.94602837849,49749.18025765938,40741.691457126675,4203.3912011012435,26.048606923361767,False,cmp,36535.55482727724,2.0144210634215827,51439.644301590546,51441.644301590546,1.8709206547805235,0.0,True,0.3664257904159196,0.005,48854.76033023921,57864.9945595201,48857.5057589874,12319.205502961966,hurdle_cmp,39122.43879862858,39122.43879862858,36535.55482727724
Human Lean expanded terms,liouville_term,14196,13155,0.07333051563820794,1.979247434435576,0.024274766218237345,0.020913269879518012,0.02272900038008362,0.9752945648042569,0.001976434815659445,3,1.5657001794932146,0.3908182545622741,0.005,29561.769204348824,36094.08380148174,29563.771324427908,3232.5797710366314,24.565731667508068,False,cmp,26329.189433312193,2.0014587178496535,38369.40766190535,38371.40766190535,1.8341081994928148,0.0,True,0.35837274394962704,0.005,37007.29933403644,43539.613931169355,37009.30145411552,10678.109900724245,hurdle_cmp,27693.297761181107,27693.297761181107,26329.189433312196
Human Lean expanded terms,mean_value_term,12314,11403,0.07398083482215365,1.9640445496799088,0.03799511228350106,0.03329025446644117,0.037621678505656404,0.9607120933087784,0.0016662281855652022,3,1.5451557992669644,0.38126707190728454,0.005,25534.927682239082,31041.942287727154,25537.254261793438,3939.6472882409,23.669621454547833,False,cmp,21595.280393998182,1.893824466719125,33256.80633436529,33258.80633436529,1.8187428942666883,0.0,True,0.34846419643131826,0.005,32034.200231841336,37541.21483732941,32036.52681139569,10438.919837843156,hurdle_cmp,22819.886496522136,22819.886496522136,21595.280393998182
Human Lean expanded terms,mvt2_term,15133,14322,0.05359148879931276,1.9587348135735232,0.04221563153344172,0.037209013784447735,0.04259181678536517,0.9560815528557464,0.0013266303588884234,3,1.5379627353656966,0.3781802614224579,0.005,32027.43919988831,38879.26403740034,32029.440995899826,5336.1497454372,23.90187515221159,False,cmp,26691.28945445111,1.86365657411333,40528.99430974748,40530.99430974748,1.8537632987510737,0.0,True,0.3531314226056936,0.005,38353.742647576786,45205.56748508882,38355.74444358831,11662.453193125679,hurdle_cmp,28868.541116621804,28868.541116621804,26691.289454451107
Human Lean expanded terms,pi_irrational2_term,24139,22993,0.047475040391068396,1.9829513330143957,0.019454482779178148,0.01669245944215689,0.018396903405384246,0.9802548601748359,0.001348236419779933,3,1.5706941142961732,0.3938603153128345,0.005,51697.83128029096,63205.33479136015,51699.843702785576,4692.986245337408,26.05562838761996,False,cmp,47004.84503495355,2.044311096201172,64556.01173223648,64558.01173223648,1.8888106383860144,0.0,True,0.3719386658958313,0.005,60921.53014830779,72429.03365937699,60923.54257080241,13916.685113354248,hurdle_cmp,50641.32661888223,50641.32661888223,47004.84503495354
Human Lean expanded terms,ptolemy_term,14208,13512,0.048986486486486486,1.9816459443457668,0.019349333495985055,0.01662602217896313,0.019020130254588513,0.9803137951450562,0.0006660746003552398,3,1.568934572671687,0.39369124141948764,0.005,30365.404633479237,37119.12079813164,30367.406828018415,2698.983018864994,27.71290207852181,False,cmp,27666.421614614243,2.0475445244681945,38013.1627326341,38015.1627326341,1.884572072072072,0.0,True,0.3710744333909464,0.005,35923.30470415498,42677.02086880738,35925.30689869416,8256.883089540735,hurdle_cmp,29758.27964309336,29758.27964309336,27666.421614614243
Human Lean expanded terms,quadratic_reciprocity_term,20540,19769,0.0375365141187926,1.9639334311295462,0.03861017433331814,0.033833357847582915,0.037988770296929535,0.9600890282765947,0.0019222014264757953,3,1.5450053624756506,0.3809392983569626,0.005,44270.553153528825,53811.78397733862,44272.559889752396,6937.646484741708,23.29002827477527,False,cmp,37332.906668787116,1.888457011927114,54661.049417625465,54663.049417625465,1.8902142161635833,0.0,True,0.36243704799490706,0.005,50846.76762905632,60387.998452866115,50848.77436527989,13513.860960269205,hurdle_cmp,41149.18845735626,41149.18845735626,37332.90666878711
Human Lean expanded terms,reals_uncountable_term,24612,23594,0.041361937266374126,1.9678308044418071,0.034440263650560805,0.030048384743994922,0.03382215817580741,0.9645248792065779,0.0016529626176146478,3,1.5502793717256471,0.3837292745403491,0.005,52877.8487042074,64353.85255580112,52879.85138513568,7552.630533997668,23.97145993955182,False,cmp,45325.21817020973,1.9210484941175607,65611.60144737145,65613.60144737145,1.8864375101576467,0.0,True,0.36383041762559354,0.005,61358.61201790231,72834.61586949603,61360.61469883059,16033.393847692583,hurdle_cmp,49580.20759967886,49580.20759967886,45325.21817020973
Human Lean expanded terms,schroeder_bernstein_term,15991,15661,0.02063660809205178,1.9670519123938446,0.038247799425019074,0.033399344493531616,0.036140731754038695,0.960666624098078,0.003192644147883277,3,1.549225754939385,0.3816854257004173,0.005,35112.75745348933,42699.54069283987,35114.758868622754,5544.756647321279,22.164690813847653,False,cmp,29568.00080616805,1.8880020947684086,42252.008215967275,42254.008215967275,1.9264586329810518,0.0,True,0.370245614685075,0.005,38329.15457213661,45915.93781148716,38331.15598727004,8761.153765968567,hurdle_cmp,33492.854449998704,33492.854449998704,29568.000806168046
Human Lean expanded terms,sqrt2_irrational_term,23178,22143,0.04465441366813357,1.9633292688434267,0.03920983454368706,0.034382055030907036,0.03861265411190896,0.9594454229327553,0.001941922955335772,3,1.544187352347661,0.3805292623838534,0.005,49580.07192185185,60254.59377506765,49582.16987202197,7864.70989890222,23.221368119421076,False,cmp,41715.36202294963,1.8839074209885576,61869.143946176024,61871.143946176024,1.875657951505738,0.0,True,0.3591635286277802,0.005,58040.371285315356,68714.89313853116,58042.46923548548,16325.009262365727,hurdle_cmp,45546.1346838103,45546.1346838103,41715.36202294963
Human Lean expanded terms,stirling_term,12141,11262,0.07239930812947863,1.9755816018469188,0.027018730288394837,0.023371506560946744,0.026016693304919198,0.9723850115432427,0.0015982951518380393,3,1.5607532207446215,0.38881168779737457,0.005,25284.330428119567,30842.2641248351,25286.424867912996,2987.4529621164547,24.741542839445717,False,cmp,22296.877466003112,1.9798328419466447,32792.977847036454,32794.977847036454,1.8325508607198748,0.0,True,0.35668959662962796,0.005,31594.829402336596,37152.76309905213,31596.923842130025,9297.951936333484,hurdle_cmp,23497.02591070297,23497.02591070297,22296.877466003112
Human Lean expanded terms,strong_law_large_numbers_term,12807,11989,0.06387132037167174,1.9886562682458921,0.017554195719529684,0.014968369595762988,0.014513303861873383,0.9823171240303612,0.003169572107765452,3,1.5783774329706706,0.3957655314133443,0.005,27007.644306380804,33053.25437976886,27009.806174252077,2334.5211676025065,24.542622517599188,False,cmp,24673.123138778297,2.057980076635107,34515.01469749346,34517.01469749346,1.8616381666276256,0.0,True,0.36729192921619935,0.005,33092.695860595995,39138.305933984055,33094.857728467265,8419.572721817694,hurdle_cmp,26097.441975675767,26097.441975675767,24673.1231387783
Human Lean expanded terms,sylow_theorem_term,13646,12982,0.048658947676974935,1.9714989986134648,0.03076988364558481,0.026736837832373298,0.030041596056077646,0.9684178092743799,0.0015405946695424434,3,1.5552387263958578,0.38621867616152555,0.005,29118.518342781255,35477.46878227401,29120.56221536085,3803.9707304955227,24.45730899995491,False,cmp,25314.547612285733,1.9499728556682894,36497.44068104062,36499.44068104062,1.8755679319947238,0.0,True,0.3634934965524763,0.005,34430.10880367372,40789.05924316648,34432.15267625332,9115.56119138799,hurdle_cmp,27383.87948965263,27383.87948965263,25314.54761228573
Human Lean expanded terms,wilsons_lemma_term,18414,17614,0.043445204735527314,1.9574202339048483,0.0444002029878867,0.03919243180901227,0.04439650278187805,0.9537867605313954,0.0018167366867264676,3,1.5361804510501884,0.37684328007277834,0.005,39383.49243971957,47782.340944341006,39386.80448163657,6868.900915977545,23.012306330497662,False,cmp,32514.591523742027,1.8459516023471119,49112.511693515306,49114.511693515306,1.8723797110893885,0.0,True,0.3557365372583714,0.005,45968.22939311286,54367.07789773429,45971.54143502986,13453.637869370836,hurdle_cmp,35660.873824144466,35660.873824144466,32514.591523742023
Matched human Lean term0,pair_00b23e63,6816,6596,0.03227699530516432,2.000454821103699,0.001061042379728457,0.0008932612343591778,0.00030321406913280777,0.9989387507580352,0.0007580351728320194,3,1.594234726439164,0.40591688059539843,0.005,14882.892674003888,18294.153412900407,14884.96510013573,122.244662515237,37.69419680893442,False,cmp,14760.64801148865,2.2378180733002804,18111.89602860912,18113.89602860912,1.9358861502347418,0.0,True,0.3910672150871175,0.005,16828.41030842578,20239.6710473223,16830.48273455762,2067.7622969371278,hurdle_cmp,16046.133731671993,16046.133731671993,14760.648011488653
Matched AI Lean term0,pair_00b23e63,4429,4233,0.04425378189207496,2.000236239073943,0.0011811395608140936,0.0009946015603509658,0.0004724781478856603,0.9988188046302858,0.0007087172218284905,3,1.5939413511074012,0.405822409818652,0.005,9551.26215335846,11739.754237496527,9553.87390494264,88.13649175618775,36.76568922625451,False,cmp,9463.125661602273,2.235560042901553,11834.729970767383,11836.729970767383,1.9117182208173402,0.0,True,0.3857228023501376,0.005,11158.640817241647,13347.132901379713,11161.252568825827,1695.5151556393746,hurdle_cmp,10141.214815128009,10141.214815128009,9463.125661602273
Matched human Lean term0,pair_01eb3f84,5111,4819,0.05713167677558208,1.999792488068064,0.007262874556561126,0.006118767358472987,0.003735214774849554,0.992737082382237,0.0035277028429134675,3,1.5933457133972808,0.40271155989592944,0.005,10883.2695938123,13361.718654345654,10885.28074140068,466.9851054851897,27.678052119488616,False,cmp,10416.28448832711,2.161503317768647,13745.096432053417,13747.096432053417,1.8855409900215223,0.0,True,0.37721853350844764,0.005,13123.89963563745,15602.348696170804,13125.91078322583,2707.61514731034,hurdle_cmp,11039.481284743077,11039.481284743077,10416.28448832711
Matched AI Lean term0,pair_01eb3f84,5776,5525,0.04345567867036011,1.9994570135746605,0.008144501545832397,0.006863992872467742,0.0043438914027149325,0.9918552036199095,0.003800904977375566,3,1.5928953718721004,0.40221775029984136,0.005,12477.793733354572,15316.392992590598,12479.810781342325,588.7494920272147,27.117382560537646,False,cmp,11889.044241327358,2.151863211099974,15441.34801340093,15443.34801340093,1.9125692520775623,0.0,True,0.3825768958065094,0.005,14545.003735321023,17383.602994557048,14547.020783308775,2655.9594939936655,hurdle_cmp,12787.388519407265,12787.388519407265,11889.044241327358
Matched human Lean term0,pair_064daf4b,92,62,0.32608695652173914,2.0,0.03225806451612903,0.02717043986203778,0.016129032258064516,0.967741935483871,0.016129032258064516,3,1.5936242600400345,0.39024670770189684,0.005,142.6349953984546,173.90050077886644,144.64747056469557,24.443416176774917,20.19622449279267,False,cmp,118.19157922167969,1.9063157938980595,262.7349194437624,260.80758693015736,1.5936242600400345,0.15423847342618938,False,0.2629923464947565,0.005,260.80758693015736,292.0730923105692,262.8200620963983,142.61600770847767,hurdle_cmp,118.19157922167969,118.19157922167969,118.19157922167969
Matched AI Lean term0,pair_064daf4b,118,83,0.2966101694915254,2.0120481927710845,0.035999419364203804,0.029933354009831135,0.012048192771084338,0.963855421686747,0.024096385542168676,3,1.6097736258621536,0.39022637413784206,0.005,191.24985793126876,233.50517024728424,193.2537293069217,33.63101639089882,19.906153827421065,False,cmp,157.61884154036994,1.8990221872333728,338.0693179908393,336.7295241066714,1.6097736258621536,0.12083648622944819,False,0.2744812631647534,0.005,336.7295241066714,378.98483642268695,338.7333954823244,179.1106825663015,hurdle_cmp,157.6188415403699,157.6188415403699,157.6188415403699
Matched human Lean term0,pair_06e244fd,15403,15075,0.02129455300915406,1.9990713101160862,0.002917877170257061,0.002460139856991109,0.001923714759535655,0.9970812603648425,0.0009950248756218905,3,1.5923775591288216,0.40477003622772484,0.005,34005.33806172809,41779.360362859574,34008.161924970635,661.9565746942535,32.45749889086859,False,cmp,33343.38148703384,2.211832934463273,40713.09781769346,40715.09781769346,1.9565019801337402,0.0,True,0.39473019216026506,0.005,37181.446737408245,44955.469038539726,37184.27060065079,3838.065250374403,hurdle_cmp,36877.03256731905,36877.03256731905,33343.38148703384
Matched AI Lean term0,pair_06e244fd,15481,15149,0.021445643046314838,1.999405901379629,0.0023100305704942007,0.001946946210840764,0.001452241072017955,0.997689616476335,0.0008581424516469734,3,1.592826755666489,0.40512690464111795,0.005,34172.88080244456,41991.467229722155,34174.9929171365,545.0228105976712,33.518873788483624,False,cmp,33627.85799184689,2.219807115443058,40920.83311412243,40922.83311412243,1.9565273561139462,0.0,True,0.39503373758534066,0.005,37382.952625753016,45201.53905303061,37385.064740444956,3755.0946339061265,hurdle_cmp,37167.73848021631,37167.73848021631,33627.85799184689
Matched human Lean term0,pair_070c0d6f,5841,5442,0.06831022085259374,1.9957736126424108,0.007883644448874577,0.006670614051962149,0.006063947078280044,0.992098493201029,0.0018375597206909224,3,1.5879484360248954,0.4017612295392315,0.005,12272.523589869203,15058.4943497061,12274.525748229193,552.6017123833299,28.088353349802887,False,cmp,11719.921877485873,2.1536056371712373,15770.795000391508,15772.795000391508,1.859441876391029,0.0,True,0.3714254106375428,0.005,15186.214398038688,17972.185157875585,15188.216556398678,3466.2925205528154,hurdle_cmp,12306.502479838693,12306.502479838693,11719.921877485873
Matched AI Lean term0,pair_070c0d6f,579,483,0.16580310880829016,1.9917184265010353,0.016494562538310845,0.014018061548695294,0.012422360248447204,0.9834368530020704,0.004140786749482402,3,1.5824972207156716,0.39679884553691264,0.005,1091.0513569211391,1335.5985433327774,1093.0514534822514,94.47333686653656,24.272701876634063,False,cmp,996.5780200546026,2.0633085301337526,1614.8190231784838,1616.8190231784838,1.6614853195164077,0.0,True,0.32913520997575024,0.005,1613.188685760458,1857.7358721720962,1615.1887823215702,616.6106657058554,hurdle_cmp,1000.2083574726284,1000.2083574726284,996.5780200546026
Matched human Lean term0,pair_0a7bd2c7,5443,5293,0.0275583318023149,1.9996221424522955,0.00037771477137815804,0.00031827244350365245,0.0003778575477045154,0.9996221424522955,0.0,2,1.593117045581056,0.40612723932353084,0.005,11938.006576208729,14674.539140163972,11941.760869053605,39.523217354435474,376.6778487142219,False,cmp,11898.483358854293,2.2479658716898343,14427.88727815634,14429.88727815634,1.9445158919713392,0.0,True,0.3933062476941056,0.005,13313.269430605898,16049.801994561141,13317.023723450773,1414.7860717516041,hurdle_cmp,13015.101206404735,13015.101206404735,11898.483358854293
Matched AI Lean term0,pair_0a7bd2c7,5543,5393,0.027061158217571712,1.999814574448359,0.000556242272287847,0.00046860731073075434,0.0003708511032820323,0.9994437233450769,0.00018542555164101615,3,1.5933753609490588,0.40606836239601424,0.005,12164.794945323047,14953.184591956648,12166.803982834392,58.78288471419364,40.6729731394309,False,cmp,12106.012060608853,2.244763964511191,14690.277894542205,14692.277894542205,1.9456972758434061,0.0,True,0.3934815124296273,0.005,13545.595409254795,16333.985055888395,13547.60444676614,1439.5833486459412,hurdle_cmp,13252.694545896264,13252.694545896264,12106.012060608853
Matched human Lean term0,pair_0a891d0e,2311,2131,0.07788836001730852,1.999061473486626,0.0018761721947316997,0.0015818674512935599,0.0014077897700610043,0.998122946973252,0.0004692632566870014,3,1.5923643526921663,0.4052893310243948,0.005,4807.789237199772,5907.613039403564,4809.78986287079,66.7155864512315,35.08649982862489,False,cmp,4741.073650748541,2.224811661543191,6263.494802053881,6265.494802053881,1.8433578537429685,0.0,True,0.3708744973769277,0.005,6074.282815563178,7174.106617766969,6076.283441234195,1333.2091648146372,hurdle_cmp,4932.285637239244,4932.285637239244,4741.073650748541
Matched AI Lean term0,pair_0a891d0e,2719,2538,0.06656859139389482,1.9996059889676912,0.0019698999168509417,0.001659918582465797,0.001182033096926714,0.9980299448384555,0.0007880220646178094,3,1.5930953610618235,0.4053285948089369,0.005,5726.933020858294,7037.4436856391085,5729.091685118812,83.01719744468573,34.23859799168975,False,cmp,5643.915823413608,2.2237650998477574,7336.417707926794,7338.417707926794,1.866495034939316,0.0,True,0.37567396502313316,0.005,7059.454588810927,8369.965253591741,7061.613253071445,1415.5387653973185,hurdle_cmp,5922.878942529475,5922.878942529475,5643.915823413608
Matched human Lean term0,pair_0a983018,10726,10407,0.02974081670706694,1.9994234649754972,0.0021136293638755635,0.0017813811101154787,0.0013452483905063899,0.99788603824349,0.0007687133660036514,3,1.5928503342281966,0.40522788235679025,0.005,23475.904800193748,28848.011336078853,23477.929282121975,347.7990840189159,33.979964441936055,False,cmp,23128.105716174832,2.2223604992961308,28465.792394934677,28467.792394934677,1.9399589781838522,0.0,True,0.39145499244253223,0.005,26349.04185340427,31721.148389289374,26351.066335332496,3220.936137229438,hurdle_cmp,25246.85625770524,25246.85625770524,23128.105716174832
Matched AI Lean term0,pair_0a983018,11238,10920,0.02829684997330486,2.0004578754578755,0.002106017456292182,0.0017729900382830782,0.0008241758241758242,0.9978937728937729,0.001282051282051282,3,1.5942388258105114,0.40539487382318395,0.005,24642.699745469035,30285.59917423736,24644.709080644443,364.2320346562192,33.92693167197906,False,cmp,24278.467710812816,2.2233029039205876,29809.1355134837,29811.1355134837,1.9438512190781279,0.0,True,0.3923192453053554,0.005,27538.95829583605,33181.85772460437,27540.96763101146,3260.490585023235,hurdle_cmp,26550.644928460464,26550.644928460464,24278.467710812816
Matched human Lean term0,pair_0b123512,5273,4985,0.0546178645932107,1.9953861584754262,0.00940699732094981,0.007962909764078445,0.007021063189568706,0.9905717151454363,0.002407221664994985,3,1.5874278226680538,0.40093727261779977,0.005,11243.499246436044,13791.416828148285,11245.509534016706,589.3771079181461,27.053333061634717,False,cmp,10654.122138517898,2.137236136111915,14158.368213020536,14160.368213020536,1.8864024274606486,0.0,True,0.3763701446744238,0.005,13480.133929478565,16028.051511190806,13482.144217059227,2826.0117909606665,hurdle_cmp,11334.35642205987,11334.35642205987,10654.122138517898
Matched AI Lean term0,pair_0b123512,179,139,0.22346368715083798,2.0,0.0,0.0,0.0,1.0,0.0,2,1.5936242600400345,0.40637573995996135,0.005,315.47653323114713,387.3898323913296,317.4914345570233,3.999999999970896,438.77682010311804,False,cmp,311.47653323117623,2.240838368569613,505.92408503113035,507.6665419826902,1.5936242600400345,0.025446170316643497,False,0.3155655187398583,0.005,507.6665419826902,579.5798411428727,509.6814433085664,196.19000875151397,hurdle_cmp,311.47653323117623,311.47653323117623,311.47653323117623
Matched human Lean term0,pair_0bc9ff8b,6126,5865,0.042605288932419196,1.9994884910485933,0.0005112473099992804,0.0004308525067381713,0.0005115089514066496,0.9994884910485934,0.0,2,1.5929376287916712,0.4060393533055113,0.005,13227.541410027558,16259.07320539324,13229.850095508058,55.46733804605901,373.71490070140834,False,cmp,13172.074071981498,2.2458779321366578,16352.558854663857,16354.558854663857,1.9142997061704212,0.0,True,0.3866040647822955,0.005,15387.575584983459,18419.10738034914,15389.88427046396,2215.5015130019606,hurdle_cmp,14139.057341661897,14139.057341661897,13172.074071981498
Matched AI Lean term0,pair_0bc9ff8b,11312,11018,0.02599009900990099,2.000090760573607,0.000635315777766055,0.0005350638004351704,0.0002722817208204756,0.9993646759847522,0.0003630422944273008,3,1.5937460851773781,0.40607239367540415,0.005,24853.787436118437,30551.7687906208,24855.854593184453,130.61552129592746,39.777554004222495,False,cmp,24723.17191482251,2.2438892643694417,29963.688751176436,29965.688751176436,1.9481082036775106,0.0,True,0.393978298385094,0.005,27582.302572592427,33280.283927094795,27584.369729658443,2859.1306577699193,hurdle_cmp,27106.55809340652,27106.55809340652,24723.17191482251
Matched human Lean term0,pair_0c9ecd6b,6868,6578,0.04222481071636575,1.9998479781088476,0.0004560425628015882,0.00038418006513186873,0.0003040437823046519,0.999543934326543,0.00015202189115232594,3,1.5934201999086972,0.40612373441784183,0.005,14837.23879992879,18238.702244515436,14839.251892092343,59.97495903680101,41.65328214244602,False,cmp,14777.263840891988,2.2464675951492836,18330.83770426736,18332.83770426736,1.9154047757716948,0.0,True,0.38687122535215335,0.005,17242.370954320755,20643.834398907402,17244.38404648431,2465.107113428767,hurdle_cmp,15867.730590838593,15867.730590838593,14777.263840891988
Matched AI Lean term0,pair_0c9ecd6b,11644,11344,0.02576434215046376,2.00061706629055,0.0011455994830717688,0.0009642790862520387,0.00026445698166431596,0.9988540197461213,0.0008815232722143865,3,1.5944524781578981,0.4059001311509833,0.005,25596.57904827947,31463.94836655001,25598.663644034157,220.08927179931197,37.659147969866474,False,cmp,25376.489776480157,2.2369966305077713,30844.756236196925,30846.756236196925,1.9490724836825832,0.0,True,0.39394390871535384,0.005,28386.040795056768,34253.41011332731,28388.12539081146,3009.5510185766125,hurdle_cmp,27837.205217620314,27837.205217620314,25376.489776480157
Matched human Lean term0,pair_0f3deadd,343,289,0.15743440233236153,1.9792387543252594,0.027250631577687045,0.02347727058324972,0.02422145328719723,0.972318339100346,0.0034602076124567475,3,1.5656884709953318,0.38932883004272645,0.005,651.7401443885908,794.8974363434305,653.7401725524351,83.19656896417837,23.012622237626633,False,cmp,568.5435754244124,1.9672788076969288,954.0808598324918,956.0808598324918,1.6676384839650147,0.0,True,0.325519847141853,0.005,952.4183283864982,1095.575620341338,954.4183565503424,383.8747529620857,hurdle_cmp,572.2061068704061,572.2061068704061,568.5435754244124
Matched AI Lean term0,pair_0f3deadd,343,289,0.15743440233236153,1.9792387543252594,0.027250631577687045,0.02347727058324972,0.02422145328719723,0.972318339100346,0.0034602076124567475,3,1.5656884709953318,0.38932883004272645,0.005,651.7401443885908,794.8974363434305,653.7401725524351,83.19656896417837,23.012622237626633,False,cmp,568.5435754244124,1.9672788076969288,954.0808598324918,956.0808598324918,1.6676384839650147,0.0,True,0.325519847141853,0.005,952.4183283864982,1095.575620341338,954.4183565503424,383.8747529620857,hurdle_cmp,572.2061068704061,572.2061068704061,568.5435754244124
Matched human Lean term0,pair_0f421760,6716,6452,0.039309112567004166,2.000464972101674,0.0020146629081982293,0.0016960685574507754,0.0007749535027898327,0.9979851208927464,0.0012399256044637321,3,1.5942483504897043,0.4054416681091757,0.005,14560.57277149091,17894.900621678382,14562.578422733453,208.68412766430993,34.161753807110664,False,cmp,14351.8886438266,2.2244092752366087,17907.323499455586,17909.323499455586,1.9218284693269803,0.0,True,0.3875242642065871,0.005,16788.82227743879,20123.150127626264,16790.827928681334,2436.9336336121905,hurdle_cmp,15472.389865843395,15472.389865843395,14351.8886438266
Matched AI Lean term0,pair_0f421760,443,369,0.1670428893905192,1.994579945799458,0.005390677213005192,0.004567126268448757,0.005420054200542005,0.994579945799458,0.0,2,1.5863443808808941,0.4028155107180181,0.005,833.26101686619,1022.3072149949422,835.2629399540563,28.859738107566955,398.6235037029626,False,cmp,804.401278758623,2.1799492649285175,1235.4939972685338,1237.4939972685338,1.6613995485327313,0.0,True,0.333770507432556,0.005,1234.994276030054,1424.0404741588063,1236.9961991179202,430.59299727143093,hurdle_cmp,806.9009999971029,806.9009999971029,804.401278758623
Matched human Lean term0,pair_0f905113,8052,7700,0.04371584699453552,2.0,0.0012987012987012987,0.001093874851588534,0.0006493506493506494,0.9987012987012988,0.0006493506493506494,3,1.5936242600400345,0.4057263893106107,0.005,17371.301455971963,21350.933161246314,17373.302431356584,170.77776146645192,36.196681463794576,False,cmp,17200.52369450551,2.233834246039677,21508.353581129457,21510.353581129457,1.9125683060109289,0.0,True,0.3858511556522062,0.005,20265.235617565486,24244.867322839837,20267.236592950107,3064.7119230599737,hurdle_cmp,18445.641658069482,18445.641658069482,17200.52369450551
Matched AI Lean term0,pair_0f905113,9568,9230,0.035326086956521736,2.0,0.0013001083423618636,0.0010950599814385758,0.0006500541711809318,0.9986998916576382,0.0006500541711809318,3,1.5936242600400345,0.40572568578878043,0.005,20822.60947858858,25592.99390627318,20825.02391708663,204.10730877472088,36.1914140211369,False,cmp,20618.50216981386,2.2338572231650984,25459.201917925286,25461.201917925286,1.9293478260869565,0.0,True,0.3895137704126143,0.005,23748.48442402907,28518.86885171367,23750.898862527116,3129.9822542152087,hurdle_cmp,22331.21966371008,22331.21966371008,20618.50216981386
Matched human Lean term0,pair_11362c17,14422,14210,0.01469976424906393,1.9998592540464462,0.00014072614413039355,0.00011854929169097268,0.00014074595355383532,0.9998592540464462,0.0,2,1.593435335934405,0.40628317215848336,0.005,32047.864866520267,39397.71301354919,32049.87762572222,43.473934658803046,374.0269768553023,False,cmp,32004.390931861464,2.252244259807281,37984.4342859867,37986.4342859867,1.9704617944806546,0.0,True,0.39922156731148356,0.005,34259.98083426703,41609.828981295956,34261.993593468986,2255.5899024055657,hurdle_cmp,35730.844383581134,35730.844383581134,32004.390931861464
Matched AI Lean term0,pair_11362c17,14377,14167,0.014606663420741461,1.9998588268511328,0.00014115321900912448,0.00011890911908413495,0.0001411731488670855,0.9998588268511329,0.0,2,1.5934347624981857,0.40628289120407607,0.005,31950.890110916105,39278.49169806563,31953.00155620211,43.461811299435794,374.0266141907328,False,cmp,31907.42829961667,2.2522360626538203,37864.14389891228,37866.14389891228,1.9706475620783195,0.0,True,0.3992632120863015,0.005,34144.84419813146,41472.44578528099,34146.95564341747,2237.4158985147938,hurdle_cmp,35628.72800039749,35628.72800039749,31907.428299616666
Matched human Lean term0,pair_121126b4,4994,4705,0.0578694433319984,1.999574920297556,0.0008499787121349864,0.000716250942517888,0.0006376195536663124,0.9991498405951116,0.00021253985122210415,3,1.5930536540914597,0.40588364665242577,0.005,10612.74403447963,13044.25692424586,10614.745186910675,73.05597308941651,38.99833316678679,False,cmp,10539.688061390214,2.2401037324952635,13421.943992558918,13423.943992558918,1.8838606327593113,0.0,True,0.37988284383994775,0.005,12822.736507994447,15254.249397760675,12824.737660425491,2283.0484466042326,hurdle_cmp,11140.895545954685,11140.895545954685,10539.688061390214
Matched AI Lean term0,pair_121126b4,4604,4312,0.0634231103388358,2.0009276437847867,0.001854427046581831,0.001560395155226108,0.00046382189239332097,0.9981447124304267,0.0013914656771799629,3,1.5948692858333058,0.4055945360590838,0.005,9733.217758514673,11962.945893314904,9735.219127008291,129.61796064657392,35.14395677982606,False,cmp,9603.599797868099,2.227179916017648,12407.83867070427,12409.83867070427,1.8740225890529973,0.0,True,0.3773191238617384,0.005,11910.923127726948,14140.651262527179,11912.924496220567,2307.323329858849,hurdle_cmp,10102.51534084542,10102.51534084542,9603.599797868099
Matched human Lean term0,pair_136afae1,5760,5525,0.04079861111111111,2.000361990950226,0.001085841813230687,0.0009142304941191079,0.00036199095022624434,0.9989140271493213,0.0007239819004524887,3,1.5941101339646981,0.40588986603529803,0.005,12466.280045767251,15323.324917171587,12468.535710035227,105.5350006344961,37.37065991337193,False,cmp,12360.745045132755,2.237238922195974,15366.692054035604,15368.692054035604,1.91875,0.0,True,0.3872984581663219,0.005,14432.139660062783,17289.18453146712,14434.395324330759,2071.394614930028,hurdle_cmp,13297.297439105576,13297.297439105576,12360.745045132755
Matched AI Lean term0,pair_136afae1,5975,5709,0.04451882845188285,2.000525486074619,0.001225858038496434,0.001031936353063071,0.0003503240497460151,0.9987738658258889,0.0008758101243650377,3,1.5943295679823313,0.4058455940425379,0.005,12882.50627265772,15834.867110328198,12884.816452893754,120.221634100948,36.98110094580927,False,cmp,12762.284638556772,2.2354676192952834,15967.92907961094,15969.92907961094,1.9114644351464436,0.0,True,0.3856463216339665,0.005,15059.985026342496,18012.345864012976,15062.29520657853,2297.700387785724,hurdle_cmp,13672.228691825216,13672.228691825216,12762.284638556772
Matched human Lean term0,pair_13d805d4,911,791,0.13172338090010977,2.002528445006321,0.005050496978492235,0.0042424019835651606,0.0012642225031605564,0.9949431099873578,0.0037926675094816687,3,1.5970171459720128,0.4042470765311435,0.005,1789.2215250726736,2197.8877427607104,1791.3677409625934,58.774452143275994,30.18224288658798,False,cmp,1730.4470729293976,2.1876701301256607,2519.3353602542625,2521.3353602542625,1.738748627881449,0.0,True,0.34848709955421675,0.005,2501.163280604198,2909.829498292235,2503.309496494118,770.7162076748006,hurdle_cmp,1750.619152579462,1750.619152579462,1730.4470729293976
Matched AI Lean term0,pair_13d805d4,1846,1679,0.090465872156013,2.001191185229303,0.002380951536355803,0.0020028679126974165,0.0005955926146515784,0.9976176295413937,0.001786777843954735,3,1.5952229454400235,0.4053726471746238,0.005,3791.8652244812074,4659.947862886572,3793.8654483341684,64.80641909128462,33.90808639803955,False,cmp,3727.058805389923,2.219808698862372,5030.052301040465,5032.052301040465,1.8201516793066088,0.0,True,0.36586030696110333,0.005,4914.809435079477,5782.892073484842,4916.809658932439,1187.7506296895547,hurdle_cmp,3844.3016713509105,3844.3016713509105,3727.058805389923
Matched human Lean term0,pair_13dbafa5,1092,928,0.15018315018315018,1.9989224137931034,0.0010764250148632582,0.0009077082091271981,0.0010775862068965517,0.9989224137931034,0.0,2,1.5921776510271715,0.40566717655903134,0.005,2094.3953433347824,2573.5755007938133,2096.466772586821,19.664985492127016,366.8867167843104,False,cmp,2074.7303578426554,2.2357008166407923,3031.2630052450368,3033.2630052450368,1.6987179487179487,0.0,True,0.3425448753168562,0.005,3020.28554432705,3499.465701786081,3022.356973579089,945.5551864843949,hurdle_cmp,2087.707818760642,2087.707818760642,2074.7303578426554
Matched AI Lean term0,pair_13dbafa5,411,336,0.18248175182481752,1.9851190476190477,0.020611890589569155,0.017643630379979378,0.017857142857142856,0.9791666666666666,0.002976190476190476,3,1.5736147842049035,0.39364712055699763,0.005,758.2327836964312,926.6208572565531,760.3054006777551,77.79159166829777,24.170682713244037,False,cmp,680.4411920281334,2.0251225953218257,1149.755790633435,1151.755790633435,1.6228710462287104,0.0,True,0.32049435998670883,0.005,1150.7944894866162,1319.182563046738,1152.8671064679402,470.35329745848276,hurdle_cmp,681.4024931749523,681.4024931749523,680.4411920281334
Matched human Lean term0,pair_1435e660,3220,3001,0.06801242236024845,2.0026657780739754,0.0033251162197294893,0.0027926756040277064,0.0003332222592469177,0.9966677774075309,0.002999000333222259,3,1.597201373883899,0.40513118193082526,0.005,6780.850408158472,8333.618461408929,6783.259121139214,144.55061822611606,34.058429493674076,False,cmp,6636.299789932356,2.211362809041105,8699.65656888629,8701.65656888629,1.8664596273291925,0.0,True,0.37503314346094174,0.005,8382.978468353405,9935.746521603862,8385.387181334147,1746.678678421049,hurdle_cmp,6954.977890465241,6954.977890465241,6636.299789932356
Matched AI Lean term0,pair_1435e660,4721,4505,0.04575301842829909,2.0015538290788015,0.005990926347713293,0.005037631728938685,0.0022197558268590455,0.9940066592674806,0.0037735849056603774,3,1.5957095599189741,0.4036245133329643,0.005,10178.753560608167,12502.210820037624,10180.75461095337,369.7558637110633,28.80167676055158,False,cmp,9808.997696897104,2.1773579793334306,12635.106102423044,12637.106102423044,1.9099766998517262,0.0,True,0.3830493013668501,0.005,11935.219568204278,14258.676827633735,11937.220618549482,2126.2218713071743,hurdle_cmp,10510.88423111587,10510.88423111587,9808.997696897104
Matched human Lean term0,pair_149000e5,9713,9492,0.022753011427983114,1.9997892962494732,0.00021065935445627336,0.00017747518589945405,0.00021070375052675939,0.9997892962494732,0.0,2,1.5933414288614736,0.4062371636374689,0.005,21407.704433660012,26316.63935205181,21409.7215377824,41.859808310866356,339.1046762420609,False,cmp,21365.844625349146,2.2509317978665346,25685.06766490207,25687.06766490207,1.9542880675383507,0.0,True,0.39556117525569007,0.005,23518.7489762263,28427.683894618098,23520.766080348687,2152.904350877154,hurdle_cmp,23534.163314024918,23534.163314024918,21365.844625349146
Matched AI Lean term0,pair_149000e5,12068,11852,0.017898574743122307,2.0001687478906516,0.0005062151961035012,0.00042629932806699847,0.00016874789065136686,0.9994937563280459,0.0003374957813027337,3,1.5938507630944045,0.4061492369055918,0.005,26735.100700397837,32865.49395597447,26737.102094679416,114.69704134529456,41.13788158242305,False,cmp,26620.403659052543,2.2460684828765225,31839.176293580305,31841.176293580305,1.9643685780576732,0.0,True,0.3976718260821264,0.005,28903.16210494138,35033.55536051801,28905.16349922296,2282.758445888836,hurdle_cmp,29558.417847691468,29558.417847691468,26620.403659052543
Matched human Lean term0,pair_149fe16f,24598,24177,0.017115212618912107,2.000124084874054,0.0002895159757363544,0.00024382199643537672,8.272324936923522e-05,0.9997104686272077,0.00020680812342308805,3,1.593790814714698,0.4062505469099828,0.005,54532.0368961471,67039.0362345588,54534.043291225375,140.43520394992083,44.10520976231837,False,cmp,54391.60169219718,2.249725015187872,64867.225340654724,64869.225340654724,1.9658915358972273,0.0,True,0.39812020290705413,0.005,58793.867074110036,71300.86641252173,58795.87346918831,4402.265381912855,hurdle_cmp,60466.95995874187,60466.95995874187,54391.60169219718
Matched AI Lean term0,pair_149fe16f,16663,16263,0.02400528116185561,2.0001844678103673,0.0004303908624834838,0.00036243920044244947,0.0001229785402447273,0.9995695751091435,0.00030744635061181823,3,1.593871862812293,0.40618962645782547,0.005,36684.171391129945,45096.768996192724,36686.17356672581,134.88308892026544,42.14874173357251,False,cmp,36549.28830220968,2.247389061194717,44093.535204165906,44095.535204165906,1.9521694772850027,0.0,True,0.3949816339847783,0.005,40460.07664869903,48872.67425376181,40462.0788242949,3910.788346489351,hurdle_cmp,40184.74685767655,40184.74685767655,36549.28830220968
Matched human Lean term0,pair_152731e7,3702,3478,0.06050783360345759,1.9997124784358826,0.003162654536640565,0.0026646769957072635,0.0017251293847038527,0.9968372627947096,0.001437607820586544,3,1.5932383115477968,0.40474903750337793,0.005,7849.279147534577,9643.677137807386,7851.288236406195,167.76236121627153,31.81748152876203,False,cmp,7681.516786318305,2.208601721195602,9964.726472567705,9966.726472567705,1.8787142085359265,0.0,True,0.3776998906504929,0.005,9542.075573640157,11336.473563912967,9544.084662511776,1860.558787321852,hurdle_cmp,8106.167685245853,8106.167685245853,7681.516786318305
Matched AI Lean term0,pair_152731e7,4562,4339,0.048882069267864973,2.00138280709841,0.0018418306424082835,0.0015490376421536114,0.00023046784973496196,0.9981562572021203,0.0016132749481447338,3,1.595480078829156,0.4056722604195145,0.005,9795.824498775952,12040.576086409757,9797.824952565585,126.74888649245258,36.504268597855216,False,cmp,9669.0756122835,2.2284110652877387,12218.976956803388,12220.976956803388,1.9035510740903112,0.0,True,0.38363942764761966,0.005,11578.923413898348,13823.675001532154,11580.923867687981,1909.8478016148497,hurdle_cmp,10311.129155188539,10311.129155188539,9669.0756122835
Matched human Lean term0,pair_1565703f,2922,2715,0.07084188911704312,1.9981583793738489,0.0033115255605411574,0.0027947847540144713,0.002578268876611418,0.9966850828729282,0.0007366482504604051,3,1.591151749090578,0.4044283614066554,0.005,6124.2836548403475,7522.642300779823,6126.349999591322,134.27265235970845,32.474707654063785,False,cmp,5990.011002480639,2.20626556260797,7897.046569903867,7899.046569903867,1.8566050650239563,0.0,True,0.37296999279849946,0.005,7621.244476133458,9019.603122072935,7623.310820884432,1631.2334736528194,hurdle_cmp,6267.813096251048,6267.813096251048,5990.011002480639
Matched AI Lean term0,pair_1565703f,2673,2436,0.08866442199775533,1.9971264367816093,0.0028653058528207162,0.0024208892124778967,0.0028735632183908046,0.9971264367816092,0.0,2,1.5897658232238283,0.4044870503393861,0.005,5492.535756670589,6746.311994902347,5494.570620059123,99.91070047905669,377.16230547953904,False,cmp,5392.625056191532,2.2137212874349474,7272.34984353827,7274.34984353827,1.8200523756079312,0.0,True,0.3656139705425492,0.005,7095.325126592472,8349.10136482423,7097.359989981007,1702.7000704009401,hurdle_cmp,5571.649773137329,5571.649773137329,5392.625056191531
Matched human Lean term0,pair_171e8749,274,234,0.145985401459854,2.0042735042735043,0.004255241434728616,0.003567704226454891,0.0,0.9957264957264957,0.004273504273504274,3,1.599357647430203,0.40491585684329723,0.005,530.9846936402299,652.1699231674511,532.9847445829324,16.906362625784823,126.07782080708782,False,cmp,514.0783310144451,2.1969159445061757,762.4388720687905,764.4388720687905,1.7116788321167884,0.0,True,0.3436418474952883,0.005,760.7782576243733,881.9634871515943,762.7783085670758,246.69992660992813,hurdle_cmp,517.7389454588624,517.7389454588624,514.0783310144452
Matched AI Lean term0,pair_171e8749,7104,6897,0.029138513513513514,1.9995650282731623,0.001594707131335289,0.001343825015004468,0.0010149340292880964,0.9984051036682615,0.0005799623024503408,3,1.5930403748507649,0.40550971939310554,0.005,15558.179441583226,19120.384881604885,15560.181523786103,182.10386990604457,35.37234490942018,False,cmp,15376.075571677182,2.229386047800084,18847.611179477477,18849.611179477477,1.9413006756756757,0.0,True,0.3920032430084174,0.005,17431.865835319993,20994.071275341652,17433.867917522868,2055.7902636428116,hurdle_cmp,16793.820915834665,16793.820915834665,15376.075571677182
Matched human Lean term0,pair_17275427,249,209,0.1606425702811245,2.014354066985646,0.01414802774661752,0.01173524526873676,0.0,0.9856459330143541,0.014354066985645933,3,1.6128592590408446,0.40149480794479697,0.005,477.101936868241,585.6085481783409,479.10483600431894,35.41906204805127,129.33230869164737,False,cmp,441.68287482018974,2.113315190527224,698.1256880687845,700.1256880687845,1.6907630522088353,0.0,True,0.3354770376584526,0.005,698.5874056572595,807.0940169673594,700.5903047933374,256.90453083706973,hurdle_cmp,443.22115723171476,443.22115723171476,441.6828748201898
Matched AI Lean term0,pair_17275427,378,323,0.1455026455026455,1.9969040247678018,0.0030863901695597578,0.00260830916996823,0.0030959752321981426,0.9969040247678018,0.0,2,1.5894670740775338,0.4043409754580659,0.005,729.9813917722208,896.1583125341115,731.9814392976474,17.55220547132194,375.65087958170756,False,cmp,712.4291863008989,2.205663115482659,1049.0673879633264,1051.0673879633264,1.7063492063492063,0.0,True,0.3431281244970344,0.005,1045.5913524832213,1211.7682732451117,1047.5914000086477,333.16216618232227,hurdle_cmp,717.9052217810041,717.9052217810041,712.429186300899
Matched human Lean term0,pair_17a4d7d8,3105,2855,0.08051529790660225,1.9996497373029771,0.0010506654071113755,0.0008852921137295835,0.0007005253940455342,0.9989492119089317,0.0003502626970227671,3,1.5931540888579097,0.40579512305101795,0.005,6441.029041416066,7916.35433247143,6443.0300248796975,54.96522055796231,37.53311086494313,False,cmp,6386.063820858104,2.2367999372532763,8423.38865174149,8425.38865174149,1.838647342995169,0.0,True,0.3702774708162853,0.005,8181.991170373078,9657.316461428441,8183.992153836709,1795.9273495149741,hurdle_cmp,6629.461302226517,6629.461302226517,6386.063820858104
Matched AI Lean term0,pair_17a4d7d8,7074,6802,0.038450664404862875,2.001176124669215,0.0017628037345848687,0.001482903015819261,0.00029403116730373417,0.9982358129961776,0.001470155836518671,3,1.5952027354997578,0.4056793580021492,0.005,15353.788648657279,18872.234141829915,15355.789696065418,190.95385478949174,36.13299455085432,False,cmp,15162.834793867787,2.2291730070373106,18855.967174142013,18857.967174142013,1.924229573084535,0.0,True,0.3881695831941598,0.005,17661.751724458118,21180.197217630754,17663.75277186626,2498.9169305903324,hurdle_cmp,16359.050243551681,16359.050243551681,15162.834793867785
Matched human Lean term0,pair_19517b6c,6126,5847,0.0455435847208619,1.9965794424491192,0.010592028193771573,0.008954465012938045,0.007012142979305627,0.9893962715922695,0.0035915854284248334,3,1.5890310593116548,0.40053624015815503,0.005,13196.197825539606,16185.566107520039,13198.70324424421,770.4942798655829,26.06378130926394,False,cmp,12425.703545674023,2.1251417044080765,16389.659490099668,16391.659490099668,1.9056480574600065,0.0,True,0.3799097066146564,0.005,15467.003458692605,18456.37174067304,15469.50887739721,3041.2999130185826,hurdle_cmp,13350.359577081086,13350.359577081086,12425.703545674023
Matched AI Lean term0,pair_19517b6c,2191,1976,0.09812870835235052,2.0040485829959516,0.016177940959530564,0.013567274032844941,0.006072874493927126,0.9838056680161943,0.010121457489878543,3,1.599056032961043,0.3989196755409774,0.005,4478.15381599399,5491.709508407612,4480.154008025244,373.6974557152862,23.83536544572072,False,cmp,4104.456360278704,2.0771540284811256,6000.889776733957,6002.889776733957,1.8073938840712003,0.0,True,0.3570348829614066,0.005,5886.564438933952,6900.120131347574,5888.564630965206,1782.108078655248,hurdle_cmp,4220.781698078708,4220.781698078708,4104.456360278704
Matched human Lean term0,pair_19f291ba,6089,5794,0.04844802102151421,1.9981014842940974,0.004656388734420964,0.003930032457398369,0.003279254401104591,0.9953400069036935,0.001380738695201933,3,1.591075346257201,0.4037468836357879,0.005,13070.257254036544,16051.119366925606,13072.27793191794,380.60146365500987,30.325538823265195,False,cmp,12689.655790381534,2.1901373473216315,16302.137458335548,16304.137458335548,1.9012974215798981,0.0,True,0.38181200525769377,0.005,15433.814154181386,18414.67626707045,15435.834832062783,2744.1583637998524,hurdle_cmp,13559.979094535696,13559.979094535696,12689.655790381534
Matched AI Lean term0,pair_19f291ba,7047,6735,0.04427415921668795,1.9988121752041574,0.0047498882556248345,0.004005875778634217,0.002969561989606533,0.9952487008166295,0.0017817371937639199,3,1.5920296402751686,0.4038129729393784,0.005,15197.04186084207,18664.289935272973,15199.070626403212,452.54535200831015,29.940902898849853,False,cmp,14744.49650883376,2.189234819425948,18834.265271220444,18836.265271220444,1.910316446714914,0.0,True,0.3837121836498007,0.005,17754.24877518507,21221.496849615974,17756.277540746214,3009.752266351313,hurdle_cmp,15826.51300486913,15826.51300486913,14744.496508833758
Matched human Lean term0,pair_1d99af92,5710,5436,0.04798598949211909,2.0014716703458424,0.003677010050999496,0.0030921859785557047,0.0011037527593818985,0.9963208241353937,0.0025754231052244297,3,1.5955993186535036,0.404768598932953,0.005,12276.390492221366,15084.876766630938,12278.392267206185,292.5635666733142,31.478438556063615,False,cmp,11983.826925548052,2.2045303395047924,15291.510466508775,15293.510466508775,1.905429071803853,0.0,True,0.3831713667147254,0.005,14477.218541437656,17285.704815847228,14479.220316422476,2493.3916158896045,hurdle_cmp,12800.11885061917,12800.11885061917,11983.826925548052
Matched AI Lean term0,pair_1d99af92,13651,13398,0.018533440773569703,2.0005224660397074,0.001268573125669656,0.0010678976992563912,0.00037319002836244214,0.9987311539035677,0.0008956560680698612,3,1.5943255147364475,0.4058237612748932,0.005,30230.437432121704,37158.845932942844,30232.596477094405,285.34354683803394,36.76962139292203,False,cmp,29945.09388528367,2.2350420872730012,36032.98298756337,36034.98298756337,1.963445901399165,0.0,True,0.39709066140830496,0.005,32751.737588679047,39680.14608950019,32753.896633651748,2806.6437033953753,hurdle_cmp,33228.339284167996,33228.339284167996,29945.09388528367
Matched human Lean term0,pair_1e273c45,12038,11743,0.024505731849144376,2.001362513838031,0.0018716000833340284,0.001574109022197295,0.0002554713446308439,0.9981265434727071,0.0016179851826620113,3,1.5954528482723147,0.40565419422108145,0.005,26507.786675178766,32582.679182348846,26509.79032756163,341.80295936670154,36.242969445513616,False,cmp,26165.983715812064,2.2282196811557577,31876.358090723763,31878.358090723763,1.952317660740987,0.0,True,0.39431093261486927,0.005,29280.71815680735,35355.61066397743,29282.721809190214,3114.7344409952857,hurdle_cmp,28763.623649728477,28763.623649728477,26165.983715812064
Matched AI Lean term0,pair_1e273c45,26688,26372,0.011840527577937649,2.000341271045048,0.0010236966692171458,0.0008619262677305346,0.00034127104504777793,0.9989761868648567,0.0006825420900955559,3,1.594082324266104,0.40591767573389204,0.005,59495.52530479728,73133.18489669988,59497.6133411397,464.09206091053784,37.66156766631982,False,cmp,59031.43324388674,2.2384132126454857,70201.9417935327,70203.9417935327,1.976656175059952,0.0,True,0.4001834509556457,0.005,62929.46436436963,76567.12395627223,62931.552400712055,3898.031120482893,hurdle_cmp,66305.9106730498,66305.9106730498,59031.43324388674
Matched human Lean term0,pair_1e4638c2,1757,1624,0.07569721115537849,2.001847290640394,0.003075405251280061,0.0025852218401577263,0.0006157635467980296,0.9969211822660099,0.0024630541871921183,3,1.5961033117591117,0.40512821533448046,0.005,3669.090291256257,4508.840199621411,3671.090485479123,76.82071188288683,33.03080935099362,False,cmp,3592.26957937337,2.2119886572496124,4761.707527983441,4763.707527983441,1.8503130335799658,0.0,True,0.37176850947407925,0.005,4613.308167734897,5453.058076100051,4615.308361957764,1021.0385883615274,hurdle_cmp,3742.6689396219135,3742.6689396219135,3592.26957937337
Matched AI Lean term0,pair_1e4638c2,4710,4492,0.04628450106157112,2.001558325912734,0.002891605458283807,0.0024314725552983777,0.0006678539626001781,0.9971059661620659,0.002226179875333927,3,1.5957155937466545,0.4051748782034748,0.005,10143.759073459843,12466.167150934045,10145.759939744048,195.98035512346542,33.08087591654492,False,cmp,9947.778718336378,2.214554478703557,12603.034242344518,12605.034242344518,1.9089171974522292,0.0,True,0.3842988131256395,0.005,11911.315058051096,14233.723135525297,11913.3159243353,1963.536339714717,hurdle_cmp,10641.4979026298,10641.4979026298,9947.778718336378
Matched human Lean term0,pair_1e6ca847,3402,3187,0.06319811875367431,2.0,0.0025101976780671476,0.0021142984266662593,0.0012550988390335738,0.9974898023219329,0.0012550988390335738,3,1.5936242600400345,0.40512064112092777,0.005,7192.651716603468,8838.240257778183,7194.695222486394,126.86855761948391,32.94005653623931,False,cmp,7065.783158983984,2.2170640599259444,9167.357121424198,9169.357121424198,1.8736037624926514,0.0,True,0.3769232376779406,0.005,8798.205201603781,10443.793742778496,8800.24870748671,1732.422042619798,hurdle_cmp,7436.9350788044,7436.9350788044,7065.783158983983
Matched AI Lean term0,pair_1e6ca847,706,641,0.09206798866855524,2.004680187207488,0.007778407860183361,0.006518776252300847,0.0015600624024961,0.9921996879875195,0.0062402496099844,3,1.5999029600690138,0.4032171647359742,0.005,1452.1951484755966,1783.3812501416464,1454.1952274043888,67.50085046252934,28.42194723222842,False,cmp,1384.6942980130673,2.160209513280916,1928.8474766473541,1930.8474766473541,1.820113314447592,0.0,True,0.36339478428067185,0.005,1888.0977549573226,2219.2838566233722,1890.0978338861148,503.40345694425537,hurdle_cmp,1427.4440197030988,1427.4440197030988,1384.6942980130673
Matched human Lean term0,pair_1eac5349,4718,4433,0.060406952098346754,1.9981953530340628,0.00360603718120291,0.0030432184913420277,0.0027069704489059328,0.9963907060681254,0.0009023234829686443,3,1.591201399452192,0.40428698313296074,0.005,9999.01803172472,12281.788225691762,10001.858410482526,233.91268668160774,31.85289355737483,False,cmp,9765.105345043112,2.202820966623756,12695.649658503373,12697.649658503373,1.877490462060195,0.0,True,0.37722943428918,0.005,12153.23564517641,14436.005839143452,12156.076023934216,2388.130300133298,hurdle_cmp,10309.519358370075,10309.519358370075,9765.105345043112
Matched AI Lean term0,pair_1eac5349,7136,6855,0.03937780269058296,2.00072939460248,0.0018958939499617218,0.0015956274371685508,0.0005835156819839533,0.9981035740335521,0.001312910284463895,3,1.594603230836943,0.4055426480835487,0.005,15471.146774526544,19015.025339937532,15473.153112898499,208.98600806307513,34.721012216175644,False,cmp,15262.160766463468,2.2264275370479165,19028.223779690125,19030.223779690125,1.921945067264574,0.0,True,0.3876067357962006,0.005,17841.752231126644,21385.630796537633,17843.7585694986,2579.591464663176,hurdle_cmp,16450.63231502695,16450.63231502695,15262.160766463468
Matched human Lean term0,pair_2000cc20,4537,4317,0.048490191756667404,1.9993050729673385,0.0016210134859629404,0.001366375382164953,0.0011582117211026176,0.9983785035904563,0.000463284688441047,3,1.5926913948922519,0.40545546635397983,0.005,9738.071630948685,11967.105588072887,9740.075774487668,116.30609954340616,35.6006599785546,False,cmp,9621.765531405279,2.22880832323495,12145.000675247255,12147.000675247255,1.9023583865990743,0.0,True,0.3834869213715437,0.005,11500.840296598462,13729.874253722664,11502.844440137445,1879.0747651931829,hurdle_cmp,10267.925910054071,10267.925910054071,9621.765531405279
Matched AI Lean term0,pair_2000cc20,4460,4262,0.04439461883408072,2.0,0.0014077897700610043,0.0011857582858608698,0.0007038948850305022,0.998592210229939,0.0007038948850305022,3,1.5936242600400345,0.40567184507493087,0.005,9616.209658498643,11818.773134185947,9618.277437501441,103.09812772844452,35.798167353403265,False,cmp,9513.111530770198,2.232076849077944,11918.199864753044,11920.199864753044,1.9112107623318386,0.0,True,0.3855043149986438,0.005,11238.68273676788,13441.246212455184,11240.750515770678,1725.571205997681,hurdle_cmp,10194.628658755362,10194.628658755362,9513.111530770198
Matched human Lean term0,pair_204207d6,3480,3302,0.051149425287356325,2.000908540278619,0.002119101871339837,0.001783140643274484,0.0006056935190793458,0.9978800726832223,0.0015142337976983646,3,1.5948436490230535,0.4054591977364824,0.005,7454.174258562943,9161.245481727456,7456.237482214231,112.5501537003729,34.275984011227884,False,cmp,7341.62410486257,2.2233870699159812,9330.296480742636,9332.296480742636,1.8985632183908046,0.0,True,0.38243330188817803,0.005,8861.299765061456,10568.370988225968,8863.362988712744,1519.675660198886,hurdle_cmp,7812.620820543751,7812.620820543751,7341.624104862571
Matched AI Lean term0,pair_204207d6,3307,3117,0.05745388569700635,1.999358357394931,0.0006412308998363371,0.0005404716420960296,0.0006416426050689766,0.9993583573949311,0.0,2,1.5927629289113643,0.4059537858784938,0.005,7030.632489157398,8641.385816650623,7032.635720669345,37.40463283704594,344.06647620356546,False,cmp,6993.227856320352,2.243576469785163,8886.42011426304,8888.42011426304,1.8844874508618084,0.0,True,0.3801148810860716,0.005,8487.074573328411,10097.827900821638,8489.077804840359,1493.8467170080594,hurdle_cmp,7394.5733972549815,7394.5733972549815,6993.227856320352
Matched human Lean term0,pair_20f6251a,3189,2938,0.07870805895264973,1.9986385296119809,0.002721087174420668,0.0022952914422367725,0.0020422055820285907,0.9972770592239619,0.0006807351940095302,3,1.5917964889743415,0.4047998350556066,0.005,6627.656688569377,8142.317763700146,6629.657046748109,123.47224422162981,33.24729566228079,False,cmp,6504.184444347748,2.2138136297984166,8645.439579787444,8647.439579787444,1.841329570398244,0.0,True,0.37006354910634115,0.005,8387.450123147428,9902.111198278197,8389.45048132616,1883.26567879968,hurdle_cmp,6764.173900987764,6764.173900987764,6504.184444347748
Matched AI Lean term0,pair_20f6251a,3553,3283,0.07599211933577259,1.9975632043862321,0.007304448868440405,0.006168599926469249,0.004873591227535791,0.9926896131586963,0.0024367956137678953,3,1.5903524545184455,0.4023371586402469,0.005,7408.746600062599,9093.308661148934,7410.747034950433,318.46285058153444,27.934161498058067,False,cmp,7090.283749481065,2.1596965426381556,9625.892146490512,9627.892146490512,1.8457641429777654,0.0,True,0.3688639298632263,0.005,9321.336143213437,11005.898204299772,9323.33657810127,2231.0523937323733,hurdle_cmp,7396.839752758139,7396.839752758139,7090.283749481064
Matched human Lean term0,pair_22599b6f,7845,7538,0.03913320586360739,1.9997346776333245,0.001857186170770317,0.001564724474856662,0.0010612894667020429,0.9981427434332715,0.0007959671000265323,3,1.5932681110975415,0.4054052770690768,0.005,17005.856642834573,20899.00093416366,17008.009893905415,227.1777453373652,34.48016089724449,False,cmp,16778.678897497208,2.2258793973862043,20912.471246761357,20914.471246761357,1.921478648820905,0.0,True,0.38752329519856665,0.005,19599.524219671282,23492.66851100037,19601.677470742125,2820.8453221740733,hurdle_cmp,18093.625924587282,18093.625924587282,16778.678897497208
Matched AI Lean term0,pair_22599b6f,11855,11460,0.03331927456769296,1.999825479930192,0.00017448961255326208,0.0001469973642336158,0.00017452006980802793,0.999825479930192,0.0,2,1.5933899998162273,0.4062609600441525,0.005,25845.990950729447,31773.093993610353,25848.397103587635,42.613534182310104,377.2743725801569,False,cmp,25803.377416547137,2.251603614009349,31508.31135630672,31510.31135630672,1.9331927456769296,0.0,True,0.3909025267870902,0.005,29311.960373921538,35239.06341680245,29314.366526779726,3508.582957374403,hurdle_cmp,28001.72839893232,28001.72839893232,25803.377416547133
Matched human Lean term0,pair_2347fae1,8424,8211,0.025284900284900286,1.9971988795518207,0.005716182466166346,0.004829209438344289,0.004262574595055414,0.9942759712580684,0.0014614541468761417,3,1.5898631267186085,0.4030731782381528,0.005,18518.896300335968,22735.808969929996,18520.997349582078,636.4619589548092,29.533303135924136,False,cmp,17882.43434138116,2.1778631520376517,22312.794555637323,22314.794555637323,1.9466999050332383,0.0,True,0.39118511101877373,0.005,20508.10004202512,24725.012711619147,20510.20109127123,2625.66570064396,hurdle_cmp,19689.128854993363,19689.128854993363,17882.43434138116
Matched AI Lean term0,pair_2347fae1,6533,6366,0.025562528700443902,1.9985862393967955,0.004553452113504737,0.0038411444521429393,0.0029846057178762172,0.9954445491674521,0.0015708451146716933,3,1.5917262778355035,0.40387535584341205,0.005,14362.78430195961,17639.816790104825,14364.792262931313,411.9334563105949,30.240096920069007,False,cmp,13950.850845649014,2.1914625896401216,17307.875348259888,17309.875348259888,1.9474973212919027,0.0,True,0.3919324233590253,0.005,15919.132171796828,19196.164659942046,15921.14013276853,1968.2813261478134,hurdle_cmp,15341.594022112075,15341.594022112075,13950.850845649014
Matched human Lean term0,pair_2590c3a7,1980,1834,0.07373737373737374,1.9956379498364232,0.00979558538641842,0.008289586973268053,0.007088331515812432,0.990185387131952,0.0027262813522355507,3,1.5877661543944173,0.4007834639261894,0.005,4138.477087870437,5075.819875346078,4140.477309201171,227.55287386788405,26.72091809708403,False,cmp,3910.9242140025526,2.1324559509283274,5360.266818671998,5362.266818671998,1.8484848484848484,0.0,True,0.36826378762995293,0.005,5182.752297607791,6120.095085083432,5184.752518938525,1271.8280836052377,hurdle_cmp,4090.4387350667607,4090.4387350667607,3910.924214002553
Matched AI Lean term0,pair_2590c3a7,1796,1651,0.08073496659242761,1.9957601453664446,0.010278813457035196,0.008697372951145893,0.0072683222289521504,0.9897032101756511,0.0030284675953967293,3,1.5879303411482084,0.40056148198928004,0.005,3726.2292481386885,4569.825048862162,3728.2311492248186,214.0028664374695,26.397428145793405,False,cmp,3512.226381701219,2.127332756935929,4876.019315451473,4878.019315451473,1.8346325167037862,0.0,True,0.3651954379102017,0.005,4736.003482925284,5579.599283648757,4738.005384011414,1223.7771012240648,hurdle_cmp,3654.242214227408,3654.242214227408,3512.226381701219
Matched human Lean term0,pair_26771bf6,3296,3089,0.06280339805825243,2.000323729362253,0.0009710832860594841,0.000817642588275388,0.0003237293622531564,0.9990288119132406,0.0006474587245063128,3,1.5940587801864732,0.40594121981352305,0.005,6970.471624167336,8567.912695521318,6972.481613452677,55.43811297562206,37.92207876519753,False,cmp,6915.033511191714,2.238599388537298,8878.92546133017,8880.92546133017,1.8746966019417475,0.0,True,0.3778759789869256,0.005,8519.037168570032,10116.478239924014,8521.047157855373,1604.0036573783177,hurdle_cmp,7276.921803951851,7276.921803951851,6915.033511191714
Matched AI Lean term0,pair_26771bf6,3086,2872,0.06934543097861309,1.9993036211699164,0.0034814092069428387,0.0029345340536834656,0.0020891364902506965,0.9965181058495822,0.001392757660167131,3,1.59268944585056,0.4045250388291018,0.005,6481.345537615495,7962.101524929012,6483.346839322051,150.6289519862039,31.421950392527712,False,cmp,6330.716585629291,2.204288504745575,8337.127427307192,8339.127427307192,1.8606610499027867,0.0,True,0.3737426489849794,0.005,8038.334523501902,9519.090510815418,8040.335825208458,1707.617937872611,hurdle_cmp,6631.509489434581,6631.509489434581,6330.716585629291
Matched human Lean term0,pair_271fa579,31173,30901,0.008725499631091009,2.0005177825960323,0.0006469601462238593,0.0005446203450226922,6.472282450406136e-05,0.9993527717549594,0.0005825054205365522,3,1.5943192289925818,0.40613383077894255,0.005,69712.62326265144,85699.94067452071,69714.67246999334,350.7028337675147,42.15458574034365,False,cmp,69361.92042888392,2.244649701591661,81866.23045225155,81868.23045225155,1.9830622654219998,0.0,True,0.401820150695686,0.005,72835.62201186489,88822.93942373416,72837.6712192068,3473.7015829809734,hurdle_cmp,78394.52886927058,78394.52886927058,69361.92042888392
Matched AI Lean term0,pair_271fa579,37713,37328,0.010208681356561397,2.000026789541363,0.00013394698913573281,0.00011281810314521099,5.357908272610373e-05,0.9998660522931847,8.03686240891556e-05,3,1.5936602190901539,0.40631299136847876,0.005,84187.99518792184,103498.57810473308,84190.09810735249,109.91005774913356,47.50806188764726,False,cmp,84078.08513017271,2.2524133393209578,99100.9698165674,99102.9698165674,1.9796091533423488,0.0,True,0.40129147257567355,0.005,88486.12934399015,107796.71226080139,88488.2322634208,4408.044213817446,hurdle_cmp,94694.92560274997,94694.92560274997,84078.08513017271
Matched human Lean term0,pair_2748f3f1,8440,8248,0.022748815165876776,2.0006062075654705,0.001090806130234317,0.0009181689088938521,0.00024248302618816683,0.9989088263821533,0.0008486905916585839,3,1.5944379047571167,0.4059258197821616,0.005,18611.056445522518,22877.2417377796,18613.070844998616,154.29391373472754,37.9668639956783,False,cmp,18456.76253178779,2.2377258161721376,22324.946671230457,22326.946671230457,1.9550947867298578,0.0,True,0.39531101420987463,0.005,20445.42018128875,24711.605473545835,20447.43458076485,1988.6576495009622,hurdle_cmp,20338.289021729495,20338.289021729495,18456.76253178779
Matched AI Lean term0,pair_2748f3f1,13835,13615,0.01590169859053126,2.0003672420124863,0.0006609007557794762,0.0005564458861742228,0.00014689680499449138,0.9993389643775248,0.0005141388174807198,3,1.5941171817775763,0.4061031634299113,0.005,30714.859997249692,37757.72600716374,30720.443591673727,163.31941192457452,40.441331814140796,False,cmp,30551.540585325118,2.243961849821896,36466.404029871526,36468.404029871526,1.9685580050596314,0.0,True,0.39853690338954034,0.005,32975.52784352342,40018.393853437476,32981.11143794746,2423.987258198306,hurdle_cmp,34044.41677167322,34044.41677167322,30551.540585325114
Matched human Lean term0,pair_29059eae,3191,2955,0.07395800689439047,1.9986463620981387,0.011504089830251288,0.00970384786405023,0.006429780033840948,0.9884940778341793,0.005076142131979695,3,1.5918070057391485,0.40040957632514534,0.005,6676.537664376854,8189.451787664487,6678.538036408061,421.8824723070138,25.41990553308149,False,cmp,6254.65519206984,2.1166345827647515,8645.244654573366,8647.244654573366,1.850830460670636,0.0,True,0.36797214519855115,0.005,8361.846321956942,9874.760445244576,8363.84669398815,2107.1911298871023,hurdle_cmp,6540.053524686264,6540.053524686264,6254.65519206984
Matched AI Lean term0,pair_29059eae,5882,5597,0.048452907174430467,2.000893335715562,0.0019645405255354995,0.001653110401733999,0.0005360014293371449,0.9980346614257638,0.001429337144899053,3,1.5948232444931119,0.40553408979310923,0.005,12633.25976720277,15527.108317839407,12635.285496086115,175.97532217169646,34.7204807093011,False,cmp,12457.284445031073,2.2257074227320124,15749.816982320224,15751.816982320224,1.9039442366541992,0.0,True,0.38366623054093396,0.005,14916.704968236154,17810.55351887279,14918.7306971195,2459.420523205081,hurdle_cmp,13292.396459115143,13292.396459115143,12457.284445031073
Matched human Lean term0,pair_2a4dc8cc,5238,5036,0.038564337533409696,2.000595710881652,0.000992496597965656,0.0008354278409022967,0.00019857029388403494,0.9990071485305798,0.0007942811755361397,3,1.5944238172135443,0.4059733233742194,0.005,11363.927489780632,13968.914794982637,11366.543974407898,88.14835325872991,38.62354311543275,False,cmp,11275.779136521902,2.239034776910624,13960.316167341378,13962.316167341378,1.9234440626193203,0.0,True,0.3883684261073667,0.005,13077.228018545118,15682.215323747123,13079.844503172384,1801.448882023217,hurdle_cmp,12160.867285318162,12160.867285318162,11275.779136521902
Matched AI Lean term0,pair_2a4dc8cc,4520,4314,0.045575221238938056,2.001390820584145,0.0023160999250104626,0.0019478962811216177,0.0004636068613815484,0.9976819656930923,0.0018544274455261937,3,1.5954908317073015,0.4054363820154579,0.005,9740.254717090214,11971.261344346603,9742.40096527318,155.32556636916706,34.43476428587147,False,cmp,9584.929150721047,2.2218194600651477,12089.500223770685,12091.500223770685,1.9101769911504425,0.0,True,0.38484616895504886,0.005,11417.137386981602,13648.14401423799,11419.283635164567,1832.2082362605533,hurdle_cmp,10259.291987510132,10259.291987510132,9584.929150721047
Matched human Lean term0,pair_2a66f969,17296,16918,0.021854764107308047,2.0000591086416835,0.0006501915646860334,0.0005476108670174262,0.0002955432084170706,0.9993498049414824,0.0003546518501004847,3,1.5937036000530704,0.40605996538019185,0.005,38161.24778409977,46910.04226766029,38166.029995131656,202.59228890901431,39.63287762596563,False,cmp,37958.65549519075,2.2436845664493883,45720.93784719208,45722.93784719208,1.9563482886216466,0.0,True,0.3958061528220583,0.005,41801.36811168042,50550.162595240945,41806.15032271231,3842.7126164896663,hurdle_cmp,41880.22523070241,41880.22523070241,37958.65549519075
Matched AI Lean term0,pair_2a66f969,14007,13698,0.02206039837224245,2.0005110235070815,0.0008027757946744366,0.0006757931112683289,0.0001460067163089502,0.9991969630603008,0.000657030223390276,3,1.5943101574713272,0.4060548593194414,0.005,30904.572766246463,37990.62258964295,30906.639448442522,193.21864578896202,39.850512344983336,False,cmp,30711.3541204575,2.2420319842646736,37034.41402899256,37036.41402899256,1.9563789533804525,0.0,True,0.3957383359075474,0.005,33874.73962248584,40960.78944588233,33876.80630468189,3163.3855020283368,hurdle_cmp,33873.028526964226,33873.028526964226,30711.3541204575
Matched human Lean term0,pair_2b09aabd,1127,1027,0.08873114463176575,1.9902629016553066,0.015484546267335022,0.013180521136507594,0.012658227848101266,0.9844206426484907,0.0029211295034079843,3,1.5805393483670422,0.3970653254401591,0.005,2315.9257445488224,2835.536750254827,2318.0130743087257,184.36979235716717,25.091760426553595,False,cmp,2131.5559521916553,2.075516993370648,3068.505656291326,3070.505656291326,1.813664596273292,0.0,True,0.3585173166509167,0.005,2993.2067528036014,3512.817758509606,2995.2940825635046,861.6508006119461,hurdle_cmp,2208.85485567938,2208.85485567938,2131.5559521916553
Matched AI Lean term0,pair_2b09aabd,2276,2049,0.09973637961335677,1.9985358711566619,0.005366328752303557,0.004527106655996183,0.003416300634455832,0.9946315275744265,0.0019521717911176184,3,1.5916586465573583,0.40346092396484357,0.005,4624.837032774925,5678.873210983558,4627.1126012089,155.3601044937095,29.366905556360535,False,cmp,4469.476928281216,2.181296695110403,6221.228407190795,6223.228407190795,1.7992091388400704,0.0,True,0.36026028882893346,0.005,6103.976299316158,7158.0124775247905,6106.251867750132,1634.499371034942,hurdle_cmp,4588.7290361558535,4588.7290361558535,4469.476928281216
Matched human Lean term0,pair_2d283418,2500,2293,0.0828,1.9978194505015263,0.0021757947023583212,0.001836948449503701,0.002180549498473615,0.9978194505015264,0.0,2,1.5906965957905737,0.40494230521247515,0.005,5170.954630990776,6352.609010965407,5172.963090447748,75.27087302366272,373.41175871162824,False,cmp,5095.683757967114,2.2222781325630674,6787.090744517327,6789.090744517327,1.8324,0.0,True,0.3684662439292343,0.005,6600.730831674025,7782.385211648655,6602.739291130996,1505.0470737069109,hurdle_cmp,5284.043670810416,5284.043670810416,5095.683757967114
Matched AI Lean term0,pair_2d283418,2374,2190,0.07750631844987363,1.998173515981735,0.001823147974395863,0.0015386331404079008,0.0018264840182648401,0.9981735159817352,0.0,2,1.5911720754520098,0.40517495651145635,0.005,4939.12357003083,6068.420467953003,4941.133902832194,62.43558930535801,378.682445095107,False,cmp,4876.687980725472,2.226798164714827,6432.077127713434,6434.077127713434,1.843302443133951,0.0,True,0.3708859260003621,0.005,6235.600646225854,7364.897544148027,6237.610979027218,1358.9126655003818,hurdle_cmp,5075.164462213052,5075.164462213052,4876.687980725472
Matched human Lean term0,pair_2fba10ea,16424,16039,0.02344130540672187,2.001558700667124,0.0020550553328338374,0.0017280395616615916,0.0002493921067398217,0.9979425151193965,0.0018080927738637071,3,1.5957160965898016,0.4055932119705786,0.005,36208.42456228528,44506.18840644439,36210.446664518415,502.60193000664003,36.027352710161054,False,cmp,35705.82263227864,2.226187582285594,43469.7157419111,43471.7157419111,1.9546395518753044,0.0,True,0.3947379430776336,0.005,39861.33513366846,48159.09897782756,39863.35723590159,4155.512501389817,hurdle_cmp,39316.20324052129,39316.20324052129,35705.82263227864
Matched AI Lean term0,pair_2fba10ea,10899,10601,0.02734195797779613,2.0007546457881333,0.0011313991919342451,0.0009521854076949217,0.00018866144703329874,0.9988680313178002,0.0009433072351664937,3,1.5946371191995543,0.40592886514154175,0.005,23921.398319427848,29405.300381908208,23923.424938591248,201.61100775445811,38.324826624009745,False,cmp,23719.78731167339,2.2375046987711906,28893.996933966435,28895.996933966435,1.9460500963391136,0.0,True,0.39327994373115566,0.005,26656.377493195625,32140.279555675985,26658.404112359025,2936.590181522235,hurdle_cmp,25959.4067524442,25959.4067524442,23719.78731167339
Matched human Lean term0,pair_2fde2018,8581,8167,0.048246125160237734,2.0002448879637567,0.004163035413747091,0.0035055323782557488,0.001959103710052651,0.9958369046161382,0.002203991673809232,3,1.5939529597163629,0.40433282453733704,0.005,18435.94262426876,22648.50443839655,18437.95412769236,491.6163188368082,30.445042117792024,False,cmp,17944.32630543195,2.1971747649604447,22978.322052076444,22980.322052076444,1.9037408227479315,0.0,True,0.38257615961225333,0.005,21755.671649729135,25968.233463856926,21757.683153152735,3811.3453442971827,hurdle_cmp,19168.97670777926,19168.97670777926,17944.32630543195
Matched AI Lean term0,pair_2fde2018,8382,8091,0.03471725125268432,2.00135953528612,0.005065510457527212,0.004260360596040826,0.0018539117538005192,0.9949326412062786,0.0032134470399209,3,1.595448851484885,0.40405677204743057,0.005,18275.10910147437,22450.257117249213,18277.480308277143,573.0070178237511,29.646739766118625,False,cmp,17702.102083650618,2.1878756746571026,22314.90297535731,22316.90297535731,1.9318778334526365,0.0,True,0.388251610487387,0.005,20804.70919842892,24979.857214203766,20807.080405231696,3102.607114778303,hurdle_cmp,19214.295860579005,19214.295860579005,17702.102083650618
Matched human Lean term0,pair_301c1ff9,10837,10583,0.0234382209098459,1.9998110176698478,0.000188946615831021,0.0001591790287078262,0.0001889823301521308,0.9998110176698479,0.0,2,1.5933705865340253,0.4062514488056664,0.005,23868.156972092285,29341.533669741177,23870.16543039116,42.29505023919046,375.7457198387943,False,cmp,23825.861921853095,2.251333451937361,28666.75097297329,28668.75097297329,1.9529390052597582,0.0,True,0.39527093984311384,0.005,26278.877305656093,31752.254003304985,26280.885763954968,2453.015383802999,hurdle_cmp,26215.73558917029,26215.73558917029,23825.861921853095
Matched AI Lean term0,pair_301c1ff9,12871,12604,0.020744308911506488,1.9998413202158045,0.00015865460492158113,0.00013365501028248902,0.00015867978419549348,0.9998413202158045,0.0,2,1.593411262802479,0.40627137762912585,0.005,28425.970502714743,34944.93550769558,28429.280454604395,42.994171912781894,373.2866536254165,False,cmp,28382.97633080196,2.2519022794987276,34001.907000217696,34003.907000217696,1.9583559940952528,0.0,True,0.3964952929360742,0.005,31025.901174091712,37544.86617907255,31029.21112598136,2642.9248432897493,hurdle_cmp,31360.982156927945,31360.982156927945,28382.97633080196
Matched human Lean term0,pair_326a8dc3,30462,30088,0.012277591753660298,2.0000997075245945,0.001562074610390395,0.0013155686619523734,0.0007311885136931667,0.9984379154480192,0.0008308960382876894,3,1.5937580942553058,0.40561042475559156,0.005,67878.90151839043,83427.80820828007,67880.9736268342,770.293766012881,35.29458163800035,False,cmp,67108.60775237755,2.230411052658121,80150.30103458562,80152.30103458562,1.9755432998489921,0.0,True,0.3996662275820521,0.005,71915.47544679267,87464.38213668231,71917.54755523644,4806.867694415116,hurdle_cmp,75345.43334017051,75345.43334017051,67108.60775237755
Matched AI Lean term0,pair_326a8dc3,54506,54024,0.008843063149011118,2.0001480823337774,0.0002961427391775836,0.0002493964227920798,7.404116688879017e-05,0.9997038353324449,0.0002221235006663705,3,1.59382302508515,0.4062510160817347,0.005,121851.7401110202,149799.4228928854,121853.74616954837,313.9770241342485,44.202724401506785,False,cmp,121537.76308688596,2.249699450001591,143134.15617069506,143136.15617069506,1.9824606465343264,0.0,True,0.4018576028688827,0.005,127371.37469663958,155319.05747850478,127373.38075516775,5833.611609753635,hurdle_cmp,137302.54456094143,137302.54456094143,121537.76308688596
Matched human Lean term0,pair_32d5762e,3494,3273,0.06325128792215226,2.0015276504735717,0.00274743713645956,0.0023103215020829275,0.0006110601894286587,0.997250229147571,0.0021387106630003055,3,1.595674433480647,0.4052421568034921,0.005,7391.298950464337,9083.610543484767,7393.316272771066,137.6422214958002,33.39955229893567,False,cmp,7253.656728968537,2.2162104274269896,9418.418761972285,9420.418761972285,1.8749284487693187,0.0,True,0.37709240613619494,0.005,9041.218792478448,10733.530385498878,9043.236114785177,1787.5620635099108,hurdle_cmp,7632.856698462374,7632.856698462374,7253.656728968537
Matched AI Lean term0,pair_32d5762e,3083,2869,0.06941290950373014,2.000348553502963,0.001742646025269096,0.0014672516357328897,0.0006971070059254096,0.9982572324851865,0.0010456605088881143,3,1.5940920986003313,0.40555934789670206,0.005,6475.13262476846,7957.943164220667,6477.133270761021,84.24420708286925,34.84428961651508,False,cmp,6390.888417685591,2.22756654502809,8328.876959772184,8330.876959772184,1.861498540382744,0.0,True,0.37472834089585966,0.005,8031.69019058404,9514.500730036247,8033.6908365766,1640.8017728984487,hurdle_cmp,6690.075186873735,6690.075186873735,6390.888417685591
Matched human Lean term0,pair_32e87abf,3717,3483,0.06295399515738499,2.0002871088142404,0.001435461639731771,0.0012086922381893534,0.0005742176284811944,0.9985644559287971,0.0008613264427217916,3,1.5940096285413177,0.4057032626444375,0.005,7859.841967186229,9660.312670388475,7861.85470573189,86.18504926911555,35.80251792046944,False,cmp,7773.656917917114,2.231885420016398,10013.99847496258,10015.99847496258,1.8743610438525693,0.0,True,0.3775872193881682,0.005,9608.975781819034,11409.446485021279,9610.988520364694,1835.3188639019195,hurdle_cmp,8180.679611060661,8180.679611060661,7773.656917917115
Matched AI Lean term0,pair_32e87abf,4560,4270,0.06359649122807018,1.9971896955503512,0.008891399612787874,0.007511806520158413,0.00585480093676815,0.9911007025761124,0.003044496487119438,3,1.5898507910666584,0.40148410354692066,0.005,9636.88106956627,11824.301426071384,9638.89040916997,487.3404311260092,26.924735899070654,False,cmp,9149.540638440261,2.142749564037532,12293.777530548765,12295.777530548765,1.8701754385964913,0.0,True,0.37320540072777403,0.005,11798.048437972862,13985.468794477976,11800.057777576561,2648.5077995326014,hurdle_cmp,9647.269731016164,9647.269731016164,9149.540638440261
Matched human Lean term0,pair_33135e91,4561,4341,0.048235036176277134,2.000460723335637,0.0013819577409188496,0.0011634233096531237,0.00046072333563695,0.9986178299930891,0.0009214466712739,3,1.5942426480589331,0.40575735194106294,0.005,9796.091279885799,12040.579771347899,9798.093615042255,102.63907995197223,36.179436125094405,False,cmp,9693.452199933827,2.232999815695422,12209.964057960931,12211.964057960931,1.903968427976321,0.0,True,0.3839487699993543,0.005,11561.23935262382,13805.727844085919,11563.241687780275,1867.7871526899933,hurdle_cmp,10344.176905270939,10344.176905270939,9693.452199933827
Matched AI Lean term0,pair_33135e91,4487,4271,0.04813906841987965,2.0014048232264106,0.002339398515720332,0.001967461344289412,0.0004682744088035589,0.9976586279559823,0.0018730976352142356,3,1.595509621073511,0.405426927744092,0.005,9643.279891511496,11852.039987341013,9645.49265621601,155.1249815339106,34.38498608437973,False,cmp,9488.154909977586,2.221530065553169,12015.073997363115,12017.073997363115,1.9050590595052375,0.0,True,0.3837282327262544,0.005,11377.252503892605,13586.012599722122,11379.46526859712,1889.0975939150192,hurdle_cmp,10127.976403448096,10127.976403448096,9488.154909977586
Matched human Lean term0,pair_33b83cd5,9336,8986,0.037489288774635816,2.0007789895392833,0.004339477751304809,0.0036520082525365836,0.0017805475183618963,0.9956599154239929,0.002559537057645226,3,1.5946697895496653,0.4043286524712521,0.005,20289.295256230584,24926.183593172587,20291.37584333406,558.9419385532383,30.311033737051055,False,cmp,19730.353317677345,2.1956769772621128,24881.36575240436,24883.36575240436,1.925771208226221,0.0,True,0.38726698047592,0.005,23276.59690556038,27913.485242502386,23278.677492663854,3546.2435878830347,hurdle_cmp,21337.122164521323,21337.122164521323,19730.35331767734
Matched AI Lean term0,pair_33b83cd5,9361,9024,0.03600042730477513,2.0015514184397163,0.003100429980257532,0.002607086785238298,0.0007757092198581561,0.9968971631205674,0.002327127659574468,3,1.5957063253337496,0.40506938388610475,0.005,20376.53823280896,25041.237899034917,20378.54011009157,414.82836091460194,32.6012164077553,False,cmp,19961.70987189436,2.212068913108861,24929.564146519697,24931.564146519697,1.9294947121034078,0.0,True,0.38867757746966913,0.005,23280.785116212734,27945.48478243869,23282.78699349534,3319.0752443183756,hurdle_cmp,21612.488902201323,21612.488902201323,19961.70987189436
Matched human Lean term0,pair_34b2dbc3,5021,4812,0.04162517426807409,1.9987531172069826,0.0016609556739904186,0.0014008762604130589,0.0014546965918536992,0.99833748960931,0.00020781379883624273,3,1.591950345064532,0.40534807555059266,0.005,10852.230629455895,13335.375422268957,10854.444889469356,128.4058396986802,37.015439914069454,False,cmp,10723.824789757215,2.228558767613719,13397.802634213778,13399.802634213778,1.9155546703843855,0.0,True,0.38632563828819466,0.005,12592.25064315698,15075.395435970042,12594.464903170441,1868.425853399765,hurdle_cmp,11531.376780814013,11531.376780814013,10723.824789757215
Matched AI Lean term0,pair_34b2dbc3,267,223,0.1647940074906367,2.008968609865471,0.01785678376802268,0.014896613306274514,0.004484304932735426,0.9820627802690582,0.013452914798206279,3,1.6056500708743346,0.3988342340583967,0.005,508.2418655017251,623.0509451806247,510.2683635816067,48.59360422184727,23.872847710845125,False,cmp,459.64826127987783,2.061202965380618,748.6290835834212,750.6290835834212,1.6779026217228465,0.0,True,0.33159991510717535,0.005,749.2253512314384,864.034430910338,751.25184931132,289.57708995156054,hurdle_cmp,461.0519936318607,461.0519936318607,459.64826127987783
Matched human Lean term0,pair_34e33ffa,7709,7413,0.03839667920612271,1.998785916632942,0.00498975762170464,0.004208291627576771,0.003102657493592338,0.9950087683798732,0.0018885741265344666,3,1.59199438389965,0.4036888752396957,0.005,16727.25205801084,20542.71808201942,16729.256187259336,519.1019842357491,29.687970165034326,False,cmp,16208.15007377509,2.1864494905942387,20549.015219820838,20551.015219820838,1.9220391749902712,0.0,True,0.3861384069887591,0.005,19239.530624359373,23054.996648367953,19241.53475360787,3031.380550584283,hurdle_cmp,17519.634669236555,17519.634669236555,16208.15007377509
Matched AI Lean term0,pair_34e33ffa,16593,16272,0.01934550714156572,2.00208947885939,0.004051681275736279,0.0034050048199758642,0.0009832841691248771,0.9959439528023599,0.003072763028515241,3,1.5964282472690157,0.40467794742124563,0.005,36754.98341940354,45164.66221248835,36759.14385966237,935.8373838011175,31.32611363265005,False,cmp,35819.146035602425,2.201274953023748,43845.556854768445,43847.556854768445,1.9633580425480623,0.0,True,0.3957048224065141,0.005,39925.61251360157,48335.29130668638,39929.772953860396,4106.466477999144,hurdle_cmp,39741.0903767693,39741.0903767693,35819.146035602425
Matched human Lean term0,pair_358e95d5,1454,1322,0.0907840440165062,2.004538577912254,0.00905655713504272,0.00759109438915748,0.0022692889561270802,0.9909228441754917,0.00680786686838124,3,1.5997130850009706,0.4025562039551525,0.005,2993.4110147706924,3675.666472050443,2995.5251651932476,154.23469975579064,27.2766434801202,False,cmp,2839.176315014902,2.1476371520536324,3969.0186008131045,3971.0186008131045,1.8225584594222835,0.0,True,0.36331127872331004,0.005,3880.4552069753317,4562.7106642550825,3882.569357397887,1041.27889196043,hurdle_cmp,2929.7397088526745,2929.7397088526745,2839.176315014902
Matched AI Lean term0,pair_358e95d5,505,434,0.1405940594059406,2.0276497695852536,0.031493554758011424,0.02575926862970722,0.002304147465437788,0.967741935483871,0.029953917050691243,3,1.6306190859831617,0.3947265361366497,0.005,996.4850873618259,1221.7753963501152,998.4851802596081,134.9009555564844,23.469337173363236,False,cmp,861.5841318053415,1.9852168935606946,1413.3896562437528,1415.3896562437528,1.7425742574257426,0.0,True,0.33756587838683244,0.005,1408.585902790921,1633.8762117792103,1410.5859956887034,547.0017709855796,hurdle_cmp,868.3878852581732,868.3878852581732,861.5841318053414
Matched human Lean term0,pair_3757881d,11075,10779,0.02672686230248307,2.002226551628166,0.002963777972068283,0.002490371715366707,0.0003710919380276463,0.9970312644957788,0.0025976435661935245,3,1.5966121448786639,0.40524331481147047,0.005,24344.653917424966,29920.978212776557,24347.15586071642,464.47383160644677,34.14909996989522,False,cmp,23880.18008581852,2.2154355771239,29367.14758663381,29369.14758663381,1.9487133182844243,0.0,True,0.3929775567633497,0.005,27074.946324095177,32651.27061944677,27077.44826738663,3194.7662382766584,hurdle_cmp,26174.381348357154,26174.381348357154,23880.18008581852
Matched AI Lean term0,pair_3757881d,9630,9336,0.030529595015576325,2.001820908311911,0.0026744906339650288,0.0022482720320346847,0.0004284490145672665,0.9973221936589546,0.002249357326478149,3,1.5960679143946956,0.40532454490264375,0.005,21081.52405839612,25910.439851325787,21083.570369470523,372.05436155817006,34.15110092004267,False,cmp,20709.46969683795,2.218237970955222,25579.487161705685,25581.487161705685,1.940706126687435,0.0,True,0.3913478243721702,0.005,23714.022133197723,28542.93792612739,23716.068444272125,3004.5524363597738,hurdle_cmp,22576.934725345913,22576.934725345913,20709.46969683795
Matched human Lean term0,pair_37c40664,1651,1464,0.11326468806783767,1.985655737704918,0.018236865090029565,0.015601470347103866,0.01639344262295082,0.9815573770491803,0.0020491803278688526,3,1.5743376612940365,0.394924633787927,0.005,3296.29014703378,4031.806003669673,3298.291759335979,291.96280599087186,25.314035746821574,False,cmp,3004.3273410429083,2.052136161914555,4529.64053884697,4531.64053884697,1.7607510599636584,0.0,True,0.34681510833125917,0.005,4464.843772596188,5200.35962923208,4466.845384898386,1460.516431553279,hurdle_cmp,3071.124107293691,3071.124107293691,3004.3273410429083
Matched AI Lean term0,pair_37c40664,1907,1697,0.11012060828526482,1.9952857984678845,0.009406179368145596,0.00796308188618402,0.007071302298173247,0.990571596935769,0.002357100766057749,3,1.5872929634694946,0.40092153270021264,0.005,3828.6976974911895,4695.973805375829,3830.6978887507685,203.09231505899515,27.087647024638137,False,cmp,3625.6053824321943,2.1364793060885057,5230.768091364856,5232.768091364856,1.7755637126376507,0.0,True,0.353733795325612,0.005,5153.268650144887,6020.544758029527,5155.268841404466,1527.6632677126925,hurdle_cmp,3705.1048236521638,3705.1048236521638,3625.6053824321943
Matched human Lean term0,pair_37d880cd,1904,1733,0.0898109243697479,1.9971148297749568,0.012109390737954293,0.01023131991399862,0.0075014425851125215,0.9878822850548182,0.004616272360069244,3,1.58975023280042,0.3998631543894204,0.005,3914.512059506782,4799.9575604875745,3916.5244028875045,259.0043880936573,25.270862364219678,False,cmp,3655.5076714131246,2.1093523781956867,5189.412548762821,5191.412548762821,1.8177521008403361,0.0,True,0.3609371737327656,0.005,5066.909441086373,5952.354942067165,5068.921784467095,1411.401769673248,hurdle_cmp,3780.0107790895727,3780.0107790895727,3655.5076714131246
Matched AI Lean term0,pair_37d880cd,1021,929,0.0901077375122429,1.992465016146394,0.01393676546073709,0.011834698589002421,0.010764262648008612,0.9860064585575888,0.0032292787944025836,3,1.583501220971194,0.39819953252718737,0.005,2096.314085867177,2568.004390192617,2098.314409258779,154.8606947947046,25.25208035180743,False,cmp,1941.4533910724722,2.089831422037107,2782.1153752996925,2784.1153752996925,1.8129285014691479,0.0,True,0.35909917306485084,0.005,2716.6051756662882,3188.295479991729,2718.6054990578905,775.1517845938163,hurdle_cmp,2008.9635907058762,2008.9635907058762,1941.453391072472
Matched human Lean term0,pair_3b1172ec,2991,2826,0.055165496489468405,1.997523000707714,0.0031785778503021934,0.0026844223699785735,0.0028308563340410475,0.9968152866242038,0.00035385704175513094,3,1.5902984586692055,0.4043936857044634,0.005,6372.887504054462,7827.622988271551,6374.889631653108,131.73935861542122,34.05322983062861,False,cmp,6241.1481454390405,2.2084742199005807,8029.791035514624,8031.791035514624,1.8873286526245403,0.0,True,0.3795205583729415,0.005,7651.760846933859,9106.49633115095,7653.762974532506,1410.6127014948188,hurdle_cmp,6621.178334019805,6621.178334019805,6241.1481454390405
Matched AI Lean term0,pair_3b1172ec,1237,1127,0.0889248181083266,1.994676131322094,0.005295525100206355,0.004486043686627048,0.005323868677905945,0.9946761313220941,0.0,2,1.586473652133703,0.40287861051048107,0.005,2540.888075729278,3118.3737095436254,2542.888265035287,78.79466048721224,399.3358281067153,False,cmp,2462.093415242066,2.1846436692476185,3366.34211237496,3368.34211237496,1.8172999191592563,0.0,True,0.3639340574917493,0.005,3285.194857908306,3862.680491722653,3287.195047214315,823.10144266624,hurdle_cmp,2545.24066970872,2545.24066970872,2462.093415242066
Matched human Lean term0,pair_3b470502,3347,3067,0.08365700627427547,2.0,0.0039126181936746,0.003295534277364869,0.0019563090968373,0.9960873818063254,0.0019563090968373,3,1.5936242600400345,0.40441943086312404,0.005,6923.646354102539,8505.529611109409,6925.680423672875,177.63368730261573,30.743827284788036,False,cmp,6746.012666799923,2.199547657906724,9094.888916849512,9096.888916849512,1.832685987451449,0.0,True,0.3677327308065571,0.005,8850.91727955956,10432.80053656643,8852.951349129897,2104.9046127596375,hurdle_cmp,6991.984304089874,6991.984304089874,6746.012666799923
Matched AI Lean term0,pair_3b470502,3325,3050,0.08270676691729323,2.0,0.003278688524590164,0.002761585690895643,0.001639344262295082,0.9967213114754099,0.001639344262295082,3,1.5936242600400345,0.4047363956976663,0.005,6884.496567304093,8458.395602831333,6886.5007043857795,152.23635821035714,31.618879562230994,False,cmp,6732.260209093736,2.207298429211061,9031.059468225081,9033.059468225081,1.8345864661654134,0.0,True,0.368414882838012,0.005,8783.947497066787,10357.846532594027,8785.951634148474,2051.687287973051,hurdle_cmp,6981.37218025203,6981.37218025203,6732.260209093736
Matched human Lean term0,pair_3cca9874,1495,1306,0.12642140468227425,1.9931087289433385,0.009906568576179208,0.00840650017814004,0.008422664624808576,0.9900459418070444,0.0015313935681470138,3,1.5843667323704982,0.40031933194802777,0.005,2944.807313094958,3610.4931039922367,2946.8093182518733,160.88671519562195,27.717319009733707,False,cmp,2783.920597899336,2.131639048927516,4120.718636607064,4122.718636607064,1.7411371237458193,0.0,True,0.34679943361885535,0.005,4081.5926867259104,4747.278477623189,4083.594691882826,1297.6720888265745,hurdle_cmp,2825.046547780489,2825.046547780489,2783.920597899336
Matched AI Lean term0,pair_3cca9874,5899,5749,0.02542803865061875,1.99913028352757,0.0015647332436315624,0.00131918438262311,0.001217603061401983,0.998434510349626,0.00034788658897199514,3,1.5924567348609795,0.4054559456051844,0.005,12966.64603842081,15934.678917113733,12968.651413531692,147.79263417015318,36.18410633622659,False,cmp,12818.853404250656,2.2297535926684042,15621.861929625486,15623.861929625486,1.9482963214104085,0.0,True,0.393566685987622,0.005,14366.369934923616,17334.40281361654,14368.375310034498,1547.5165306729598,hurdle_cmp,14076.345398952526,14076.345398952526,12818.853404250656
Matched human Lean term0,pair_3da844f5,8092,7887,0.02533366287691547,1.99974641815646,0.0002535175397886292,0.00021359198674054066,0.00025358184354000256,0.99974641815646,0.0,2,1.5932838711678161,0.4062089651450998,0.005,17788.065254683177,21866.634409968916,17790.070943766867,41.11878852639347,368.7452685391629,False,cmp,17746.946466156784,2.250151701046885,21425.71783801383,21427.71783801383,1.949085516559565,0.0,True,0.39438145633255295,0.005,19701.832133583623,23780.40128886936,19703.837822667312,1954.88566742684,hurdle_cmp,19472.83217058699,19472.83217058699,17746.946466156784
Matched AI Lean term0,pair_3da844f5,11771,11543,0.01936963724407442,1.9998267348176384,0.00017323516153818562,0.000145940364909141,0.00017326518236160444,0.9998267348176384,0.0,2,1.593391684299751,0.4062617853355218,0.005,26033.174782039256,32003.21885881136,26035.179446712107,42.64240261539817,376.03795162926275,False,cmp,25990.532379423857,2.2516271661980296,31075.03563639305,31077.03563639305,1.961090816413219,0.0,True,0.3971003047071812,0.005,28285.215840880788,34255.25991765289,28287.22050555364,2294.683461456929,hurdle_cmp,28782.352174936124,28782.352174936124,25990.532379423857
Matched human Lean term0,pair_3db79af4,40141,38067,0.051667870755586556,2.0000262694722464,0.00028896350462415615,0.00024338234799351402,0.00013134736123151286,0.9997110358052906,0.00015761683347781543,3,1.5936595210142288,0.40623540109678213,0.005,85857.04062690648,105547.5211707283,85859.04567331207,220.43759530875832,43.63491448962615,False,cmp,85636.60303159773,2.249628366606187,107580.79635450791,107582.79635450791,1.8966891706733764,0.0,True,0.3828981744801596,0.005,102188.17530980291,121878.65585362473,102190.1803562085,16551.57227820519,hurdle_cmp,91031.22407630272,91031.22407630272,85636.60303159773
Matched AI Lean term0,pair_3db79af4,40252,38172,0.05167445095895856,2.0,0.00031436655139893113,0.0002647858018620469,0.00015718327569946557,0.9996856334486011,0.00015718327569946557,3,1.5936242600400345,0.4062185566842619,0.005,86093.38519640052,105837.25670533693,86095.44546313136,238.19058103486896,43.198346775177235,False,cmp,85855.19461536565,2.2491667875763817,107878.47002657996,107880.47002657996,1.896651098082083,0.0,True,0.3828779308290631,0.005,102471.21547654478,122215.08698548119,102473.27574327562,16616.020861179135,hurdle_cmp,91264.44916540083,91264.44916540083,85855.19461536565
Matched human Lean term0,pair_3e5837da,2056,1870,0.09046692607003891,1.9994652406417113,0.0005344733907174927,0.00045043751442336636,0.0005347593582887701,0.9994652406417113,0.0,2,1.59290641632436,0.4060240649590587,0.005,4218.819500840593,5185.354348776078,4220.821131911756,21.06685256527271,375.6024438125782,False,cmp,4197.75264827532,2.2447875124466954,5598.722526582486,5600.722526582486,1.818579766536965,0.0,True,0.3663782524171133,0.005,5469.291743862026,6435.826591797511,5471.29337493319,1271.539095586706,hurdle_cmp,4329.18343099578,4329.18343099578,4197.75264827532
Matched AI Lean term0,pair_3e5837da,6169,5959,0.03404117360998541,2.0010068803490517,0.002012746890066402,0.0016934679967755997,0.0005034401745259272,0.9979862393018963,0.0015103205235777815,3,1.5949756196843143,0.4055278204902073,0.005,13450.915767002796,16532.170942872348,13453.06846862262,190.4578948142007,34.73898831178531,False,cmp,13260.457872188596,2.2252824084894436,16410.320518595756,16412.320518595756,1.9328902577403144,0.0,True,0.3899476440147527,0.005,15285.362084307486,18366.617260177038,15287.51478592731,2024.9042121188909,hurdle_cmp,14387.416306476865,14387.416306476865,13260.457872188596
Matched human Lean term0,pair_3e7604ad,4855,4577,0.0572605561277034,1.9997815162770374,0.0010923708796759968,0.0009203025882105033,0.0006554511688879179,0.9989075813851868,0.00043696744592527855,3,1.5933309854066242,0.40579507970152123,0.005,10325.340731743996,12690.752178076562,10327.341228105055,88.9182639105129,37.15146342795048,False,cmp,10236.422467833483,2.236491690590667,13045.971975694916,13047.971975694916,1.8852729145211122,0.0,True,0.3800702581306081,0.005,12457.349111232441,14822.760557565009,12459.3496075935,2220.9266433989587,hurdle_cmp,10827.045332295958,10827.045332295958,10236.422467833483
Matched AI Lean term0,pair_3e7604ad,4746,4484,0.05520438263801096,2.0006690454950937,0.0011146282032816052,0.000938157336390691,0.00022301516503122213,0.9988849241748439,0.0008920606601248885,3,1.5945222384843547,0.40592379184570354,0.005,10119.042079065583,12438.445710373882,10121.042634319047,86.98677563259844,38.050308779571715,False,cmp,10032.055303432984,2.237300469097454,12743.964926750155,12745.964926750155,1.8902233459755584,0.0,True,0.3811186734819254,0.005,12148.182358423728,14467.585989732026,12150.182913677192,2116.127054990743,hurdle_cmp,10629.837871759413,10629.837871759413,10032.055303432986
Matched human Lean term0,pair_40400f26,5416,5114,0.055760709010339735,1.9976535001955416,0.005078576848327435,0.004288435239985391,0.0037152913570590537,0.9949159170903402,0.001368791552600704,3,1.590473725118177,0.40346448372030136,0.005,11535.431652787549,14164.369097661147,11537.432193122422,360.8025014711311,30.0369209928572,False,cmp,11174.629151316418,2.1851054265382124,14546.452523633956,14548.452523633956,1.8862629246676514,0.0,True,0.3783966642977931,0.005,13867.828111909495,16496.765556783095,13869.828652244369,2693.198960593078,hurdle_cmp,11855.253563040878,11855.253563040878,11174.629151316418
Matched AI Lean term0,pair_40400f26,412,336,0.18446601941747573,2.0029761904761907,0.008919713718820861,0.007488931575473969,0.002976190476190476,0.9910714285714286,0.005952380952380952,3,1.5976177603890862,0.40238223961090985,0.005,761.8298532213385,934.9746191490385,763.8300612782573,42.10322279319735,26.939789297324623,False,cmp,719.7266304281411,2.142043542940896,1156.2912746524946,1158.2912746524946,1.633495145631068,0.0,True,0.32728610262811686,0.005,1157.7829258665527,1330.9276917942527,1159.7831339234715,438.05629543841155,hurdle_cmp,720.2349792140831,720.2349792140831,719.7266304281411
Matched human Lean term0,pair_412ad836,222,185,0.16666666666666666,1.9945945945945946,0.005376186997808618,0.004554777532352538,0.005405405405405406,0.9945945945945946,0.0,2,1.5863640687322764,0.40282512045690905,0.005,418.758134248564,513.5399092228222,420.75846884921964,16.435296478884993,398.60753928003874,False,cmp,402.322837769679,2.174718041998265,620.086146965893,622.086146965893,1.662162162162162,0.0,True,0.3339163645692007,0.005,620.8073109852032,715.5890859594615,622.8076455858588,218.48447321552425,hurdle_cmp,403.6016737503688,403.6016737503688,402.322837769679
Matched AI Lean term0,pair_412ad836,222,185,0.16666666666666666,1.9945945945945946,0.005376186997808618,0.004554777532352538,0.005405405405405406,0.9945945945945946,0.0,2,1.5863640687322764,0.40282512045690905,0.005,418.758134248564,513.5399092228222,420.75846884921964,16.435296478884993,398.60753928003874,False,cmp,402.322837769679,2.174718041998265,620.086146965893,622.086146965893,1.662162162162162,0.0,True,0.3339163645692007,0.005,620.8073109852032,715.5890859594615,622.8076455858588,218.48447321552425,hurdle_cmp,403.6016737503688,403.6016737503688,402.322837769679
Matched human Lean term0,pair_43cbe160,16730,16427,0.018111177525403466,1.999512996895355,0.0018260244703940372,0.0015388373451862647,0.0011566323735313813,0.998173738357582,0.0006696292688865891,3,1.5929705264378677,0.4053858380839522,0.005,37053.894361376006,45536.22263685703,37055.91496442922,481.70369833381847,34.694400628177426,False,cmp,36572.19066304219,2.226346299570353,44146.92613983818,44148.92613983818,1.963299462044232,0.0,True,0.39678387634337386,0.005,40087.176190802646,48569.504466283666,40089.19679385586,3514.98552776046,hurdle_cmp,40633.94061207772,40633.94061207772,36572.19066304219
Matched AI Lean term0,pair_43cbe160,15895,15627,0.016860648002516514,2.000255967236194,0.0014077542798397152,0.0011854017249882114,0.0005759262814359762,0.9985921802009343,0.0008318935176297434,3,1.5939678303699232,0.4057122105848309,0.005,35256.788427794614,43334.78862801658,35258.790957077465,366.62752896919847,35.88104041444825,False,cmp,34890.160898825416,2.2326845139070466,41919.96710341367,41921.96710341367,1.9665303554576912,0.0,True,0.39771402884196516,0.005,37978.610432593945,46056.61063281591,37980.612961876795,3088.449533768531,hurdle_cmp,38833.51756964514,38833.51756964514,34890.160898825416
Matched human Lean term0,pair_44418174,4138,3877,0.06307394876752054,2.0005158627805004,0.001031459446592468,0.0008682991733173186,0.00025793139025019347,0.9989682744389993,0.0007737941707505803,3,1.5943166523675871,0.40594127902265925,0.005,8748.854994807014,10754.098549116108,8750.940273702461,71.5067335300264,38.04259565350499,False,cmp,8677.348261276988,2.238160500716272,11148.390117651681,11150.390117651681,1.874335427742871,0.0,True,0.37777103938456835,0.005,10698.554802820405,12703.798357129499,10700.640081715852,2021.2065415434174,hurdle_cmp,9129.183576108264,9129.183576108264,8677.348261276988
Matched AI Lean term0,pair_44418174,4227,3975,0.05961674946770759,2.000251572327044,0.0007546536924963413,0.0006354603450795215,0.00025157232704402514,0.999245283018868,0.0005031446540880503,3,1.593961931506022,0.4060380684939737,0.005,8968.602680922824,11024.426339493908,8970.612458569716,56.951826751523186,39.16688891916537,False,cmp,8911.650854171301,2.2419247431877487,11370.56218305282,11372.56218305282,1.8810030754672344,0.0,True,0.37931849660953465,0.005,10880.460111455672,12936.283770026756,10882.469889102564,1968.8092572843711,hurdle_cmp,9403.75292576845,9403.75292576845,8911.650854171301
Matched human Lean term0,pair_4453d7a8,1777,1656,0.06809229037703995,1.9993961352657006,0.0006035000816821863,0.0005086489217889597,0.0006038647342995169,0.9993961352657005,0.0,2,1.5928136449311179,0.40597862560027914,0.005,3736.2008950459704,4592.020327644395,3738.2944932930404,20.82371668436099,337.5192745263349,False,cmp,3715.3771783616094,2.2435852526338222,4797.289564055654,4799.289564055654,1.863252673044457,0.0,True,0.3756275795737866,0.005,4621.995770934671,5477.815203533096,4624.089369181741,906.6185925730615,hurdle_cmp,3892.670971482593,3892.670971482593,3715.3771783616094
Matched AI Lean term0,pair_4453d7a8,581,515,0.11359724612736662,2.0058252427184464,0.017441794702610994,0.01459936748971098,0.005825242718446602,0.9825242718446602,0.011650485436893204,3,1.6014380631518585,0.398561936848137,0.005,1169.6555423063244,1434.0333625367007,1171.725353856734,106.14417189493179,23.58467390507392,False,cmp,1063.5113704113926,2.0650706221580437,1602.0415028122768,1604.0415028122768,1.7779690189328743,0.0,True,0.3506632149028199,0.005,1582.9695881371088,1847.347408367485,1585.0393996875184,519.4582177257162,hurdle_cmp,1084.5832850865606,1084.5832850865606,1063.5113704113926
Matched human Lean term0,pair_452bb14f,12423,12092,0.02664412782741689,2.0002480979159776,0.0019020224699182987,0.0016016146041502154,0.0008269930532583526,0.9980979159775057,0.0010750909692358584,3,1.5939572681338778,0.4054638367288374,0.005,27284.107448308656,33532.301340306076,27286.170665235753,369.6296109514078,34.353765513568426,False,cmp,26914.477837357248,2.2258086203570335,32923.83515220693,32925.83515220693,1.9469532319085567,0.0,True,0.3931053305051639,0.005,30339.08231576021,36587.276207757626,30341.145532687307,3424.604478402961,hurdle_cmp,29501.230673803966,29501.230673803966,26914.477837357248
Matched AI Lean term0,pair_452bb14f,5137,4862,0.05353319057815846,2.0012340600575893,0.003289303916012848,0.0027668507560243954,0.0010283833813245578,0.9967091731797614,0.0022624434389140274,3,1.5952804792792883,0.4049251973969725,0.005,10978.552617276704,13490.640433799075,10980.553718172816,238.7537838020362,31.974367008422302,False,cmp,10739.798833474668,2.2089261278228443,13789.430396199252,13791.430396199252,1.8941016157290247,0.0,True,0.38092102060741934,0.005,13125.660413565907,15637.74823008828,13127.66151446202,2385.8615800912403,hurdle_cmp,11405.56881610801,11405.56881610801,10739.798833474666
Matched human Lean term0,pair_45b25f4e,5994,5752,0.040373707040373706,2.000173852573018,0.0008692326403732586,0.0007320034192838832,0.0003477051460361613,0.9991307371349096,0.000521557719054242,3,1.5938576147510108,0.40596853267596705,0.005,12976.951802862692,15951.316537765611,12979.729486757522,91.2044190170709,38.2797552996334,False,cmp,12885.74738384562,2.2402203379425627,15986.740666989725,15988.740666989725,1.9194194194194194,0.0,True,0.3875484030494871,0.005,15006.482192239884,17980.846927142804,15009.259876134714,2120.7348083942643,hurdle_cmp,13868.005858595461,13868.005858595461,12885.74738384562
Matched AI Lean term0,pair_45b25f4e,5380,5145,0.04368029739776952,1.9998056365403305,0.0005830526018542916,0.000491198448966319,0.00038872691933916425,0.9994169096209913,0.00019436345966958212,3,1.593363363207498,0.4060535464134893,0.005,11605.498677064821,14265.58258437138,11607.589687427544,58.50034555973252,40.440616144607695,False,cmp,11546.998331505089,2.2443145445102215,14369.401659648185,14371.401659648185,1.912453531598513,0.0,True,0.3861683449867941,0.005,13538.584322694534,16198.668230001093,13540.675333057257,1991.5859911894463,hurdle_cmp,12379.81566845874,12379.81566845874,11546.998331505089
Matched human Lean term0,pair_47d24c12,1602,1479,0.07677902621722846,1.9993238674780256,0.0006756753667870355,0.0005695248693146359,0.000676132521974307,0.9993238674780257,0.0,2,1.5927166265102548,0.4059311084457926,0.005,3337.0256803213074,4101.272087650922,3339.026826086552,20.597566640703008,377.7537722080883,False,cmp,3316.4281136806044,2.242344904449361,4340.12003812144,4342.12003812144,1.8458177278401997,0.0,True,0.37194042259099125,0.005,4206.769083122234,4971.0154904518495,4208.770228887479,890.3409694416303,hurdle_cmp,3451.77906867981,3451.77906867981,3316.428113680604
Matched AI Lean term0,pair_47d24c12,8880,8581,0.033671171171171174,1.9994173173289826,0.0008154162203292055,0.0006872428516984159,0.0006992192052208367,0.9991842442605757,0.0001165365342034728,3,1.592842081221818,0.40587601690193975,0.005,19352.63877888178,23786.650896602743,19354.800433470242,123.29545483342372,40.25322366505258,False,cmp,19229.343324048357,2.2409210259932824,23606.309812143725,23608.309812143725,1.9320945945945946,0.0,True,0.3903508994437582,0.005,21970.341891187534,26404.354008908493,21972.503545775995,2740.998567139175,hurdle_cmp,20867.311245004552,20867.311245004552,19229.343324048357
Matched human Lean term0,pair_4860e4db,8502,8184,0.0374029640084686,1.9986559139784945,0.004030451497282923,0.0033997027120037495,0.002688172043010753,0.9959677419354839,0.0013440860215053765,3,1.591819831127192,0.4041479108082875,0.005,18462.687377617574,22677.609467392977,18464.68844448037,475.7629927379312,30.88519090216951,False,cmp,17986.924384879643,2.1978157850537197,22648.55059455535,22650.55059455535,1.9239002587626441,0.0,True,0.38700489920183107,0.005,21178.541493311783,25393.463583087185,21180.542560174577,3191.6171084321395,hurdle_cmp,19458.93348612321,19458.93348612321,17986.924384879643
Matched AI Lean term0,pair_4860e4db,13373,13046,0.024452254542735363,1.9994634370688333,0.0019160082829589016,0.0016147551969852712,0.0012264295569523226,0.998083703817262,0.0006898666257856814,3,1.5929039951140518,0.40533301239782527,0.005,29427.804885449925,36163.48653133811,29429.807706989475,399.49102369707543,34.47594916498577,False,cmp,29028.31386175285,2.225073881783907,35399.22993534675,35401.22993534675,1.9505720481567337,0.0,True,0.3939011323035481,0.005,32502.75850549511,39238.44015138329,32504.76132703466,3474.4446437422584,hurdle_cmp,31926.785291604494,31926.785291604494,29028.31386175285
Matched human Lean term0,pair_48881c66,11281,10909,0.03297580001772892,1.99761664680539,0.0038443517111504395,0.0032463640060374993,0.003116692639105326,0.9961499679163993,0.0007333394444953708,3,1.5904242299675326,0.40407572419874804,0.005,24598.89390441885,30212.095696959295,24600.906181042697,595.7513584833359,32.01546904016397,False,cmp,24003.142545935512,2.2003064025974437,29982.81940135072,29984.81940135072,1.9317436397482493,0.0,True,0.38880625323789986,0.005,27871.003902201985,33484.20569474243,27873.016178825834,3867.8613562664705,hurdle_cmp,26116.958045084248,26116.958045084248,24003.142545935516
Matched AI Lean term0,pair_48881c66,12628,12278,0.02771618625277162,2.000081446489656,0.00122169071131376,0.0010289198727726637,0.0005701254275940707,0.9987783026551555,0.0006515719172503665,3,1.5937335832871335,0.4057777377749244,0.005,27698.61700562825,34045.23058529956,27700.72347085001,255.93479026621208,36.50953671891934,False,cmp,27442.682215362038,2.2351101331944974,33480.03835016533,33482.03835016533,1.9446468165980362,0.0,True,0.3929250950689984,0.005,30900.842542230806,37247.45612190212,30902.949007452567,3458.1603268687677,hurdle_cmp,30023.87802329656,30023.87802329656,27442.682215362038
Matched human Lean term0,pair_49366beb,2084,1923,0.07725527831094049,1.998439937597504,0.0015576286077964175,0.0013141722468441386,0.0015600624024961,0.9984399375975039,0.0,2,1.5915298308480919,0.40535004434691185,0.005,4337.434485156826,5329.526887863127,4339.435561513268,48.77349411859177,376.07001603627884,False,cmp,4288.660991038234,2.230192923056804,5646.128426752658,5648.128426752658,1.8440499040307101,0.0,True,0.371164287399089,0.005,5473.189197273119,6465.28159997942,5475.1902736295615,1184.5282062348854,hurdle_cmp,4463.600220517773,4463.600220517773,4288.660991038234
Matched AI Lean term0,pair_49366beb,1931,1757,0.09010875194199897,1.9988616960728514,0.0022753121184665354,0.001918809602236997,0.001707455890722823,0.9977233921457029,0.0005691519635742744,3,1.592096129453568,0.40505811072855646,0.005,3964.3340556012645,4870.66465730083,3966.3353445885996,65.17011768612429,34.132596047842526,False,cmp,3899.16393791514,2.219216811562402,5258.3682835603395,5260.3682835603395,1.8187467633350596,0.0,True,0.36561993387987735,0.005,5135.706576324072,6042.037178023637,5137.707865311407,1236.5426384089315,hurdle_cmp,4023.825645151408,4023.825645151408,3899.16393791514
Matched human Lean term0,pair_496aea54,88,62,0.29545454545454547,2.0,0.0,0.0,0.0,1.0,0.0,2,1.5936242600400345,0.40637573995996135,0.005,141.8240651822383,173.90050077886644,143.82407929556481,4.0,438.78606306814396,False,cmp,137.8240651822383,2.222968793261908,250.89995210997927,250.6496608076942,1.5936242600400345,0.11579476767283436,False,0.28631018042633644,0.005,250.6496608076942,282.72609640432233,252.64967492102073,112.82559562545592,hurdle_cmp,137.8240651822383,137.8240651822383,137.8240651822383
Matched AI Lean term0,pair_496aea54,88,62,0.29545454545454547,2.0,0.0,0.0,0.0,1.0,0.0,2,1.5936242600400345,0.40637573995996135,0.005,141.8240651822383,173.90050077886644,143.82407929556481,4.0,438.78606306814396,False,cmp,137.8240651822383,2.222968793261908,250.89995210997927,250.6496608076942,1.5936242600400345,0.11579476767283436,False,0.28631018042633644,0.005,250.6496608076942,282.72609640432233,252.64967492102073,112.82559562545592,hurdle_cmp,137.8240651822383,137.8240651822383,137.8240651822383
Matched human Lean term0,pair_496f71fb,54,37,0.3148148148148148,2.0,0.0,0.0,0.0,1.0,0.0,2,1.5936242600400345,0.40637573995996135,0.005,85.44339373778737,104.5857827228719,87.44828270954434,4.0,438.80008768735377,False,cmp,81.44339373778737,2.201172803723983,154.66089645873143,154.71649153314505,1.5936242600400345,0.1400919245946083,False,0.2784426366392328,0.005,154.71649153314505,173.85888051822957,156.72138050490202,73.27309779535767,hurdle_cmp,81.44339373778737,81.44339373778737,81.44339373778737
Matched AI Lean term0,pair_496f71fb,54,37,0.3148148148148148,2.0,0.0,0.0,0.0,1.0,0.0,2,1.5936242600400345,0.40637573995996135,0.005,85.44339373778737,104.5857827228719,87.44828270954434,4.0,438.80008768735377,False,cmp,81.44339373778737,2.201172803723983,154.66089645873143,154.71649153314505,1.5936242600400345,0.1400919245946083,False,0.2784426366392328,0.005,154.71649153314505,173.85888051822957,156.72138050490202,73.27309779535767,hurdle_cmp,81.44339373778737,81.44339373778737,81.44339373778737
Matched human Lean term0,pair_496fbd44,9644,9367,0.028722521775197015,2.0,0.0004270310665100886,0.0003596812792668607,0.0002135155332550443,0.9995729689334899,0.0002135155332550443,3,1.5936242600400345,0.4061622244267063,0.005,21128.331837239304,25972.83856122003,21130.398908776457,79.61269942345098,41.68730839770868,False,cmp,21048.719137815853,2.2471142455232043,25578.135729514892,25580.135729514892,1.942554956449606,0.0,True,0.3928478634329756,0.005,23643.039260230544,28487.54598421127,23645.106331767696,2594.320122414691,hurdle_cmp,22985.8156071002,22985.8156071002,21048.719137815853
Matched AI Lean term0,pair_496fbd44,13918,13651,0.019183790774536573,2.0,0.0002930188264596,0.00024680496248572886,0.0001465094132298,0.9997069811735404,0.0001465094132298,3,1.5936242600400345,0.40622923054673155,0.005,30789.72369596042,37850.60864729525,30791.79407687666,82.62619490269572,43.54634041593476,False,cmp,30707.097501057724,2.2494394184351125,36741.007249673654,36743.007249673654,1.9616324184509268,0.0,True,0.3971629343452431,0.005,33431.83879186527,40492.723743200106,33433.90917278151,2724.7412908075476,hurdle_cmp,34018.265958866104,34018.265958866104,30707.097501057724
Matched human Lean term0,pair_49737f41,1957,1751,0.10526315789473684,1.9960022844089091,0.007408347224935673,0.00626689963839003,0.0057110222729868645,0.9925756710451171,0.0017133066818960593,3,1.5882556748174632,0.40203558731845507,0.005,3950.131505366532,4847.084772076032,3952.3279647791996,171.42637194570852,28.41130204067604,False,cmp,3778.7051334208236,2.1580269180016125,5358.484552411615,5360.484552411615,1.7858967807869188,0.0,True,0.35667324616029117,0.005,5269.175900548414,6166.129167257914,5271.372359961081,1490.4707671275903,hurdle_cmp,3870.0137852840253,3870.0137852840253,3778.7051334208236
Matched AI Lean term0,pair_49737f41,3776,3552,0.059322033898305086,2.0014076576576576,0.0036579284098287464,0.0030763509374613367,0.0011261261261261261,0.9963400900900901,0.002533783783783784,3,1.5955134244315314,0.40476810709999594,0.005,8022.129609025071,9857.163096532002,8024.130151421315,191.86888980309595,31.46926340247496,False,cmp,7830.260719221975,2.204465292573754,10162.67087132334,10164.67087132334,1.8826800847457628,0.0,True,0.3783097966604879,0.005,9724.069596090168,11559.1030835971,9726.070138486413,1893.8088768681944,hurdle_cmp,8270.861994455146,8270.861994455146,7830.260719221974
Matched human Lean term0,pair_49f9b472,2731,2469,0.09593555474185281,1.9995949777237747,0.002834991890532108,0.0023889089439862237,0.0016200891049007696,0.9971648440664237,0.001215066828675577,3,1.5930805794653753,0.40489430915349484,0.005,5572.133288610575,6846.135058296741,5574.133539089931,109.66006601313711,32.388864479225866,False,cmp,5462.473222597438,2.2124233384355763,7453.51044815589,7455.51044815589,1.8077627242768217,0.0,True,0.3631309487786838,0.005,7300.45065774264,8574.452427428807,7302.450908221997,1837.977435145203,hurdle_cmp,5617.533013010687,5617.533013010687,5462.473222597437
Matched AI Lean term0,pair_49f9b472,3200,2921,0.0871875,1.9986306059568641,0.003421609867794405,0.0028862209975724974,0.002396439575487847,0.9965765148921603,0.0010270455323519343,3,1.591785849776314,0.4044483166050582,0.005,6590.128735481312,8095.1837395530965,6592.17869135356,149.72493689568364,31.835026192256873,False,cmp,6440.4037985856285,2.2048626492932657,8704.204828411364,8706.204828411364,1.824375,0.0,True,0.3662487595182581,0.005,8486.413360917843,9991.468364989627,8488.46331679009,2046.0095623322134,hurdle_cmp,6660.195266079151,6660.195266079151,6440.403798585629
Matched human Lean term0,pair_4a23a011,2003,1800,0.10134797803295058,1.9983333333333333,0.0027750000000000006,0.0023415384363785524,0.0022222222222222222,0.9972222222222222,0.0005555555555555556,3,1.5913866835456805,0.40472442756542665,0.005,4060.85224218094,4988.498314862885,4062.8904929306536,77.85116285501863,33.53984994265602,False,cmp,3983.001079325921,2.2127783774032896,5476.225043982237,5478.225043982237,1.7958062905641539,0.0,True,0.3607408548561317,0.005,5376.959367383921,6304.605440065866,5378.997618133634,1393.9582880579992,hurdle_cmp,4084.266755924238,4084.266755924238,3983.0010793259216
Matched AI Lean term0,pair_4a23a011,1340,1196,0.10746268656716418,1.9974916387959867,0.004174310130759164,0.003525473137343358,0.0033444816053511705,0.995819397993311,0.0008361204013377926,3,1.5902563374666385,0.4038908197239931,0.005,2698.693090054463,3313.85346144779,2700.6932752428966,73.75609244989755,31.5164142937608,False,cmp,2624.9369976045655,2.1947633759235496,3671.9953976005327,3673.9953976005327,1.7828358208955224,0.0,True,0.35751557216294083,0.005,3615.0484335197593,4230.208804913086,3617.048618708193,990.1114359151939,hurdle_cmp,2683.883961685339,2683.883961685339,2624.9369976045655
Matched human Lean term0,pair_4c39d86a,10926,10617,0.02828116419549698,2.0029198455307524,0.004229959949943172,0.0035516606769061556,0.0006593199585570312,0.9957615145521334,0.0035791654893095977,3,1.5975421816488382,0.40471834392335326,0.005,23990.565191191192,29481.504397569028,23992.57444457732,624.4287950586295,31.934811469403858,False,cmp,23366.136396132562,2.200822868619437,29002.616691545838,29004.616691545838,1.946274940508878,0.0,True,0.39182107083929824,0.005,26805.25837461332,32296.197580991156,26807.26762799945,3439.121978480759,hurdle_cmp,25565.49471306508,25565.49471306508,23366.136396132562
Matched AI Lean term0,pair_4c39d86a,9532,9230,0.03168275283256399,2.0022751895991333,0.004003490901237075,0.0033638348578568134,0.000866738894907909,0.9959913326110509,0.00314192849404117,3,1.5966773964413714,0.4047310542628501,0.005,20850.760389601397,25622.082225506452,20852.772116204524,524.9131388721289,31.58264624539705,False,cmp,20325.847250729268,2.2021502980205057,25340.006609993357,25342.006609993357,1.9388375996642888,0.0,True,0.39029173309813076,0.005,23532.087141314256,28303.40897721931,23534.098867917382,3206.239890584988,hurdle_cmp,22135.76671940837,22135.76671940837,20325.847250729268
Matched human Lean term0,pair_4c7ab903,1571,1380,0.1215786123488224,1.9949275362318841,0.012293110691031298,0.010411135005039429,0.008695652173913044,0.9876811594202899,0.0036231884057971015,3,1.5868115210476454,0.3994203630103217,0.005,3115.0578441632097,3818.450577378896,3117.077854974663,207.87211806089908,25.502921451030804,False,cmp,2907.1857261023106,2.106656323262544,4326.687167818945,4328.687167818945,1.7523870146403564,0.0,True,0.3479357550324452,0.005,4279.781686351108,4983.174419566794,4281.801697162561,1372.5959602487972,hurdle_cmp,2956.091207570148,2956.091207570148,2907.1857261023106
Matched AI Lean term0,pair_4c7ab903,2602,2402,0.07686395080707148,1.9987510407993339,0.0070758755713563725,0.005967918621932077,0.004163197335553705,0.9929225645295587,0.0029142381348875937,3,1.5919475571209802,0.402640286342796,0.005,5423.365448450764,6657.5973531270165,5425.367198424066,229.2429063813761,27.88257402414943,False,cmp,5194.122542069388,2.1624157127682717,7053.750641339713,7055.750641339713,1.845119139123751,0.0,True,0.36884015471951886,0.005,6835.870230962364,8070.102135638616,6837.871980935666,1641.747688892976,hurdle_cmp,5414.002952446737,5414.002952446737,5194.122542069388
Matched human Lean term0,pair_4cffc8e6,2587,2405,0.07035175879396985,1.9846153846153847,0.018474332320486165,0.015822609273581117,0.01704781704781705,0.9812889812889813,0.0016632016632016633,3,1.5729363080810557,0.39463125948650835,0.005,5411.77410144211,6618.496161047102,5413.781896046044,478.22691327489156,25.730840900714696,False,cmp,4933.547188167218,2.0513709722109015,6987.291585006313,6989.291585006313,1.8449942017781213,0.0,True,0.36338349651495305,0.005,6730.804877959938,7937.5269375649295,6732.81267256387,1797.2576897927188,hurdle_cmp,5192.0338952135935,5192.0338952135935,4933.547188167218
Matched AI Lean term0,pair_4cffc8e6,13947,13640,0.02201190220119022,2.002639296187683,0.0060047643209122726,0.005043383304424143,0.001686217008797654,0.9939882697947214,0.004325513196480939,3,1.5971658497418801,0.4037872294370013,0.005,30827.413086405846,37869.969323616155,30830.091514262935,1103.5289690714562,29.142916407410695,False,cmp,29723.88411733439,2.1791703898338994,36916.72929084449,36918.72929084449,1.9585573958557396,0.0,True,0.39367834203110047,0.005,33779.73488161021,40822.29111882052,33782.4133094673,4055.8507642758195,hurdle_cmp,32862.87852656867,32862.87852656867,29723.88411733439
Matched human Lean term0,pair_4d25cb85,12185,11876,0.025359048009848173,2.0001684068710004,0.0021892609621301778,0.0018436444162279841,0.0010104412260020209,0.9978107106769957,0.0011788480970023577,3,1.5938503053673865,0.4053076602776079,0.005,26797.335447721074,32932.03608564919,26799.376137706706,410.2899656133959,33.63102875810025,False,cmp,26387.04548210768,2.221879882292664,32274.017694350136,32276.017694350136,1.949446040213377,0.0,True,0.393518354033112,0.005,29680.347379555104,35815.04801748322,29682.388069540735,3293.301897447426,hurdle_cmp,28982.71579690271,28982.71579690271,26387.04548210768
Matched AI Lean term0,pair_4d25cb85,18968,18637,0.017450442851117673,2.0013950743145354,0.002466262170296833,0.0020741768907500528,0.0005365670440521543,0.99753179159736,0.0019316413585877556,3,1.595496539557843,0.4053619677126362,0.005,42073.636990391526,51710.761546446054,42075.74077445475,696.4484914590139,33.97277022399392,False,cmp,41377.18849893251,2.2201635724061015,50056.10279901906,50058.10279901906,1.9664698439477013,0.0,True,0.39717989904763695,0.005,45411.861346134676,55048.985902189204,45413.9651301979,4034.672847202167,hurdle_cmp,46023.4299518169,46023.4299518169,41377.18849893251
Matched human Lean term0,pair_4d494975,389,322,0.17223650385604114,1.9937888198757765,0.018594961614135257,0.01576765512462835,0.012422360248447204,0.9813664596273292,0.006211180124223602,3,1.5852810137381266,0.396085445889199,0.005,728.8858766896667,891.9947492992969,730.886244176413,71.31920413973785,23.262340889804758,False,cmp,657.5666725499289,2.042132523446984,1087.9405512589724,1089.9405512589724,1.6503856041131106,0.0,True,0.3262907957834529,0.005,1088.3105996958295,1251.4194723054597,1090.310967182576,430.74392714590067,hurdle_cmp,659.1966241130717,659.1966241130717,657.5666725499289
Matched AI Lean term0,pair_4d494975,2113,1957,0.07382867960246095,2.0005109862033725,0.002554669909962507,0.0021505735567376966,0.001021972406745018,0.9974450689831375,0.0015329586101175269,3,1.5943101074051624,0.4051789063914607,0.005,4418.365593702672,5429.3421683565275,4420.367239989199,80.41463237552671,32.95343567193538,False,cmp,4337.950961327146,2.2166330921446837,5719.984543688124,5721.984543688124,1.8528159015617605,0.0,True,0.3725321387201488,0.005,5533.62843349803,6544.605008151885,5535.630079784557,1195.6774721708844,hurdle_cmp,4526.30707151724,4526.30707151724,4337.950961327146
Matched human Lean term0,pair_4d68f3d1,4044,3838,0.050939663699307615,1.9981761334028139,0.001820540107821703,0.0015364279117173853,0.0018238665971860343,0.998176133402814,0.0,2,1.5911755902775524,0.4051766765280715,0.005,8654.37001072426,10633.485066067795,8656.610375281636,106.28237655060366,378.5706910977383,False,cmp,8548.087634173657,2.2272245008269036,10835.311031545763,10837.311031545763,1.8963897131552918,0.0,True,0.38210522243299405,0.005,10284.264304024957,12263.379359368491,10286.504668582333,1736.1766698512997,hurdle_cmp,9101.134361694463,9101.134361694463,8548.087634173657
Matched AI Lean term0,pair_4d68f3d1,3017,2801,0.07159429897248923,1.9967868618350588,0.003916844611394334,0.0033105453669750222,0.003570153516601214,0.9960728311317386,0.0003570153516601214,3,1.5893096917408724,0.40390701657758105,0.005,6315.588519066004,7755.529879348598,6317.588870259704,154.5351417272177,33.45555726980281,False,cmp,6161.053377338786,2.1995906381073853,8154.754343021926,8156.754343021926,1.8538283062645011,0.0,True,0.3721044425027388,0.005,7872.812897025091,9312.754257307686,7874.813248218791,1711.759519686305,hurdle_cmp,6444.994823335621,6444.994823335621,6161.053377338786
Matched human Lean term0,pair_4eec1381,11646,11277,0.03168469860896445,1.998226478673406,0.0024797844793356502,0.002092677433943693,0.002128225591912743,0.9975170701427685,0.00035470426531879044,3,1.591243196420375,0.4048550566611143,0.005,25428.321646858898,31240.739382519172,25430.32291413082,418.8026315430179,34.75449780048476,False,cmp,25009.51901531588,2.217745767075985,30931.062308844164,30933.062308844164,1.9349132749441869,0.0,True,0.39016397375785916,0.005,28704.022516022414,34516.44025168269,28706.02378329434,3694.503500706536,hurdle_cmp,27238.558808137626,27238.558808137626,25009.519015315876
Matched AI Lean term0,pair_4eec1381,4516,4240,0.06111603188662533,2.003301886792453,0.004706078675685296,0.003949811223592994,0.0007075471698113207,0.9952830188679245,0.004009433962264151,3,1.598054616229526,0.4045397233931112,0.005,9584.268618741256,11777.16122823006,9586.29913993945,275.07734218158294,31.478294876019433,False,cmp,9309.191276559673,2.195563980320678,12169.195271244651,12171.195271244651,1.8808680248007086,0.0,True,0.3774302088355413,0.005,11663.87560094348,13856.768210432283,11665.906122141674,2354.684324383806,hurdle_cmp,9816.510946860844,9816.510946860844,9309.191276559673
Matched human Lean term0,pair_4fd720f4,1846,1660,0.10075839653304441,1.9993975903614458,0.0018068660182900271,0.0015228813371532984,0.0012048192771084338,0.9981927710843373,0.0006024096385542169,3,1.5928155983584467,0.4053771727258868,0.005,3746.032733919431,4603.110683261342,3748.588051083739,51.709423663516645,34.85476260086078,False,cmp,3694.3233102559143,2.225495970033683,5046.541046303772,5048.541046303772,1.7979414951245938,0.0,True,0.3616078304195002,0.005,4954.379529626013,5811.4574789679245,4956.934846790322,1260.056219370099,hurdle_cmp,3788.4848269336735,3788.4848269336735,3694.3233102559143
Matched AI Lean term0,pair_4fd720f4,6395,6159,0.03690383111806098,2.002273096281864,0.0029173853956898695,0.0024512669054745553,0.000324728040266277,0.9970774476376035,0.002597824322130216,3,1.5966745881112339,0.40527378013035986,0.005,13911.250135851733,17097.766167716956,13913.30622050562,262.5760284156422,34.47839950669323,False,cmp,13648.67410743609,2.2160535975703994,17040.187941022778,17042.187941022778,1.928381548084441,0.0,True,0.3885212095760341,0.005,15933.767311452188,19120.28334331741,15935.823396106074,2285.093204016097,hurdle_cmp,14757.09473700668,14757.09473700668,13648.67410743609
Matched human Lean term0,pair_512e1ab2,8036,7712,0.04031856645097063,1.9984439834024896,0.0036282842065391433,0.003061172337055012,0.0025933609958506223,0.9963692946058091,0.001037344398340249,3,1.5915352634502118,0.4043153589564231,0.005,17395.32996045096,21367.559350210006,17398.562813010798,408.02770208590664,31.614588558088784,False,cmp,16987.302258365053,2.202710355078456,21433.903484651742,21435.903484651742,1.917869586859134,0.0,True,0.38588494876146473,0.005,20112.77875449919,24085.008144258238,20116.01160705903,3125.4764961341402,hurdle_cmp,18310.426988517604,18310.426988517604,16987.302258365053
Matched AI Lean term0,pair_512e1ab2,15715,15374,0.02169901368119631,2.0009106283335503,0.0020806069470099063,0.001750744750782257,0.0005854039287108105,0.9979185638090282,0.0014960322622609601,3,1.5948464511879659,0.4054787732168693,0.005,34698.858189640625,42647.180765272555,34700.897988247,501.13829014310613,34.390060338438985,False,cmp,34197.71989949752,2.224386620235301,41553.46283160774,41555.46283160774,1.9574928412344894,0.0,True,0.3953618186604531,0.005,37987.79785588028,45936.12043151221,37989.837654486655,3790.077956382763,hurdle_cmp,37765.38487522498,37765.38487522498,34197.71989949752
Matched human Lean term0,pair_517e0184,13073,12712,0.02761416660292205,2.000157331655129,0.0004719702121373301,0.00039746546201824035,0.00015733165512901197,0.9995280050346129,0.00031466331025802394,3,1.5938354398536416,0.4061645601463543,0.005,28674.59581731612,35249.92026851506,28676.64561443952,115.53784449095838,41.48377459359451,False,cmp,28559.05797282516,2.2466219298949937,34654.65813200089,34656.65813200089,1.9449246538667482,0.0,True,0.39335117396309255,0.005,31980.099884090556,38555.4243352895,31982.149681213956,3421.041911265396,hurdle_cmp,31235.616220735497,31235.616220735497,28559.05797282516
Matched AI Lean term0,pair_517e0184,21554,21189,0.01693421174723949,2.0006607201850017,0.0011322266231256774,0.000952978063814889,0.00023597149464344707,0.9988673368257115,0.0008966916796450989,3,1.5945110652971868,0.4059136833931677,0.005,47809.761592003924,58769.78593308045,47811.9277404763,402.1291441011708,37.89798555212775,False,cmp,47407.63244790275,2.2373699772477584,56847.25769880779,56849.25769880779,1.9667811079150042,0.0,True,0.39790570272895875,0.005,51512.79153410259,62472.81587517911,51514.95768257496,4105.159086199836,hurdle_cmp,52744.09861260796,52744.09861260796,47407.63244790275
Matched human Lean term0,pair_535c413d,5994,5734,0.04337671004337671,2.0001743983257763,0.0008719612141043292,0.0007343007908395172,0.0003487966515521451,0.9991280083711196,0.0005231949773282176,3,1.593858347276122,0.40596725439809833,0.005,12936.357718963065,15901.409940492465,12938.416559891919,91.1730628387304,38.264325424266595,False,cmp,12845.184656124335,2.24017869831258,16008.62024246745,16010.62024246745,1.9134134134134133,0.0,True,0.3862389052736234,0.005,15078.586036967836,18043.638258497238,15080.64487789669,2233.401380843501,hurdle_cmp,13777.21886162395,13777.21886162395,12845.184656124335
Matched AI Lean term0,pair_535c413d,7036,6780,0.036384309266628764,2.0001474926253686,0.0007374413727691196,0.0006210361856061754,0.0002949852507374631,0.9992625368731564,0.0004424778761061947,3,1.593822233556611,0.40603027381801576,0.005,15295.325034858513,18801.53775740596,15297.327431640404,92.84937317215372,39.09156897456928,False,cmp,15202.47566168636,2.2422530474463658,18730.5721738731,18732.5721738731,1.9273735076748153,0.0,True,0.3893519005620475,0.005,17496.467827439974,21002.68054998742,17498.470224221863,2293.992165753614,hurdle_cmp,16438.580008119487,16438.580008119487,15202.47566168636
Matched human Lean term0,pair_54aff7bc,2359,2162,0.08350996184824078,2.0,0.0018501387604070306,0.0015583416017079948,0.0009250693802035153,0.9981498612395929,0.0009250693802035153,3,1.5936242600400345,0.4054506705797578,0.005,4879.422326948548,5996.336817482407,4881.422599783571,67.87772960378788,34.44819948729405,False,cmp,4811.54459734476,2.225506289243645,6408.594345982522,6410.594345982522,1.8329800763035184,0.0,True,0.36873838766667355,0.005,6236.711778258052,7353.626268791911,6238.7120510930745,1425.167180913291,hurdle_cmp,4985.427165069231,4985.427165069231,4811.54459734476
Matched AI Lean term0,pair_54aff7bc,2864,2672,0.0670391061452514,2.000374251497006,0.0011226144268349527,0.0009451789272216854,0.00037425149700598805,0.998877245508982,0.0007485029940119761,3,1.5941265896767574,0.405873410323239,0.005,6030.041981930584,7411.743173095075,6032.042741327466,54.567537028488005,37.20612885840694,False,cmp,5975.474444902096,2.2363302563256346,7729.243550108566,7731.243550108566,1.8662709497206704,0.0,True,0.37602232761042836,0.005,7440.624790712697,8822.325981877188,7442.625550109578,1465.150345810601,hurdle_cmp,6266.093204297965,6266.093204297965,5975.474444902096
Matched human Lean term0,pair_564fee0e,2240,2021,0.09776785714285714,1.9990103908955963,0.0039574570914355225,0.003336856400761592,0.002474022761009401,0.9960415635823849,0.0014844136566056407,3,1.5922957698687217,0.404240598265861,0.005,4561.336057164973,5602.628228825308,4563.479835760569,119.06380251652445,30.845406397914157,False,cmp,4442.272254648448,2.1980565337201625,6118.028990812337,6120.028990812337,1.8035714285714286,0.0,True,0.3617750949217786,0.005,5997.610694683813,7038.902866344148,5999.754473279409,1555.338440035364,hurdle_cmp,4564.6905507769725,4564.6905507769725,4442.272254648448
Matched AI Lean term0,pair_564fee0e,1461,1277,0.12594113620807665,1.9992169146436962,0.00391481355884393,0.0033001656192706234,0.0023492560689115116,0.9960845732184808,0.0015661707126076742,3,1.5925730409178918,0.4042946176568889,0.005,2883.091625350754,3541.2091122430265,2885.119256054716,76.13882425337215,30.840996831085977,False,cmp,2806.952801097382,2.1980836343753967,4028.6297491854684,4030.6297491854684,1.7474332648870636,0.0,True,0.3506648048285533,0.005,3991.3534833790854,4649.470970271358,3993.3811140830476,1184.400682281704,hurdle_cmp,2846.2290669037648,2846.2290669037648,2806.952801097382
Matched human Lean term0,pair_567a7178,11338,11049,0.025489504321749866,2.000905059281383,0.0016282875741864575,0.001370144900875941,0.00036202371255317223,0.9983708932935107,0.0012670829939361028,3,1.594838977529727,0.40570405803909887,0.005,24935.889680913308,30650.191212388883,24940.757630189935,290.1501285682898,35.9874863674487,False,cmp,24645.739552345018,2.230585532839625,30033.838770117218,30035.838770117218,1.949902981125419,0.0,True,0.39389312796410547,0.005,27629.42417178861,33343.72570326419,27634.29212106524,2983.684619443594,hurdle_cmp,27052.154150673625,27052.154150673625,24645.739552345018
Matched AI Lean term0,pair_567a7178,17065,16762,0.017755640199238205,2.0004176112635723,0.0006560718721605412,0.0005523502627351813,0.00011931750387781887,0.999343753728672,0.000536928767450185,3,1.5941847853835578,0.4061135083761325,0.005,37814.588409052136,46485.834761376755,37816.67742138275,197.66128206532449,40.84710703250179,False,cmp,37616.92712698681,2.2441789241729393,45021.65746909397,45023.65746909397,1.9648989159097567,0.0,True,0.39771720455945947,0.005,40859.99386863588,49531.2402209605,40862.082880966496,3243.066741649066,hurdle_cmp,41780.5907274449,41780.5907274449,37616.92712698681
Matched human Lean term0,pair_5688be7b,3508,3287,0.0629988597491448,2.002433830240341,0.003036364270787123,0.0025507958339961285,0.000304228780042592,0.9969577121995741,0.0027380590203833284,3,1.5968902198522499,0.4052393816080443,0.005,7425.846849555392,9126.579761400426,7427.857507581837,146.37411771848565,34.508944866109594,False,cmp,7279.472731836906,2.214625108560057,9457.130821224397,9459.130821224397,1.8762827822120867,0.0,True,0.3772428657069204,0.005,9077.592440316355,10778.32535216139,9079.6030983428,1798.1197084794494,hurdle_cmp,7661.011112744947,7661.011112744947,7279.472731836906
Matched AI Lean term0,pair_5688be7b,3967,3736,0.058230400806654904,2.0018736616702357,0.0024054829679626202,0.002022019988415344,0.0002676659528907923,0.9975910064239829,0.0021413276231263384,3,1.596138693745732,0.40546730197160885,0.005,8437.18385161892,10370.088975136674,8439.185252652438,136.77111263299594,35.43405576463757,False,cmp,8300.412738985924,2.2217378851675385,10670.684696211867,10672.684696211867,1.885303755986892,0.0,True,0.37945742790090203,0.005,10201.090302984812,12133.995426502566,10203.09170401833,1900.6775639988878,hurdle_cmp,8772.007132212979,8772.007132212979,8300.412738985924
Matched human Lean term0,pair_57c4dba0,28310,27925,0.013599434828682444,1.9999283795881826,7.161528233397907e-05,6.032503182374803e-05,7.162041181736795e-05,0.9999283795881826,0.0,2,1.5935281243265873,0.40632863484977366,0.005,62978.30133740154,77423.76740820069,62981.02193325,46.176378540694714,346.2561493547898,False,cmp,62932.12495886085,2.253612353047837,74519.15576371546,74521.15576371546,1.9727304839279407,0.0,True,0.39976714012861037,0.005,67054.2914814547,81499.75755225384,67057.01207730315,4122.166522593851,hurdle_cmp,70398.98924112161,70398.98924112161,62932.12495886085
Matched AI Lean term0,pair_57c4dba0,25889,25576,0.01209007686662289,1.9999218016890836,7.819219594065401e-05,6.5865552180643e-05,7.819831091648421e-05,0.9999218016890835,0.0,2,1.5935192947652852,0.4063243086128779,0.005,57680.77343739944,70910.95649308103,57682.81742254914,45.82489363476634,362.3331978861659,False,cmp,57634.94854376467,2.253477812940439,68094.4876121297,68096.4876121297,1.9757425933794275,0.0,True,0.40044410108940814,0.005,61068.99568065159,74299.17873633318,61071.03966580129,3434.0471368869157,hurdle_cmp,64662.44047524278,64662.44047524278,57634.94854376467
Matched human Lean term0,pair_587b1256,2969,2699,0.09093971034018188,1.998888477213783,0.001110287303312838,0.0009362972337711053,0.0011115227862171174,0.9988884772137829,0.0,2,1.592132086822051,0.40564486760551094,0.005,6087.49166127311,7481.056410030416,6089.492520468093,50.80881014186889,366.08571549017734,False,cmp,6036.6828511312415,2.2366368473994966,8085.150119980976,8087.150119980976,1.8171101380936343,0.0,True,0.36581520305389625,0.005,7898.839425490005,9292.404174247311,7900.840284684988,1862.156574358763,hurdle_cmp,6224.993545622214,6224.993545622214,6036.6828511312415
Matched AI Lean term0,pair_587b1256,3947,3683,0.06688624271598682,2.0,0.001629106706489275,0.0013721699197227876,0.0008145533532446375,0.9983708932935107,0.0008145533532446375,3,1.5936242600400345,0.4055611866067167,0.005,8310.43330784516,10213.444264009115,8312.433831772241,101.34466778475326,35.07689034790326,False,cmp,8209.088640060407,2.228913559614555,10650.579900240453,10652.579900240453,1.8662275145680263,0.0,True,0.3757768224491589,0.005,10250.482250132069,12153.493206296023,10252.48277405915,2041.3936100716624,hurdle_cmp,8611.186290168791,8611.186290168791,8209.088640060407
Matched human Lean term0,pair_58e22ef3,3029,2843,0.06140640475404424,2.000351741118537,0.0017585818708693156,0.0014806640232317466,0.0007034822370735139,0.9982412944073162,0.001055223355610271,3,1.5940963769335765,0.405551881947883,0.005,6416.49672378203,7885.855855849182,6418.497169845706,84.15309025964234,34.79943089096802,False,cmp,6332.343633522388,2.227345632614276,8155.9988288298755,8157.9988288298755,1.8775173324529548,0.0,True,0.37810543102790933,0.005,7816.803595516138,9286.16272758329,7818.804041579813,1484.4599619937503,hurdle_cmp,6673.538866836125,6673.538866836125,6332.343633522387
Matched AI Lean term0,pair_58e22ef3,4689,4499,0.04052036681595223,2.0015559013114026,0.0024425669461703003,0.0020538936095198007,0.0004445432318292954,0.9975550122249389,0.0020004445432318294,3,1.5957123404303661,0.4053990176492032,0.005,10158.73474552753,12485.575280462634,10160.735970312893,168.70588335412322,34.35055162852307,False,cmp,9990.028862173407,2.2204998582292523,12513.323663398507,12515.323663398507,1.9204521219876307,0.0,True,0.38701818048962905,0.005,11751.190937215817,14078.03147215092,11753.19216200118,1761.1620750424106,hurdle_cmp,10754.161588356097,10754.161588356097,9990.028862173407
Matched human Lean term0,pair_59111b24,6432,6162,0.04197761194029851,1.9995131450827652,0.0024340375584628844,0.0020512251382228727,0.0014605647517039922,0.9975657254138267,0.0009737098344693282,3,1.5929707253701038,0.4050818549609534,0.005,13902.209430404328,17082.532092897975,13904.215964531886,234.69700140476925,33.19263635239551,False,cmp,13667.512428999558,2.218031877474774,17169.269771140236,17171.269771140236,1.9155783582089552,0.0,True,0.38596140953924285,0.005,16144.847649506737,19325.170312000384,16146.854183634296,2477.335220507178,hurdle_cmp,14693.934550633057,14693.934550633057,13667.512428999558
Matched AI Lean term0,pair_59111b24,12953,12716,0.018296919632517564,2.000550487574709,0.000864748866544278,0.0007279324015005843,0.00015728216420257942,0.9991349480968859,0.0007077697389116074,3,1.5943631228576074,0.40603008255289513,0.005,28689.93975931745,35267.94032635253,28692.785704606256,191.5814098038245,39.48339278266473,False,cmp,28498.358349513626,2.241141738716076,34184.7097547164,34186.7097547164,1.9639465760827608,0.0,True,0.39740107444265793,0.005,31058.061390471616,37636.061957506696,31060.90733576042,2559.703040957991,hurdle_cmp,31627.006713758412,31627.006713758412,28498.358349513626
Matched human Lean term0,pair_5a6fca10,3208,2976,0.07231920199501247,1.9996639784946237,0.00033590859492426875,0.0002830327019610098,0.0003360215053763441,0.9996639784946236,0.0,2,1.5931732061136785,0.4061547508755648,0.005,6713.100572989071,8251.837574985482,6715.101347076546,21.99633473320864,360.4188642927031,False,cmp,6691.104238255863,2.2483549187687712,8673.842067530839,8675.842067530839,1.8550498753117206,0.0,True,0.37402775398673094,0.005,8380.675604840528,9919.412606836939,8382.676378928001,1689.5713665846645,hurdle_cmp,6986.270700946175,6986.270700946175,6691.1042382558635
Matched AI Lean term0,pair_5a6fca10,5789,5520,0.04646743824494731,2.0,0.0007246376811594203,0.0006103504606689646,0.00036231884057971015,0.9992753623188406,0.00036231884057971015,3,1.5936242600400345,0.40601342111938166,0.005,12452.474115367195,15306.689746763592,12454.716340538513,75.38098843843909,39.077345820454546,False,cmp,12377.093126928756,2.242227015747963,15481.881029208265,15483.881029208265,1.9070651235101053,0.0,True,0.3849316657295011,0.005,14630.900000334725,17485.11563173112,14633.142225506042,2253.8068734059684,hurdle_cmp,13230.074155802296,13230.074155802296,12377.093126928756
Matched human Lean term0,pair_5cf7a965,3862,3569,0.07586742620403936,1.9997198094704398,0.0002801120228272457,0.00023600496418544356,0.0002801905295601009,0.9997198094704399,0.0,2,1.5932481525301192,0.4061914664107563,0.005,8050.4501466873635,9895.982715197766,8052.450615602541,22.359801230486482,344.1322266054576,False,cmp,8028.090345456877,2.2493948852498953,10456.530166660028,10458.530166660028,1.8480062143966856,0.0,True,0.37257980002515373,0.005,10126.79444965346,11972.327018163864,10128.794918568638,2098.7041041965836,hurdle_cmp,8359.826062463444,8359.826062463444,8028.090345456876
Matched AI Lean term0,pair_5cf7a965,3020,2797,0.073841059602649,1.9996424740793708,0.00035739809584532363,0.00030114648166488454,0.0003575259206292456,0.9996424740793708,0.0,2,1.593144338743118,0.4061406094156196,0.005,6309.414947329475,7755.544182948624,6311.415338386896,21.87224781792611,371.339793616547,False,cmp,6287.542699511549,2.2479594921385586,8170.606033603619,8172.606033603619,1.8519867549668874,0.0,True,0.3733760776844183,0.005,7902.732218114747,9348.861453733898,7904.732609172169,1615.189518603199,hurdle_cmp,6557.41651500042,6557.41651500042,6287.542699511549
Matched human Lean term0,pair_5d026d45,804,663,0.17537313432835822,1.9984917043740573,0.001506020670247447,0.0012705596717732766,0.0015082956259426848,0.9984917043740573,0.0,2,1.5915993415453695,0.40538406720274106,0.005,1496.7598629071047,1838.8392737668023,1498.759978542208,18.992040925833862,375.74036811141946,False,cmp,1477.7678219812708,2.228910742053199,2245.8704235717737,2247.8704235717737,1.6480099502487562,0.0,True,0.3329462011607315,0.005,2245.361561673785,2587.440972533483,2247.361677308889,767.5937396925146,hurdle_cmp,1480.276683879259,1480.276683879259,1477.7678219812706
Matched AI Lean term0,pair_5d026d45,255,192,0.24705882352941178,1.9947916666666667,0.015597873263888897,0.013211907965030347,0.010416666666666666,0.984375,0.005208333333333333,3,1.5866289252572428,0.3977460747427533,0.005,435.35581909471864,532.9481293398941,437.37173664535175,38.725272624951685,24.146009036279086,False,cmp,396.63054646976695,2.065784096196703,722.0062270690951,722.4870287415147,1.5866289252572428,0.05336354304128978,False,0.29947939745336716,0.005,722.4870287415147,820.0793389866901,724.5029462921478,325.8564822717478,hurdle_cmp,396.6305464697669,396.6305464697669,396.6305464697669
Matched human Lean term0,pair_5daf2594,3366,3099,0.07932263814616755,2.000322684737012,0.0009679500855963177,0.0008150053805455336,0.00032268473701193933,0.9990319457889641,0.0006453694740238787,3,1.5940573781092782,0.40594262189071784,0.005,6993.023893624783,8595.63858326586,6995.05379242102,55.457514771434944,37.938092336012765,False,cmp,6937.566378853348,2.238646782463165,9128.135833095512,9130.135833095512,1.8416518122400476,0.0,True,0.37093924619723956,0.005,8860.541164092643,10463.15585373372,8862.571062888881,1922.9747852392957,hurdle_cmp,7207.161047856216,7207.161047856216,6937.5663788533475
Matched AI Lean term0,pair_5daf2594,3324,3069,0.07671480144404332,2.0003258390355163,0.000977410935472298,0.0008229685383648372,0.00032583903551645487,0.9990224828934506,0.0006516780710329097,3,1.5940616117509048,0.40593838824909084,0.005,6925.367085235243,8512.46092002203,6927.367674590207,55.39912014786387,37.89012297834737,False,cmp,6869.9679650873795,2.2385037357730138,9005.078673688906,9007.078673688906,1.8468712394705173,0.0,True,0.3720210555008059,0.005,8726.791364872557,10313.885199659344,8728.791954227521,1856.8233997851783,hurdle_cmp,7150.255273903727,7150.255273903727,6869.967965087379
Matched human Lean term0,pair_5df84962,1208,1060,0.12251655629139073,1.9981132075471697,0.001883232467070132,0.0015894444274673603,0.0018867924528301887,0.9981132075471698,0.0,2,1.5910910891738652,0.40513532592047025,0.005,2391.62874326399,2938.169568277521,2393.6288715179853,33.08773206570186,364.7244002119622,False,cmp,2358.5410111982883,2.225038689809706,3326.159392549163,3328.159392549163,1.7533112582781456,0.0,True,0.35269990560437203,0.005,3292.161484008194,3838.702309021725,3294.161612262189,933.6204728099056,hurdle_cmp,2394.5389197392574,2394.5389197392574,2358.5410111982883
Matched AI Lean term0,pair_5df84962,1798,1612,0.10344827586206896,1.9944168734491314,0.011755429194194903,0.0099612734728033,0.008684863523573201,0.9882133995037221,0.003101736972704715,3,1.5861252084958215,0.399606801429733,0.005,3637.3494832955407,4458.911176566298,3639.4036955928723,232.42597851455503,25.89188264348833,False,cmp,3404.9235047809857,2.1122354248021002,4921.474440810075,4923.474440810075,1.7880978865406008,0.0,True,0.35515286987225764,0.005,4835.358277961106,5656.919971231864,4837.412490258438,1430.4347731801206,hurdle_cmp,3493.0396676299542,3493.0396676299542,3404.9235047809852
Matched human Lean term0,pair_5ee839bd,2925,2693,0.07931623931623932,2.0,0.0014853323431117712,0.0012510711262133994,0.0007426661715558856,0.9985146676568882,0.0007426661715558856,3,1.5936242600400345,0.40563307378840546,0.005,6076.947788428685,7468.581428991731,6078.9480920429,69.63616713450756,35.53334677794038,False,cmp,6007.311621294178,2.2307135615648637,7932.514865291711,7934.514865291711,1.8413675213675214,0.0,True,0.3706419922456415,0.005,7699.960596138093,9091.59423670114,7701.960899752308,1692.6489748439158,hurdle_cmp,6241.865890447796,6241.865890447796,6007.311621294177
Matched AI Lean term0,pair_5ee839bd,3861,3619,0.06267806267806268,2.0,0.0033158331030671458,0.00279287196150264,0.0016579165515335729,0.9966841668969328,0.0016579165515335729,3,1.5936242600400345,0.40471782340842777,0.005,8168.531579596014,10035.998585785768,8170.921966398927,181.61281352926744,31.563081447349138,False,cmp,7986.918766066747,2.206940803002693,10402.875659216763,10404.875659216763,1.8746438746438747,0.0,True,0.37676587444136267,0.005,9979.592249734244,11847.059255923998,9981.982636537155,1992.6734836674966,hurdle_cmp,8412.202175549266,8412.202175549266,7986.918766066747
Matched human Lean term0,pair_5eec702b,2671,2476,0.07300636465743167,1.998788368336026,0.0028256724979838772,0.002383126274005533,0.0020193861066235864,0.997172859450727,0.0008077544426494346,3,1.5919976757164525,0.404771306512946,0.005,5586.197679249744,6862.768974633026,5588.197940355245,108.51481862229411,32.852559466463745,False,cmp,5477.68286062745,2.2123113330482433,7225.508522450547,7227.508522450547,1.852864095844253,0.0,True,0.37241501625311346,0.005,6984.313139243476,8260.884434626758,6986.313400348977,1506.6302786160256,hurdle_cmp,5720.8782438345215,5720.8782438345215,5477.68286062745
Matched AI Lean term0,pair_5eec702b,2069,1882,0.09038182696955051,1.9994686503719448,0.002656465807849067,0.002238778359211026,0.001594048884165781,0.9973432518597237,0.0010626992561105207,3,1.5929109937212846,0.4049636077664906,0.005,4247.504086439419,5218.625415148729,4249.516319647693,80.02334557121503,32.76014448339916,False,cmp,4167.480740868204,2.214389341587781,5635.556278405695,5637.556278405695,1.818753020782987,0.0,True,0.3654486359116295,0.005,5505.057463219857,6476.178791929167,5507.069696428132,1337.5767223516536,hurdle_cmp,4299.979556054041,4299.979556054041,4167.480740868203
Matched human Lean term0,pair_5eff76b6,1280,1132,0.115625,1.9991166077738516,0.0008826118443231906,0.0007441171996029101,0.0008833922261484099,0.9991166077738516,0.0,2,1.5924383743484132,0.4057948411992859,0.005,2554.461786003111,3139.183697323004,2556.557605044979,20.062598865129985,372.35249818427786,False,cmp,2534.399187137981,2.238868539874541,3516.842509680444,3518.842509680444,1.76796875,0.0,True,0.35602879988951835,0.005,3473.2400568281873,4057.96196814808,3475.335875870055,938.8408696902063,hurdle_cmp,2580.001639990238,2580.001639990238,2534.3991871379812
Matched AI Lean term0,pair_5eff76b6,1710,1557,0.08947368421052632,1.998073217726397,0.007061155846614768,0.005959858472058348,0.00449582530507386,0.9929351316634554,0.002569043031470777,3,1.5910373874837003,0.402540004937619,0.005,3515.2642482673577,4314.7588644830685,3517.2753633396205,149.30036815599306,28.003978065803576,False,cmp,3365.9638801113647,2.16182651259561,4657.983985516579,4659.983985516579,1.8192982456140352,0.0,True,0.36355233703628426,0.005,4547.773266508934,5347.2678827246455,4549.7843815811975,1181.8093863975698,hurdle_cmp,3478.174599119009,3478.174599119009,3365.9638801113642
Matched human Lean term0,pair_5feca8f4,5751,5547,0.03547209181011998,1.9994591671173607,0.0005405403824323206,0.0004555535663348858,0.0005408328826392645,0.9994591671173607,0.0,2,1.5928982629043875,0.4060200713303299,0.005,12510.379195128948,15377.389947711938,12512.381056998183,55.13277859799564,374.3217222248359,False,cmp,12455.246416530952,2.245402274478268,15301.36082915479,15303.36082915479,1.9285341679707877,0.0,True,0.3897012587094273,0.005,14275.371462919336,17142.382215502326,14277.373324788572,1820.125046388384,hurdle_cmp,13483.235782766405,13483.235782766405,12455.246416530952
Matched AI Lean term0,pair_5feca8f4,4542,4340,0.04447380008806693,1.9995391705069125,0.00046061712926585846,0.0003881628472091826,0.0004608294930875576,0.9995391705069124,0.0,2,1.5930056627506992,0.40607267826312177,0.005,9788.775240932353,12032.262004862707,9790.77635624707,38.72900798590854,367.43908341057437,False,cmp,9750.046232946444,2.2465544315544803,12135.060178605983,12137.060178605983,1.9106120651695289,0.0,True,0.38582670293413923,0.005,11443.248740695872,13686.735504626226,11445.249856010589,1693.2025077494275,hurdle_cmp,10443.857670856556,10443.857670856556,9750.046232946444
Matched human Lean term0,pair_60565fc7,70,47,0.32857142857142857,2.0,0.0,0.0,0.0,1.0,0.0,2,1.5936242600400345,0.40637573995996135,0.005,107.99566231556774,132.31166994526973,110.00298082924677,3.999999999985448,438.8064679002316,False,cmp,103.9956623155823,2.212673666288985,199.73352141115362,198.63838770899162,1.5936242600400345,0.15735648827070112,False,0.2728522825445456,0.005,198.63838770899162,222.9543953386936,200.64570622267064,94.64272539340931,hurdle_cmp,103.99566231558231,103.99566231558231,103.99566231558231
Matched AI Lean term0,pair_60565fc7,70,47,0.32857142857142857,2.0,0.0,0.0,0.0,1.0,0.0,2,1.5936242600400345,0.40637573995996135,0.005,107.99566231556774,132.31166994526973,110.00298082924677,3.999999999985448,438.8064679002316,False,cmp,103.9956623155823,2.212673666288985,199.73352141115362,198.63838770899162,1.5936242600400345,0.15735648827070112,False,0.2728522825445456,0.005,198.63838770899162,222.9543953386936,200.64570622267064,94.64272539340931,hurdle_cmp,103.99566231558231,103.99566231558231,103.99566231558231
Matched human Lean term0,pair_606263d6,5337,5082,0.0477796514896009,1.9968516332152695,0.006286821356049648,0.005313295090426954,0.004722550177095631,0.9937032664305392,0.0015741833923652105,3,1.5893966982169982,0.4027323848211716,0.005,11462.239492673489,14070.089949988553,11464.240948235269,428.12188810895896,29.094515033574748,False,cmp,11034.11760456453,2.1712155853137602,14284.982355920518,14286.982355920518,1.9014427581038036,0.0,True,0.38106257244745045,0.005,13512.846132353787,16120.69658966885,13514.847587915567,2478.728527789257,hurdle_cmp,11808.25382813126,11808.25382813126,11034.11760456453
Matched AI Lean term0,pair_606263d6,5602,5350,0.04498393430917529,2.001121495327103,0.002615564678137829,0.0022003905068133495,0.0007476635514018691,0.9973831775700934,0.001869158878504673,3,1.595129427154015,0.40524440462168193,0.005,12078.292962044312,14843.664067548962,12080.320442787428,215.1971298958524,33.23491317288372,False,cmp,11863.09583214846,2.2174010901212076,14978.963712606661,14980.963712606661,1.9111031774366298,0.0,True,0.3849040264027139,0.005,14135.91383612288,16901.284941627528,14137.941316865996,2272.8180039744193,hurdle_cmp,12708.14570863224,12708.14570863224,11863.095832148461
Matched human Lean term0,pair_61c6d911,6817,6510,0.0450344726419246,1.9989247311827958,0.0029174305865252797,0.0024601519307874396,0.0019969278033794163,0.9970814132104455,0.0009216589861751152,3,1.5921807624064703,0.404747040972942,0.005,14685.206174323528,18041.84475578765,14687.206907231797,287.43629678856814,32.5542591136844,False,cmp,14397.76987753496,2.211638998085247,18221.36454739591,18223.36454739591,1.9089042100630775,0.0,True,0.3842824621830884,0.005,17190.769037727157,20547.40761919128,17192.769770635427,2792.9991601921975,hurdle_cmp,15430.365387203714,15430.365387203714,14397.76987753496
Matched AI Lean term0,pair_61c6d911,2730,2484,0.09010989010989011,2.000805152979066,0.004025116624010414,0.0033873535616180555,0.001610305958132045,0.9959742351046699,0.0024154589371980675,3,1.5947049017917378,0.40448994522919185,0.005,5609.756285472957,6891.882169936861,5611.758612734048,147.72073280604673,30.703332419886422,False,cmp,5462.03555266691,2.1988870984971456,7437.958147779356,7439.958147779356,1.8205128205128205,0.0,True,0.36518631949513436,0.005,7265.000578162465,8547.12646262637,7267.0029054235565,1802.9650254955548,hurdle_cmp,5636.993122283801,5636.993122283801,5462.03555266691
Matched human Lean term0,pair_62b6e279,207,156,0.2463768115942029,1.9807692307692308,0.018860946745562133,0.016221979826692462,0.019230769230769232,0.9807692307692307,0.0,2,1.5677525378883463,0.3937859236501114,0.005,352.40363963206516,430.3358309148659,354.4044263212428,33.649396583772614,403.04557570124047,False,cmp,318.75424304829255,2.0432964297967473,584.5183423665346,585.5479312441912,1.5677525378883463,0.047838490378693144,False,0.2967662033305188,0.005,585.5479312441912,663.4801225269919,587.5487179333688,266.79368819589865,hurdle_cmp,318.75424304829255,318.75424304829255,318.75424304829255
Matched AI Lean term0,pair_62b6e279,17460,16549,0.052176403207331044,1.9998187201643605,0.00030210019702055,0.0002545037225354544,0.0002417064475194876,0.9996978669406006,6.04266118798719e-05,3,1.5933809259149045,0.4061960878019323,0.005,37323.19692339159,45881.41160931837,37325.20371236125,100.04894391261041,44.49585194777956,False,cmp,37223.14797947898,2.249268715903014,46803.940424783264,46805.940424783264,1.895475372279496,0.0,True,0.3826306855424872,0.005,44479.408884693235,53037.62357062002,44481.4156736629,7256.260905214258,hurdle_cmp,39549.67951956901,39549.67951956901,37223.14797947898
Matched human Lean term0,pair_6357c298,2600,2356,0.09384615384615384,2.0,0.0008488964346349745,0.0007150115753167837,0.00042444821731748726,0.9991511035653651,0.00042444821731748726,3,1.5936242600400345,0.4059512917426439,0.005,5316.12540714127,6534.219029596924,5318.125985207338,39.057183919794625,38.29607608910759,False,cmp,5277.068223221476,2.2398422000091154,7089.400608557571,7091.400608557571,1.8123076923076924,0.0,True,0.3649541374776598,0.005,6937.131071084768,8155.224693540422,6939.131649150836,1660.0628478632927,hurdle_cmp,5431.337760694279,5431.337760694279,5277.068223221476
Matched AI Lean term0,pair_6357c298,1898,1730,0.08851422550052687,1.999421965317919,0.0005777005579872366,0.0004868907204853043,0.0005780346820809249,0.999421965317919,0.0,2,1.5928483209899946,0.4059956096458394,0.005,3903.087704287007,4797.191906012802,3905.097245446747,20.91117522981949,377.02419794101985,False,cmp,3882.1765290571875,2.2440326757555997,5164.86580604614,5166.86580604614,1.8224446786090622,0.0,True,0.36715101521789306,0.005,5040.420965414638,5934.525167140433,5042.430506574377,1158.24443635745,hurdle_cmp,4008.6213696886903,4008.6213696886903,3882.176529057188
Matched human Lean term0,pair_6369b437,1283,1181,0.07950116913484022,1.9966130397967823,0.010149409110234655,0.00857996488265452,0.006773920406435224,0.9898391193903472,0.003386960203217612,3,1.5890761925172738,0.4007629268730693,0.005,2666.838124086166,3270.8753181060824,2668.8390534614196,153.2950525698252,26.295927185945,False,cmp,2513.5430715163407,2.1283175880748018,3482.6946129753746,3484.6946129753746,1.837879968823071,0.0,True,0.36592475908042865,0.005,3381.029781921728,3985.0669759416446,3383.0307112969817,867.4867104053873,hurdle_cmp,2617.2079025699873,2617.2079025699873,2513.5430715163407
Matched AI Lean term0,pair_6369b437,1328,1229,0.07454819277108433,2.0,0.0032546786004882017,0.002741362524729605,0.0016273393002441008,0.9967453213995118,0.0016273393002441008,3,1.5936242600400345,0.40474840065971723,0.005,2775.2956686416396,3409.511539632691,2777.366521833552,63.35343929535884,31.65528483747366,False,cmp,2711.942229346281,2.206625084903402,3596.7244424483,3598.7244424483,1.8509036144578312,0.0,True,0.3718089104067415,0.005,3481.7941215783003,4116.009992569352,3483.8649747702125,769.8518922320195,hurdle_cmp,2828.8725502162806,2828.8725502162806,2711.942229346281
Matched human Lean term0,pair_659419e1,17059,16795,0.015475701975496805,1.9999404584697826,0.0006549532871967719,0.0005516918006917556,0.0003572491813039595,0.9993450431676094,0.00029770765108663293,3,1.5935443378608507,0.4060388714276239,0.005,37882.13540461246,46566.24126588435,37884.13745116228,202.4317042257171,39.59688287874276,False,cmp,37679.703700386744,2.2435072164564898,44950.995981500804,44952.995981500804,1.9689899759657659,0.0,True,0.39863699339212727,0.005,40608.98818346683,49293.09404473872,40610.99023001664,2929.2844830800823,hurdle_cmp,42023.71149842072,42023.71149842072,37679.703700386744
Matched AI Lean term0,pair_659419e1,24366,24088,0.01140934088483953,2.000664231152441,0.0011619633137479636,0.0009780032933565436,0.00024908668216539354,0.9988375954832281,0.0009133178346064431,3,1.5945157772800462,0.4058993671902253,0.005,54351.00442869175,66810.29253900467,54353.01558318763,467.4707272048108,37.719279303813856,False,cmp,53883.53370148694,2.2369451055084246,64084.77592098003,64086.77592098003,1.9778379709431175,0.0,True,0.400382106980799,0.005,57392.98802300621,69852.27613331913,57394.9991775021,3509.454321519272,hurdle_cmp,60577.32159946075,60577.32159946075,53883.53370148694
Matched human Lean term0,pair_665c7b43,3771,3576,0.05171042163882259,1.9997203579418346,0.0030759844401403347,0.0025916315962401823,0.0016778523489932886,0.9969239373601789,0.0013982102908277406,3,1.5932488887825917,0.40479361681024556,0.005,8070.291386234957,9915.390836527757,8072.338852758791,168.37464023509528,31.954953953721137,False,cmp,7901.916745999862,2.2097082623042117,10112.035728409555,10114.035728409555,1.896313975072925,0.0,True,0.381495894505929,0.005,9607.246823947195,11452.346274239993,9609.294290471029,1705.3300779473325,hurdle_cmp,8408.705650462223,8408.705650462223,7901.9167459998625
Matched AI Lean term0,pair_665c7b43,3666,3480,0.05073649754500818,1.9991379310344828,0.004309601664684897,0.003633278953555975,0.002586206896551724,0.9956896551724138,0.0017241379310344827,3,1.5924670020680833,0.40408472206984347,0.005,7853.690049274455,9646.448576649978,7855.695588123515,217.5277262350719,30.364982744971467,False,cmp,7636.162323039383,2.1942995181147653,9827.045968562346,9829.045968562346,1.897708674304419,0.0,True,0.381209009520206,0.005,9327.06211321048,11119.820640586004,9329.06765205954,1690.899790171098,hurdle_cmp,8138.146178391248,8138.146178391248,7636.1623230393825
Matched human Lean term0,pair_66b87803,15962,15495,0.029256985340182933,2.000451758631817,0.0018713673888078267,0.0015754558766526718,0.0007099064214262666,0.9981284285253308,0.0011616650532429815,3,1.5942306161697724,0.40551123604061406,0.005,34964.51415092372,42972.9647308351,34966.59977722535,464.73842815239914,34.5393832458023,False,cmp,34499.77572277132,2.226510211214671,42356.78326154027,42358.78326154027,1.9419245708557824,0.0,True,0.39200719772507625,0.005,39185.26479062728,47193.71537053866,39187.35041692891,4685.489067855962,hurdle_cmp,37673.29419368431,37673.29419368431,34499.77572277132
Matched AI Lean term0,pair_66b87803,44041,43572,0.010649167820894166,2.000091802074727,0.0002753977965597423,0.00023194013371728681,9.180207472688883e-05,0.9997245937758193,0.00018360414945377767,3,1.593747483137389,0.40625251686260727,0.005,98275.04887034626,120814.7807992805,98277.19060356963,240.00735602527857,44.14212357175898,False,cmp,98035.04151432098,2.2499550517378357,115758.930438298,115760.930438298,1.9787924888172386,0.0,True,0.40103653944390943,0.005,103470.68915666456,126010.4210855988,103472.83088988793,5435.647642343584,hurdle_cmp,110325.28279595442,110325.28279595442,98035.04151432098
Matched human Lean term0,pair_677749e1,2233,2045,0.08419167039856695,1.9970660146699266,0.004881367280205165,0.004124523193277904,0.003911980440097799,0.9951100244498777,0.0009779951100244498,3,1.5896846643399123,0.40346936988991267,0.005,4612.820305272424,5663.617355923097,4614.8213114708105,140.3704288910667,30.73979299668315,False,cmp,4472.449876381357,2.1870170544652114,6067.0018473900445,6069.0018473900445,1.8289296909986565,0.0,True,0.36651037490571226,0.005,5905.000267895978,6955.797318546652,5907.001274094365,1432.5503915146212,hurdle_cmp,4636.451455875424,4636.451455875424,4472.449876381357
Matched AI Lean term0,pair_677749e1,2209,2021,0.0851063829787234,1.9970311726867886,0.004939231586403134,0.004173572810117742,0.0039584364176150424,0.9950519544779812,0.0009896091044037606,3,1.5896378641201308,0.4034348721490389,0.005,4558.694684230887,5597.075121754096,4560.704213067959,140.1337392747373,30.68128123899982,False,cmp,4418.56094495615,2.1863240697457447,6003.89615284211,6005.89615284211,1.8270710728836577,0.0,True,0.36610284314743446,0.005,5846.629241171468,6885.009678694676,5848.63877000854,1428.068296215318,hurdle_cmp,4577.827856626792,4577.827856626792,4418.56094495615
Matched human Lean term0,pair_6801c12d,4584,4312,0.059336823734729496,2.000463821892393,0.007420935147545273,0.006247412556163845,0.003478664192949907,0.9925788497217068,0.003942486085343228,3,1.594246806750567,0.40273835094887206,0.005,9741.231788603052,11960.174695305821,9743.445592111542,425.8172774279665,27.578631831112563,False,cmp,9315.414511175086,2.160346593500716,12341.391420181337,12343.391420181337,1.881762652705061,0.0,True,0.37634498703016495,0.005,11807.304830533401,14026.24773723617,11809.518634041891,2491.8903193583155,hurdle_cmp,9851.501100823021,9851.501100823021,9315.414511175086
Matched AI Lean term0,pair_6801c12d,7992,7727,0.03315815815815816,2.000258832664682,0.005176586299297351,0.004358939263462322,0.0024589103144816876,0.9948233467063543,0.0027177429791639704,3,1.5939716763557483,0.40382824599444805,0.005,17446.075574008533,21428.565386669856,17448.267158160183,560.2320540929795,29.36287770107063,False,cmp,16885.843519915554,2.185303936833901,21257.496280573876,21259.496280573876,1.9339339339339339,0.0,True,0.38864769404047517,0.005,19774.617141919207,23757.10695458053,19776.808726070856,2888.773622003653,hurdle_cmp,18370.722658570223,18370.722658570223,16885.843519915554
Matched human Lean term0,pair_68e74a3f,2300,2063,0.10304347826086957,1.9990305380513815,0.0019379840407672147,0.0016340376898490185,0.001454192922927775,0.998061076102763,0.0004847309743092584,3,1.5923228192766015,0.40525352585184854,0.005,4654.433758722336,5719.076975326287,4656.74923373146,66.4558977044071,34.92630745982621,False,cmp,4587.977861017929,2.223934978680528,6291.837280808972,6293.837280808972,1.7930434782608695,0.0,True,0.36056208835253556,0.005,6182.341967711608,7246.985184315558,6184.6574427207315,1594.3641066936789,hurdle_cmp,4699.473174115293,4699.473174115293,4587.977861017929
Matched AI Lean term0,pair_68e74a3f,2608,2376,0.08895705521472393,2.0004208754208754,0.0029459508100080486,0.0024802023332595167,0.0012626262626262627,0.9970538720538721,0.0016835016835016834,3,1.5941891663781789,0.40496908278006605,0.005,5364.116653201352,6591.056888009403,5366.1171917606725,109.12176100938814,32.19890654941519,False,cmp,5254.994892191964,2.2116981869494796,7101.036904234515,7103.036904234515,1.8224693251533743,0.0,True,0.3660774892506629,0.005,6931.533005705946,8158.473240513998,6933.533544265267,1676.5381135139826,hurdle_cmp,5426.498790720532,5426.498790720532,5254.994892191964
Matched human Lean term0,pair_6920c5e4,6432,6161,0.04213308457711443,2.000649245252394,0.0019473142377845196,0.001639045244509879,0.0006492452523940919,0.9980522642428177,0.0012984905047881837,3,1.5944956650459523,0.4055043349540437,0.005,13904.755016410356,17089.462997094626,13906.898580784053,193.03905859356746,34.484764051937994,False,cmp,13711.715957816788,2.2255666219472143,17172.707173040057,17174.707173040057,1.916355721393035,0.0,True,0.3863640609469675,0.005,16153.64484351965,19338.35282420392,16155.788407893348,2441.9288857028623,hurdle_cmp,14732.778287337194,14732.778287337194,13711.715957816788
Matched AI Lean term0,pair_6920c5e4,14851,14577,0.01844993603124369,2.0019894354119505,0.0025342873275058958,0.0021300264021279296,0.00027440488440694244,0.9974617548192358,0.002263840296357275,3,1.5962940246866155,0.4054210058409241,0.005,32916.327951490646,40458.19952240947,32918.33998146612,545.498973866459,35.234938042566185,False,cmp,32370.828977624187,2.220678395940467,39215.6257241174,39217.6257241174,1.9650528583933742,0.0,True,0.39682836830629925,0.005,35649.23780697335,43191.10937789218,35651.249836948824,3278.4088293491645,hurdle_cmp,35939.21689476824,35939.21689476824,32370.828977624187
Matched human Lean term0,pair_69286778,1440,1284,0.10833333333333334,1.9961059190031152,0.016339976320105587,0.013820831730282672,0.010124610591900311,0.9836448598130841,0.006230529595015576,3,1.5883949107365747,0.39758639767463627,0.005,2901.9109410542396,3555.062693349789,2903.9152465760417,246.31990516369115,23.77052325234843,False,cmp,2655.5910358905485,2.068217317671767,3952.2378085738997,3954.2378085738997,1.7798611111111111,0.0,True,0.3514946306617768,0.005,3891.7985138403574,4544.9502661359065,3893.8028193621594,1236.207477949809,hurdle_cmp,2718.0303306240908,2718.0303306240908,2655.5910358905485
Matched AI Lean term0,pair_69286778,2621,2445,0.06714994276993513,2.0024539877300613,0.004083957494322958,0.003430786076104954,0.0008179959100204499,0.9959100204498977,0.0032719836400817996,3,1.5969172614476943,0.4047187303723424,0.005,5525.23035437521,6789.289839099967,5527.230636428739,143.95140486222226,31.624985003924337,False,cmp,5381.278949512987,2.2009320856903836,7079.640137287727,7081.640137287727,1.8679893170545594,0.0,True,0.37500167156869735,0.005,6817.829350608201,8081.8888353329585,6819.82963266173,1436.5504010952138,hurdle_cmp,5645.089736192514,5645.089736192514,5381.278949512987
Matched human Lean term0,pair_6ba505c0,13586,13216,0.027233917267775652,2.001286319612591,0.002646650466600027,0.0022261474080507507,0.0006809927360774818,0.9973516949152542,0.001967312348668281,3,1.595350605726024,0.4052547211504852,0.005,29835.866563811316,36668.088630570135,29837.985927976875,529.1790167345898,33.338877108200016,False,cmp,29306.687547076726,2.2175157042279605,36026.40719251656,36028.40719251656,1.9467834535551303,0.0,True,0.3927052271925746,0.005,33234.133445291496,40066.355512050315,33236.25280945706,3927.44589821477,hurdle_cmp,32100.961294301793,32100.961294301793,29306.687547076726
Matched AI Lean term0,pair_6ba505c0,12386,12090,0.02389794929759406,2.002481389578164,0.003633214087068245,0.0030520429113521648,0.0005789909015715467,0.9963606286186931,0.0030603804797353184,3,1.596954021261601,0.40494837741498735,0.005,27311.26266424748,33564.14930798185,27313.266414258036,624.6008114289725,32.644356702125,False,cmp,26686.661852818506,2.2073334865854846,32802.85802319406,32804.85802319406,1.954626190860649,0.0,True,0.39396338944881726,0.005,30108.637713694534,36361.524357428905,30110.64146370509,3421.9758608760276,hurdle_cmp,29382.88216231803,29382.88216231803,26686.661852818506
Matched human Lean term0,pair_6bcfd203,1098,923,0.15938069216757741,1.9989165763813652,0.0032490970491672426,0.002739857006705198,0.0021668472372697724,0.9967497291440953,0.0010834236186348862,3,1.5921698135799482,0.40457991556414324,0.005,2083.9301343415364,2559.712554260752,2085.930254226,48.18342551215028,31.952442219056735,False,cmp,2035.746708829386,2.2055760659039936,3055.905163213746,3057.905163213746,1.680327868852459,0.0,True,0.3381774183530845,0.005,3049.1868626406103,3524.969282559826,3051.186982525074,1013.4401538112245,hurdle_cmp,2044.4650094025217,2044.4650094025217,2035.7467088293859
Matched AI Lean term0,pair_6bcfd203,827,744,0.1003627569528416,2.0,0.002688172043010753,0.0022642033218364817,0.0013440860215053765,0.9973118279569892,0.0013440860215053765,3,1.5936242600400345,0.40503165393845597,0.005,1680.6997124030759,2064.8060093463973,1682.746333475988,34.44278320057492,32.601461744262984,False,cmp,1646.256929202501,2.2127109263474476,2262.160578270242,2264.160578270242,1.7992744860943168,0.0,True,0.36148084298166516,0.005,2221.704077246385,2605.8103741897066,2223.7506983192975,575.4471480438843,hurdle_cmp,1688.7134302263576,1688.7134302263576,1646.256929202501
Matched human Lean term0,pair_6d3a0d6c,91,63,0.3076923076923077,2.0793650793650795,0.07306626354245403,0.056691167075068764,0.0,0.9206349206349206,0.07936507936507936,3,1.6991924570989665,0.3801726222661076,0.005,150.08020667031104,183.41367524941808,152.08023536056118,38.92920718105961,68.59461792943006,False,cmp,111.15099948925143,1.7643015791944672,266.86615966594724,264.41820876123325,1.6991924570989665,0.15279729877203005,False,0.26319643079961297,0.005,264.41820876123325,297.7516773403403,266.4182374514834,153.26720927198178,hurdle_cmp,111.15099948925146,111.15099948925146,111.15099948925146
Matched AI Lean term0,pair_6d3a0d6c,115,82,0.28695652173913044,2.024390243902439,0.023795359904818555,0.019529367674963445,0.0,0.975609756097561,0.024390243902439025,3,1.626270171939378,0.39812007196305665,0.005,189.4182762312402,232.10076697735815,191.41830112227754,22.805106281277403,87.80265221753444,False,cmp,166.6131699499628,2.031867926219059,330.2081076487301,329.2812101466625,1.626270171939378,0.11239947348467372,False,0.28387692087800553,0.005,329.2812101466625,371.9637008927805,331.28123503769984,162.6680401966997,hurdle_cmp,166.61316994996278,166.61316994996278,166.61316994996278
Matched human Lean term0,pair_6d779213,3016,2744,0.09018567639257294,1.9967201166180757,0.00910002953701264,0.007691965285686226,0.00619533527696793,0.9908892128279884,0.0029154518950437317,3,1.5892200324524322,0.4013047488886716,0.005,6192.716592538531,7597.492020849576,6194.772537723259,320.0298370726523,26.891035371573867,False,cmp,5872.686755465878,2.1401919662776523,8216.173471277616,8218.173471277616,1.8166445623342176,0.0,True,0.36208055872058076,0.005,8022.214743787062,9426.990172098107,8024.27068897179,2149.5279883211833,hurdle_cmp,6068.645482956433,6068.645482956433,5872.686755465878
Matched AI Lean term0,pair_6d779213,8921,8513,0.04573478309606546,2.0028192176670974,0.005630487345940285,0.004728115845829993,0.0014096088335486903,0.9943615646658053,0.00422882650064607,3,1.5974072011883518,0.4040024076451929,0.005,19240.78534045054,23638.285074091775,19242.786348033344,650.8153522841167,29.64239744940691,False,cmp,18589.969988166424,2.1837154925603692,23877.980935956606,23879.980935956606,1.911220715166461,0.0,True,0.38348884243245684,0.005,22557.109653070514,26954.60938671175,22559.110660653318,3967.1396649040903,hurdle_cmp,19912.841271052515,19912.841271052515,18589.969988166424
Matched human Lean term0,pair_6e98ad25,925,797,0.13837837837837838,1.998745294855709,0.0012531308592919812,0.0010569192799737776,0.0012547051442910915,0.998745294855709,0.0,2,1.591939842170986,0.4055507475404278,0.005,1798.9604756564975,2210.366289517554,1800.9607705859216,19.36045412736712,362.35092184812595,False,cmp,1779.6000215291303,2.2328733017931373,2559.6426077926053,2561.6426077926053,1.7221621621621621,0.0,True,0.3469348318236495,0.005,2544.6767844994592,2956.082598360516,2546.6770794288836,765.076762970329,hurdle_cmp,1796.5658448222762,1796.5658448222762,1779.6000215291301
Matched AI Lean term0,pair_6e98ad25,384,316,0.17708333333333334,1.9968354430379747,0.0031545425412594134,0.0026661022408906087,0.0031645569620253164,0.9968354430379747,0.0,2,1.5893749503056562,0.4042959357702891,0.005,714.1947458724022,876.7501570799336,716.1951076091982,17.508316526771523,375.0138344679427,False,cmp,696.6864293456307,2.204703890334274,1073.8936265914658,1075.8936265914658,1.6432291666666667,0.0,True,0.3313931733383819,0.005,1074.8060993688975,1237.3615105764288,1076.8064611056934,378.1196700232668,hurdle_cmp,697.7739565681991,697.7739565681991,696.6864293456308
Matched human Lean term0,pair_7007ed35,2256,2056,0.08865248226950355,1.9995136186770428,0.0024316700479946702,0.0020492289317803917,0.0014591439688715954,0.997568093385214,0.0009727626459143969,3,1.5929713611404561,0.40508311356771104,0.005,4639.913597582708,5701.05587531405,4641.923888332731,80.9087446880294,33.19751337083227,False,cmp,4559.004852894678,2.2174148117192014,6140.6567780042315,6142.6567780042315,1.8222517730496455,0.0,True,0.3662666667211017,0.005,5992.847110619052,7053.989388350395,5994.857401369075,1433.8422577243737,hurdle_cmp,4708.814520279858,4708.814520279858,4559.004852894678
Matched AI Lean term0,pair_7007ed35,2276,2077,0.08743409490333919,1.998074145402022,0.0038480002800231534,0.003247841375740319,0.002888781896966779,0.9961482908040443,0.0009629272989889263,3,1.591038633250158,0.4041467302548935,0.005,4685.904460289993,5755.1177432252625,4687.906008988241,117.9143219620164,31.531028961451675,False,cmp,4567.990138327977,2.1993212028541054,6191.69288181223,6193.69288181223,1.8233743409490335,0.0,True,0.3658480266099385,0.005,6037.848819629075,7107.062102564345,6039.850368327323,1469.8586813010984,hurdle_cmp,4723.834200511132,4723.834200511132,4567.990138327976
Matched human Lean term0,pair_7187bdc5,5970,5668,0.05058626465661641,2.0001764290755117,0.0022935468544326896,0.001931450115434577,0.001058574453069866,0.9977064220183486,0.0012350035285815103,3,1.5938610730062326,0.40525678161620526,0.005,12790.756465504326,15718.419083809444,12792.779154642327,205.9336877319729,33.40096842998489,False,cmp,12584.822777772353,2.22032864816026,15999.181055305991,16001.181055305991,1.898994974874372,0.0,True,0.38244338236349484,0.005,15183.596504477846,18111.25912278296,15185.619193615847,2598.7737267054927,hurdle_cmp,13402.407328600499,13402.407328600499,12584.822777772353
Matched AI Lean term0,pair_7187bdc5,8204,7816,0.04729400292540224,1.9989764585465712,0.0035813474498941353,0.003019837970734916,0.0023029682702149436,0.996417604912999,0.00127942681678608,3,1.592250212283358,0.4044232779929944,0.005,17633.321341532326,21661.45900187483,17635.32964995254,411.7744697291637,31.39042106848093,False,cmp,17221.546871803163,2.203370889432339,21952.760503860383,21954.760503860383,1.9044368600682593,0.0,True,0.38300139775360276,0.005,20760.539445419476,24788.677105761984,20762.547753839688,3538.992573616315,hurdle_cmp,18415.767930244067,18415.767930244067,17221.546871803163
Matched human Lean term0,pair_71cf0c00,5068,4781,0.05662983425414365,1.999581677473332,0.000418147532931743,0.0003523575126905021,0.0004183225266680611,0.9995816774733319,0.0,2,1.5930627250343616,0.4061006299122983,0.005,10783.330356840906,13254.97367389611,10785.333161655546,39.11619456298649,376.5236244614733,False,cmp,10744.21416227792,2.247273407713432,13612.7559485555,13614.7559485555,1.8863456985003946,0.0,True,0.3806173549606105,0.005,12990.84169655836,15462.485013613563,12992.844501373,2246.62753428044,hurdle_cmp,11368.12841427506,11368.12841427506,10744.21416227792
Matched AI Lean term0,pair_71cf0c00,40978,40594,0.009370881936648933,1.9999753658176085,2.463357554854432e-05,2.074900786127104e-05,2.4634182391486427e-05,0.9999753658176085,0.0,2,1.5935911938846985,0.4063595377505144,0.005,91550.22477119365,112551.08028392331,91552.23034014204,27.222726549953222,375.9880012774898,False,cmp,91523.0020446437,2.254594325384138,107631.52843876145,107633.52843876145,1.9812338327883254,0.0,True,0.4017138432877251,0.005,95903.28877238478,116904.14428511444,95905.29434133317,4380.286727741089,hurdle_cmp,103253.24171102037,103253.24171102037,91523.0020446437
Matched human Lean term0,pair_73bd6122,137,95,0.30656934306569344,2.0,0.0,0.0,0.0,1.0,0.0,2,1.5936242600400345,0.40637573995996135,0.005,216.2465514889135,265.3959286127792,218.24698719334248,4.0,438.80849339460224,False,cmp,212.2465514889135,2.2341742261990896,389.4215687000923,387.12046782591403,1.5936242600400345,0.12974384951081885,False,0.281793396322601,0.005,387.12046782591403,436.2698449497797,389.120903530343,174.87391633700054,hurdle_cmp,212.2465514889135,212.2465514889135,212.2465514889135
Matched AI Lean term0,pair_73bd6122,645,522,0.19069767441860466,1.9980842911877394,0.0019120388720071638,0.0016138073135718797,0.0019157088122605363,0.9980842911877394,0.0,2,1.5910522579081372,0.40511632446733803,0.005,1178.7725323807083,1447.9040598751283,1180.773734802832,18.513418242509943,367.59435163092775,False,cmp,1160.2591141381984,2.2227186094601503,1807.7149578478331,1809.7149578478331,1.6170542635658915,0.0,True,0.32719145260759525,0.005,1809.3031278761653,2078.4346553705855,1811.304330298289,649.0440137379669,hurdle_cmp,1160.6709441098662,1160.6709441098662,1160.2591141381984
Matched human Lean term0,pair_7415487b,530,434,0.1811320754716981,2.0023041474654377,0.006907133300770884,0.005803368535358459,0.002304147465437788,0.9930875576036866,0.004608294930875576,3,1.5967162452841135,0.4032837547158823,0.005,982.8426502640333,1206.688649064945,984.842728329522,43.64489875133222,28.21222636886272,False,cmp,939.1977515127011,2.1640501186928596,1485.2777931855728,1487.2777931855728,1.639622641509434,0.0,True,0.3292085005882204,0.005,1486.334768841995,1710.1807676429066,1488.3348469074836,547.1370173292938,hurdle_cmp,940.140775856279,940.140775856279,939.1977515127011
Matched AI Lean term0,pair_7415487b,2129,1955,0.08172851103804603,1.9994884910485933,0.0025572831156258787,0.002155144524492777,0.001534526854219949,0.9974424552429667,0.0010230179028132991,3,1.5929376287916712,0.405016335402698,0.005,4412.135663774952,5421.0244017977475,4414.136284777115,80.40439394419082,32.94835340117136,False,cmp,4331.731269830761,2.2157193196065275,5779.995949428601,5781.995949428601,1.8360732738374823,0.0,True,0.3690523789760226,0.005,5619.025459604619,6627.914197627414,5621.026080606782,1287.2941897738576,hurdle_cmp,4494.701759654744,4494.701759654744,4331.731269830761
Matched human Lean term0,pair_7580a01f,19412,19038,0.019266433134143827,1.9994747347410442,0.001890679028648516,0.0015933890582210432,0.0012081100955982772,0.9981090450677592,0.0006828448366425045,3,1.5929191616816518,0.40534746296379015,0.005,42943.00385914338,52772.67852337349,42946.38906494453,574.5123090902343,34.53847608783705,False,cmp,42368.49155005314,2.225469668560413,51253.37358486939,51255.37358486939,1.960951988460746,0.0,True,0.39622689258633165,0.005,46639.89588945488,56469.57055368499,46643.28109525603,4271.404339401734,hurdle_cmp,46983.969245467655,46983.969245467655,42368.49155005314
Matched AI Lean term0,pair_7580a01f,18614,18291,0.017352530353497368,2.00060138866109,0.0009290571715449133,0.0007820233207896873,0.0001640150893882237,0.9990705811601334,0.0007654037504783774,3,1.594431437335456,0.4060059362362419,0.005,41268.69890759614,50730.66624981676,41270.702295614756,291.1805063970387,39.18646832432576,False,cmp,40977.5184011991,2.240310447826751,49101.74952099881,49103.74952099881,1.9658858923390996,0.0,True,0.3978045771764646,0.005,44529.95628072906,53991.923622949675,44531.95966874767,3552.4378795299585,hurdle_cmp,45551.311641468856,45551.311641468856,40977.5184011991
Matched human Lean term0,pair_759606e4,21597,21181,0.019261934527943697,2.0,0.0,0.0,0.0,1.0,0.0,2,1.5936242600400345,0.40637573995996135,0.005,47769.96007459659,58728.2017257608,47775.13518499765,3.9999999925494194,438.8142089479483,False,cmp,47765.96007460404,2.255132433530241,57010.769308192626,57012.769308192626,1.9614761309441127,0.0,True,0.397271604796683,0.005,51881.98268995006,62840.22434111427,51887.157800351124,4116.022615346021,hurdle_cmp,52896.7466928466,52896.7466928466,47765.96007460404
Matched AI Lean term0,pair_759606e4,21597,21181,0.019261934527943697,2.0,0.0,0.0,0.0,1.0,0.0,2,1.5936242600400345,0.40637573995996135,0.005,47769.96007459659,58728.2017257608,47775.13518499765,3.9999999925494194,438.8142089479483,False,cmp,47765.96007460404,2.255132433530241,57010.769308192626,57012.769308192626,1.9614761309441127,0.0,True,0.397271604796683,0.005,51881.98268995006,62840.22434111427,51887.157800351124,4116.022615346021,hurdle_cmp,52896.7466928466,52896.7466928466,47765.96007460404
Matched human Lean term0,pair_76494dbd,2253,2082,0.0758988015978695,1.9995196926032661,0.0004800767015385524,0.0004045699500704984,0.0004803073967339097,0.9995196926032661,0.0,2,1.5929795149958417,0.40605987021068635,0.005,4696.927640570247,5773.143185130716,4698.999422608797,21.28168811672367,371.44097819063643,False,cmp,4675.645952453523,2.2457473354723936,6100.936813383994,6102.936813383994,1.8477585441633377,0.0,True,0.3724356197554116,0.005,5909.404730269687,6985.620274830157,5911.476512308238,1233.7587778161646,hurdle_cmp,4869.178035567829,4869.178035567829,4675.645952453522
Matched AI Lean term0,pair_76494dbd,2253,2082,0.0758988015978695,1.9995196926032661,0.0004800767015385524,0.0004045699500704984,0.0004803073967339097,0.9995196926032661,0.0,2,1.5929795149958417,0.40605987021068635,0.005,4696.927640570247,5773.143185130716,4698.999422608797,21.28168811672367,371.44097819063643,False,cmp,4675.645952453523,2.2457473354723936,6100.936813383994,6102.936813383994,1.8477585441633377,0.0,True,0.3724356197554116,0.005,5909.404730269687,6985.620274830157,5911.476512308238,1233.7587778161646,hurdle_cmp,4869.178035567829,4869.178035567829,4675.645952453522
Matched human Lean term0,pair_77658e38,4332,4129,0.04686057248384118,1.9995156212157907,0.0004841441614026597,0.0004079994666617553,0.0004843787842092516,0.9995156212157907,0.0,2,1.5929740494212397,0.4060571930103378,0.005,9312.922334257357,11447.245760909687,9314.922807397383,38.52960446989164,372.87262148101576,False,cmp,9274.392729787465,2.2461595373667875,11586.468384378946,11588.468384378946,1.9058171745152355,0.0,True,0.384775893982139,0.005,10953.852388758372,13088.175815410703,10955.852861898398,1679.4596589709079,hurdle_cmp,9909.008725408039,9909.008725408039,9274.392729787465
Matched AI Lean term0,pair_77658e38,3653,3447,0.05639200656994251,1.9997098926602843,0.003771311254035475,0.003177506177173544,0.0020307513780098638,0.996228604583696,0.0017406440382941688,3,1.593234840468602,0.4044443008136683,0.005,7780.178042981265,9557.726886124692,7782.19440386472,192.98380597736104,30.940493777236057,False,cmp,7587.194237003904,2.2011007360034536,9816.509702854608,9818.509702854608,1.8869422392554065,0.0,True,0.37916298555398764,0.005,9367.012829639021,11144.561672782449,9369.029190522477,1779.8185926351177,hurdle_cmp,8038.69111021949,8038.69111021949,7587.194237003903
Matched human Lean term0,pair_78234522,5762,5558,0.03540437348143006,1.9974811083123425,0.005031438559980712,0.004249421474321828,0.003778337531486146,0.9949622166246851,0.0012594458438287153,3,1.5902421942339062,0.4034605765469461,0.005,12535.837839677546,15392.622342671675,12537.931291906618,387.63366528769257,30.20100406638135,False,cmp,12148.204174389854,2.1857150367739933,15335.006976574718,15337.006976574718,1.9267615411315515,0.0,True,0.38714319699749605,0.005,14301.623897954,17158.408400948127,14303.71735018307,2153.419723564145,hurdle_cmp,13183.587253010573,13183.587253010573,12148.204174389855
Matched AI Lean term0,pair_78234522,11232,10927,0.027154558404558403,1.999725450718404,0.002287835302659029,0.0019275759856004244,0.0012812299807815502,0.997712089320033,0.0010066806991855038,3,1.5932557251771537,0.4051884955604644,0.005,24652.42059540908,30293.917672950265,24654.949459092753,392.2450622860342,33.43433670225001,False,cmp,24260.175533123045,2.2202045880043055,29773.999874256777,29775.999874256777,1.945423789173789,0.0,True,0.3925785276432065,0.005,27455.850767709755,33097.347845250944,27458.37963139343,3195.6752345867108,hurdle_cmp,26580.324639670067,26580.324639670067,24260.175533123045
Matched human Lean term0,pair_788625c0,4278,4015,0.06147732585320243,2.001494396014944,0.007469746855270322,0.006281539054308792,0.0029887920298879204,0.9925280199252802,0.00448318804483188,3,1.595629812355777,0.40287579162927495,0.005,9074.05066587875,11142.257006118307,9077.010292522584,397.95175223084516,27.635692349437477,False,cmp,8676.098913647906,2.160921273635842,11530.360889062329,11532.360889062329,1.8784478728377747,0.0,True,0.3756225491587727,0.005,11052.599906894879,13120.806247134435,11055.559533538712,2376.5009932469734,hurdle_cmp,9155.859895815356,9155.859895815356,8676.098913647906
Matched AI Lean term0,pair_788625c0,2948,2710,0.0807327001356852,2.000738007380074,0.012545580806361568,0.010558548105413379,0.005904059040590406,0.9874538745387453,0.006642066420664207,3,1.5946147896406682,0.40021915869881164,0.005,6129.168830974067,7518.487288256877,6131.171021581921,416.3154645130562,24.96199234863684,False,cmp,5712.85336646101,2.1080639728638415,8012.568200178722,8014.568200178722,1.83921302578019,0.0,True,0.3651113957094857,0.005,7785.3225426219415,9174.640999904752,7787.324733229796,2072.4691761609315,hurdle_cmp,5942.099024017791,5942.099024017791,5712.8533664610095
Matched human Lean term0,pair_7a30a024,1359,1260,0.0728476821192053,1.9976190476190476,0.003962585034013605,0.0033461975022297495,0.0031746031746031746,0.996031746031746,0.0007936507936507937,3,1.590427454341567,0.4040169901028732,0.005,2843.0279314613376,3491.2993312525787,2845.0484689586833,74.27844771419768,31.774593771452995,False,cmp,2768.74948374714,2.1974202251961428,3676.835205469596,3678.835205469596,1.8520971302428255,0.0,True,0.37172516350488827,0.005,3554.272358934778,4202.5437587260185,3556.2928964321236,785.5228751876377,hurdle_cmp,2893.3123302819586,2893.3123302819586,2768.7494837471404
Matched AI Lean term0,pair_7a30a024,1631,1507,0.07602697731453097,1.9993364299933643,0.004644549721296193,0.0039148249335601275,0.0026542800265428003,0.9953550099535501,0.0019907100199071004,3,1.5927334916166835,0.40394865835013405,0.005,3402.6048335740334,4178.904578159103,3404.6055327883887,102.73567494585586,29.9446903389097,False,cmp,3299.8691586281775,2.1896941994878416,4419.777163090239,4421.777163090239,1.8473329245861434,0.0,True,0.3704227610702961,0.005,4281.942484393474,5058.242228978544,4283.943183607829,982.0733257652967,hurdle_cmp,3439.7038373249425,3439.7038373249425,3299.8691586281775
Matched human Lean term0,pair_7a9abe33,1560,1347,0.13653846153846153,1.9992576095025985,0.0007418393537510008,0.0006253389467547909,0.0007423904974016332,0.9992576095025983,0.0,2,1.5926276747277035,0.40588754427748935,0.005,3039.335679258173,3735.290343162771,3041.3364924994294,20.41052777902223,376.1799979640301,False,cmp,3018.925151479151,2.2412213448249076,4313.357830096037,4315.357830096037,1.7262820512820514,0.0,True,0.3479481485220174,0.005,4285.060284176416,4981.014948081013,4287.061097417672,1266.1351326972647,hurdle_cmp,3049.2226973987727,3049.2226973987727,3018.9251514791513
Matched AI Lean term0,pair_7a9abe33,2534,2286,0.0978689818468824,1.9986876640419948,0.003060395009678908,0.002581367644084974,0.0021872265966754157,0.9969378827646544,0.0008748906386701663,3,1.5918624619911603,0.40463797545415514,0.005,5157.704321576465,6335.976966160184,5159.705153584498,107.39539955067448,32.4575364546787,False,cmp,5050.308922025791,2.209233999136391,6919.724011995317,6921.724011995317,1.803078137332281,0.0,True,0.3620795040331729,0.005,6783.366128034026,7961.6387726177445,6785.366960042058,1733.0572060082347,hurdle_cmp,5188.666805987082,5188.666805987082,5050.308922025791
Matched human Lean term0,pair_7b0b98d6,3991,3782,0.052367827612127285,1.9997355896351137,0.004494906290226102,0.003787064047535507,0.002379693283976732,0.9955050237969328,0.0021152829190904283,3,1.593269335338605,0.40408656101252793,0.005,8537.300922417788,10486.544120927068,8539.304733770725,245.19465002580546,30.065076451881616,False,cmp,8292.106272391982,2.1925188451591704,10707.132269052885,10709.132269052885,1.8950137810072663,0.0,True,0.3805447528790271,0.005,10179.035300507492,12128.278499016773,10181.03911186043,1886.9290281155097,hurdle_cmp,8822.203240937375,8822.203240937375,8292.106272391982
Matched AI Lean term0,pair_7b0b98d6,6235,6004,0.037048917401764234,2.000666222518321,0.0016651124433588798,0.0014014917211510275,0.0004996668887408394,0.9983344437041972,0.0011658894070619586,3,1.5945184498413874,0.4056481057881887,0.005,13549.873412351284,16654.16653377077,13551.927297675613,164.152543837321,35.39764777450914,False,cmp,13385.720868513963,2.229467166641233,16607.33386768006,16609.33386768006,1.9265437048917402,0.0,True,0.3887231883598028,0.005,15527.735878191244,18632.02899961073,15529.789763515573,2142.015009677281,hurdle_cmp,14467.318858002778,14467.318858002778,13385.720868513963
Matched human Lean term0,pair_7b176d5c,3517,3219,0.08473130508956497,1.9953401677539608,0.012093849803140546,0.010237807318494807,0.008387698042870456,0.9878844361602982,0.003727865796831314,3,1.587366022830442,0.39958644688064426,0.005,7264.4333550987685,8906.13365108157,7266.435293727551,473.9051118591742,25.522631834496945,False,cmp,6790.528243239594,2.1095148316991597,9562.568662929902,9564.568662929902,1.8262723912425363,0.0,True,0.36265728406021974,0.005,9307.527438461813,10949.227734444616,9309.529377090596,2516.999195222219,hurdle_cmp,7047.569467707683,7047.569467707683,6790.528243239594
Matched AI Lean term0,pair_7b176d5c,7189,6885,0.04228682709695368,2.001742919389978,0.005516206966931048,0.0046375085860365815,0.001888162672476398,0.994480755265069,0.0036310820624546117,3,1.5959632748063,0.4038914819111977,0.005,15554.943838211748,19107.89843654204,15557.04139949253,523.7770783897722,29.297968391970503,False,cmp,15031.166759821976,2.1831759999741434,19208.58243435632,19210.58243435632,1.9170955626651829,0.0,True,0.3848153095219265,0.005,18075.17754151573,21628.132139846024,18077.275102796513,3044.010781693755,hurdle_cmp,16166.571652662567,16166.571652662567,15031.166759821977
Matched human Lean term0,pair_7cb6be3d,2364,2173,0.08079526226734349,2.0,0.005522319374137137,0.004651359240072735,0.0027611596870685687,0.9944776806258628,0.0027611596870685687,3,1.5936242600400345,0.40361458027289276,0.005,4907.4735432489715,6026.835293427044,4910.0062522471,169.34412596246693,29.03609085588939,False,cmp,4738.129417286505,2.1804553231875308,6418.717628342784,6420.717628342784,1.838409475465313,0.0,True,0.3681731150806495,0.005,6236.658105211591,7356.0198553896635,6239.190814209719,1498.5286879250862,hurdle_cmp,4922.188940417698,4922.188940417698,4738.129417286505
Matched AI Lean term0,pair_7cb6be3d,5345,5157,0.03517305893358279,2.001357378320729,0.004070292486281734,0.003423337900649598,0.001357378320729106,0.9959278650378127,0.002714756641458212,3,1.5954459571464277,0.404554042853568,0.005,11646.729838292922,14309.93935351605,11648.778853476373,303.79866460274206,30.83644818693902,False,cmp,11342.93117369018,2.1995212669556294,14231.346633025832,14233.346633025832,1.9309635173058934,0.0,True,0.3885316742046758,0.005,13276.688930205537,15939.898445428666,13278.737945388988,1933.757756515357,hurdle_cmp,12299.588876510476,12299.588876510476,11342.93117369018
Matched human Lean term0,pair_7f6de6ca,1797,1593,0.11352253756260434,1.9993722536095417,0.0031383378867605415,0.0026451583026759827,0.0018832391713747645,0.9968612680477087,0.0012554927809165098,3,1.592781584347822,0.404707430090341,0.005,3595.7434433143635,4417.347226195104,3597.755176598271,78.35377105551015,31.935432820778743,False,cmp,3517.3896722588534,2.208028670595639,4934.83693394667,4936.83693394667,1.7723984418475236,0.0,True,0.35590766496181225,0.005,4869.36268355262,5690.96646643336,4871.374416836527,1351.9730112937666,hurdle_cmp,3584.863922652903,3584.863922652903,3517.3896722588534
Matched AI Lean term0,pair_7f6de6ca,812,666,0.17980295566502463,2.0015015015015014,0.004502249997745494,0.003786051084828357,0.0015015015015015015,0.9954954954954955,0.003003003003003003,3,1.5956393465892618,0.4043606534107338,0.005,1506.0559564022042,1849.929633185197,1508.056026544447,46.221617407150916,30.336546299621215,False,cmp,1459.8343389950533,2.1919434519445242,2272.778710573996,2274.778710573996,1.6416256157635467,0.0,True,0.3305558402727583,0.005,2273.1135341261365,2616.9872109091293,2275.1136042683793,813.2791951310833,hurdle_cmp,1461.4995154429125,1461.4995154429125,1459.8343389950533
Matched human Lean term0,pair_7fda4fb2,3918,3655,0.06712608473711078,1.9975376196990424,0.004097903851516109,0.003460771360926857,0.003283173734610123,0.9958960328317373,0.0008207934336525308,3,1.5903180928731415,0.4039363530912867,0.005,8243.179818818175,10123.324036162878,8245.180703987884,213.82446450178395,31.608018629816357,False,cmp,8029.355354316391,2.196814050428561,10572.139090227312,10574.139090227312,1.8634507401735578,0.0,True,0.3740364826262468,0.005,10173.938853109668,12054.083070454371,10175.939738279378,2144.583498793278,hurdle_cmp,8429.555591434035,8429.555591434035,8029.355354316391
Matched AI Lean term0,pair_7fda4fb2,825,686,0.1684848484848485,1.9970845481049562,0.014568759615466342,0.01230966262029761,0.008746355685131196,0.9854227405247813,0.0058309037900874635,3,1.5897095585427277,0.39862863387709324,0.005,1551.4158834817408,1901.2203550251838,1553.4489766049737,121.87964143274439,24.303847165052158,False,cmp,1429.5362420489964,2.0838720729577207,2303.7886508551487,2305.7886508551487,1.6606060606060606,0.0,True,0.32982084302445835,0.005,2301.6506122837177,2651.4550838271607,2303.6837054069506,872.1143702347212,hurdle_cmp,1433.6742806204275,1433.6742806204275,1429.5362420489964
Matched human Lean term0,pair_807fa532,10814,10523,0.026909561679304604,2.0000950299344296,0.0006652005103169791,0.000560230187488843,0.00028508980328803573,0.9993347904589945,0.000380119737717381,3,1.5937518157458126,0.4060581243853246,0.005,23737.450137922548,29179.337370977628,23739.46797340084,129.97177454887424,39.550635983154535,False,cmp,23607.478363373673,2.2434171209135867,28657.518901534742,28659.518901534742,1.9462733493619382,0.0,True,0.39355637105656127,0.005,26417.637491606103,31859.524724661183,26419.655327084394,2810.1591282324307,hurdle_cmp,25849.359773302313,25849.359773302313,23607.478363373673
Matched AI Lean term0,pair_807fa532,5525,5296,0.04144796380090498,1.9996223564954683,0.0007551443944469296,0.0006363044668232441,0.0005664652567975831,0.9992447129909365,0.00018882175226586103,3,1.59311733291314,0.40593855832552656,0.005,11945.583187358943,14682.856906544814,11947.59637620831,74.00296114588855,39.582423002741,False,cmp,11871.580226213055,2.241612580478296,14741.575277387736,14743.575277387736,1.9167420814479639,0.0,True,0.387019151328202,0.005,13853.916648338276,16591.190367524145,13855.929837187643,1982.3364221252205,hurdle_cmp,12761.238855262516,12761.238855262516,11871.580226213056
Matched human Lean term0,pair_80de1ec1,4507,4283,0.04970046594186821,1.999299556385711,0.0006999529930322517,0.0005900038654477406,0.0007004436142890498,0.999299556385711,0.0,2,1.592683988864007,0.40591512390741086,0.005,9659.772043405233,11872.837563236086,9661.775715552054,53.58067831210792,376.58415709703286,False,cmp,9606.191365093126,2.24286513310603,12069.55020049461,12071.55020049461,1.8999334368759706,0.0,True,0.3834018147953378,0.005,11443.229932454411,13656.295452285263,11445.233604601231,1837.0385673612857,hurdle_cmp,10234.511633133325,10234.511633133325,9606.191365093126
Matched AI Lean term0,pair_80de1ec1,3404,3183,0.06492361927144535,2.0,0.0012566760917373547,0.0010584777074749245,0.0006283380458686773,0.9987433239082626,0.0006283380458686773,3,1.5936242600400345,0.40574740191409264,0.005,7182.008948739924,8827.149902889223,7184.041519576223,70.9744292354153,36.35917914335753,False,cmp,7111.034519504508,2.234066767045086,9177.708667606861,9179.708667606861,1.8701527614571092,0.0,True,0.3767797200665892,0.005,8820.00818242302,10465.14913657232,8822.04075325932,1708.973662918512,hurdle_cmp,7470.735004688349,7470.735004688349,7111.034519504508
Matched human Lean term0,pair_80fc276c,5723,5478,0.04280971518434388,2.0005476451259585,0.0012775387120522322,0.001075415884188072,0.0003650967506389193,0.9987221613727638,0.0009127418765972983,3,1.594359307975882,0.40582324039943385,0.005,12361.548812539922,15194.399082270058,12363.569467317206,119.6430186041398,36.777178939171236,False,cmp,12241.905793935783,2.234740013496857,15282.913164415275,15284.913164415275,1.9149047702254063,0.0,True,0.38636913034890147,0.005,14386.892679606546,17219.74294933668,14388.91333438383,2144.986885670763,hurdle_cmp,13139.926278744511,13139.926278744511,12241.905793935783
Matched AI Lean term0,pair_80fc276c,8735,8490,0.028048082427017746,1.9997644287396938,0.0009422295474062881,0.0007938258547620704,0.0005889281507656066,0.999057714958775,0.00035335689045936394,3,1.5933080478645938,0.4058674527243305,0.005,19150.399870917357,23538.505427494492,19155.443322030933,142.0527150108246,37.9401219337282,False,cmp,19008.347155906533,2.2389101479277422,23160.805746590682,23162.805746590682,1.9436748712077847,0.0,True,0.3928455308571679,0.005,21386.64208341057,25774.747639987705,21391.685534524146,2378.2949275040373,hurdle_cmp,20784.510819086645,20784.510819086645,19008.347155906533
Matched human Lean term0,pair_81db3cca,1760,1539,0.12556818181818183,2.001299545159194,0.005196491819156344,0.004370804700688275,0.001949317738791423,0.9948018193632229,0.003248862897985705,3,1.5953683527864762,0.40398187463392254,0.005,3477.7551424481226,4271.785333547874,3479.7712879998717,114.69450633975794,29.495302812565757,False,cmp,3363.0606361083646,2.185224584865734,4855.101007884629,4857.101007884629,1.75,0.0,True,0.3506056172159968,0.005,4809.87274229454,5603.902933394292,4811.888887846289,1446.812106186176,hurdle_cmp,3410.2889016984536,3410.2889016984536,3363.0606361083646
Matched AI Lean term0,pair_81db3cca,4694,4468,0.048146570089475926,2.0,0.0026857654431512983,0.0022621762821571295,0.0013428827215756492,0.9973142345568488,0.0013428827215756492,3,1.5936242600400345,0.4050328572383857,0.005,10083.219181849567,12389.926410967342,10085.226440478102,186.67822387907654,32.605684560817906,False,cmp,9896.54095797049,2.2149823093040486,12566.782208131022,12568.782208131022,1.903706859821048,0.0,True,0.3832717062749548,0.005,11897.30352847495,14204.010757592725,11899.310787103484,2000.7625705044586,hurdle_cmp,10568.019637626563,10568.019637626563,9896.54095797049
Matched human Lean term0,pair_81dfa8e6,6047,5729,0.052588060195138085,1.9963344388200384,0.005048529100230548,0.004269139583770853,0.004363763309478094,0.9949380345610054,0.0006982021295164951,3,1.5887019213890785,0.403268754121478,0.005,12915.83374065992,15857.01004904383,12918.111862127396,391.70999315410154,31.300573397643635,False,cmp,12524.123747505819,2.1860924677091673,16214.80770694912,16216.80770694912,1.891351083181743,0.0,True,0.3794895396082232,0.005,15409.99892298248,18351.17523136639,15412.277044449957,2885.8751754766613,hurdle_cmp,13330.932531472457,13330.932531472457,12524.123747505819
Matched AI Lean term0,pair_81dfa8e6,9243,8899,0.037217353673049874,1.9991010225868076,0.0031456127857842973,0.0026520648952027405,0.0020226991796831106,0.9968535790538263,0.001123721766490617,3,1.5924174502362802,0.4046608731708401,0.005,20075.732868431493,24664.173086796036,20077.74629884991,419.05359940312337,32.032726556230855,False,cmp,19656.67926902837,2.208863835153205,24618.936101881336,24620.936101881336,1.9246997728010387,0.0,True,0.38760612859321997,0.005,23016.96257646284,27605.402794827383,23018.976006881257,3360.28330743447,hurdle_cmp,21260.652794446865,21260.652794446865,19656.67926902837
Matched human Lean term0,pair_82f26bd9,1798,1632,0.09232480533926585,1.9987745098039216,0.0024494785659361787,0.002065881285779148,0.001838235294117647,0.9975490196078431,0.0006127450980392157,3,1.59197906832057,0.4049572061892299,0.005,3682.4305513831673,4524.090979731436,3684.4367368367402,64.57900668535149,33.76764828896039,False,cmp,3617.851544697816,2.216820799447191,4900.348572234994,4902.348572234994,1.814238042269188,0.0,True,0.36462062194344147,0.005,4791.580806951798,5633.241235300067,4793.586992405371,1173.7292622539824,hurdle_cmp,3728.6193099810116,3728.6193099810116,3617.8515446978154
Matched AI Lean term0,pair_82f26bd9,1092,961,0.11996336996336997,1.9968782518210197,0.0031120028672872624,0.0026300276776181396,0.003121748178980229,0.9968782518210197,0.0,2,1.5894324542285565,0.4043240494134788,0.005,2167.902295184371,2662.2941890444813,2169.9037480110883,44.60679771663854,374.25287685584226,False,cmp,2123.2954974677323,2.2094646175522707,3004.231160173319,3006.231160173319,1.7573260073260073,0.0,True,0.35294335097195295,0.005,2971.10706783456,3465.4989616946705,2973.1085206612775,847.8115703668278,hurdle_cmp,2158.4195898064913,2158.4195898064913,2123.2954974677323
Matched human Lean term0,pair_842aefbb,126,87,0.30952380952380953,2.0,0.0,0.0,0.0,1.0,0.0,2,1.5936242600400345,0.40637573995996135,0.005,198.2047366266892,243.21521883486096,200.20508512366507,4.000000000014552,438.80608783366597,False,cmp,194.20473662667465,2.232238352030743,358.28246890988873,356.1219561344517,1.5936242600400345,0.1334517077961111,False,0.28059277282949713,0.005,356.1219561344517,401.13243834262346,358.12230463142754,161.91721950777702,hurdle_cmp,194.20473662667467,194.20473662667467,194.20473662667467
Matched AI Lean term0,pair_842aefbb,192,146,0.23958333333333334,2.0,0.0,0.0,0.0,1.0,0.0,2,1.5936242600400345,0.40637573995996135,0.005,331.26312123559336,406.79795344700807,333.2631377706199,3.9999999999417923,438.7550424577149,False,cmp,327.26312123565157,2.241528227641449,543.552053463052,544.6932020784304,1.5936242600400345,0.04567634199097579,False,0.3090148855945539,0.005,544.6932020784304,620.2280342898453,546.693218613457,217.43008084277892,hurdle_cmp,327.2631212356515,327.2631212356515,327.2631212356515
Matched human Lean term0,pair_84334dbe,12707,12433,0.021562918076650665,1.9999195688892464,0.0002412868630973415,0.00020324957608250846,0.00016086222150727902,0.999758706667739,8.043111075363951e-05,3,1.5935162976589,0.406242409008835,0.005,28041.592112523966,34472.20924902891,28043.593556088243,63.79534438112751,44.79449272722169,False,cmp,27977.796768142838,2.250285270501314,33583.06716119343,33585.06716119343,1.956795467065397,0.0,True,0.3961060240456277,0.005,30688.196489850594,37118.813626355535,30690.19793341487,2710.399721707756,hurdle_cmp,30874.667439485675,30874.667439485675,27977.796768142838
Matched AI Lean term0,pair_84334dbe,11216,10967,0.02220042796005706,1.9998176347223489,0.00018233202055664244,0.00015360543509822198,0.00018236527765113522,0.9998176347223489,0.0,2,1.593379468881776,0.4062558005629177,0.005,24734.164096627417,30406.207745699532,24736.57934276774,42.43763069808483,377.62380804914653,False,cmp,24691.726465929332,2.2514567763225433,29651.28120880456,29653.28120880456,1.9554208273894436,0.0,True,0.395827828372972,0.005,27124.801391528268,32796.84504060038,27127.216637668593,2433.0749255989367,hurdle_cmp,27220.206283205625,27220.206283205625,24691.726465929332
Matched human Lean term0,pair_87179bc6,2775,2534,0.08684684684684685,1.999210734017364,0.0007886430418448019,0.0006648260372549137,0.0007892659826361484,0.9992107340173638,0.0,2,1.5925647432353747,0.40585672479934926,0.005,5715.834982263523,7024.96644385577,5717.835837709938,36.576049773953855,375.05628080162774,False,cmp,5679.258932489569,2.2412229409982514,7545.638372366403,7547.638372366403,1.8255855855855856,0.0,True,0.36770000762472943,0.005,7356.09080467766,8665.222266269908,7358.091660124075,1676.831872188091,hurdle_cmp,5870.8065001783125,5870.8065001783125,5679.258932489569
Matched AI Lean term0,pair_87179bc6,2845,2606,0.08400702987697715,1.9996162701458173,0.0011510423139469753,0.000969904792171662,0.0007674597083653108,0.998848810437452,0.0003837298541826554,3,1.5931091625767104,0.40573964786073735,0.005,5879.477525633068,7225.979723894003,5881.5354864575265,54.41738694830565,37.08255442554353,False,cmp,5825.060138684762,2.2352494776227023,7728.622582522511,7730.622582522511,1.831634446397188,0.0,True,0.36878075418771433,0.005,7522.749338685532,8869.251536946467,7524.807299509991,1697.68920000077,hurdle_cmp,6032.933382521741,6032.933382521741,5825.060138684762
Matched human Lean term0,pair_877062a7,4944,4583,0.07301779935275081,1.9989090115644774,0.003271775050801305,0.002759003117162104,0.002181976871045167,0.9967270346934323,0.0010909884355225835,3,1.5921596568617047,0.4045673778317235,0.005,10339.483380375292,12701.839913259462,10341.486714683986,224.70804454834433,31.918033908544512,False,cmp,10114.775335826947,2.207020583859251,13373.855663923054,13375.855663923054,1.8529530744336569,0.0,True,0.3722270376310034,0.005,12925.969457320185,15288.325990204356,12927.97279162888,2811.194121493237,hurdle_cmp,10564.661542429816,10564.661542429816,10114.775335826947
Matched AI Lean term0,pair_877062a7,6962,6599,0.05214018960068946,1.998939233217154,0.0040904037933808274,0.0034492191695783495,0.002576147901197151,0.9959084709804515,0.0015153811183512653,3,1.592200233124169,0.404162852191784,0.005,14889.16517110002,18288.605202878374,14891.185664763721,390.42079031054163,30.694007729179994,False,cmp,14498.744380789478,2.1971123474449885,18670.67003226814,18672.67003226814,1.8947141625969548,0.0,True,0.3806709905051179,0.005,17742.373241968493,21141.813273746848,17744.393735632195,3243.628861179015,hurdle_cmp,15429.041171089124,15429.041171089124,14498.744380789478
Matched human Lean term0,pair_8793031c,11317,10967,0.030926924096492003,1.9999088173611745,0.0041032104328769204,0.003456406306638169,0.002097200692988055,0.9958967812528494,0.0020060180541624875,3,1.5935018657685354,0.40430975089964694,0.005,24752.459064505514,30407.59417684916,24754.4850940326,650.8146577291191,30.509472894259616,False,cmp,24101.644406776395,2.197651537045354,30062.41178948358,30064.41178948358,1.9380577891667403,0.0,True,0.39007206282345847,0.005,27876.81099525979,33531.94610760344,27878.837024786877,3775.166588483398,hurdle_cmp,26289.245201000183,26289.245201000183,24101.644406776395
Matched AI Lean term0,pair_8793031c,10969,10609,0.03281976479168566,1.999528702045433,0.003675901923859662,0.0030977238037419243,0.0020737110000942595,0.9963238759543783,0.0016024130455273824,3,1.5929916095712389,0.40446338147409583,0.005,23939.21419918022,29409.461103913625,23942.636334494513,572.5390628062887,31.093431016238387,False,cmp,23366.67513637393,2.202533239360348,29160.360982973518,29162.360982973518,1.9339046403500775,0.0,True,0.38936600317939485,0.005,27109.309202805132,32579.556107538538,27112.731338119425,3742.6340664312015,hurdle_cmp,25419.726916542317,25419.726916542317,23366.67513637393
Matched human Lean term0,pair_87ba057a,399,340,0.14786967418546365,2.0029411764705882,0.00881487889273356,0.00740119110161375,0.0029411764705882353,0.9911764705882353,0.0058823529411764705,3,1.5975707941915411,0.40242920580845515,0.005,770.8507900816938,946.0649914933365,772.8570646740667,42.17454624775564,26.998688732004986,False,cmp,728.6762438339382,2.143165423040995,1110.2218264026735,1112.2218264026735,1.7067669172932332,0.0,True,0.34077095844793515,0.005,1107.2095624039891,1282.423763815632,1109.215836996362,378.53331857005094,hurdle_cmp,733.6885078326226,733.6885078326226,728.6762438339382
Matched AI Lean term0,pair_87ba057a,386,333,0.13730569948186527,1.996996996996997,0.0029939849759669573,0.0025299634689742085,0.003003003003003003,0.996996996996997,0.0,2,1.5895919585023637,0.4044020354916261,0.005,752.5337388307992,923.884246384762,754.5341929016996,17.61327896642615,376.2768440700951,False,cmp,734.920459864373,2.2069683479410602,1068.7966652077428,1070.7966652077428,1.7227979274611398,0.0,True,0.3463023098538313,0.005,1063.3663468941481,1234.716854448111,1065.3668009650485,328.44588702977507,hurdle_cmp,742.3507781779676,742.3507781779676,734.920459864373
Matched human Lean term0,pair_87d2dbfe,1673,1548,0.07471607890017933,1.9993540051679586,0.0006455775227183193,0.0005441378134922362,0.0006459948320413437,0.9993540051679587,0.0,2,1.592757086106709,0.40595092422920415,0.005,3492.6363589045254,4292.580724564279,3494.651537699155,20.688791975728236,371.58306869461785,False,cmp,3471.947566928797,2.24286018535452,4528.69826987618,4530.69826987618,1.8499701135684399,0.0,True,0.37282081014909463,0.005,4383.570136433477,5183.514502093231,4385.585315228107,911.6225695046802,hurdle_cmp,3619.0757003715003,3619.0757003715003,3471.947566928797
Matched AI Lean term0,pair_87d2dbfe,1474,1375,0.06716417910447761,2.0,0.0,0.0,0.0,1.0,0.0,2,1.5936242600400345,0.40637573995996135,0.005,3102.9369294448006,3814.309493079699,3105.4088899233498,3.9999999997671694,438.79815896243764,False,cmp,3098.9369294450335,2.253772312323661,3978.238598027506,3980.238598027506,1.8656716417910448,0.0,True,0.37641946759537404,0.005,3830.855415806188,4542.227979441086,3833.327376284737,731.9184863611545,hurdle_cmp,3248.3201116663517,3248.3201116663517,3098.9369294450335
Matched human Lean term0,pair_88838551,2347,2128,0.09331060928845335,1.9995300751879699,0.0014095536067612639,0.0011878448861402417,0.0009398496240601503,0.9985902255639098,0.00046992481203007516,3,1.592993452921296,0.40559677264260974,0.005,4801.479014992316,5900.682271547506,4803.479932236681,53.20080709774629,36.08175053492851,False,cmp,4748.278207894569,2.2313337443113577,6398.376284036825,6400.376284036825,1.8129527055815935,0.0,True,0.3648313087419271,0.005,6259.234767093099,7358.43802364829,6261.235684337465,1510.9565591985304,hurdle_cmp,4889.419724838295,4889.419724838295,4748.278207894569
Matched AI Lean term0,pair_88838551,2117,1945,0.0812470477090222,1.9994858611825193,0.0005138744787570797,0.00043306777402730946,0.0005141388174807198,0.9994858611825193,0.0,2,1.5929340983411768,0.4060376240238576,0.005,4387.96153254883,5393.298513259741,4389.961775435813,21.14552028547041,373.4911608528295,False,cmp,4366.81601226336,2.245149620700956,5744.7494918406455,5746.7494918406455,1.8370335380255078,0.0,True,0.3701895343233428,0.005,5583.122124465615,6588.459105176526,5585.122367352598,1216.306112202255,hurdle_cmp,4530.443379638391,4530.443379638391,4366.81601226336
Matched human Lean term0,pair_8956508b,1756,1540,0.12300683371298406,1.9993506493506494,0.0006489289930848371,0.0005469646441659689,0.0006493506493506494,0.9993506493506493,0.0,2,1.592752580964207,0.40594871773708796,0.005,3474.5945412144365,4270.400013107364,3476.5947823469564,20.678425900405273,377.97474465609196,False,cmp,3453.9161153140312,2.2428026722818384,4835.38129233763,4837.38129233763,1.7534168564920274,0.0,True,0.3532637146824688,0.005,4786.125902212296,5581.931374105225,4788.126143344816,1332.209786898265,hurdle_cmp,3505.171505439365,3505.171505439365,3453.916115314031
Matched AI Lean term0,pair_8956508b,383,300,0.21671018276762402,1.9966666666666666,0.009988888888888891,0.008443777342311302,0.006666666666666667,0.99,0.0033333333333333335,3,1.5891482317675898,0.4008517682324061,0.005,678.9219038742463,832.3886528609572,680.9320938910002,41.42000903427834,26.375451665790834,False,cmp,637.5018948399679,2.125006316133226,1079.5354666871692,1081.319679898665,1.5891482317675898,0.015844691424584965,False,0.31398310827603615,0.005,1081.319679898665,1234.7864288853762,1083.3298699154193,443.81778505869727,hurdle_cmp,637.5018948399678,637.5018948399678,637.5018948399678
Matched human Lean term0,pair_896a11b6,8800,8538,0.029772727272727274,1.9978917779339425,0.0035092588431495622,0.002962515042612634,0.0028109627547434997,0.9964862965565706,0.0007027406886858749,3,1.5907937285589167,0.40428708662027846,0.005,19253.783597241254,23649.390217959168,19256.573511991355,432.9836925343843,32.37692645472092,False,cmp,18820.79990470687,2.2043569811087926,23353.81916467715,23355.81916467715,1.938409090909091,0.0,True,0.3904333059309646,0.005,21613.325703956696,26008.93232467461,21616.115618706797,2792.5257992498255,hurdle_cmp,20563.293365427322,20563.293365427322,18820.79990470687
Matched AI Lean term0,pair_896a11b6,372,325,0.12634408602150538,2.0,0.0,0.0,0.0,1.0,0.0,2,1.5936242600400345,0.40637573995996135,0.005,734.9487287778618,903.0913347279288,736.948771906811,3.9999999998835847,438.79202425644365,False,cmp,730.9487287779782,2.2490730116245485,1027.0436061624673,1029.0436061624673,1.7473118279569892,0.0,True,0.35235221417659,0.005,1019.205513282008,1187.348119232075,1021.2055564109571,288.2567845040298,hurdle_cmp,740.7868216584375,740.7868216584375,730.9487287779782
Matched human Lean term0,pair_8a45bd25,12494,12125,0.029534176404674244,2.0023092783505154,0.004283327027314274,0.00359882851967705,0.0009896907216494846,0.9957113402061856,0.0032989690721649486,3,1.5967231286694754,0.4045964589593862,0.005,27391.72807796696,33658.42220665095,27393.75697569733,730.9431588856969,31.13374180715807,False,cmp,26660.784919081263,2.198827622192269,33181.25056579472,33183.25056579472,1.9431727229069953,0.0,True,0.39111114518574697,0.005,30720.109952018454,36986.80408070244,30722.138849748826,4059.3250329371904,hurdle_cmp,29123.925532857527,29123.925532857527,26660.784919081263
Matched AI Lean term0,pair_8a45bd25,13170,12818,0.026727410782080487,2.0006241223279764,0.0015599162912604298,0.0013130097026936266,0.00046809174598221254,0.9984396941800593,0.0010922140739584958,3,1.5944619479846858,0.40569408259730416,0.005,28924.48086305389,35552.130100847935,28926.484308229083,326.9182883260073,35.720248376595094,False,cmp,28597.562574727883,2.231047166073325,34905.27685410336,34907.27685410336,1.9471526195899773,0.0,True,0.39331602880453953,0.005,32170.922054336897,38798.571292130946,32172.92549951209,3573.3594796090156,hurdle_cmp,31333.917374494344,31333.917374494344,28597.562574727883
Matched human Lean term0,pair_8a465ac4,739,599,0.18944519621109607,1.998330550918197,0.0016666620215662717,0.0014063296916865585,0.001669449081803005,0.998330550918197,0.0,2,1.5913829472942673,0.4052781545421226,0.005,1352.4252081174034,1661.393514838524,1354.426799908436,18.788852817378938,375.9842750020314,False,cmp,1333.6363553000244,2.226437988814732,2070.4357995939017,2072.4357995939017,1.6197564276048715,0.0,True,0.32777430736392466,0.005,2071.872262405932,2380.8405691270527,2073.8738541969647,738.2359071059077,hurdle_cmp,1334.199892487994,1334.199892487994,1333.6363553000242
Matched AI Lean term0,pair_8a465ac4,683,555,0.18740849194729137,2.007207207207207,0.010758866975083192,0.008992233544800608,0.0018018018018018018,0.9891891891891892,0.009009009009009009,3,1.6032902294290592,0.4021151759763424,0.005,1259.498428458443,1546.3175555996038,1261.5122234991945,75.66817532269488,27.146073237700207,False,cmp,1183.830253135748,2.133027483127474,1919.0164732252738,1921.0164732252738,1.6310395314787702,0.0,True,0.32609023568587825,0.005,1920.5160528101778,2207.3351799513384,1922.5298478509294,736.6857996744297,hurdle_cmp,1184.330673550844,1184.330673550844,1183.830253135748
Matched human Lean term0,pair_8d6d2aa2,6263,6039,0.03576560753632445,1.9898989898989898,0.013641966945494022,0.011616706109628231,0.011922503725782414,0.9862560026494452,0.0018214936247723133,3,1.5800497339771602,0.3979267521960435,0.005,13602.003717671589,16660.789691577884,13604.013159093005,945.4553456407157,26.413492312316922,False,cmp,12656.548372030873,2.0958020155706034,16670.119131538682,16672.119131538682,1.9187290435893343,0.0,True,0.3811884983122385,0.005,15536.079265743021,18594.865239649316,15538.08870716444,2879.530893712149,hurdle_cmp,13792.588237826534,13792.588237826534,12656.548372030873
Matched AI Lean term0,pair_8d6d2aa2,9143,8900,0.026577709723285575,1.9992134831460675,0.00101061734629466,0.000851947839094041,0.0008988764044943821,0.9989887640449439,0.00011235955056179776,3,1.5925684340273962,0.4057461727141726,0.005,20071.14541694766,24668.332813514164,20073.14657270102,152.4083491466008,39.722701471682846,False,cmp,19918.73706780106,2.2380603446967484,24223.378496138408,24225.378496138408,1.9460789675161325,0.0,True,0.3933446835166851,0.005,22315.68268833874,26912.870084905247,22317.683844092106,2396.9456205376828,hurdle_cmp,21828.432875600723,21828.432875600723,19918.737067801056
Matched human Lean term0,pair_8e82b67b,2139,1931,0.09724170172978028,1.9994821336095288,0.0005175982048728787,0.0004362076961020355,0.0005178663904712584,0.9994821336095288,0.0,2,1.5929290942758203,0.4060351729432333,0.005,4356.3883533991,5354.482269283635,4358.41586031694,21.131068609422073,372.64209236509134,False,cmp,4335.257284789678,2.245084041838259,5839.029224343292,5841.029224343292,1.8050490883590462,0.0,True,0.3636270677722419,0.005,5722.983742958961,6721.077658843496,5725.0112498768,1387.7264581692823,hurdle_cmp,4453.30276617401,4453.30276617401,4335.257284789678
Matched AI Lean term0,pair_8e82b67b,3448,3183,0.07685614849187936,1.9996858309770658,0.002827422504234077,0.0023822974758344662,0.0015708451146716933,0.9971724787935909,0.0012566760917373547,3,1.5932025405780492,0.4049124452843409,0.005,7183.1762718242735,8825.763451418912,7185.176561052616,139.9702248761023,32.38196043836391,False,cmp,7043.206046948171,2.212757162094933,9342.689315631495,9344.689315631495,1.8459976798143851,0.0,True,0.3709849596388336,0.005,9054.151090753367,10696.738270348005,9056.15137998171,2010.945043805195,hurdle_cmp,7333.744271826299,7333.744271826299,7043.206046948171
Matched human Lean term0,pair_915d7da0,3309,3050,0.07827138108189785,1.999016393442623,0.0009826390755173344,0.0008285381753826388,0.0009836065573770492,0.9990163934426229,0.0,2,1.5923038288530205,0.40572895803222125,0.005,6879.076611821669,8454.235243612107,6881.077901489014,51.542755698086694,348.5246811512268,False,cmp,6827.533856123582,2.238535690532322,8967.665843808536,8969.665843808536,1.8425506195225143,0.0,True,0.371118572364448,0.005,8697.896627117649,10273.055258908087,8699.897916784994,1870.3627709940658,hurdle_cmp,7099.30307281447,7099.30307281447,6827.533856123583
Matched AI Lean term0,pair_915d7da0,3960,3684,0.0696969696969697,2.0,0.0010857763300760044,0.0009145316348785789,0.0005428881650380022,0.998914223669924,0.0005428881650380022,3,1.5936242600400345,0.40583285179492334,0.005,8311.877604486719,10216.216852731353,8313.88184978572,72.14451310865115,37.081064968370264,False,cmp,8239.733091378068,2.2366267891905722,10697.114381752128,10699.114381752128,1.8606060606060606,0.0,True,0.37484624172807574,0.005,10316.484416398725,12220.82366464336,10318.488661697726,2076.751325020657,hurdle_cmp,8622.36305673147,8622.36305673147,8239.733091378068
Matched human Lean term0,pair_919a0d3c,107,83,0.22429906542056074,2.0,0.0,0.0,0.0,1.0,0.0,2,1.5936242600400345,0.40637573995996135,0.005,189.18382919557706,232.12486394590184,191.18572794288787,3.999999999985448,438.7569123886742,False,cmp,185.1838291955916,2.2311304722360434,303.2616592799314,305.0950750194883,1.5936242600400345,0.026494570859569196,False,0.3152260412773532,0.005,305.0950750194883,348.0361097698131,307.0969737667991,119.91124582389672,hurdle_cmp,185.1838291955916,185.1838291955916,185.1838291955916
Matched AI Lean term0,pair_919a0d3c,101,79,0.21782178217821782,2.0,0.0,0.0,0.0,1.0,0.0,2,1.5936242600400345,0.40637573995996135,0.005,180.1629217644649,221.0345090569427,182.16293539600318,3.999999999985448,438.7550767992213,False,cmp,176.16292176447945,2.229910402082018,286.11530741378783,288.038637528844,1.5936242600400345,0.018365574075621907,False,0.31785825204789064,0.005,288.038637528844,328.91022482132183,290.0386511603823,111.87571576436457,hurdle_cmp,176.16292176447942,176.16292176447942,176.16292176447942
Matched human Lean term0,pair_92daf189,6889,6583,0.044418638409057916,2.001822877107702,0.0030348056318863096,0.002551160248295291,0.0006076257025672186,0.9969618714871639,0.0024305028102688743,3,1.5960705559500508,0.40514469545507975,0.005,14866.566148084616,18270.576163533326,14868.667601387884,295.81582141655963,33.09658575633877,False,cmp,14570.750326668056,2.2133906010433018,18418.482732576857,18420.482732576857,1.9129046305704747,0.0,True,0.3850936923475128,0.005,17372.595026370745,20776.605041819457,17374.696479674014,2801.8446997026904,hurdle_cmp,15618.638032874165,15618.638032874165,14570.750326668054
Matched AI Lean term0,pair_92daf189,8168,7880,0.03525954946131244,2.0006345177664975,0.0013955364734984153,0.001174635104895103,0.00038071065989847715,0.9986040609137056,0.0010152284263959391,3,1.5944758995548185,0.40577790755177656,0.005,17781.943772903374,21856.92901726374,17783.96725371458,183.50772960926406,36.410718804498494,False,cmp,17598.43604329411,2.233304066407882,21736.292750554247,21738.292750554247,1.9300930460333008,0.0,True,0.3896313201607524,0.005,20276.39839701851,24351.383641378878,20278.421877829718,2677.9623537244,hurdle_cmp,19060.330396829846,19060.330396829846,17598.43604329411
Matched human Lean term0,pair_95cc16d3,3641,3430,0.05795111233177699,1.9994169096209913,0.0005827503846186537,0.0004911494302735571,0.0005830903790087463,0.9994169096209913,0.0,2,1.5928415338872846,0.4059922853546943,0.005,7736.5185943204615,9509.206145299777,7738.520676496191,37.78750703227706,374.62367736600623,False,cmp,7698.731087288184,2.244528013786643,9785.829007751607,9787.829007751607,1.8835484756934908,0.0,True,0.3799419890523221,0.005,9349.969242509567,11122.656793488883,9351.971324685297,1651.2381552213822,hurdle_cmp,8136.590852530225,8136.590852530225,7698.731087288185
Matched AI Lean term0,pair_95cc16d3,4717,4492,0.047699809200763194,1.9993321460373998,0.0006674079336848172,0.000562551255814759,0.0006678539626001781,0.9993321460373998,0.0,2,1.5927277404353941,0.4059365516394015,0.005,10131.114539070497,12452.30865510214,10133.116182248936,53.86664215521887,345.496025384207,False,cmp,10077.247896915278,2.2433766466863934,12620.656892861498,12622.656892861498,1.9039643841424634,0.0,True,0.38428764686638917,0.005,11941.47979291096,14262.673908942605,11943.4814360894,1864.2318959956833,hurdle_cmp,10758.424996865815,10758.424996865815,10077.247896915278
Matched human Lean term0,pair_95ff000b,12177,11819,0.029399687936273303,2.0001692190540656,0.0010152856893046681,0.000855002755683505,0.00042304763516371943,0.998984685675607,0.0005922666892292072,3,1.5938513955043052,0.40589477591459244,0.005,26663.1110039462,32773.99852766948,26665.113177718384,209.709819505224,37.48177325688803,False,cmp,26453.401184440976,2.238209762622978,32309.923097215822,32311.923097215822,1.9413648681941365,0.0,True,0.3922989343827861,0.005,29895.649420281614,36006.536944004896,29897.651594053797,3442.2482358406382,hurdle_cmp,28869.674861375184,28869.674861375184,26453.401184440976
Matched AI Lean term0,pair_95ff000b,10832,10540,0.026957163958641065,2.0,0.0009487666034155598,0.0007991305841775817,0.0004743833017077799,0.9990512333965844,0.0004743833017077799,3,1.5936242600400345,0.40590135665825355,0.005,23776.14573206159,29225.085132407294,23778.146995610285,177.06040761678014,37.74699985089641,False,cmp,23599.085324444808,2.2390024026987483,28706.62570094803,28708.62570094803,1.9460856720827178,0.0,True,0.39337675670893746,0.005,26464.49015674101,31913.429557086714,26466.491420289705,2865.4048322962017,hurdle_cmp,25843.220868651828,25843.220868651828,23599.085324444808
Matched human Lean term0,pair_965e479d,10946,10669,0.025306047871368538,2.000656106476708,0.001967888954415882,0.001656350659909341,0.00065610647670822,0.9980316805698753,0.00131221295341644,3,1.594504873347117,0.405495126652879,0.005,24077.544410068913,29592.45084248444,24079.563303468123,334.37639267381746,34.43274657970735,False,cmp,23743.168017395095,2.2254351876834844,28993.195702871766,28995.195702871766,1.950027407272063,0.0,True,0.39375535662364447,0.005,26663.373118674706,32178.279551090232,26665.392012073917,2920.20510127961,hurdle_cmp,26074.990601592155,26074.990601592155,23743.168017395095
Matched AI Lean term0,pair_965e479d,21846,21557,0.013228966401171839,2.000417497796539,0.0006956553564888967,0.0005856758720398116,0.00013916593217980238,0.999304170339101,0.0005566637287192095,3,1.5941846330935143,0.40609369877084106,0.005,48631.7418256151,59783.169856225046,48633.766676493644,267.1138030050788,40.37851088549581,False,cmp,48364.62802261002,2.243569514431972,57503.941166671444,57505.941166671444,1.9739540419298727,0.0,True,0.3997353351828677,0.005,51707.95191918151,62859.37994979146,51709.97677006006,3343.323896571491,hurdle_cmp,54162.61727009995,54162.61727009995,48364.62802261002
Matched human Lean term0,pair_98273f65,6722,6403,0.0474561142517108,2.0001561767921285,0.0007808595694530489,0.0006575946688681256,0.00031235358425737937,0.9992191160393565,0.00046853037638606906,3,1.5938338897568671,0.40600993345100017,0.005,14445.104502162445,17756.27180478014,14447.106220388865,92.27705124451313,38.80909822264788,False,cmp,14352.827450917932,2.241578549260961,17985.31951411032,17987.31951411032,1.9052365367450164,0.0,True,0.38450907598182466,0.005,17014.31272067216,20325.480023289852,17016.31443889858,2661.485269754227,hurdle_cmp,15325.834244356094,15325.834244356094,14352.827450917932
Matched AI Lean term0,pair_98273f65,19734,19424,0.015708928752407012,2.0006692751235584,0.0008747580016162344,0.0007362638336485204,0.00010296540362438221,0.9991247940691927,0.0007722405271828666,3,1.5945225466625748,0.406043763057355,0.005,43825.588657214685,53874.78081864697,43827.673287885045,289.69602221623063,40.31308367963225,False,cmp,43535.892634998454,2.2413453786551925,52013.398667769456,52015.398667769456,1.9692409040235128,0.0,True,0.3985851716952925,0.005,47017.87931861699,57067.07148004928,47019.963949287354,3481.9866836185415,hurdle_cmp,48533.41198415092,48533.41198415092,43535.892634998454
Matched human Lean term0,pair_99ea5bb6,6291,5884,0.06469559688443809,1.9984704282800816,0.004586375570108895,0.0038694007617449695,0.0030591434398368456,0.9954112848402448,0.0015295717199184228,3,1.5915707728197133,0.40384051202052745,0.005,13274.953147453718,16303.428504067277,13277.854012146337,382.99206608877284,30.24477008492008,False,cmp,12891.961081364945,2.1910198982605276,16961.295454014173,16963.295454014173,1.869178191066603,0.0,True,0.3750149820514306,0.005,16292.81766763697,19321.293024250528,16295.718532329589,3400.8565862720243,hurdle_cmp,13562.438867742148,13562.438867742148,12891.961081364945
Matched AI Lean term0,pair_99ea5bb6,5665,5322,0.060547219770520744,1.9983089064261557,0.005446219496023186,0.004595628193191341,0.003570086433671552,0.9945509207065013,0.0018789928598271326,3,1.591353882797495,0.40338493719498525,0.005,12008.325357756761,14745.232914148055,12010.326077896709,401.5183721400681,29.352112166581563,False,cmp,11606.806985616693,2.1809107451365453,15248.71884554879,15250.71884554879,1.8773168578993822,0.0,True,0.3763285518407765,0.005,14598.896914160014,17335.80447055131,14600.897634299961,2992.0899285433206,hurdle_cmp,12258.62891700547,12258.62891700547,11606.806985616693
Matched human Lean term0,pair_99eea8ae,161,132,0.18012422360248448,2.0,0.015151515151515152,0.012761873268532896,0.007575757575757576,0.9848484848484849,0.007575757575757576,3,1.5936242600400345,0.3987999823842038,0.005,300.5008754429172,367.9817113356511,302.5011237949461,27.500765837948165,24.009701156562333,False,cmp,273.00010960496905,2.068182648522493,452.6821641345834,454.6821641345834,1.639751552795031,0.0,True,0.3258509495835209,0.005,454.3502152658969,521.8310511586308,456.3504636179258,181.35010566092785,hurdle_cmp,273.33205847365554,273.33205847365554,273.00010960496905
Matched AI Lean term0,pair_99eea8ae,1848,1658,0.10281385281385282,1.997587454764777,0.003612997478322742,0.003051092978487782,0.0030156815440289505,0.9963811821471653,0.0006031363088057901,3,1.5903850239231163,0.40418674929762793,0.005,3740.1518343812354,4593.402093110029,3742.3074341797274,88.8442898606736,32.57998012519103,False,cmp,3651.307544520562,2.2022361547168647,5054.980507385993,5056.980507385993,1.7922077922077921,0.0,True,0.3596398964565553,0.005,4966.348397932056,5819.59865666085,4968.503997730548,1315.0408534114945,hurdle_cmp,3741.939653974499,3741.939653974499,3651.307544520562
Matched human Lean term0,pair_9a76e23c,10400,10099,0.02894230769230769,2.001881374393504,0.002868031873108567,0.002410813043206827,0.0004950985246063966,0.9971284285572829,0.002376472918110704,3,1.596149041858233,0.4052372340106607,0.005,22805.5994551086,28028.695242498616,22811.2286959254,428.0468066658359,33.65794316452727,False,cmp,22377.552648442765,2.2158186601091954,27604.77990724331,27606.77990724331,1.9439423076923077,0.0,True,0.3919685263536397,0.005,25533.357931662234,30756.453719052246,25538.987172479036,3155.805283219468,hurdle_cmp,24450.974624023846,24450.974624023846,22377.55264844277
Matched AI Lean term0,pair_9a76e23c,11553,11256,0.025707608413399117,2.001865671641791,0.00399438707316297,0.0033576624544231636,0.0010660980810234541,0.9960021321961621,0.002931769722814499,3,1.5961279735549234,0.40467160000584024,0.005,25423.100957113955,31239.35126781623,25425.14933091032,642.991715229,31.242872145465654,False,cmp,24780.109241884955,2.2015022425270927,30622.302743265027,30624.302743265027,1.9504024928589976,0.0,True,0.39285055708511407,0.005,28186.014676502185,34002.264987204464,28188.06305029855,3405.905434617231,hurdle_cmp,27218.397308647796,27218.397308647796,24780.109241884955
Matched human Lean term0,pair_9a84ead7,1587,1401,0.11720226843100189,1.9964311206281227,0.004983694220657113,0.004213873602068435,0.004282655246252677,0.9950035688793719,0.0007137758743754461,3,1.5888318060127387,0.4033166593691272,0.005,3160.0973451396253,3879.4563898995575,3162.1016375200247,97.89303478098009,31.292678379388015,False,cmp,3062.204310358645,2.185727559142502,4361.947023192553,4363.947023192553,1.7624448645242596,0.0,True,0.3531209258306151,0.005,4308.9060566328435,5028.265101392775,4310.910349013243,1246.701746274198,hurdle_cmp,3117.2452769183556,3117.2452769183556,3062.2043103586457
Matched AI Lean term0,pair_9a84ead7,632,529,0.1629746835443038,1.998109640831758,0.00188678571045701,0.0015924494845918303,0.001890359168241966,0.998109640831758,0.0,2,1.5910862995093074,0.40513298215420473,0.005,1194.559141765952,1467.3121936297894,1196.6419668290227,18.5400853123283,365.0983429293609,False,cmp,1176.0190564536238,2.223098405394374,1760.7319717680762,1762.7319717680762,1.6724683544303798,0.0,True,0.33728710461356703,0.005,1758.4954034861942,2031.2484553500315,1760.5782285492648,582.4763470325704,hurdle_cmp,1180.2556247355058,1180.2556247355058,1176.0190564536238
Matched human Lean term0,pair_9af28884,2573,2409,0.06373882627283327,1.995848899958489,0.004964088418258568,0.004199938572423018,0.0045662100456621,0.9950186799501868,0.00041511000415110004,3,1.58804959237499,0.40323309753783304,0.005,5431.074687379029,6667.282489580553,5433.371460572206,162.07363679175614,32.471493499052656,False,cmp,5269.001050587272,2.187215047981433,6932.524590160228,6934.524590160228,1.8686358336572095,0.0,True,0.37471421079997047,0.005,6653.363402456097,7889.571204657622,6655.660175649275,1384.3623518688244,hurdle_cmp,5550.162238291404,5550.162238291404,5269.001050587272
Matched AI Lean term0,pair_9af28884,894,801,0.1040268456375839,1.9925093632958801,0.007434527065886741,0.006312881830216847,0.00749063670411985,0.9925093632958801,0.0,2,1.5835608526520593,0.40145787393969706,0.005,1805.6731192783875,2214.5032439032357,1807.676996867436,74.6841612723656,398.71618546184374,False,cmp,1730.988958006022,2.16103490387768,2446.180408037035,2448.180408037035,1.7852348993288591,0.0,True,0.3565062069666916,0.005,2404.5823023586136,2813.412426983462,2406.5861799476625,673.5933443525919,hurdle_cmp,1774.587063684443,1774.587063684443,1730.9889580060217
Matched human Lean term0,pair_9b461a0f,4134,3846,0.06966618287373004,1.998959958398336,0.002079001516794942,0.00175307184142781,0.0015600624024961,0.9979199167966719,0.0005200208008320333,3,1.5922280590467313,0.4051718369491046,0.005,8675.40375930285,10659.828967124173,8677.405677275541,127.78626835113391,34.57885366923155,False,cmp,8547.617490951716,2.222469446425303,11166.260520615264,11168.260520615264,1.8597000483792936,0.0,True,0.3741930185108307,0.005,10767.34422312704,12751.769430948363,10769.346141099732,2219.726732175324,hurdle_cmp,8948.53378843994,8948.53378843994,8547.617490951716
Matched AI Lean term0,pair_9b461a0f,5239,4960,0.05325443786982249,1.9995967741935483,0.0020159664412070758,0.0016987529875941052,0.0012096774193548388,0.9979838709677419,0.0008064516129032258,3,1.5930829910657451,0.40530410570844433,0.005,11190.259710686987,13751.267070279955,11192.704032870832,161.57157737447415,34.12437734452233,False,cmp,11028.688133312513,2.223525833329136,14054.746396693194,14056.746396693194,1.8931093720175607,0.0,True,0.38131067730475837,0.005,13371.562884377778,15932.570243970746,13374.007206561622,2342.8747510652647,hurdle_cmp,11713.871645627929,11713.871645627929,11028.688133312513
Matched human Lean term0,pair_9d3572bb,940,811,0.1372340425531915,1.9987669543773119,0.0012315252211804086,0.001038672337866495,0.0012330456226880395,0.998766954377312,0.0,2,1.5919689238719361,0.4055649848826836,0.005,1830.5336699251532,2249.1825424721574,1832.540137359835,19.39530255558202,363.1354023975784,False,cmp,1811.1383673695711,2.233216235967412,2600.2721806460986,2602.2721806460986,1.724468085106383,0.0,True,0.3473871952658144,0.005,2584.365451321055,3003.0143238680594,2586.371918755737,773.227083951484,hurdle_cmp,1829.0450966946146,1829.0450966946146,1811.138367369571
Matched AI Lean term0,pair_9d3572bb,808,687,0.14975247524752475,1.992721979621543,0.013047467100593476,0.011076443804198756,0.010189228529839884,0.9868995633187773,0.002911208151382824,3,1.5838467399038452,0.39868601118785385,0.005,1550.6606170809346,1899.8187188277827,1552.6611943290688,109.44827162738511,25.647676503845638,False,cmp,1441.2123454535495,2.097834563978966,2243.3990413071842,2245.3990413071842,1.6943069306930694,0.0,True,0.33659979493755243,0.005,2235.064274103105,2584.2223758499536,2237.0648513512397,793.8519286495559,hurdle_cmp,1451.5471126576283,1451.5471126576283,1441.2123454535492
Matched human Lean term0,pair_9d50620a,8881,8589,0.032879180272491836,2.0004657119571543,0.001164063005259213,0.0009799798677108088,0.00034928396786587494,0.9988357201071137,0.0008149959250203749,3,1.594249343477352,0.40586708451193226,0.005,19379.63551498028,23821.30878155487,19381.636446434546,171.31868899904657,37.16621961971729,False,cmp,19208.316825981234,2.236385705667858,23605.645354091834,23607.645354091834,1.9346920391847764,0.0,True,0.39075431835578694,0.005,21950.238542134946,26391.911808709538,21952.239473589212,2741.9217161537113,hurdle_cmp,20865.72363793812,20865.72363793812,19208.316825981234
Matched AI Lean term0,pair_9d50620a,11526,11264,0.022731216380357452,2.000710227272727,0.001064836486311983,0.0008962090677507669,0.0001775568181818182,0.9989346590909091,0.0008877840909090909,3,1.5945775071815096,0.40595516327303144,0.005,25416.61402528134,31243.526882297192,25418.819424913687,203.06773095170502,38.62435723865968,False,cmp,25213.546294329633,2.238418527550571,30487.252225739423,30489.252225739423,1.9552316501821967,0.0,True,0.39535418397349237,0.005,27919.437251950243,33746.3501089661,27921.642651582595,2705.8909576206115,hurdle_cmp,27783.36126811881,27783.36126811881,25213.54629432963
Matched human Lean term0,pair_9effdc53,2494,2295,0.0797914995990377,1.9995642701525054,0.0013069996819836623,0.001101381104360439,0.0008714596949891067,0.9986928104575163,0.00043572984749455336,3,1.5930393571339811,0.40565345332353103,0.005,5178.101929052473,6363.7046052667765,5180.102208417819,53.65441676042974,36.455024346231305,False,cmp,5124.447512292043,2.2328747330248553,6764.461777940016,6766.461777940016,1.8400160384923818,0.0,True,0.3704433791092648,0.005,6568.06204024673,7753.664716461035,6570.062319612078,1443.6145279546877,hurdle_cmp,5322.847249985329,5322.847249985329,5124.447512292043
Matched AI Lean term0,pair_9effdc53,3127,2884,0.07771026543012471,2.0,0.0013869625520110957,0.0011682158609197936,0.0006934812760055479,0.9986130374479889,0.0006934812760055479,3,1.5936242600400345,0.4056822586839558,0.005,6507.696118264292,7998.145874939529,6509.702409815472,70.18474021903239,35.871856134159515,False,cmp,6437.511378045259,2.2321468023735296,8474.763552998094,8476.763552998094,1.8445794691397506,0.0,True,0.3713548022429323,0.005,8217.920639543008,9708.370396218246,8219.926931094189,1780.4092614977499,hurdle_cmp,6696.3542915003445,6696.3542915003445,6437.511378045258
Matched human Lean term0,pair_9f0d7c77,3003,2786,0.07226107226107226,1.9996410624551328,0.0010766837984404639,0.0009072237219012191,0.0007178750897343862,0.9989231873653984,0.0003589375448671931,3,1.5931424437839234,0.40578074358147104,0.005,6285.418380920841,7725.045706297922,6287.418711952776,54.818352623609826,37.412535826177596,False,cmp,6230.600028297231,2.236396277206472,8120.299408473452,8122.299408473452,1.855144855144855,0.0,True,0.37370403992298884,0.005,7845.66761581107,9285.294941188153,7847.667946843006,1615.0675875138395,hurdle_cmp,6507.231820959612,6507.231820959612,6230.600028297231
Matched AI Lean term0,pair_9f0d7c77,4086,3868,0.05335291238374939,1.9997414684591521,0.0033608431924661707,0.002831571344250501,0.0018097207859358842,0.9966390899689762,0.0015511892450879006,3,1.5932772268714392,0.40465452080177294,0.005,8729.62857670684,10724.98675397987,8731.638282189186,195.98521985218395,31.510948549528738,False,cmp,8533.643356854656,2.2062159660947924,10964.882237118016,10966.882237118016,1.8930494371023006,0.0,True,0.38066138074755973,0.005,10433.625539266119,12428.98371653915,10435.635244748464,1899.9821824114629,hurdle_cmp,9066.900054706553,9066.900054706553,8533.643356854656
Matched human Lean term0,pair_a0095248,7643,7271,0.04867198743948711,2.0,0.000825195984046211,0.0006950490736266025,0.0004125979920231055,0.9991748040159538,0.0004125979920231055,3,1.5936242600400345,0.40596314196793826,0.005,16402.187273552754,20161.49259940545,16404.188112177253,109.51148939097766,38.43582600586168,False,cmp,16292.675784161776,2.2407751044095416,20459.87230059571,20461.87230059571,1.9026560251210258,0.0,True,0.38393017691309994,0.005,19378.63298437913,23137.938310231828,19380.63382300363,3085.9572002173563,hurdle_cmp,17375.915100378355,17375.915100378355,16292.675784161776
Matched AI Lean term0,pair_a0095248,11166,10790,0.03367365215833781,2.0008341056533827,0.0019455507923187725,0.0016372353341962999,0.0005560704355885078,0.9980537534754402,0.0013901760889712697,3,1.5947437570324063,0.40553427818538346,0.005,24352.14388186758,29930.705210306514,24354.628502273692,333.2442369966302,34.698511330592574,False,cmp,24018.89964487095,2.2260333313133414,29695.048904221294,29697.048904221294,1.933458713953072,0.0,True,0.3901051209924668,0.005,27643.399795092,33221.96112353093,27645.88441549811,3624.5001502210457,hurdle_cmp,26072.548754000247,26072.548754000247,24018.89964487095
Matched human Lean term0,pair_a00e8681,3767,3453,0.08335545526944518,2.0014480162177817,0.004341951902377958,0.0036514624668672227,0.0014480162177816392,0.9956559513466551,0.0028960324355632784,3,1.5955675789564345,0.4044324210435615,0.005,7799.672910528473,9582.676712277746,7801.673993712013,216.1986336041591,30.516208489738318,False,cmp,7583.474276924314,2.196198748023259,10238.236077442883,10240.236077442883,1.8346164056278205,0.0,True,0.3679338671349679,0.005,9963.09483195464,11746.098633703914,9965.09591513818,2379.6205550303266,hurdle_cmp,7860.615522412557,7860.615522412557,7583.474276924314
Matched AI Lean term0,pair_a00e8681,4562,4309,0.05545813239807102,2.0009282896263634,0.0018557175310964368,0.0015614799400564296,0.0004641448131817127,0.9981434207472731,0.001392434439545138,3,1.594870152547485,0.40559399226569265,0.005,9726.452075766858,11954.6281258577,9728.771885344027,129.6068146986654,35.14053563153917,False,cmp,9596.845261068192,2.2271629754161504,12253.182316539784,12255.182316539784,1.8899605436212188,0.0,True,0.38071225684592835,0.005,11683.570570049138,13911.74662013998,11685.890379626308,2086.7253089809456,hurdle_cmp,10168.457007558838,10168.457007558838,9596.845261068192
Matched human Lean term0,pair_a10926bc,2315,2151,0.07084233261339093,1.99953509995351,0.0004646839144367783,0.0003915916509802847,0.00046490004649000463,0.99953509995351,0.0,2,1.5930001983207362,0.40607000158627954,0.005,4852.538306738692,5964.451814672579,4854.864412857171,21.34691128646955,343.72069278838376,False,cmp,4831.191395452222,2.246021104347849,6256.128350809982,6258.128350809982,1.8578833693304535,0.0,True,0.3745625973806255,0.005,6038.9495812917285,7150.863089225615,6041.275687410208,1207.7581858395063,hurdle_cmp,5050.370164970476,5050.370164970476,4831.191395452222
Matched AI Lean term0,pair_a10926bc,2861,2693,0.058720727018524994,2.0,0.0007426661715558856,0.0006255355631066997,0.0003713330857779428,0.9992573338284441,0.0003713330857779428,3,1.5936242600400345,0.4060044068741834,0.005,6076.136858212469,7468.581428991731,6078.151512377159,39.592158684157766,38.95590620302683,False,cmp,6036.544699528311,2.241568770712332,7693.392107089596,7695.392107089596,1.88255854596295,0.0,True,0.3796557204395388,0.005,7356.620208482433,8749.064779261695,7358.634862647123,1320.075508954122,hurdle_cmp,6375.316598135474,6375.316598135474,6036.544699528311
Matched human Lean term0,pair_a302a9d8,1406,1257,0.10597439544807966,1.9992044550517105,0.0007949120565248296,0.0006701153498874812,0.0007955449482895784,0.9992044550517104,0.0,2,1.5925563135169556,0.4058525965864614,0.005,2836.3652172622997,3485.7573315635145,2838.365396883385,20.27217066125013,374.4124713736076,False,cmp,2816.0930466010495,2.240328597136873,3850.4444516071753,3852.4444516071753,1.7873399715504978,0.0,True,0.3599286795540619,0.005,3788.863883200827,4438.255997502041,3790.8640628219123,972.7708365997772,hurdle_cmp,2879.673615007398,2879.673615007398,2816.0930466010495
Matched AI Lean term0,pair_a302a9d8,987,868,0.12056737588652482,1.9988479262672811,0.0034548939242710604,0.0029136143460106938,0.002304147465437788,0.9965437788018433,0.001152073732718894,3,1.5920776415060711,0.40446613729576814,0.005,1959.8925992944469,2407.220140174102,1961.8966388826793,47.81418119313457,31.64838663586326,False,cmp,1912.0784181013123,2.202855320393217,2717.326635579413,2719.326635579413,1.757852077001013,0.0,True,0.3529007962175925,0.005,2688.4310491252277,3135.758590004883,2690.43508871346,776.3526310239154,hurdle_cmp,1942.9740045554977,1942.9740045554977,1912.0784181013123
Matched human Lean term0,pair_a3b6f8e9,4252,4069,0.043038570084666036,2.000737281887442,0.001719780819448925,0.0014473943426996467,0.0004915212582944212,0.9982796755959695,0.001228803145736053,3,1.5946138159920273,0.40563194463711594,0.005,9183.933690967695,11287.821288361713,9185.982940465105,115.47711912041996,35.30828044058974,False,cmp,9068.456571847275,2.228669592491343,11357.502651251425,11359.502651251425,1.9146284101599247,0.0,True,0.38609736196960365,0.005,10695.253187773456,12799.140785167474,10697.302437270866,1626.796615926182,hurdle_cmp,9732.706035325244,9732.706035325244,9068.456571847275
Matched AI Lean term0,pair_a3b6f8e9,5316,5109,0.03893905191873589,2.0001957330201603,0.000978626789387324,0.0008241076684214804,0.00039146604032100216,0.9990213348991975,0.0005871990604815032,3,1.5938869832455735,0.40591728373426156,0.005,11526.840914884313,14168.541978427229,11528.85345755347,90.01843238557922,37.69446167226919,False,cmp,11436.822482498734,2.2385638055389965,14169.600055190593,14171.600055190593,1.9223100075244546,0.0,True,0.38812718135015056,0.005,13278.417481516259,15920.118545059173,13280.430024185414,1841.594999017524,hurdle_cmp,12330.005056173068,12330.005056173068,11436.822482498734
Matched human Lean term0,pair_a41e71a8,3421,3176,0.07161648640748319,1.9990554156171285,0.0009436921432151718,0.0007956655764133669,0.0009445843828715365,0.9990554156171285,0.0,2,1.5923562195181749,0.40575461171607813,0.005,7163.2352945732,8803.581481204063,7165.236460871843,51.78575855586678,371.14455187065136,False,cmp,7111.449536017333,2.2391213904336693,9246.720676412664,9248.720676412664,1.8558900906167788,0.0,True,0.373921459068704,0.005,8929.105405347704,10569.451591978566,8931.106571646345,1817.6558693303705,hurdle_cmp,7431.064807082294,7431.064807082294,7111.449536017333
Matched AI Lean term0,pair_a41e71a8,6133,5882,0.040926137290070115,2.0025501530091807,0.004243751734930685,0.0035646553595222023,0.0008500510030601836,0.995749744984699,0.0034002040122407345,3,1.5970462669561956,0.40465383504992114,0.005,13290.244882421139,16331.142177834705,13292.550990633417,351.95254480012227,31.434608570950424,False,cmp,12938.292337621016,2.1996416758961264,16376.4385940442,16378.4385940442,1.9205935105168759,0.0,True,0.38618388966189965,0.005,15388.214500528906,18429.11179594247,15390.520608741184,2449.922162907889,hurdle_cmp,13928.516431136311,13928.516431136311,12938.292337621016
Matched human Lean term0,pair_a57e4b7b,3663,3458,0.055965055965055965,1.9997108155002892,0.0008674698714575735,0.0007308832260252286,0.000578368999421631,0.9991324465008675,0.0002891844997108155,3,1.5932360792657227,0.4058963672351409,0.005,7800.9308881131965,9588.225362530884,7803.0687323327165,56.11548187484732,38.479471257873,False,cmp,7744.815406238349,2.239680568605653,9837.503579951468,9839.503579951468,1.8877968877968878,0.0,True,0.38071584249114415,0.005,9383.279219045824,11170.573693463512,9385.417063265344,1638.463812807475,hurdle_cmp,8201.039767143993,8201.039767143993,7744.815406238349
Matched AI Lean term0,pair_a57e4b7b,7323,7095,0.031134780827529702,2.0005637773079634,0.003100457348945475,0.0026098803692656686,0.0012684989429175475,0.9968992248062015,0.001832276250880902,3,1.5943809591210572,0.40491431924398474,0.005,16015.191840483836,19679.061034498853,16017.209446408851,331.8473974149674,31.977848705469174,False,cmp,15683.344443068869,2.2104784274938503,19454.68836884362,19456.68836884362,1.938276662569985,0.0,True,0.39060646936145443,0.005,18048.07822614815,21711.947420163167,18050.095832073166,2364.7337830792803,hurdle_cmp,17091.95458576434,17091.95458576434,15683.34444306887
Matched human Lean term0,pair_aa25e669,1056,918,0.13068181818181818,1.9989106753812635,0.005445436465556933,0.004591987226279926,0.0032679738562091504,0.9945533769063181,0.002178649237472767,3,1.5921618907465762,0.4034808107784743,0.005,2073.4649252946674,2545.8496076958445,2075.4681199642073,72.8304307254075,29.2052769348343,False,cmp,2000.63449456926,2.179340408027516,2916.97218244293,2918.97218244293,1.737689393939394,0.0,True,0.34810918883802955,0.005,2894.246695542287,3366.631377943464,2896.249890211827,893.6122009730273,hurdle_cmp,2025.3599814699026,2025.3599814699026,2000.6344945692597
Matched AI Lean term0,pair_aa25e669,4043,3853,0.04699480583724957,2.000778614066961,0.004930616184219859,0.004149498925875692,0.002076304178562159,0.9950687775759148,0.0028549182455229693,3,1.5946692856512423,0.4040330242371522,0.005,8701.670166601467,10688.94206240661,8703.670581427372,269.6324832443206,29.65974611080659,False,cmp,8432.037683357146,2.188434384468504,10823.67116508918,10825.67116508918,1.9067524115755627,0.0,True,0.3828596279465578,0.005,10236.530813806585,12223.802709611728,10238.53122863249,1804.4931304494387,hurdle_cmp,9021.17803463974,9021.17803463974,8432.037683357146
Matched human Lean term0,pair_ab0f093e,1166,1055,0.09519725557461406,1.9914691943127962,0.019832438624469345,0.016859350175774522,0.014218009478672985,0.9800947867298578,0.005687203791469194,3,1.582162018390978,0.39508916644314146,0.005,2381.9765948693375,2914.565899525015,2383.9767195873083,235.2110927966205,23.14032166631018,False,cmp,2146.765502072717,2.0348488171305377,3184.6476118356713,3186.6476118356713,1.8018867924528301,0.0,True,0.35421398042027563,0.005,3117.157976942688,3649.7472815983656,3119.1581016606588,970.392474869971,hurdle_cmp,2216.2551369657003,2216.2551369657003,2146.765502072717
Matched AI Lean term0,pair_ab0f093e,448,374,0.16517857142857142,1.9893048128342246,0.021275987303039832,0.018129113200971783,0.016042780748663103,0.9786096256684492,0.0053475935828877,3,1.5792502253435388,0.39401180674201874,0.005,845.2234418343805,1033.3814991932509,847.2425612037542,90.34206341616664,22.986890574837684,False,cmp,754.8813784182139,2.0183994075353313,1249.7660440486493,1251.7660440486493,1.6607142857142858,0.0,True,0.3269728400107579,0.005,1248.7732078179201,1436.9312651767905,1250.792327187294,493.8918293997063,hurdle_cmp,757.874214648943,757.874214648943,754.8813784182139
Matched human Lean term0,pair_acbd062f,4169,3928,0.057807627728472054,1.999745417515275,0.0007636826419336243,0.0006434137402717208,0.0005091649694501018,0.9992362525458248,0.0002545824847250509,3,1.5932825279435523,0.40595372460226875,0.005,8860.887540419277,10891.342079289294,8862.887971760245,56.88043347757775,39.10839201840644,False,cmp,8804.007106941699,2.241346004822225,11204.91120250582,11206.91120250582,1.884144878867834,0.0,True,0.3799842602676438,0.005,10704.685261656321,12735.139800526338,10706.68569299729,1900.6781547146218,hurdle_cmp,9306.233047791198,9306.233047791198,8804.007106941699
Matched AI Lean term0,pair_acbd062f,3208,2941,0.08322942643391522,1.999659979598776,0.0044201496020397045,0.003724383036797838,0.0023801428085685142,0.995579734784087,0.002040122407344441,3,1.5931678380360028,0.40411199875420056,0.005,6639.033210895114,8154.796967706967,6641.2517876876245,188.8477285830886,30.154223695613627,False,cmp,6450.185482312026,2.1931946556654287,8715.86832916987,8717.86832916987,1.8332294264339153,0.0,True,0.3676115997392745,0.005,8479.773827751556,9995.53758456341,8481.992404544068,2029.5883454395316,hurdle_cmp,6688.279983730339,6688.279983730339,6450.185482312025
Matched human Lean term0,pair_ad39313c,200,156,0.22,2.0,0.0,0.0,0.0,1.0,0.0,2,1.5936242600400345,0.40637573995996135,0.005,353.8153898133737,434.52384066940584,355.81592225073297,3.999999999970896,438.7935331269117,False,cmp,349.8153898134028,2.2424063449577103,564.7779678675608,566.5785743859258,1.5936242600400345,0.021099239565537897,False,0.3169730771687699,0.005,566.5785743859258,647.287025241958,568.5791068232851,216.76318457252302,hurdle_cmp,349.81538981340276,349.81538981340276,349.81538981340276
Matched AI Lean term0,pair_ad39313c,3829,3634,0.050927135022199005,1.999449642267474,0.0005500548388923907,0.0004635768625218383,0.000550357732526142,0.9994496422674739,0.0,2,1.592885476219292,0.40601380831565154,0.005,8196.584928469965,10074.814277387897,8198.593598692269,38.01866735564545,374.26931575558984,False,cmp,8158.56626111432,2.2450650140655806,10259.789058319855,10261.789058319855,1.8976234003656307,0.0,True,0.38297529423753135,0.005,9739.65128963017,11617.880638548102,9741.659959852474,1581.0850285158508,hurdle_cmp,8680.704029804005,8680.704029804005,8158.56626111432
Matched human Lean term0,pair_ae900f0c,6053,5801,0.041632248471832146,1.9998276159282882,0.0005171224988671416,0.00043564466886709615,0.0003447681434235477,0.9994828477848646,0.00017238407171177384,3,1.593392867048056,0.4060899807368045,0.005,13084.927514282528,16084.400797152384,13086.937433976123,59.220573154627346,41.03324106965772,False,cmp,13025.7069411279,2.2454243994359424,16151.552152440523,16153.552152440523,1.91657029572113,0.0,True,0.3870958710459085,0.005,15182.443111644257,18181.916394514115,15184.453031337853,2156.7361705163576,hurdle_cmp,13996.815981924166,13996.815981924166,13025.7069411279
Matched AI Lean term0,pair_ae900f0c,1186,1026,0.13490725126475547,1.9990253411306043,0.0029230266482754438,0.0024646036096249596,0.001949317738791423,0.9970760233918129,0.0009746588693957114,3,1.592315841945166,0.4047601814466428,0.005,2316.2185923711586,2845.289247089836,2318.588823034376,48.81916911173903,32.475859625563864,False,cmp,2267.3994232594196,2.2099409583425143,3278.9283360967643,3280.9283360967643,1.7293423271500843,0.0,True,0.3475945848963137,0.005,3256.605149407702,3785.6758041263793,3258.9753800709195,989.2057261482826,hurdle_cmp,2291.7226099484815,2291.7226099484815,2267.3994232594196
Matched human Lean term0,pair_ae9ff2a1,30446,30001,0.014616041516126914,2.0001666611112965,0.0004999555579628519,0.00042102884071066856,0.00016666111129629013,0.9995000166661111,0.00033332222259258026,3,1.5938479621546842,0.40615203784531206,0.005,67671.44092401747,83189.3653111032,67673.445113879,281.11599793192,41.19912808654675,False,cmp,67390.32492608555,2.2462692885599,80190.9668759319,80192.9668759319,1.9709321421533206,0.0,True,0.3991505676061682,0.005,72317.720564974,87835.64495205974,72319.72475483554,4927.395638888458,hurdle_cmp,75265.57123704345,75265.57123704345,67390.32492608555
Matched AI Lean term0,pair_ae9ff2a1,13116,12834,0.021500457456541628,1.9998441639395357,0.00015581177558665043,0.00013125973060342612,0.00015583606046439146,0.9998441639395356,0.0,2,1.5934150800269724,0.40627324785209484,0.005,28944.672684794677,35582.63091665491,28946.674323920695,43.06651230342686,373.7780751980272,False,cmp,28901.60617249125,2.251956223507188,34661.996962510355,34663.996962510355,1.9568465995730406,0.0,True,0.3961592539446852,0.005,31670.14575099846,38308.103982858695,31672.14739012448,2768.5395785072114,hurdle_cmp,31895.457384003144,31895.457384003144,28901.60617249125
Matched human Lean term0,pair_af58b0a0,2715,2518,0.07255985267034991,2.0,0.0015885623510722795,0.0013380200726341082,0.0007942811755361397,0.9984114376489277,0.0007942811755361397,3,1.5936242600400345,0.4055814587844252,0.005,5682.283088317528,6983.378402599769,5684.283349535628,69.09822678306955,35.201481021961655,False,cmp,5613.184861534459,2.229223535160627,7343.62638204897,7345.62638204897,1.8548802946593002,0.0,True,0.37341139228353504,0.005,7097.2272902059785,8398.32260448822,7099.227551424078,1484.0424286715197,hurdle_cmp,5861.583953377451,5861.583953377451,5613.184861534459
Matched AI Lean term0,pair_af58b0a0,3160,2955,0.06487341772151899,2.0006768189509305,0.004060455621691419,0.003417565033438985,0.001692047377326565,0.9959390862944163,0.0023688663282571912,3,1.5945326710222822,0.4044521005513176,0.005,6672.779281775025,8197.771586350795,6674.786969562376,176.4041810047347,30.629054417201417,False,cmp,6496.37510077029,2.198434890277594,8524.251604244357,8526.251604244357,1.870886075949367,0.0,True,0.3756238887925163,0.005,8192.663042564358,9717.655347140128,8194.670730351709,1696.2879417940671,hurdle_cmp,6829.963662450289,6829.963662450289,6496.37510077029
Matched human Lean term0,pair_b0ad8896,10510,10127,0.03644148430066603,2.0000987459267305,0.0020736547105829235,0.0017464197668496464,0.0009874592673052237,0.9979263355386591,0.001086205194035746,3,1.5937568035482375,0.405354483111184,0.005,22850.056810626247,28081.392235112857,22852.082620662433,334.5153633914888,33.890139676570776,False,cmp,22515.54144723476,2.223318006046683,27983.731860368312,27985.731860368312,1.9272121788772598,0.0,True,0.388672756114799,0.005,26140.955390390125,31372.290814876735,26142.98120042631,3625.4139431553663,hurdle_cmp,24360.317917212946,24360.317917212946,22515.54144723476
Matched AI Lean term0,pair_b0ad8896,8039,7677,0.045030476427416345,2.0011723329425557,0.002994587599780773,0.002519112594005383,0.0009118145108766445,0.997004038035691,0.0020841474534323305,3,1.5951976473265481,0.405062871105127,0.005,17332.43104171566,21299.634997476845,17334.579642156204,345.4807183687808,32.47506552187158,False,cmp,16986.95032334688,2.212706828624056,21496.11441186521,21498.11441186521,1.9110585893767882,0.0,True,0.38471336442278437,0.005,20286.580679147202,24253.78463490839,20288.729279587747,3299.630355800323,hurdle_cmp,18198.484056064884,18198.484056064884,16986.95032334688
Matched human Lean term0,pair_b1a1594e,16979,16445,0.03145061546616409,1.999209486166008,0.0026141516156982735,0.0022037326191642493,0.0017026451809060504,0.99738522347218,0.0009121313469139556,3,1.592563067954773,0.40494377303032464,0.005,37095.455425982575,45579.194570166816,37097.50276699057,656.9113112066407,32.9745979368542,False,cmp,36438.544114775934,2.2157825548662777,45097.77015889155,45099.77015889155,1.9363331173802933,0.0,True,0.39041308332318697,0.005,41843.05353185857,50326.79267604281,41845.10087286656,5404.509417082637,hurdle_cmp,39695.26074180892,39695.26074180892,36438.544114775934
Matched AI Lean term0,pair_b1a1594e,17971,17539,0.02403872906349118,1.9998859684132504,0.0014823976245411082,0.0012487525652438503,0.0007982211072467074,0.9985175893722561,0.0006841895204971777,3,1.5934711952622234,0.40561655204377645,0.005,39565.246283664215,48627.66089660319,39570.415125507876,430.5835511251353,35.55776867269111,False,cmp,39134.66273253908,2.231293844149557,47560.47900401661,47562.47900401661,1.9518112514606867,0.0,True,0.3943884674091305,0.005,43641.84625506328,52704.26086800226,43647.015096906944,4507.183522524205,hurdle_cmp,43055.29548149241,43055.29548149241,39134.66273253908
Matched human Lean term0,pair_b21abbab,2432,2228,0.08388157894736842,1.9995511669658887,0.002243963719464043,0.0018909676523565916,0.0013464991023339318,0.9977558348294434,0.0008976660682226212,3,1.5930217671178328,0.4051829007457182,0.005,5027.812648757455,6177.9411543222195,5029.815966622507,81.71310455855564,33.59464294747769,False,cmp,4946.099544198899,2.2199728654393622,6607.559709990456,6609.559709990456,1.831825657894737,0.0,True,0.3683195527949168,0.005,6431.367707373389,7581.496212938153,6433.371025238441,1485.2681631744895,hurdle_cmp,5124.291546815966,5124.291546815966,4946.0995441989
Matched AI Lean term0,pair_b21abbab,6565,6357,0.031683168316831684,2.001101148340412,0.0020437772473835326,0.0017194017378129648,0.00047192071731949034,0.9979550102249489,0.0015730690577316344,3,1.5951021228342683,0.4055271047888201,0.005,14349.759856158342,17637.046715907498,14351.76084670823,205.02013083943166,34.797975778879525,False,cmp,14144.73972531891,2.2250652391566637,17444.56129561495,17446.56129561495,1.9376999238385377,0.0,True,0.39099106080957546,0.005,16197.118432908544,19484.4052926577,16199.119423458433,2052.3787075896344,hurdle_cmp,15394.182588025315,15394.182588025315,14144.73972531891
Matched human Lean term0,pair_b39511ce,7189,6955,0.0325497287522604,2.0010064701653487,0.0015805829919256008,0.0013298581689938777,0.0002875629043853343,0.9984184040258807,0.0012940330697340044,3,1.594975069231241,0.40574383802971814,0.005,15697.575144692672,19295.05510283162,15700.199636958836,178.29871710576117,36.50324118216497,False,cmp,15519.27642758691,2.2313841017378735,19108.679549571505,19110.679549571505,1.9358742523299486,0.0,True,0.39081302964589587,0.005,17762.768058561946,21360.24801670089,17765.39255082811,2243.4916309750347,hurdle_cmp,16867.18791859647,16867.18791859647,15519.27642758691
Matched AI Lean term0,pair_b39511ce,4686,4457,0.04886897140418267,1.9995512676688356,0.000448530970459428,0.0003779728954014955,0.0004487323311644604,0.9995512676688355,0.0,2,1.5930219023039678,0.40608063303369923,0.005,10052.636803677522,12356.654897467426,10055.161710529155,38.83543837163597,377.8535973706775,False,cmp,10013.801365305886,2.2467582152357832,12544.329407386756,12546.329407386756,1.90183525394793,0.0,True,0.38393190465191757,0.005,11883.78350030695,14187.801594096854,11886.308407158584,1869.9821350010639,hurdle_cmp,10676.347272385692,10676.347272385692,10013.801365305886
Matched human Lean term0,pair_b40cb2db,2038,1801,0.11629048086359176,2.0011104941699056,0.0022197551425098216,0.0018674307566498003,0.000555247084952804,0.9977790116601888,0.001665741254858412,3,1.595114664339762,0.4054405827451866,0.005,4067.0030369474707,4998.2037675981155,4069.1381667443,65.36821501961094,34.254943974572356,False,cmp,4001.63482192786,2.221896069921077,5602.818004900227,5604.818004900227,1.7684003925417076,0.0,True,0.35552365349658716,0.005,5534.195788103788,6465.396518754433,5536.330917900617,1532.5609661759283,hurdle_cmp,4072.2570387242986,4072.2570387242986,4001.63482192786
Matched AI Lean term0,pair_b40cb2db,2828,2623,0.0724893917963225,1.9984750285932138,0.00304761727578073,0.0025711793401058058,0.002287457110179184,0.9969500571864277,0.0007624857033930614,3,1.5915769499564127,0.4046106215266179,0.005,5917.259676941108,7268.951988720045,5919.260060884581,121.65505719324574,32.686318405896166,False,cmp,5795.604619747863,2.2095328325382626,7648.300678812969,7650.300678812969,1.8536067892503536,0.0,True,0.37246658653294323,0.005,7389.995839917859,8741.688151696795,7391.996223861332,1594.391220169996,hurdle_cmp,6055.909458642973,6055.909458642973,5795.604619747863
Matched human Lean term0,pair_b4b63346,1193,1062,0.10980720871751885,2.007532956685499,0.02254212462007157,0.018834093844345104,0.007532956685499058,0.9774011299435028,0.015065913370998116,3,1.6037267256079977,0.39627327439199833,0.005,2413.6093655968343,2957.5495590754363,2415.6128359064296,263.9200417679749,22.290889427482977,False,cmp,2149.6893238288594,2.0241895704603197,3286.6768052248835,3288.6768052248835,1.7870913663034367,0.0,True,0.3501757092074456,0.005,3241.4327654165586,3785.3729588951605,3243.436235726154,1091.7434415876992,hurdle_cmp,2196.9333636371844,2196.9333636371844,2149.6893238288594
Matched AI Lean term0,pair_b4b63346,2251,2009,0.10750777432252333,2.003982080637133,0.013921425263764524,0.0116757292774422,0.004977600796416127,0.9860627177700348,0.008959681433549029,3,1.5989668517316882,0.40003762810902477,0.005,4550.954888691681,5583.2052011865835,4552.957274710863,335.4050908525969,24.637853548862562,False,cmp,4215.549797839084,2.098332403105567,6183.329612131441,6185.329612131441,1.7885384273656153,0.0,True,0.3543055736002567,0.005,6089.365051167547,7121.615363662449,6091.367437186729,1873.8152533284626,hurdle_cmp,4311.514358802978,4311.514358802978,4215.549797839084
Matched human Lean term0,pair_b4b897fd,1084,931,0.1411439114391144,1.9989258861439312,0.001072960135492945,0.000904783022197812,0.0010741138560687433,0.9989258861439313,0.0,2,1.5921823130825246,0.40566945920533376,0.005,2101.1610268350814,2581.8932686985772,2103.1618361699975,19.671444055973552,367.09988858668896,False,cmp,2081.489582779108,2.235756802125787,3001.6762460215205,3003.6762460215205,1.716789667896679,0.0,True,0.3459829280581883,0.005,2985.612027174212,3466.344269037708,2987.612836509128,904.1224443951039,hurdle_cmp,2099.5538016264163,2099.5538016264163,2081.489582779108
Matched AI Lean term0,pair_b4b897fd,1076,927,0.13847583643122677,1.9956850053937432,0.010768867337189826,0.009112770318688916,0.007551240560949299,0.9892125134843581,0.003236245954692557,3,1.5878293806636057,0.4003043841691841,0.005,2093.1964366529783,2566.6359194164106,2095.299997293722,126.69640127231105,26.13712427330023,False,cmp,1966.5000353806672,2.121359261467818,2978.822329764937,2980.822329764937,1.7193308550185873,0.0,True,0.3422846310297972,0.005,2960.7028809552985,3434.142363718731,2962.806441596042,994.2028455746312,hurdle_cmp,1986.6194841903057,1986.6194841903057,1966.5000353806672
Matched human Lean term0,pair_b4d61cac,4888,4588,0.06137479541734861,2.001089799476896,0.0019604513955134083,0.0016493209714732121,0.00043591979075850045,0.9980383609415867,0.0015257192676547515,3,1.5950868933483262,0.4055669863378074,0.005,10356.924110685835,12729.565806426657,10358.92572985187,143.72859438409796,35.069478173266305,False,cmp,10213.195516301737,2.226067026220954,13162.386391712533,13164.386391712533,1.8782733224222585,0.0,True,0.3781710749737885,0.005,12614.576597800486,14987.218293541308,12616.578216966518,2401.3810814987473,hurdle_cmp,10763.005310213786,10763.005310213786,10213.195516301737
Matched AI Lean term0,pair_b4d61cac,6493,6195,0.045895579855228706,2.0019370460048425,0.0032246578608461493,0.0027104239284604825,0.000645682001614205,0.9967715899919289,0.00258272800645682,3,1.5962237355567157,0.4050676284465086,0.005,13991.536974870334,17194.811055576592,13993.714996163246,293.3820865896996,32.79600238252258,False,cmp,13698.154888280635,2.2111630166716116,17372.21515587187,17374.21515587187,1.9100569844447868,0.0,True,0.38438618019245374,0.005,16412.152251744745,19615.426332451003,16414.330273037656,2713.997363464109,hurdle_cmp,14660.217792407759,14660.217792407759,13698.154888280635
Matched human Lean term0,pair_b5dab1a1,1290,1135,0.12015503875968993,1.9929515418502202,0.010523006462380406,0.008931118276252906,0.00881057268722467,0.9894273127753304,0.001762114537444934,3,1.5841553967903435,0.39998557237264826,0.005,2559.622547428722,3137.7695512486735,2561.6227569604785,147.87370078410459,27.257065513946014,False,cmp,2411.7488466446175,2.1248888516692666,3549.264816649295,3551.264816649295,1.7534883720930232,0.0,True,0.3489113317233252,0.005,3509.0857034533155,4087.232707273267,3511.085912985072,1097.336856808698,hurdle_cmp,2453.927959840597,2453.927959840597,2411.7488466446175
Matched AI Lean term0,pair_b5dab1a1,930,789,0.15161290322580645,1.9873257287705957,0.017583342569969528,0.01501498549662035,0.015209125475285171,0.982256020278834,0.0025348542458808617,3,1.5765864123157687,0.39553019097953784,0.005,1778.345882093384,2175.6457822934526,1780.346337237867,156.1212182976451,24.9779299806753,False,cmp,1622.224663795739,2.056051538397641,2581.387783847898,2583.387783847898,1.686021505376344,0.0,True,0.33308304331982674,0.005,2571.769668945932,2969.0695691460005,2573.7701240904153,949.5450051501932,hurdle_cmp,1633.8427786977047,1633.8427786977047,1622.224663795739
Matched human Lean term0,pair_b7bb3d8e,496,414,0.16532258064516128,1.997584541062802,0.0024096244953207774,0.002034878668654153,0.0024154589371980675,0.9975845410628019,0.0,2,1.5903811106934398,0.4047879714321603,0.005,935.2076101539418,1148.464227456012,937.2121828891216,18.049314541567583,375.9180589098724,False,cmp,917.1582956123742,2.2153582019622564,1382.9671883763597,1384.9671883763597,1.6673387096774193,0.0,True,0.3361180387793201,0.005,1382.011946586372,1595.2685638884423,1384.0165193215519,464.85365097399784,hurdle_cmp,920.1135374023618,920.1135374023618,917.1582956123741
Matched AI Lean term0,pair_b7bb3d8e,512,428,0.1640625,1.9976635514018692,0.002330989606079134,0.0019683052627535464,0.002336448598130841,0.9976635514018691,0.0,2,1.5904872240996775,0.4048398787040569,0.005,966.7808528256501,1187.2805091665964,968.780988853246,18.115908120787935,358.5163403420099,False,cmp,948.6649447048621,2.216506880151547,1427.0992891338917,1429.0992891338917,1.669921875,0.0,True,0.3366286009996986,0.005,1425.8385912424114,1646.3382475833578,1427.8387272700072,477.1736465375492,hurdle_cmp,951.9256425963425,951.9256425963425,948.6649447048623
Matched human Lean term0,pair_b94f69f4,5234,4980,0.04852884982804738,1.9997991967871487,0.0006023693166239254,0.0005074755260201969,0.00040160642570281126,0.9993975903614458,0.00020080321285140563,3,1.5933547188319503,0.40604287152949164,0.005,11233.386240106576,13808.105441981303,11235.404288917744,58.304714712896384,40.2795453033522,False,cmp,11175.08152539368,2.243992274175438,14009.904007990192,14011.904007990192,1.9027512418800152,0.0,True,0.3840566895484996,0.005,13267.858716861996,15842.577918736722,13269.876765673163,2092.7771914683162,hurdle_cmp,11919.126816521875,11919.126816521875,11175.08152539368
Matched AI Lean term0,pair_b94f69f4,7892,7608,0.03598580841358338,2.000262881177708,0.0007885744266094356,0.0006640154058135804,0.0002628811777076761,0.999211356466877,0.0005257623554153522,3,1.5939771102764222,0.4060228897235741,0.005,17163.917757438554,21098.627324675865,17165.973563106643,109.37579059763812,38.950205042399745,False,cmp,17054.541966840916,2.241659038754064,21005.772924745404,21007.772924745404,1.9282818043588443,0.0,True,0.38952651969782787,0.005,19611.96313924926,23546.67270648657,19614.01894491735,2557.421172408345,hurdle_cmp,18450.35175233706,18450.35175233706,17054.541966840916
Matched human Lean term0,pair_b9bbcc78,5829,5560,0.04614856750729113,2.000719424460432,0.0021577558097406967,0.0018160358081952043,0.0007194244604316547,0.9978417266187051,0.0014388489208633094,3,1.5945898503491136,0.40541014965088273,0.005,12549.363438558632,15423.137034766096,12551.371237323645,190.5731451169122,33.97739160200616,False,cmp,12358.79029344172,2.2228040096118202,15591.848415845616,15593.848415845616,1.9083890890375708,0.0,True,0.3845349279160817,0.005,14731.582454307598,17605.35605051506,14733.59025307261,2372.792160865878,hurdle_cmp,13221.056254979738,13221.056254979738,12358.79029344172
Matched AI Lean term0,pair_b9bbcc78,6809,6541,0.039359671023645175,2.0015288182235134,0.003055299161865902,0.0025691996352007053,0.0007644091117566122,0.9969423635529735,0.0022932273352698363,3,1.5956760003714718,0.40508840874028096,0.005,14770.132687031011,18151.3581375285,14772.184232724938,298.0367189234239,32.67370734690212,False,cmp,14472.095968107587,2.2125204048475138,18161.82884876352,18163.82884876352,1.9227493023938904,0.0,True,0.38722495757274533,0.005,17031.410382655646,20412.635833153134,17033.461928349574,2559.314414548059,hurdle_cmp,15604.514434215464,15604.514434215464,14472.095968107587
Matched human Lean term0,pair_ba39d0a3,8165,7840,0.039804041641151255,1.999234693877551,0.004081046959600166,0.0034402335297133648,0.002423469387755102,0.9959183673469387,0.0016581632653061224,3,1.5925969100236408,0.4042143144661508,0.005,17690.79115290613,21730.775519395866,17692.794439917037,463.17947490297956,30.622678798168558,False,cmp,17227.61167800315,2.197399448724892,21777.281685719987,21779.281685719987,1.9196570728720146,0.0,True,0.38605781916742193,0.005,20425.141135407324,24465.12550189706,20427.14442241823,3197.529457404173,hurdle_cmp,18581.752228315814,18581.752228315814,17227.61167800315
Matched AI Lean term0,pair_ba39d0a3,5774,5467,0.05316937997921718,1.9990854216206329,0.0027428986844893295,0.002312575673834273,0.0018291567587342234,0.9972562648618987,0.0009145783793671117,3,1.5923965048630653,0.40485975999882956,0.005,12333.104666122737,15152.808785187211,12335.120060776735,230.00728499813704,32.790633520358746,False,cmp,12103.0973811246,2.2138462376302543,15489.394262548916,15491.394262548916,1.892795289227572,0.0,True,0.3808986443116446,0.005,14734.127810840098,17553.831929904572,14736.143205494096,2631.030429715499,hurdle_cmp,12860.363832833416,12860.363832833416,12103.0973811246
Matched human Lean term0,pair_babc83eb,7788,7477,0.03993323061119671,2.0,0.0013374348000534974,0.0011264994459317522,0.0006687174000267487,0.9986625651999465,0.0006687174000267487,3,1.5936242600400345,0.40570702255993457,0.005,16868.385866687462,20732.645876186845,16870.386734962016,170.18960006989073,36.051402327718804,False,cmp,16698.19626661757,2.2332748785097727,20767.55585276762,20769.55585276762,1.9201335387776066,0.0,True,0.38747949744630716,0.005,19482.97783116004,23347.23784065942,19484.978699434592,2784.781564542469,hurdle_cmp,17984.774288225148,17984.774288225148,16698.196266617568
Matched AI Lean term0,pair_babc83eb,9560,9254,0.03200836820083682,2.000540306894316,0.0018367515091342577,0.0015461663323439383,0.0006483682731791658,0.9981629565593257,0.0011886751674951373,3,1.5943494592427567,0.40554247937837645,0.005,20883.058662733227,25666.4661570101,20887.655979744544,274.2295224580448,34.706543062932624,False,cmp,20608.829140275182,2.227018493654115,25402.674645084917,25404.674645084917,1.9365062761506275,0.0,True,0.3908284535496738,0.005,23593.5137314331,28376.921225709975,23598.111048444418,2984.6845911579176,hurdle_cmp,22419.990053927,22419.990053927,20608.829140275182
Matched human Lean term0,pair_bb5a8572,2075,1863,0.10216867469879518,1.998389694041868,0.00482832478911734,0.004073881415447076,0.00322061191626409,0.9951690821256038,0.001610305958132045,3,1.59146236467354,0.40370671745206005,0.005,4204.553537236192,5163.171489043772,4206.703755128199,129.40264660445973,29.989795232076034,False,cmp,4075.150890631732,2.1874132531571293,5676.242199897486,5678.242199897486,1.7942168674698795,0.0,True,0.3594995580049397,0.005,5575.315153472655,6533.933105280235,5577.465371364662,1500.1642628409222,hurdle_cmp,4178.077937056563,4178.077937056563,4075.1508906317326
Matched AI Lean term0,pair_bb5a8572,3746,3491,0.06807261078483716,2.00057290174735,0.003437082267689859,0.0028932136331100834,0.0014322543683758235,0.996562589515898,0.002005156115726153,3,1.5943932050762213,0.4047474423027493,0.005,7881.581052521101,9683.879245323622,7883.766428282579,180.41223000214086,31.45445087776664,False,cmp,7701.16882251896,2.2060065375304956,10116.871574554123,10118.871574554123,1.8643886812600108,0.0,True,0.3745468971289321,0.005,9746.276649349164,11548.574842151684,9748.46202511064,2045.1078268302033,hurdle_cmp,8073.76374772392,8073.76374772392,7701.16882251896
Matched human Lean term0,pair_bc3e9c75,2228,2005,0.10008976660682226,1.999501246882793,0.005486035534604886,0.004623280434034792,0.0029925187032418953,0.9945137157107232,0.0024937655860349127,3,1.592954752766307,0.40355397541324023,0.005,4527.329808060428,5559.653844290877,4529.850608759104,155.61883874377236,29.089072187490338,False,cmp,4371.710969316656,2.1804044734746415,6092.114582793968,6094.114582793968,1.799371633752244,0.0,True,0.3602411111503729,0.005,5978.77822789534,7011.102264125789,5981.299028594016,1607.0672585786845,hurdle_cmp,4487.047324215284,4487.047324215284,4371.710969316656
Matched AI Lean term0,pair_bc3e9c75,2960,2744,0.07297297297297298,2.0043731778425657,0.005811779105644759,0.004872225043067687,0.0007288629737609329,0.9941690962099126,0.00510204081632653,3,1.599491302422465,0.4041530124463359,0.005,6207.102660891841,7626.592804320444,6209.103459700154,212.58985372720053,30.805304319044623,False,cmp,5994.51280716464,2.1845892154390087,8018.833219346429,8020.833219346429,1.8581081081081081,0.0,True,0.37212311313586477,0.005,7755.774234109852,9175.264377538455,7757.775032918165,1761.2614269452115,hurdle_cmp,6259.571792401218,6259.571792401218,5994.51280716464
Matched human Lean term0,pair_bd329034,114601,112140,0.021474507203253026,1.9723559835919386,0.027628888435304175,0.023984737171345992,0.028018548243267345,0.9716069199215267,0.0003745318352059925,3,1.55639672959682,0.38794070575184764,0.005,251456.04612451213,306579.1365951134,251468.4473321907,29408.074162150733,28.133494296924965,False,cmp,222047.9719623614,1.9800960581626663,302696.9077152987,302698.9077152987,1.9300006108149144,0.0,True,0.3763926795153361,0.005,275231.6694179018,330354.75988850306,275244.0706255804,53183.6974555404,hurdle_cmp,249515.21025975829,249515.21025975829,222047.97196236136
Matched AI Lean term0,pair_bd329034,114601,112140,0.021474507203253026,1.9723559835919386,0.027628888435304175,0.023984737171345992,0.028018548243267345,0.9716069199215267,0.0003745318352059925,3,1.55639672959682,0.38794070575184764,0.005,251456.04612451213,306579.1365951134,251468.4473321907,29408.074162150733,28.133494296924965,False,cmp,222047.9719623614,1.9800960581626663,302696.9077152987,302698.9077152987,1.9300006108149144,0.0,True,0.3763926795153361,0.005,275231.6694179018,330354.75988850306,275244.0706255804,53183.6974555404,hurdle_cmp,249515.21025975829,249515.21025975829,222047.97196236136
Matched human Lean term0,pair_bde52c9a,21057,20808,0.01182504630289215,1.9998077662437523,0.0002883136805543545,0.00024289216355297857,0.00024029219530949635,0.9997116493656286,4.805843906189927e-05,3,1.5933662220030416,0.4062012520453972,0.005,46927.75364836027,57688.48057041642,46929.75608947381,119.22100431029685,45.07476910168386,False,cmp,46808.53264404997,2.249545013650998,55378.79009205983,55380.79009205983,1.9761599468110367,0.0,True,0.4004346103183938,0.005,49634.69018029545,60395.4171023516,49636.692621409,2826.1575362454796,hurdle_cmp,52554.63255581435,52554.63255581435,46808.53264404997
Matched AI Lean term0,pair_bde52c9a,8128,7935,0.02374507874015748,1.9993698802772526,0.0018899621173769708,0.0015929647950467171,0.001260239445494644,0.998109640831758,0.000630119722747322,3,1.592778398193092,0.40533124263866177,0.005,17899.005749757776,21995.55846337126,17901.008300608555,241.1967050319072,34.632533435615834,False,cmp,17657.80904472587,2.2253067479175637,21508.3279846265,21510.3279846265,1.9518946850393701,0.0,True,0.39420770920677384,0.005,19726.17291232289,23822.725625936375,19728.17546317367,2068.363867597022,hurdle_cmp,19441.964117029478,19441.964117029478,17657.80904472587
Matched human Lean term0,pair_bf349feb,1434,1268,0.11576011157601115,1.998422712933754,0.001574799231756709,0.0013286837921660927,0.0015772870662460567,0.998422712933754,0.0,2,1.5915067019581326,0.40533872390937137,0.005,2860.7164517135097,3514.868332545673,2862.7178861931993,33.805039583705366,375.7969052928404,False,cmp,2826.9114121298044,2.2294254038878583,3939.677431469125,3941.677431469125,1.7670850767085076,0.0,True,0.3555469428176472,0.005,3890.5827323119456,4544.734613144109,3892.5841667916347,1063.671320182141,hurdle_cmp,2878.0061112869844,2878.0061112869844,2826.9114121298044
Matched AI Lean term0,pair_bf349feb,3560,3371,0.05308988764044944,2.0005932957579353,0.0023728310318849384,0.001997320959080859,0.0008899436369029962,0.9976268169682587,0.0014832393948383269,3,1.5944205758839385,0.40528277623709014,0.005,7609.331934814594,9351.168578272724,7611.332743251861,127.26238309210748,33.37683376476735,False,cmp,7482.069551722487,2.2195400628070265,9552.641119467695,9554.641119467695,1.8943820224719101,0.0,True,0.38141505428239103,0.005,9088.836118798074,10830.672762256203,9090.836927235341,1606.7665670755873,hurdle_cmp,7947.874552392108,7947.874552392108,7482.069551722487
Matched human Lean term0,pair_bf40e969,2598,2406,0.07390300230946882,1.9979218620116377,0.0029050745262087234,0.002452383258927522,0.0024937655860349127,0.9970906068162926,0.00041562759767248546,3,1.5908341297528463,0.4045939666727524,0.005,5426.606628093871,6665.911793153468,5428.606903232035,105.47859343935852,33.97040652096333,False,cmp,5321.128034654513,2.211607661951169,7029.508855106994,7031.508855106994,1.8502694380292533,0.0,True,0.37183508122001696,0.005,6798.374887920502,8037.680052980099,6800.375163058666,1477.2468532659898,hurdle_cmp,5554.262001841004,5554.262001841004,5321.128034654513
Matched AI Lean term0,pair_bf40e969,7650,7327,0.042222222222222223,2.0,0.0027296301351166915,0.002299122794385618,0.0013648150675583458,0.9972703698648833,0.0013648150675583458,3,1.5936242600400345,0.405010924892403,0.005,16534.15648910184,20316.757567850877,16536.724802064542,307.81481367413653,32.525672305587655,False,cmp,16226.341675427702,2.2145955609973664,20425.062769134107,20427.062769134107,1.9155555555555555,0.0,True,0.385815295690969,0.005,19212.788972474787,22995.390051223825,19215.357285437494,2986.447297047087,hurdle_cmp,17440.615472087018,17440.615472087018,16226.3416754277
Matched human Lean term0,pair_bf419b23,119,96,0.19327731092436976,2.0,0.020833333333333332,0.01754757574423273,0.010416666666666666,0.9791666666666666,0.010416666666666666,3,1.5936242600400345,0.39595907329329466,0.005,219.31270856290786,268.168517335019,221.3127185190682,26.215467420717687,22.41042069116513,False,cmp,193.09724114219017,2.0114295952311476,336.20038737988494,338.20038737988494,1.6134453781512605,0.0,True,0.31891793634517523,0.005,338.1565132288864,387.01232200099753,340.15652318504675,145.05927208669624,hurdle_cmp,193.1411152931887,193.1411152931887,193.09724114219017
Matched AI Lean term0,pair_bf419b23,116,92,0.20689655172413793,1.9891304347826086,0.010751417769376177,0.009162943869164306,0.010869565217391304,0.9891304347826086,0.0,2,1.579015565615272,0.39924530394994145,0.005,209.01740704160514,255.68640357686996,211.02663043180763,15.032667990963091,399.02266060742613,False,cmp,193.98473905064205,2.1085297722895873,327.2948648668794,329.2946493445569,1.579015565615272,0.0009052214239359985,False,0.31664282727064325,0.005,329.2946493445569,375.96364587982174,331.3038727347594,135.30991029391487,hurdle_cmp,193.98473905064202,193.98473905064202,193.98473905064202
Matched human Lean term0,pair_bf476baa,15069,14849,0.014599508925608866,2.0,0.00026937840932049294,0.00022689302598778938,0.00013468920466024647,0.9997306215906795,0.00013468920466024647,3,1.5936242600400345,0.4062410507553011,0.005,33491.485471578504,41172.16993653851,33493.48722885155,83.29924736334942,43.96079517782446,False,cmp,33408.186224215155,2.2498610158404713,39688.08161665341,39690.08161665341,1.9708009821487822,0.0,True,0.39923462078765726,0.005,35790.03548369257,43470.71994865257,35792.03724096561,2381.8492594774143,hurdle_cmp,37308.232357176,37308.232357176,33408.186224215155
Matched AI Lean term0,pair_bf476baa,15410,15189,0.014341336794289422,2.0000658371189677,0.000329181260312136,0.0002772443375771852,0.00013167423793534794,0.9996708144051616,0.00019751135690302193,3,1.59371263144582,0.4062215314352084,0.005,34259.527750685855,42116.236363543685,34261.54888996125,100.91735907038674,43.07213646373129,False,cmp,34158.61039161547,2.248904496123212,40581.667204347505,40583.667204347505,1.971382219338092,0.0,True,0.39933613240654053,0.005,36576.46033259573,44433.16894545356,36578.48147187112,2417.8499409802585,hurdle_cmp,38165.817263367244,38165.817263367244,34158.61039161547
Matched human Lean term0,pair_bfdd51b8,2714,2459,0.09395725865880619,1.9995933306222042,0.0020331815089964225,0.001713265609101293,0.0012200081333875558,0.9979666531110207,0.0008133387555917039,3,1.5930783683775969,0.4052949541112156,0.005,5548.770088428844,6818.409170250458,5550.770359881236,82.70066451566527,34.082313408899736,False,cmp,5466.069423913179,2.2228830516117037,7401.032784378718,7403.032784378718,1.8117170228445099,0.0,True,0.3642970754900462,0.005,7242.130038441865,8511.769120263478,7244.130309894256,1776.0606145286856,hurdle_cmp,5626.9721698500325,5626.9721698500325,5466.069423913179
Matched AI Lean term0,pair_bfdd51b8,8105,7800,0.03763109191856878,1.9994871794871796,0.003845890861275476,0.0032411203478205654,0.0021794871794871794,0.9961538461538462,0.0016666666666666668,3,1.592935868092915,0.40437182421477336,0.005,17601.492764604867,21622.645830121724,17603.558280819227,438.57927698350977,30.87293086127155,False,cmp,17162.913487621357,2.20037352405402,21595.889741528343,21597.889741528343,1.9242442936458977,0.0,True,0.387170275248188,0.005,20202.622580994568,24223.77564651142,20204.688097208928,3039.709093373209,hurdle_cmp,18558.180648155132,18558.180648155132,17162.913487621357
Matched human Lean term0,pair_c021c917,135,104,0.22962962962962963,2.0,0.0,0.0,0.0,1.0,0.0,2,1.5936242600400345,0.40637573995996135,0.005,236.54359320891584,290.3492271129372,238.54592877433862,3.999999999985448,438.77798087936526,False,cmp,232.5435932089304,2.2359960885474077,382.353080231107,384.02726968780723,1.5936242600400345,0.03318443413880286,False,0.31305982930248877,0.005,384.02726968780723,437.8329035918286,386.02960525323,151.48367647887682,hurdle_cmp,232.54359320893042,232.54359320893042,232.54359320893042
Matched AI Lean term0,pair_c021c917,115,88,0.23478260869565218,2.0,0.0,0.0,0.0,1.0,0.0,2,1.5936242600400345,0.40637573995996135,0.005,200.45996348446724,245.98780755710075,202.46000384193115,4.000000000014552,438.7953154212002,False,cmp,196.4599634844527,2.232499585050599,326.199646708985,327.8078828956167,1.5936242600400345,0.03965142789038278,False,0.3109657836215357,0.005,327.8078828956167,373.3357269682501,329.80792325308056,131.34791941116396,hurdle_cmp,196.45996348445271,196.45996348445271,196.45996348445271
Matched human Lean term0,pair_c0d3928e,1014,861,0.15088757396449703,1.991869918699187,0.015032624193837753,0.012773517989356702,0.011614401858304297,0.9849012775842044,0.003484320557491289,3,1.582700958988371,0.3975545578525079,0.005,1942.9551310046313,2379.466257812708,1944.956050905807,152.86981930434558,24.8716196382554,False,cmp,1790.0853117002857,2.0790770170735025,2815.828273255268,2817.828273255268,1.6913214990138068,0.0,True,0.33519603022809485,0.005,2805.325187892482,3241.836314700559,2807.3261077936577,1015.2398761921964,hurdle_cmp,1802.5883970630716,1802.5883970630716,1790.0853117002857
Matched AI Lean term0,pair_c0d3928e,4544,4312,0.051056338028169015,1.9939703153988868,0.015733587244984016,0.013338720695592832,0.010899814471243042,0.9842300556586271,0.00487012987012987,3,1.5855249827778115,0.3975455181498284,0.005,9731.624322147969,11921.280293853426,9733.913892844253,787.3437092011736,24.19903759915083,False,cmp,8944.280612946795,2.074276579996938,12190.420743576895,12192.420743576895,1.8921654929577465,0.0,True,0.37457989099603406,0.005,11565.891426852877,13755.547398558334,11568.180997549161,2621.6108139060816,hurdle_cmp,9570.809929670813,9570.809929670813,8944.280612946795
Matched human Lean term0,pair_c287c8cc,12938,12712,0.01746792394496831,1.9997640025173065,0.0011799317186557523,0.0009940897497984266,0.0007079924480805538,0.9988200125865324,0.0004719949653870359,3,1.5933074757216457,0.4057485343475762,0.005,28673.94598289429,35242.98859999074,28675.95060665268,256.44018859497737,36.770719859787555,False,cmp,28417.50579429931,2.2354866106276994,34128.24369492221,34130.24369492221,1.9648322770134488,0.0,True,0.3974448484534774,0.005,30953.394869648913,37522.437486745366,30955.399493407305,2535.8890753496003,hurdle_cmp,31594.35461957261,31594.35461957261,28417.50579429931
Matched AI Lean term0,pair_c287c8cc,13792,13507,0.02066415313225058,2.0003701784260013,0.0006661841347353216,0.0005608924585414034,0.00014807137040053305,0.9993336788331976,0.0005182497964018657,3,1.59412112293693,0.4061009841186665,0.005,30471.295484246457,37458.28641782352,30476.457293861647,163.17601132579148,40.401844876339744,False,cmp,30308.119472920665,2.243882392309222,36439.34590946955,36441.34590946955,1.959034222737819,0.0,True,0.39639845846157395,0.005,33248.59745372228,40235.58838729934,33253.75926333747,2940.4779808016146,hurdle_cmp,33500.86792866793,33500.86792866793,30308.119472920665
Matched human Lean term0,pair_c3b332ce,1439,1320,0.08269631688672689,1.9984848484848485,0.0015128558310376497,0.00127633561477546,0.0015151515151515152,0.9984848484848485,0.0,2,1.5915901357349977,0.40537956123469526,0.005,2977.9883531057876,3659.043008333899,2980.003306620503,33.96592750551645,375.5222457233314,False,cmp,2944.022425600271,2.230320019394145,3907.496791122945,3909.496791122945,1.833217512161223,0.0,True,0.3689403925099506,0.005,3801.0985090347885,4482.1531642629,3803.1134625495038,857.0760834345174,hurdle_cmp,3052.4207076884277,3052.4207076884277,2944.022425600271
Matched AI Lean term0,pair_c3b332ce,1294,1186,0.08346213292117466,2.0,0.0,0.0,0.0,1.0,0.0,2,1.5936242600400345,0.40637573995996135,0.005,2676.6990533247517,3290.2902245763803,2678.71174223445,3.9999999997671694,438.7998061288779,False,cmp,2672.6990533249846,2.2535405171374236,3515.3034799788725,3517.3034799788725,1.8330757341576507,0.0,True,0.3696059910248435,0.005,3421.8295950125944,4035.420766264223,3423.8422839222926,749.1305416876098,hurdle_cmp,2768.1729382912627,2768.1729382912627,2672.6990533249846
Matched human Lean term0,pair_c4fe0db7,10264,10011,0.024649259547934527,2.000499450604335,0.0008987616368972454,0.0007566053816750067,0.0001997802417340925,0.9991009889121966,0.0006992308460693238,3,1.5942946251918468,0.40600504517075037,0.005,22587.021845205076,27765.31592183326,22589.02554749314,157.78249162086286,38.92314438149962,False,cmp,22429.239353584213,2.2404594299854375,27173.15570835855,27175.15570835855,1.9511886204208886,0.0,True,0.3945347270657318,0.005,24962.455961069503,30140.750037697686,24964.459663357567,2533.2166074852917,hurdle_cmp,24641.93910087326,24641.93910087326,22429.239353584213
Matched AI Lean term0,pair_c4fe0db7,53990,53586,0.007482867197629191,2.00009330795357,0.0003545615171916573,0.0002986113666250056,0.00013063113499794723,0.9996454297764341,0.00022393908856790953,3,1.5937495044100827,0.4062131724084853,0.005,120862.58853403691,148580.8705084875,120864.60626638902,368.8963992446661,42.78179106742375,False,cmp,120493.69213479225,2.2486039662373054,141679.77511016405,141681.77511016405,1.9851268753472866,0.0,True,0.402434014418007,0.005,125624.83039708143,153343.11237153204,125626.84812943354,5131.138262289189,hurdle_cmp,136550.63684787485,136550.63684787485,120493.69213479225
Matched human Lean term0,pair_c5fb8da2,424,340,0.19811320754716982,1.9941176470588236,0.005847750865051903,0.004956852261888221,0.0058823529411764705,0.9941176470588236,0.0,2,1.585723020563489,0.4025122735541543,0.005,767.8586560443534,941.9016771257149,769.8589289254692,28.531405906163855,399.3898355902651,False,cmp,739.3272501381896,2.174491912171146,1190.0423369058813,1192.0423369058813,1.599056603773585,0.0,True,0.32240556146282706,0.005,1191.9723839004362,1366.0154049817975,1193.972656781552,452.64513376224653,hurdle_cmp,739.3972031436347,739.3972031436347,739.3272501381896
Matched AI Lean term0,pair_c5fb8da2,601,505,0.15973377703826955,2.0,0.011881188118811881,0.010007330325423816,0.005940594059405941,0.9881188118811881,0.005940594059405941,3,1.5936242600400345,0.4004351459005554,0.005,1143.3223538265577,1402.1573047310894,1145.3230576193112,77.4398079857674,25.225371719461148,False,cmp,1065.8825458407903,2.1106585066154264,1675.9078789079967,1677.9078789079967,1.680532445923461,0.0,True,0.3345901029537528,0.005,1673.2745988079391,1932.109549712471,1675.2753026006926,607.392052967149,hurdle_cmp,1070.5158259408477,1070.5158259408477,1065.88254584079
Matched human Lean term0,pair_c7a11f6b,259843,251587,0.03177303217712234,2.0,0.0,0.0,0.0,1.0,0.0,2,1.5936242600400345,0.40637573995996135,0.005,567387.7594678031,697549.2788621398,567389.788149382,3.9999998807907104,1327.2433411047402,False,cmp,567383.7594679223,2.255218908242168,690070.0778412877,690072.0778412877,1.9364539356457553,0.0,True,0.39170602130213983,0.005,640588.774749317,770750.2941436537,640590.8034308959,73205.01528139474,hurdle_cmp,616867.062559893,616867.062559893,567383.7594679223
Matched AI Lean term0,pair_c7a11f6b,5284,5041,0.04598788796366389,2.0,0.0,0.0,0.0,1.0,0.0,2,1.5936242600400345,0.40637573995996135,0.005,11370.598590059082,13978.619748810737,11373.371585579302,4.0,438.80578259459384,False,cmp,11366.598590059082,2.25483011110079,14126.989298282106,14128.989298282106,1.9080242240726721,0.0,True,0.3854851157258043,0.005,13343.82550644143,15951.846665193085,13346.59850196165,1977.2269163823473,hurdle_cmp,12151.762381899758,12151.762381899758,11366.598590059082
Matched human Lean term0,pair_c84a0169,224,180,0.19642857142857142,2.022222222222222,0.0328395061728395,0.027013591715373708,0.005555555555555556,0.9666666666666667,0.027777777777777776,3,1.6233757604269992,0.39329090623966306,0.005,413.7382967873965,506.56719051896476,415.7426188678362,62.01943849641248,21.479172744603357,False,cmp,351.71885829098403,1.9539936571721335,635.6831236380633,637.6831236380633,1.625,0.0,True,0.3160002902681523,0.005,637.6825739131716,730.5114676447399,639.6868959936114,285.96371562218764,hurdle_cmp,351.7194080158757,351.7194080158757,351.718858290984
Matched AI Lean term0,pair_c84a0169,311,265,0.14790996784565916,2.0150943396226415,0.022413670345318618,0.018576689285195413,0.0037735849056603774,0.9773584905660377,0.018867924528301886,3,1.613849514509602,0.39747124020737473,0.005,605.4562776268862,742.2512260110009,607.456306411434,66.72572020890948,23.44063034431023,False,cmp,538.7305574179767,2.032945499690478,869.6039084202662,871.6039084202662,1.7170418006430868,0.0,True,0.33684619127751575,0.005,868.1156527526753,1004.91060113679,870.115681537223,329.3850953346986,hurdle_cmp,542.2188130855676,542.2188130855676,538.7305574179767
Matched human Lean term0,pair_c8cf6c63,3092,2851,0.0779430789133247,1.9971939670291126,0.007708716848906663,0.006512599246778109,0.00526131182041389,0.9922834093300597,0.002455278849526482,3,1.5898565283812582,0.40207612682743665,0.005,6433.675174574704,7895.548852311309,6435.678159885118,289.38426434076973,27.724727650495208,False,cmp,6144.2909102339345,2.155135359605028,8383.45713578529,8385.45713578529,1.8415265200517466,0.0,True,0.3678012518102983,0.005,8128.339161282174,9590.212839018779,8130.342146592588,1984.0482510482393,hurdle_cmp,6401.408884737049,6401.408884737049,6144.2909102339345
Matched AI Lean term0,pair_c8cf6c63,308,242,0.21428571428571427,1.9958677685950412,0.004115156068574552,0.00348161608909029,0.004132231404958678,0.9958677685950413,0.0,2,1.5880749440726238,0.4036605931174548,0.005,547.3071411999791,671.5781060260533,549.3569430260657,16.97373751734267,368.82634537383194,False,cmp,530.3334036826365,2.1914603457960182,867.4772439539814,869.3683221043766,1.5880749440726238,0.012526566183200872,False,0.3171618945922859,0.005,869.3683221043766,993.6392869304508,871.4181239304631,339.03491842174014,hurdle_cmp,530.3334036826365,530.3334036826365,530.3334036826365
Matched human Lean term0,pair_c9acf82e,11566,11262,0.02628393567352585,2.000088794175102,0.0004439629911050346,0.0003739070182679769,0.0001775883502042266,0.9995560291244895,0.0002663825253063399,3,1.593743445768366,0.406167760056528,0.005,25403.25186085622,31228.28043983042,25405.28708615071,97.92541243939195,41.59585128510309,False,cmp,25305.32644841683,2.2469655876768626,30639.91640862718,30641.91640862718,1.9475185889676638,0.0,True,0.39394049985633756,0.005,28217.579385062563,34042.60796403676,28219.61461035705,2912.252936645733,hurdle_cmp,27729.663471981446,27729.663471981446,25305.326448416832
Matched AI Lean term0,pair_c9acf82e,15240,14927,0.020538057742782154,2.000937897769143,0.0016069450948772018,0.0013521382203392604,0.0003349634889797012,0.9983921752528975,0.0012728612581228646,3,1.594883046582015,0.4057198876981444,0.005,33687.527742001745,41407.83341572161,33690.560948597915,385.30282544204965,36.167578832844484,False,cmp,33302.224916559695,2.231005889767515,40271.82047715264,40273.82047715264,1.9598425196850393,0.0,True,0.39611826343063145,0.005,36741.362613145495,44461.66828686536,36744.395819741665,3439.1376965858,hurdle_cmp,36834.68278056684,36834.68278056684,33302.224916559695
Matched human Lean term0,pair_cb3b726a,2215,2029,0.08397291196388262,1.9985214391325776,0.002462081970131953,0.0020770775770304548,0.001971414489896501,0.9975357318876293,0.0004928536224741252,3,1.5916392680034916,0.40491075663918535,0.005,4577.299668464584,5623.421414858833,4579.301638870507,79.05029708903749,34.132078374875306,False,cmp,4498.249371375547,2.2169784974743947,6017.340222035165,6019.340222035165,1.8306997742663658,0.0,True,0.36798622485131366,0.005,5856.765276213133,6902.887022607381,5858.767246619056,1358.5159048375858,hurdle_cmp,4660.824317197579,4660.824317197579,4498.249371375547
Matched AI Lean term0,pair_cb3b726a,2222,2037,0.08325832583258326,1.997545409916544,0.003430401104360688,0.002897026017960375,0.0029455081001472753,0.9965635738831615,0.0004909180166912126,3,1.5903285555865572,0.4042713462298357,0.005,4594.426329593055,5642.82561137956,4596.4270655371965,103.14407168413163,33.14675361686808,False,cmp,4491.282257908923,2.2048513784530797,6034.355887858224,6036.355887858224,1.8312331233123311,0.0,True,0.3676499104116505,0.005,5870.3259761729805,6918.725257959485,5872.326712117122,1379.0437182640571,hurdle_cmp,4657.312169594167,4657.312169594167,4491.282257908923
Matched human Lean term0,pair_cc4ae138,87440,86628,0.00928636779505947,1.9988687260470055,0.0014993897487256605,0.0012644514234827005,0.0013159717412383988,0.9984993304705176,0.0001846977882439858,3,1.5921055681835028,0.4054471861222603,0.005,195336.15497699176,240049.90351899897,195342.73194682185,2051.2671057386324,37.55428121121938,False,cmp,193284.88787125313,2.231205705675453,229666.05493149068,229668.05493149068,1.980306495882891,0.0,True,0.4007724256506407,0.005,204553.6244350624,249267.3729770696,204560.2014048925,11268.736563809285,hurdle_cmp,218399.3183676814,218399.3183676814,193284.88787125313
Matched AI Lean term0,pair_cc4ae138,71043,70334,0.009979871345523134,1.982554667728268,0.017368478649054293,0.014909093749325725,0.017559075269428726,0.9823271817328746,0.0001137429976967043,3,1.5701595044635555,0.3948360879952802,0.005,158052.07729398407,193297.47498057404,158054.27284466333,12597.402580944821,32.27923699232534,False,cmp,145454.67471303925,2.068056341357512,186627.31347971974,186629.31347971974,1.9627690272088736,0.0,True,0.38881325509092446,0.005,165997.9663521502,201243.36403874017,166000.16190282945,20543.291639110936,hurdle_cmp,166086.0218406088,166086.0218406088,145454.67471303925
Matched human Lean term0,pair_cc98e98a,2863,2621,0.08452672022354174,1.9935139259824495,0.018653085365013977,0.01582165396773819,0.01259061426936284,0.9813048454788249,0.006104540251812286,3,1.5849114773231152,0.3960118343899676,0.005,5918.108751960878,7245.332725749058,5920.460551563019,552.974580879425,23.271561890112228,False,cmp,5365.134171081453,2.0469798439837668,7788.324535185986,7790.324535185986,1.8250087320991966,0.0,True,0.35938418433113356,0.005,7578.864061671553,8906.088035459732,7581.215861273694,2213.7298905901,hurdle_cmp,5576.594644595886,5576.594644595886,5365.134171081453
Matched AI Lean term0,pair_cc98e98a,9231,8962,0.029140938143213085,1.99944208881946,0.002342915693382873,0.0019745855630653587,0.001450569069404151,0.9976567730417317,0.0008926578888640928,3,1.5928753360327665,0.40511618371728536,0.005,20217.55682757455,24843.00726174016,20219.627258829805,328.2224519585725,33.42445185974988,False,cmp,19889.334375615977,2.2192964043311734,24492.38787073154,24494.38787073154,1.9411764705882353,0.0,True,0.39161248642940155,0.005,22651.79951255165,27277.24994671726,22653.869943806905,2762.465136935673,hurdle_cmp,21731.92273379587,21731.92273379587,19889.334375615977
Matched human Lean term0,pair_ce95c511,12411,12150,0.02102973168963017,1.999835390946502,0.0001645819573574489,0.00013864926048473894,0.0001646090534979424,0.9998353909465021,0.0,2,1.5934033037398503,0.4062674781531498,0.005,27402.097499294112,33686.1802218685,27406.124871457097,42.84741984028369,373.2571801891709,False,cmp,27359.25007945383,2.2517901299961998,32791.38304089049,32793.38304089049,1.9577793892514705,0.0,True,0.39636345203761647,0.005,29936.438874817366,36220.52159739175,29940.46624698035,2577.188795363536,hurdle_cmp,30216.194245526953,30216.194245526953,27359.25007945383
Matched AI Lean term0,pair_ce95c511,9118,8868,0.027418293485413466,2.0,0.0006765899864682003,0.000569880673696327,0.00033829499323410016,0.9993234100135318,0.00033829499323410016,3,1.5936242600400345,0.4060374449667272,0.005,20003.78456542428,24589.31678882238,20005.879746383016,111.89504696044605,39.415872325279885,False,cmp,19891.889518463835,2.243108876687397,24168.938209236472,24170.938209236472,1.945163413029173,0.0,True,0.3933046147056438,0.005,22297.138893379357,26882.671116777456,22299.234074338092,2405.249374915523,hurdle_cmp,21765.68883432095,21765.68883432095,19891.889518463835
Matched human Lean term0,pair_cffa85ea,8800,8498,0.03431818181818182,2.000117674746999,0.00035301039365180046,0.0002972972135460196,0.00011767474699929395,0.9996469757590021,0.0002353494939985879,3,1.5937822107497395,0.4062177892502564,0.005,19168.993871417675,23564.84519712087,19171.66191510778,61.511868818313815,42.91680398766718,False,cmp,19107.48200259936,2.2484681104494424,23401.992708433027,23403.992708433027,1.9314772727272727,0.0,True,0.3904387133681225,0.005,21801.24545414193,26197.096779845124,21803.913497832033,2693.7634515425666,hurdle_cmp,20710.22925689046,20710.22925689046,19107.48200259936
Matched AI Lean term0,pair_cffa85ea,13241,12851,0.029453968733479344,2.000544704692242,0.0008556678131782982,0.000720292591220068,0.00015562991206909967,0.99914403548362,0.0007003346043109486,3,1.594355361584783,0.40603371319538584,0.005,28994.39541919988,35642.23982408391,28996.40278455528,191.81384273129515,39.53569738715537,False,cmp,28802.581576468583,2.241271619054438,35135.24314442389,35137.24314442389,1.941620723510309,0.0,True,0.39243294056046046,0.005,32514.236661480696,39162.08106636473,32516.2440268361,3711.6550850121134,hurdle_cmp,31425.588059411777,31425.588059411777,28802.581576468583
Matched human Lean term0,pair_d020f221,8682,8546,0.0156645934116563,1.9997659723847414,0.00023397284633389694,0.00019712116490102138,0.0002340276152586005,0.9997659723847414,0.0,2,1.5933101199880917,0.4062218247813871,0.005,19274.259786905095,23693.770397483924,19276.261036870404,41.43981765024364,370.77105114737725,False,cmp,19232.81996925485,2.2505054960513515,22878.381808460006,22880.381808460006,1.968440451508869,0.0,True,0.39872052714913486,0.005,20676.646018731662,25096.15662931049,20678.647268696972,1443.8260494768106,hurdle_cmp,21436.555758983195,21436.555758983195,19232.81996925485
Matched AI Lean term0,pair_d020f221,9502,9345,0.01652283729741107,1.9997859818084538,0.0002139723877599687,0.00018026697617817424,0.00021401819154628142,0.9997859818084537,0.0,2,1.593336979720129,0.4062349838967746,0.005,21076.186079982388,25909.06880656742,21079.419693236312,41.79737008921802,373.2052490682291,False,cmp,21034.38870989317,2.250870915986428,25049.79535408363,25051.79535408363,1.966743843401389,0.0,True,0.39834882467761284,0.005,22677.92328588267,27510.8060124677,22681.156899136593,1643.5345759894974,hurdle_cmp,23408.260778094133,23408.260778094133,21034.38870989317
Matched human Lean term0,pair_d0c1af2e,2177,2030,0.06752411575562701,1.9970443349753695,0.002946929068892717,0.002490073202702587,0.002955665024630542,0.9970443349753695,0.0,2,1.5896555439279831,0.4044331260227519,0.005,4577.369932178494,5622.028459858393,4579.374405046682,85.87062774575315,376.18303590334585,False,cmp,4491.499304432741,2.21256123371071,5874.659983983517,5876.659983983517,1.8621956821313734,0.0,True,0.37430808133323645,0.005,5655.622127815283,6700.280655495182,5657.626600683471,1164.1228233825423,hurdle_cmp,4712.537160600975,4712.537160600975,4491.499304432741
Matched AI Lean term0,pair_d0c1af2e,3896,3636,0.06673511293634497,1.9997249724972497,0.0030252268901257563,0.002548853801129938,0.0016501650165016502,0.996974697469747,0.0013751375137513752,3,1.5932550832273873,0.4048197242533566,0.005,8205.605001589176,10081.74616217006,8207.649862792721,168.74126469553448,32.03729920175443,False,cmp,8036.8637368936415,2.2103585635021017,10513.849034569952,10515.849034569952,1.8662731006160165,0.0,True,0.3751348207756386,0.005,10117.506974367452,11993.648134948337,10119.551835570997,2080.6432374738106,hurdle_cmp,8435.205797096141,8435.205797096141,8036.8637368936415
Matched human Lean term0,pair_d2343074,21651,21420,0.01066925315227934,1.999906629318394,9.336196352179213e-05,7.86451596935812e-05,9.337068160597572e-05,0.999906629318394,0.0,2,1.5934989287310106,0.4063143299057733,0.005,48308.050590913466,59388.077748278825,48310.09099261644,45.1155459061265,340.8036249144666,False,cmp,48262.93504500734,2.253171570728634,56906.58496577579,56908.58496577579,1.9785691192092745,0.0,True,0.40107600808915955,0.005,50867.23699681993,61947.264154185286,50869.2773985229,2604.301951812588,hurdle_cmp,54304.283013963206,54304.283013963206,48262.93504500734
Matched AI Lean term0,pair_d2343074,8904,8681,0.02504492362982929,1.999769611795876,0.00023033512539934948,0.000194055639379708,0.00023038820412394885,0.9997696117958761,0.0,2,1.5933150053759355,0.40622421821581256,0.005,19578.715418836993,24068.069878626553,19580.83751658394,41.50251849927008,373.2623225873164,False,cmp,19537.212900337723,2.250571696848027,23572.212492768424,23574.212492768424,1.949685534591195,0.0,True,0.39452621961856843,0.005,21665.52270081663,26154.87716060619,21667.644798563575,2128.3098004789076,hurdle_cmp,21445.902692289517,21445.902692289517,19537.212900337723
Matched human Lean term0,pair_d339e847,1345,1165,0.13382899628252787,2.0008583690987125,0.004291108696052608,0.0036109935802337697,0.0017167381974248926,0.9957081545064378,0.002575107296137339,3,1.5947763190031559,0.40436531189812763,0.005,2632.2256298912444,3233.451726770023,2634.367297775439,75.21901369201078,30.386327932896638,False,cmp,2557.0066161992336,2.194855464548698,3719.202612001291,3721.202612001291,1.733085501858736,0.0,True,0.3477247406885165,0.005,3693.01282636791,4294.2389232466885,3695.154494252104,1136.006210168676,hurdle_cmp,2585.1964018326153,2585.1964018326153,2557.0066161992336
Matched AI Lean term0,pair_d339e847,4289,3960,0.07670785730939612,1.9997474747474748,0.004797916028976636,0.004042305126743494,0.0025252525252525255,0.9952020202020202,0.0022727272727272726,3,1.5932852894967513,0.4039369327254671,0.005,8939.542243330987,10980.064919429842,8941.551833811074,271.09892945660977,29.74010259161904,False,cmp,8668.443313874377,2.189000836836964,11623.596707933433,11625.596707933433,1.8463511307997202,0.0,True,0.37014882544097705,0.005,11263.214365064845,13303.7370411637,11265.223955544932,2594.771051190468,hurdle_cmp,9030.825656742965,9030.825656742965,8668.443313874377
Matched human Lean term0,pair_d43fae54,3394,3155,0.07041838538597525,2.0,0.0012678288431061807,0.0010678714874461758,0.0006339144215530904,0.9987321711568938,0.0006339144215530904,3,1.5936242600400345,0.40574182553840826,0.005,7118.862596722139,8749.51741866651,7120.938427448443,70.90369937024661,36.31549676978162,False,cmp,7047.958897351892,2.2339013937723906,9171.384016833164,9173.384016833164,1.8591632292280496,0.0,True,0.3744583970338954,0.005,8849.900856855485,10480.555678799856,8851.97668758179,1801.9419595035931,hurdle_cmp,7371.442057329571,7371.442057329571,7047.958897351892
Matched AI Lean term0,pair_d43fae54,3905,3663,0.061971830985915494,2.0002730002730003,0.0013649268358523073,0.0011493177374721603,0.000546000546000546,0.9986349986349986,0.000819000819000819,3,1.5939906921198077,0.40573630760718765,0.005,8265.782813467276,10159.378647443931,8267.799790520845,86.68928722135024,36.05146399149705,False,cmp,8179.093526245926,2.2328947655599034,10515.930448171881,10517.930448171881,1.876312419974392,0.0,True,0.3780342763936319,0.005,10082.506320248118,11976.102154224773,10084.523297301686,1903.4127940021913,hurdle_cmp,8614.51765416969,8614.51765416969,8179.093526245926
Matched human Lean term0,pair_d71a4f84,3903,3629,0.07020240840379195,1.99944888399008,0.002204160310823962,0.0018576303375056205,0.0013777900248002205,0.9977955359603197,0.0008266740148801323,3,1.592884458264568,0.4051866357007076,0.005,8187.741583551845,10060.951333018003,8189.744665989587,128.44369727926096,33.741296638641025,False,cmp,8059.297886272584,2.2208040469199735,10545.874682826936,10547.874682826936,1.8590827568537023,0.0,True,0.3740058936724891,0.005,10173.731718310599,12046.941467776756,10175.73480074834,2114.4338320380143,hurdle_cmp,8433.440850788922,8433.440850788922,8059.297886272585
Matched AI Lean term0,pair_d71a4f84,5197,4913,0.05464691167981528,2.0008141664970487,0.002848919872585347,0.0023974970693507037,0.0010177081213108082,0.9971504172603297,0.0018318746183594546,3,1.594716998195138,0.40507946018059604,0.005,11091.042272769351,13629.271942138083,11093.048826857848,214.30557013617363,32.522944047450984,False,cmp,10876.736702633178,2.213868655125825,13955.261298282185,13957.261298282185,1.8914758514527612,0.0,True,0.380567275233484,0.005,13296.329804602394,15834.559473971125,13298.33635869089,2419.5931019692157,hurdle_cmp,11537.668196312969,11537.668196312969,10876.736702633178
Matched human Lean term0,pair_d72cfd93,9994,9660,0.033420052031218735,1.9994824016563146,0.0007243697731140345,0.0006104649816180575,0.0006211180124223603,0.9992753623188406,0.00010351966873706004,3,1.5929294541142949,0.4059318295295934,0.005,21786.028832629887,26778.274290699843,21788.034169980565,124.95429766387679,40.837722362618116,False,cmp,21661.07453496601,2.2423472603484482,26564.288662958345,26566.288662958345,1.9326595957574544,0.0,True,0.390519238177513,0.005,24715.0043314708,29707.249789540754,24717.009668821476,3053.929796504787,hurdle_cmp,23512.358866453556,23512.358866453556,21661.07453496601
Matched AI Lean term0,pair_d72cfd93,10540,10155,0.03652751423149905,2.001477104874446,0.003050501568378464,0.0025653079381120843,0.0007877892663712457,0.9969473165928114,0.0022648941408173313,3,1.5956066108142655,0.40508270479380526,0.005,22929.27557395704,28178.421819650073,22931.279426495326,460.39621192775667,32.63007637509066,False,cmp,22468.87936202928,2.2125927485996337,28075.46238172751,28077.46238172751,1.9283681214421253,0.0,True,0.388455021742876,0.005,26235.498959091303,31484.645204784334,26237.502811629587,3766.6195970620192,hurdle_cmp,24310.84278466549,24310.84278466549,22468.879362029285
Matched human Lean term0,pair_d746cf8d,29171,28714,0.015666243872338968,2.0012189176011703,0.0017746513158723642,0.0014928007285172403,0.0002786097374103225,0.9982238629240092,0.0014975273385804833,3,1.5952601596451128,0.4056801482186429,0.005,64809.317620100584,79662.61155496542,64811.32410734054,796.2193815284409,36.220437928389366,False,cmp,64013.09823857214,2.2293340613837205,76901.50339243453,76903.50339243453,1.969867333996092,0.0,True,0.39828282263961207,0.005,69516.93017886016,84370.224113725,69518.93666610011,5503.831940288013,hurdle_cmp,71399.67145214652,71399.67145214652,64013.09823857214
Matched AI Lean term0,pair_d746cf8d,9846,9557,0.029352021125330082,2.000732447420739,0.00219680578299203,0.00184887560275631,0.0007324474207387255,0.9978026577377839,0.001464894841477451,3,1.594607327883413,0.40539267211658336,0.005,21569.731694338803,26509.331916345895,21571.732888816103,329.74870132969227,33.8886900578252,False,cmp,21239.98299300911,2.22245296568056,26131.818392000445,26133.818392000445,1.9420069063579117,0.0,True,0.3918674179378461,0.005,24180.57638332099,29120.17660532808,24182.57757779829,2940.5933903118776,hurdle_cmp,23193.225001688566,23193.225001688566,21239.98299300911
Matched human Lean term0,pair_d869cc1a,1762,1640,0.06923950056753689,1.998780487804878,0.0012180249851278999,0.0010272712087762634,0.0012195121951219512,0.998780487804878,0.0,2,1.5919870947935295,0.4055738808162227,0.005,3699.661446108363,4546.271695494672,3701.66350250401,34.8347773446003,363.7574204214236,False,cmp,3664.826668763763,2.2346504077827825,4758.890568907427,4760.890568907427,1.8603859250851305,0.0,True,0.37473741344513833,0.005,4588.537061001952,5435.14731038826,4590.539117397599,923.7103922381888,hurdle_cmp,3837.1801766692383,3837.1801766692383,3664.826668763763
Matched AI Lean term0,pair_d869cc1a,2154,2001,0.07103064066852367,1.999000499750125,0.000998501249125562,0.0008419272083791688,0.0009995002498750624,0.999000499750125,0.0,2,1.5922824900502959,0.40571850944995,0.005,4513.79871268656,5547.176444479521,4515.801429578187,35.63102095015347,369.6320674882765,False,cmp,4478.167691736407,2.2379648634364853,5821.46016879311,5823.46016879311,1.8570102135561746,0.0,True,0.37413087126854533,0.005,5619.92520877834,6653.3029405713005,5621.9279256699665,1141.7575170419334,hurdle_cmp,4681.702651751177,4681.702651751177,4478.167691736407
Matched human Lean term0,pair_d92632b4,4311,4053,0.059846903270702856,1.999506538366642,0.0004932181289744098,0.0004156503752181329,0.0004934616333580064,0.9995065383666419,0.0,2,1.5929618562643706,0.4060512204689093,0.005,9141.525077760183,11236.529008932173,9143.525540842655,38.455274699488655,344.12877229549827,False,cmp,9103.069803060695,2.246007846795138,11595.585440788795,11597.585440788795,1.8798422639758756,0.0,True,0.3791939231352837,0.005,11096.805237161354,13191.809168333344,11098.805700243825,1993.7354341006596,hurdle_cmp,9603.850006688135,9603.850006688135,9103.069803060695
Matched AI Lean term0,pair_d92632b4,5522,5241,0.050887359652299895,1.9994275901545506,0.0005720821924181743,0.00048215259485397957,0.0005724098454493417,0.9994275901545506,0.0,2,1.5928558721341195,0.40599930817497776,0.005,11820.279696826694,14528.977751314746,11822.399660836041,54.792214303743094,374.2405494180568,False,cmp,11765.48748252295,2.244893623835709,14795.020494785671,14797.020494785671,1.8976819992756249,0.0,True,0.3829774466040119,0.005,14043.446516677483,16752.144571165536,14045.56648068683,2277.9590341545327,hurdle_cmp,12519.06146063114,12519.06146063114,11765.487482522949
Matched human Lean term0,pair_d96197fd,10713,10492,0.020629142163726313,1.9998093785741518,0.0001905850893202729,0.00016055965234290168,0.00019062142584826535,0.9998093785741518,0.0,2,1.593368386304837,0.40625037084346255,0.005,23662.931325272955,29089.228094377948,23668.147719680324,42.26050337404013,375.5184606336534,False,cmp,23620.670821898915,2.2513029757814444,28299.73455785604,28301.73455785604,1.9585550266031924,0.0,True,0.3965241677358446,0.005,25817.764944097416,31244.06171320241,25822.981338504786,2197.094122198502,hurdle_cmp,26104.64043565754,26104.64043565754,23620.670821898915
Matched AI Lean term0,pair_d96197fd,14416,14199,0.015052719200887903,1.999859145010212,0.000140835149659865,0.00011864113310807414,0.00014085498978801323,0.999859145010212,0.0,2,1.593435189572023,0.40628310044839694,0.005,32023.057370901013,39367.2145374955,32025.074759377407,43.47083683125675,372.7587088818075,False,cmp,31979.586534069756,2.2522421673406408,37975.37964865984,37977.37964865984,1.9697558268590456,0.0,True,0.39906249473981353,0.005,34276.923752570816,41621.0809191653,34278.94114104721,2297.3372185010594,hurdle_cmp,35680.04243015878,35680.04243015878,31979.586534069756
Matched human Lean term0,pair_d9e524cd,209,155,0.2583732057416268,1.9935483870967743,0.006409989594172738,0.005436786860531704,0.0064516129032258064,0.9935483870967742,0.0,2,1.5849578042794041,0.40213896991414033,0.005,351.1004435444505,430.36172133444245,353.10047100635995,16.08038470154861,398.5306623215323,False,cmp,335.0200588429019,2.1614197344703348,591.8469902039096,591.9240975918334,1.5849578042794041,0.06718721752109408,False,0.2982370351037883,0.005,591.9240975918334,671.1853753818253,593.9241250537428,256.9040387489315,hurdle_cmp,335.0200588429019,335.0200588429019,335.0200588429019
Matched AI Lean term0,pair_d9e524cd,209,155,0.2583732057416268,1.9935483870967743,0.006409989594172738,0.005436786860531704,0.0064516129032258064,0.9935483870967742,0.0,2,1.5849578042794041,0.40213896991414033,0.005,351.1004435444505,430.36172133444245,353.10047100635995,16.08038470154861,398.5306623215323,False,cmp,335.0200588429019,2.1614197344703348,591.8469902039096,591.9240975918334,1.5849578042794041,0.06718721752109408,False,0.2982370351037883,0.005,591.9240975918334,671.1853753818253,593.9241250537428,256.9040387489315,hurdle_cmp,335.0200588429019,335.0200588429019,335.0200588429019
Matched human Lean term0,pair_db1d04db,2448,2275,0.07066993464052287,2.000879120879121,0.002636589783842531,0.0022186565163077477,0.0008791208791208791,0.9973626373626374,0.0017582417582417582,3,1.5948041681110001,0.4051958318889957,0.005,5136.791887236275,6312.411053083091,5138.792827125605,94.87804332692758,32.98616512614211,False,cmp,5041.913843909348,2.2162258654546583,6618.6672770232135,6620.6672770232135,1.8594771241830066,0.0,True,0.3738882123125483,0.005,6389.075684961395,7564.694850808211,6391.076624850725,1347.161841052048,hurdle_cmp,5273.505435971166,5273.505435971166,5041.913843909348
Matched AI Lean term0,pair_db1d04db,3031,2851,0.059386341141537444,2.0028060329708874,0.004201175635297405,0.0035279230755880307,0.0007015082427218519,0.9957909505436688,0.00350754121360926,3,1.5973895152316753,0.40471500949648614,0.005,6443.376366484537,7917.729593584603,6445.380970183661,170.05533937198925,31.831789887920525,False,cmp,6273.321027112548,2.2003932048798838,8160.937100340405,8162.937100340405,1.883866710656549,0.0,True,0.37830507825191534,0.005,7810.997473908408,9285.350701008474,7813.002077607533,1537.6764467958606,hurdle_cmp,6625.260653544545,6625.260653544545,6273.321027112548
Matched human Lean term0,pair_db881e0a,158,135,0.14556962025316456,2.0,0.0,0.0,0.0,1.0,0.0,2,1.5936242600400345,0.40637573995996135,0.005,306.455625800035,376.29947750237045,308.45573593261855,4.0,438.7821334854174,False,cmp,302.455625800035,2.2404120429632224,439.803198726625,441.803198726625,1.7088607594936709,0.0,True,0.34492910593856874,0.005,439.5787321254397,509.42258382777516,441.5788422580232,137.12310632540468,hurdle_cmp,304.68009240122035,304.68009240122035,302.455625800035
Matched AI Lean term0,pair_db881e0a,425,373,0.1223529411764706,1.997319034852547,0.002673777573331226,0.002258597765180951,0.002680965147453083,0.9973190348525469,0.0,2,1.590024512957541,0.404613556747549,0.005,842.7430849436713,1034.7879567520363,844.7485851335525,17.840473475138424,378.0109140126065,False,cmp,824.9026114685329,2.2115351513901684,1171.371878648437,1173.371878648437,1.7529411764705882,0.0,True,0.352278601323442,0.005,1160.5920307426709,1352.6369025510357,1162.597530932552,335.6894192741379,hurdle_cmp,837.682459374299,837.682459374299,824.902611468533
Matched human Lean term0,pair_dd457978,3370,3168,0.0599406528189911,1.9984217171717171,0.0022071049829099068,0.001862172465033064,0.001893939393939394,0.9977904040404041,0.0003156565656565657,3,1.5915053648684716,0.40502241290930197,0.005,7145.091601586109,8778.625651426366,7147.106608324042,109.33538835882791,35.331079673732056,False,cmp,7035.7562132272815,2.2208826430641673,9065.693415400912,9067.693415400912,1.8786350148367952,0.0,True,0.37813013388950056,0.005,8675.75187859898,10309.285928439236,8677.766885336912,1639.995665371698,hurdle_cmp,7427.697750029214,7427.697750029214,7035.7562132272815
Matched AI Lean term0,pair_dd457978,2550,2353,0.07725490196078431,1.9991500212494688,0.0008492562866548822,0.0007159698353338891,0.0008499787505312367,0.9991500212494687,0.0,2,1.5924832338224764,0.4058168086764571,0.005,5307.63881867075,6523.127824367803,5309.639898966636,36.279496393864974,372.9094200736228,False,cmp,5271.359322276885,2.2402717051750467,6908.47288077714,6910.47288077714,1.8447058823529412,0.0,True,0.3716285799958493,0.005,6696.905898774621,7912.394904471675,6698.906979070507,1425.546576497736,hurdle_cmp,5484.926304279404,5484.926304279404,5271.359322276885
Matched human Lean term0,pair_de1e8e19,8065,7684,0.0472411655300682,1.9996095783446122,0.0011711125370944607,0.0009868237115839187,0.0007808433107756377,0.9988287350338365,0.00039042165538781884,3,1.593100179466607,0.4057285555672255,0.005,17332.232161043066,21302.41227286029,17336.92026254487,154.94078662409447,36.997235190694454,False,cmp,17177.291374418972,2.235462177826519,21575.2775649284,21577.2775649284,1.9051456912585245,0.0,True,0.3843033528427997,0.005,20403.94004380052,24374.120155617744,20408.628145302326,3226.6486693815486,hurdle_cmp,18350.62889554685,18350.62889554685,17177.291374418972
Matched AI Lean term0,pair_de1e8e19,10016,9679,0.03364616613418531,2.000929848124806,0.0013422493405183123,0.001129423994421864,0.00020663291662361815,0.9986568860419465,0.0011364810414298998,3,1.5948722440392678,0.40585097116891067,0.005,21843.342396689586,26850.358709436696,21845.356107095446,213.07680806901772,37.63989191551414,False,cmp,21630.26558862057,2.2347624329600753,26634.65276123681,26636.65276123681,1.933606230031949,0.0,True,0.3904290178017826,0.005,24793.98534042851,29801.00165317562,24795.99905083437,3163.7197518079406,hurdle_cmp,23472.93300942887,23472.93300942887,21630.26558862057
Matched human Lean term0,pair_de483a80,6169,5906,0.04263251742583887,1.9998306806637318,0.002539761374985393,0.0021395894673352264,0.0013545546901456147,0.997460209955977,0.0011852353538774128,3,1.5933969809569926,0.4050791450165897,0.005,13326.591918228209,16375.522614520192,13328.592560803561,233.95978726592148,32.89306269957056,False,cmp,13092.632130962287,2.216835782418267,16473.384444325497,16475.384444325497,1.914572864321608,0.0,True,0.38569265068353065,0.005,15502.819329757938,18551.750026049922,15504.819972333291,2410.1871987956506,hurdle_cmp,14065.197245529846,14065.197245529846,13092.632130962287
Matched AI Lean term0,pair_de483a80,3549,3329,0.06198929275852353,2.00030039050766,0.0021026433191626134,0.0017704494917496455,0.0009011715229798738,0.9978972664463803,0.0012015620306398318,3,1.594027455114157,0.4053717638705191,0.005,7513.347950120033,9233.334000524654,7515.384634853761,113.84922380861826,33.866629566383075,False,cmp,7399.498726311414,2.222739178825898,9558.54060343087,9560.54060343087,1.8763031839954918,0.0,True,0.3776863240734685,0.005,9164.96862343531,10884.95467383993,9167.005308169038,1765.469897123895,hurdle_cmp,7795.070706306976,7795.070706306976,7399.498726311415
Matched human Lean term0,pair_de5a08c0,1008,884,0.12301587301587301,1.998868778280543,0.0011299420568784422,0.0009528921769990943,0.0011312217194570137,0.998868778280543,0.0,2,1.592105638314322,0.4056319182467602,0.005,1995.1653163803926,2451.5815701678603,1997.1655304390315,19.567782476719003,345.5463030937504,False,cmp,1975.5975339036736,2.234838839257549,2776.4106271541195,2778.4106271541195,1.7529761904761905,0.0,True,0.35296591276350087,0.005,2748.9138738077186,3205.3301275951862,2750.9140878663575,773.3163399040451,hurdle_cmp,2005.0942872500746,2005.0942872500746,1975.5975339036736
Matched AI Lean term0,pair_de5a08c0,171,130,0.23976608187134502,1.9923076923076923,0.007633136094674556,0.006482945300630023,0.007692307692307693,0.9923076923076923,0.0,2,1.5832896694240934,0.40132571519128724,0.005,294.718721748877,361.04637851659777,296.7187768217483,15.727356793169747,398.7689630176998,False,cmp,278.99136495570724,2.1460874227362097,483.77675889248314,485.095791484582,1.5832896694240934,0.04337158746708597,False,0.30510142090565695,0.005,485.095791484582,551.4234482523027,487.0958465574533,206.10442652887474,hurdle_cmp,278.99136495570724,278.99136495570724,278.99136495570724
Matched human Lean term0,pair_debcd118,931,823,0.11600429645542427,2.0145808019441067,0.02165860313082712,0.01796065876429301,0.0036452004860267314,0.9781287970838396,0.018226002430133656,3,1.613162578193303,0.3977730232647727,0.005,1875.520320796042,2300.389198350031,1877.602379413805,193.43728645382362,23.615220484632957,False,cmp,1682.0830343422183,2.0438432981071912,2574.029423063691,2576.029423063691,1.7808807733619765,0.0,True,0.3493230754697515,0.005,2545.7688437126526,2970.6377212666416,2547.8509023304155,863.6858093704341,hurdle_cmp,1712.3436136932569,1712.3436136932569,1682.0830343422185
Matched AI Lean term0,pair_debcd118,10582,10182,0.0378000378000378,2.0,0.0,0.0,0.0,1.0,0.0,2,1.5936242600400345,0.40637573995996135,0.005,22964.719865895968,28232.498369845453,22966.825278391283,3.999999998137355,438.81635830553194,False,cmp,22960.71986589783,2.2550304327143813,28184.122391142406,28186.122391142406,1.9243999243999244,0.0,True,0.389055083026956,0.005,26371.76179501341,31639.540298962896,26373.867207508727,3411.0419291155813,hurdle_cmp,24775.080462026825,24775.080462026825,22960.71986589783
Matched human Lean term0,pair_df433d2d,4073,3808,0.06506260741468205,1.9981617647058822,0.0034104864372219478,0.002878292955599928,0.0026260504201680674,0.9965861344537815,0.0007878151260504202,3,1.591156295127437,0.40437941915827336,0.005,8589.14591081044,10550.307354017928,8591.152357235671,191.6785383031529,32.263383359581134,False,cmp,8397.467372507286,2.2052172721920393,10981.219208924573,10983.219208924573,1.8681561502577952,0.0,True,0.37534875540994733,0.005,10551.692530681585,12512.853973889074,10553.698977106817,2154.225158174299,hurdle_cmp,8828.994050750274,8828.994050750274,8397.467372507286
Matched AI Lean term0,pair_df433d2d,4383,4066,0.07232489162673968,1.999016232169208,0.001966567862438965,0.0016581640933065356,0.0014756517461878996,0.9980324643384161,0.0004918839153959665,3,1.5923036123284313,0.40523696809458465,0.005,9171.553857745736,11269.798598678455,9173.555462794155,128.67718702630373,34.85387504146338,False,cmp,9042.876670719432,2.2240227916181583,11851.345188743904,11853.345188743904,1.8544375998174767,0.0,True,0.3731425753692297,0.005,11449.30934823963,13547.55408917235,11451.31095328805,2406.432677520199,hurdle_cmp,9446.912511223705,9446.912511223705,9042.876670719432
Matched human Lean term0,pair_e21630bd,19327,18783,0.02814715165312775,2.000159718894745,0.0018633615952358923,0.0015692091474251173,0.0008518341053079913,0.9981366128946387,0.0010115530000532396,3,1.5938386440872976,0.40546924070213547,0.005,42378.69615828673,52083.69261335396,42380.75906044078,562.1727464157157,34.43122034286468,False,cmp,41816.523411871014,2.2262963004776135,51255.89621349175,51257.89621349175,1.9438609199565375,0.0,True,0.39243924105632727,0.005,47337.73470376519,57042.73115883242,47339.797605919244,5521.211291894178,hurdle_cmp,45736.684921597574,45736.684921597574,41816.523411871014
Matched AI Lean term0,pair_e21630bd,45102,44367,0.016296394838366368,2.000180314197489,0.000495831529885277,0.00041754972602606427,0.0001577749228029842,0.9995041359569049,0.000338089120292109,3,1.5938662877239471,0.406156251550735,0.005,100075.44691894502,123024.53347330957,100079.6048936839,410.3158952174708,41.299716240935794,False,cmp,99665.13102372755,2.2463797647739883,118892.61730072631,118894.61730072631,1.9675845860493992,0.0,True,0.39839924564784474,0.005,107587.11618372789,130536.20273809244,107591.27415846678,7921.985160000345,hurdle_cmp,110972.63214072597,110972.63214072597,99665.13102372755
Matched human Lean term0,pair_e23940b8,2911,2714,0.06767433871521814,1.996683861459101,0.005515900793342634,0.004662597962930037,0.004421518054532056,0.994473102431835,0.001105379513633014,3,1.5891713300698196,0.4030910133347451,0.005,6121.0048602377055,7514.314195494545,6123.006186225653,204.87287641168223,30.132681613776096,False,cmp,5916.131983826023,2.1798570316234427,7857.467257807471,7859.467257807471,1.8615596015115081,0.0,True,0.37297566790551684,0.005,7564.422661938904,8957.731997195744,7566.423987926852,1648.2906781128804,hurdle_cmp,6211.17657969459,6211.17657969459,5916.131983826023
Matched AI Lean term0,pair_e23940b8,321,281,0.12461059190031153,2.01779359430605,0.017476982307721534,0.014443778624049483,0.0,0.9822064056939501,0.017793594306049824,3,1.617458846344388,0.4003347479616578,0.005,641.9702994095248,787.98481047275,643.996791945796,54.19966716537601,126.99329041764757,False,cmp,587.7706322441488,2.091710435032558,891.3816215635375,893.3816215635375,1.766355140186916,0.0,True,0.34831154459744623,0.005,885.369819964315,1031.3843310275402,887.3963125005862,297.5991877201662,hurdle_cmp,595.7824338433713,595.7824338433713,587.7706322441488
Matched human Lean term0,pair_e24e2569,22808,22484,0.014205541915117503,2.0000444760718734,0.0008450433874723416,0.0007117321368906313,0.00040028464685998934,0.9991549546344067,0.0004447607187333215,3,1.5936839592324186,0.4059602321925908,0.005,50717.084207681495,62342.27110296281,50719.097004392665,337.163446061546,38.32551751625832,False,cmp,50379.92076161995,2.2407009767665875,60063.44638765231,60065.44638765231,1.971632760434935,0.0,True,0.39913833468753984,0.005,54119.13144023936,65744.31833552067,54121.144236950524,3739.210678619409,hurdle_cmp,56326.2357090329,56326.2357090329,50379.92076161996
Matched AI Lean term0,pair_e24e2569,24846,24516,0.013281815986476696,2.000244738130201,0.0008157338705832435,0.0006868983019196279,0.00028552781856746613,0.9991842062326644,0.0005302659487681514,3,1.5939527586087683,0.4060064517028611,0.005,55304.408137565166,67983.10214647264,55306.41099182113,354.335504301358,38.72500091244764,False,cmp,54950.07263326381,2.241396338442805,65401.50418329588,65403.50418329588,1.973677855590437,0.0,True,0.3996138091184048,0.005,58814.10280654518,71492.79681545265,58816.10566080115,3864.0301732813723,hurdle_cmp,61539.474010014506,61539.474010014506,54950.07263326381
Matched human Lean term0,pair_e289753a,604,533,0.11754966887417219,1.9943714821763603,0.013101528042268445,0.011102471595974859,0.009380863039399626,0.9868667917448405,0.00375234521575985,3,1.5860642002521999,0.3989264188847569,0.005,1204.280706293031,1475.6224392552535,1206.292428361983,86.94000524099101,25.22542094444503,False,cmp,1117.34070105204,2.0963240169831896,1662.58071228041,1664.58071228041,1.759933774834437,0.0,True,0.3490360627800899,0.005,1643.5939566976303,1914.9356896598529,1645.6056787665823,526.2532556455903,hurdle_cmp,1138.3274566348196,1138.3274566348196,1117.34070105204
Matched AI Lean term0,pair_e289753a,354,287,0.18926553672316385,2.0,0.0,0.0,0.0,1.0,0.0,2,1.5936242600400345,0.40637573995996135,0.005,649.2501081822966,797.7329632828172,651.2520875657079,4.0,438.82640907789,False,cmp,645.2501081822966,2.2482582166630545,993.0007909441194,995.0007909441194,1.6214689265536724,0.0,True,0.3287582554707068,0.005,994.7407198365969,1143.2235749371175,996.7426992200083,349.4906116543003,hurdle_cmp,645.5101792898191,645.5101792898191,645.2501081822966
Matched human Lean term0,pair_e38bc8a1,4426,4219,0.04676909173068233,2.0054515287982935,0.007317993561896006,0.006127856902533171,0.0009480919649205973,0.9926522872718654,0.006399620763214032,3,1.600937093737115,0.4035663430962536,0.005,9549.040097025827,11731.374067197892,9551.042441856536,394.24209680967033,29.590338925193716,False,cmp,9154.798000216157,2.1698976061190227,11861.588362387269,11863.588362387269,1.911658382286489,0.0,True,0.3827722218784483,0.005,11223.092885557322,13405.426855729387,11225.095230388031,2068.2948853411654,hurdle_cmp,9795.293477046103,9795.293477046103,9154.798000216157
Matched AI Lean term0,pair_e38bc8a1,6120,5898,0.03627450980392157,2.003221430993557,0.005245641371841712,0.004403046213209151,0.001017293997965412,0.9947439810105121,0.00423872499152255,3,1.5979467041137345,0.40425743288185334,0.005,13332.180949542671,16381.037322238313,13334.350390720336,421.6987583558657,30.442978988421658,False,cmp,12910.482191186806,2.188959340655613,16310.97834262294,16312.97834262294,1.9305555555555556,0.0,True,0.38787370930404774,0.005,15242.616987919257,18291.4733606149,15244.786429096921,2332.1347967324505,hurdle_cmp,13980.84354589049,13980.84354589049,12910.482191186806
Matched human Lean term0,pair_e39b5195,11955,11765,0.01589293182768716,2.000764980875478,0.0009343914298445132,0.0007863749586438844,8.499787505312367e-05,0.9990650233744156,0.0008499787505312367,3,1.5946509893493797,0.4060289936510411,0.005,26546.935940823605,32633.979525303264,26548.93885774304,186.14146496611647,40.54918586397999,False,cmp,26360.79447585749,2.2406115151600074,31514.569507107768,31516.569507107768,1.9689669594312003,0.0,True,0.39849416354296646,0.005,28499.814865301283,34586.85844978094,28501.817782220718,2139.020389443795,hurdle_cmp,29377.549117663973,29377.549117663973,26360.79447585749
Matched AI Lean term0,pair_e39b5195,325,288,0.11384615384615385,2.0277777777777777,0.027006172839506168,0.022085981558417577,0.0,0.9722222222222222,0.027777777777777776,3,1.630789810453552,0.39698796732422126,0.005,661.4416231890195,811.4863144252206,663.4453324352648,77.11199411663983,121.56804588532552,False,cmp,584.3296290723797,2.028922323167985,902.2940376389824,904.2940376389824,1.7969230769230768,0.0,True,0.34990686053175923,0.005,893.8548296093714,1043.8995208455726,895.8585388556168,309.52520053699175,hurdle_cmp,594.7688371019907,594.7688371019907,584.3296290723797
Matched human Lean term0,pair_e45dd21b,13479,13169,0.02299873877884116,1.9985572177082542,0.003718777973760864,0.003137138593830134,0.0025818209431240032,0.9962791404054978,0.0011390386513782367,3,1.591687309450469,0.4042880873146571,0.005,29704.592160674274,36487.8675739866,29706.593715408755,710.3742781697074,31.394486531183226,False,cmp,28994.217882504567,2.201702322310317,35658.78583577102,35660.78583577102,1.9525929223236145,0.0,True,0.3934684185105339,0.005,32658.24311514167,39441.518528454,32660.244669876152,3664.0252326371037,hurdle_cmp,31996.760603133916,31996.760603133916,28994.217882504567
Matched AI Lean term0,pair_e45dd21b,14445,14126,0.022083766008999653,1.9998584171032139,0.0005663115414276105,0.00047706766236875345,0.0003539572419651706,0.9994336684128557,0.00021237434517910235,3,1.593434212482038,0.4060702473792066,0.005,31860.85859970553,39164.81556004399,31862.876555976436,150.20177324838005,40.45326463881022,False,cmp,31710.65682645715,2.2448433262393563,38187.35485951078,38189.35485951078,1.9556940117687782,0.0,True,0.39570108095558015,0.005,34926.39962149905,42230.356581837514,34928.41757776996,3215.7427950418987,hurdle_cmp,34973.61206446888,34973.61206446888,31710.656826457147
Matched human Lean term0,pair_e4b3d3b7,5626,5441,0.03288304301457519,1.9998162102554677,0.0005513354549265703,0.0004644727354047453,0.0003675794890645102,0.9994486307664032,0.0001837897445322551,3,1.5933775567611608,0.40607107400523845,0.005,12273.045835874398,15086.268851442212,12275.16531739051,58.83606574917212,40.7167671524817,False,cmp,12214.209770125226,2.2448464933146894,14951.614025340292,14953.614025340292,1.9340561677923924,0.0,True,0.3909105180259074,0.005,13902.369995323952,16715.593010891767,13904.489476840065,1688.1602251987263,hurdle_cmp,13265.453800141566,13265.453800141566,12214.209770125226
Matched AI Lean term0,pair_e4b3d3b7,3644,3422,0.06092206366630077,1.9991233196960843,0.002629272343392242,0.002216685211340352,0.0017533606078316774,0.9973699590882524,0.0008766803039158387,3,1.5924473855104784,0.4049225735777702,0.005,7720.454063930954,9485.638408823996,7722.994209418615,140.3671700679697,32.999924444606165,False,cmp,7580.086893862985,2.215104293940089,9808.538963022671,9810.538963022671,1.8773326015367728,0.0,True,0.37765657128712365,0.005,9395.029015181564,11160.213360074606,9397.569160669223,1814.9421213185788,hurdle_cmp,7995.596841704092,7995.596841704092,7580.086893862986
Matched human Lean term0,pair_e5328112,3065,2849,0.07047308319738989,1.9992979992979993,0.0007015078970150925,0.0005913155159524926,0.000702000702000702,0.9992979992979993,0.0,2,1.5926818984671063,0.4059141001288882,0.005,6426.231589546558,7898.331978691691,6428.232902256941,37.04490028577857,377.29810507832127,False,cmp,6389.1866892607795,2.242606770537304,8280.968485121,8282.968485121,1.8584013050570962,0.0,True,0.3745611860443306,0.005,7990.529217967929,9462.629607113062,7992.530530678312,1601.342528707149,hurdle_cmp,6681.625956413851,6681.625956413851,6389.1866892607795
Matched AI Lean term0,pair_e5328112,3416,3191,0.06586651053864169,1.9996866186148543,0.0009400459475446112,0.0007920525443336401,0.0006267627702914447,0.9990598558445628,0.00031338138514572234,3,1.593203597889108,0.40585625795545116,0.005,7198.785296701413,8847.944161590773,7200.7889433980345,55.63312772975769,38.08255200198683,False,cmp,7143.152168971656,2.2385309210190085,9212.696188362597,9214.696188362597,1.8679742388758782,0.0,True,0.37646704101829515,0.005,8859.685111936276,10508.843976825636,8861.688758632898,1716.5329429646206,hurdle_cmp,7498.163245397976,7498.163245397976,7143.152168971656
Matched human Lean term0,pair_e5e14291,416,340,0.18269230769230768,1.9941176470588236,0.005847750865051904,0.0049568522618882215,0.0058823529411764705,0.9941176470588236,0.0,2,1.585723020563489,0.4025122735541543,0.005,767.8586560443534,941.9016771257149,769.8587006664691,28.531405906163855,399.3898355902651,False,cmp,739.3272501381896,2.174491912171146,1164.2129845256197,1166.2129845256197,1.6298076923076923,0.0,True,0.3278561986218852,0.005,1165.4343048832613,1339.4773259646227,1167.434349505377,426.10705474507176,hurdle_cmp,740.105929780548,740.105929780548,739.3272501381896
Matched AI Lean term0,pair_e5e14291,238,187,0.21428571428571427,1.9946524064171123,0.005318996825759959,0.004506043221849483,0.0053475935828877,0.9946524064171123,0.0,2,1.5864417666487927,0.4028630461854279,0.005,423.26863684677954,519.08511572936,425.27883508716116,16.45686008228222,398.4849494049183,False,cmp,406.8117767644973,2.1754640468689694,670.6671726729334,672.5886402729049,1.5864417666487927,0.012111932688889623,False,0.3165352505742648,0.005,672.5886402729049,768.4051191554854,674.5988385132865,265.7768635084076,hurdle_cmp,406.81177676449727,406.81177676449727,406.81177676449727
Matched human Lean term0,pair_e653c233,29939,29457,0.0160994021176392,1.9967749601113487,0.003486221312780601,0.002946617325372862,0.003360831041857623,0.996503377804936,0.0001357911532063686,3,1.5892937041802457,0.40412042488924116,0.005,66394.0470070295,81542.2945898295,66396.10071009757,1408.5968337110244,35.99075868488554,False,cmp,64985.45017331847,2.2061123051674807,78906.32988927272,78908.32988927272,1.9646280770900832,0.0,True,0.39625851730001793,0.005,71332.57522348102,86480.82280628102,71334.62892654909,6347.125050162554,hurdle_cmp,72561.20483911017,72561.20483911017,64985.450173318466
Matched AI Lean term0,pair_e653c233,9651,9251,0.041446482229820746,1.9993514214679493,0.003458664850157572,0.0029152123508234123,0.002053832018160199,0.9965409144957302,0.0014052534861096098,3,1.592753617522278,0.4045439719275069,0.005,20872.916839436864,25642.89855690668,20875.1430075408,473.7909849329153,31.44203104177019,False,cmp,20399.12585450395,2.205072516971565,25757.798049104902,25759.798049104902,1.9164853383069111,0.0,True,0.38566729810272815,0.005,24204.78615225508,28974.767869724896,24207.012320359016,3805.660297751133,hurdle_cmp,21954.13775135377,21954.13775135377,20399.12585450395
Matched human Lean term0,pair_e662ae99,162,116,0.2839506172839506,2.0,0.0,0.0,0.0,1.0,0.0,2,1.5936242600400345,0.40637573995996135,0.005,263.6063155022524,323.62029177981464,265.63545091694346,3.999999999970896,438.81142111310595,False,cmp,259.6063155022815,2.237985478467944,460.16870498456575,458.9195953038715,1.5936242600400345,0.10135732660337443,False,0.29098509774910813,0.005,458.9195953038715,518.9335715814337,460.94873071856256,199.31327980159,hurdle_cmp,259.6063155022815,259.6063155022815,259.6063155022815
Matched AI Lean term0,pair_e662ae99,1365,1185,0.13186813186813187,1.9991561181434598,0.0025309334330324553,0.002133702295879819,0.0016877637130801688,0.9974683544303797,0.0008438818565400844,3,1.5924914192083373,0.40497693522203854,0.005,2674.7997729811427,3286.1309193739708,2676.800231864164,49.68479836592451,33.18848321826274,False,cmp,2625.114974615218,2.2152868984094667,3770.060107176948,3772.060107176948,1.7355311355311356,0.0,True,0.34895867640059763,0.005,3741.2884215016225,4352.6195678944505,3743.2888803846436,1116.1734468864042,hurdle_cmp,2655.8866602905437,2655.8866602905437,2625.114974615218
Matched human Lean term0,pair_e6f73d93,10173,9813,0.03538779121203185,1.9995923774584734,0.0038722479883658316,0.0032629630407994973,0.0021400183430143687,0.9961275858554978,0.0017323958014878224,3,1.593077088839434,0.404375270276021,0.005,22144.50850472017,27203.867138483212,22146.511461797214,554.2046822352568,30.822484521547455,False,cmp,21590.30382248491,2.2001736291129026,27078.005005567942,27080.005005567942,1.9288312198958026,0.0,True,0.38815965213165693,0.005,25259.415555137017,30318.77418890006,25261.418512214063,3669.1117326521044,hurdle_cmp,23410.893272915837,23410.893272915837,21590.30382248491
Matched AI Lean term0,pair_e6f73d93,10848,10529,0.029406342182890854,2.0007598062494063,0.003228599254440569,0.0027171736139265288,0.0012346851552854023,0.9967708234400228,0.0019944914046918037,3,1.594644044773766,0.404881076320351,0.005,23767.94218329252,29205.67397328072,23769.943395471415,507.13989990437403,31.834644024587707,False,cmp,23260.802283388148,2.2092128676406255,28796.262826727245,28798.262826727245,1.9419247787610618,0.0,True,0.3913485420939542,0.005,26648.40388482927,32086.135674817466,26650.405097008163,3387.601601441121,hurdle_cmp,25410.661225286123,25410.661225286123,23260.802283388148
Matched human Lean term0,pair_e7575bee,309,285,0.07766990291262135,2.0035087719298246,0.02454909202831641,0.02059947717212584,0.010526315789473684,0.9754385964912281,0.014035087719298246,3,1.598332093600343,0.394650362540004,0.005,648.4346963637337,793.5723288850772,650.4439965363151,79.27969326522725,21.630571300519716,False,cmp,569.1550030985064,1.9970350985912506,842.4811689352157,844.4811689352157,1.8478964401294498,0.0,True,0.36135948079960134,0.005,819.1741888767082,964.3118213980517,821.1834890492896,250.01918577820177,hurdle_cmp,594.461983157014,594.461983157014,569.1550030985064
Matched AI Lean term0,pair_e7575bee,356,331,0.0702247191011236,2.0483383685800605,0.058086362848093764,0.04650277431645825,0.006042296072507553,0.9395770392749244,0.054380664652567974,3,1.6581470741575135,0.3841489983500346,0.005,769.7047837466822,941.5299606644405,771.7423772773196,168.03287794028984,19.479031838671464,False,cmp,601.6719058063924,1.8177398966960494,980.0832357886728,982.0832357886728,1.904494382022472,0.0,True,0.35663044370761987,0.005,952.7093083703022,1124.5344852880605,954.7469019009396,351.03740256390984,hurdle_cmp,631.045833224763,631.045833224763,601.6719058063924
Matched human Lean term0,pair_e83bd10d,7985,7639,0.04333124608641202,2.0,0.0028799581097002226,0.0024257415873687347,0.0014399790548501113,0.9971200418902998,0.0014399790548501113,3,1.5936242600400345,0.40493576090511124,0.005,17238.5981989448,21181.80524918969,17240.617034114854,335.8341582471039,32.260424496737045,False,cmp,16902.764040697697,2.212693289788938,21330.58965188804,21332.58965188804,1.913337507827176,0.0,True,0.3852618873767552,0.005,20089.490070626292,24032.697120871184,20091.50890579635,3186.726029928597,hurdle_cmp,18145.86362195944,18145.86362195944,16902.764040697693
Matched AI Lean term0,pair_e83bd10d,10602,10256,0.032635351820411246,2.0003900156006242,0.0019499258909513942,0.0016417013278293728,0.00078003120124805,0.9980499219968799,0.001170046801872075,3,1.594147747680819,0.4054622367185532,0.005,23143.153592930266,28443.21433285655,23145.165305871495,320.4768774325494,34.28898064461126,False,cmp,22822.676715497717,2.2252999917606977,28179.32742524419,28181.32742524419,1.9351065836634598,0.0,True,0.39046551736220625,0.005,26194.009422229665,31494.07016215595,26196.021135170893,3371.3327067319483,hurdle_cmp,24809.994718512244,24809.994718512244,22822.676715497717
Matched human Lean term0,pair_e8903db6,15079,14799,0.018568870614762253,2.000270288533009,0.0008107925431358854,0.0006827186238277268,0.0002702885330089871,0.999189134400973,0.0005405770660179742,3,1.593987052427242,0.40601294757275386,0.005,33385.40589023205,41039.08513736698,33388.901986579986,214.08440491114743,38.81280198897972,False,cmp,33171.3214853209,2.24145695555922,39798.40306337531,39800.40306337531,1.9631275283506864,0.0,True,0.3972439912406304,0.005,36174.48460768203,43828.163854816965,36177.98070402997,3003.1631223611353,hurdle_cmp,36797.23994101417,36797.23994101417,33171.3214853209
Matched AI Lean term0,pair_e8903db6,10078,9877,0.019944433419329232,2.0010124531740408,0.0016189000170354962,0.0013620882740071091,0.0003037359522122102,0.9983800749215349,0.0013161891262529108,3,1.5949830982273925,0.40572561899443177,0.005,22291.951969442038,27400.71669346879,22294.081929111802,257.02856239513494,36.326464608888806,False,cmp,22034.923407046903,2.2309328143208367,26624.439043981525,26626.439043981525,1.9611033935304625,0.0,True,0.3963942690637088,0.005,24265.667908915537,29374.432632942287,24267.7978685853,2230.7445018686326,hurdle_cmp,24395.69454211289,24395.69454211289,22034.923407046903
Matched human Lean term0,pair_e8d98c67,130,97,0.25384615384615383,2.0,0.0,0.0,0.0,1.0,0.0,2,1.5936242600400345,0.40637573995996135,0.005,220.7570052044696,270.94110605725876,222.75922445538197,3.999999999970896,438.80677540263883,False,cmp,216.7570052044987,2.2346083010773063,369.144954088824,370.05253343647706,1.5936242600400345,0.0635761956396171,False,0.30321882135474043,0.005,370.05253343647706,420.23663428926625,372.0547526873894,153.29552823197835,hurdle_cmp,216.7570052044987,216.7570052044987,216.7570052044987
Matched AI Lean term0,pair_e8d98c67,379,330,0.12928759894459102,1.996969696969697,0.003021120293847566,0.0025529684992311643,0.0030303030303030303,0.996969696969697,0.0,2,1.5895552881768804,0.4043841057625094,0.005,745.7680352131933,915.5664665267426,747.7690757623626,17.59515194033156,375.37836523666385,False,cmp,728.1728832728618,2.206584494766248,1046.9899446327775,1048.9899446327775,1.7387862796833773,0.0,True,0.3493705488294996,0.005,1039.620937506884,1209.4193688204332,1041.6219780560532,311.4480542340222,hurdle_cmp,737.5418903987552,737.5418903987552,728.1728832728618
Matched human Lean term0,pair_e970e4c4,5462,5129,0.06096667887220798,1.9992201208812634,0.0007792709072967547,0.0006569186842189205,0.0007798791187365958,0.9992201208812634,0.0,2,1.5925773453865166,0.4058628963760062,0.005,11567.238834494929,14217.060818556634,11569.239471684308,69.24785268539563,374.4122119532579,False,cmp,11497.990981809533,2.2417607685337364,14697.736346582049,14699.736346582049,1.8773343097766386,0.0,True,0.37852567521023595,0.005,14077.598216944432,16727.420201006138,14079.598854133812,2579.6072351349003,hurdle_cmp,12120.12911144715,12120.12911144715,11497.990981809533
Matched AI Lean term0,pair_e970e4c4,5968,5656,0.05227882037533512,2.0,0.0021216407355021216,0.0017870232723971099,0.0010608203677510608,0.9978783592644979,0.0010608203677510608,3,1.5936242600400345,0.4053149195922103,0.005,12762.428688889873,15683.761812988203,12764.506858077266,192.3436287876102,33.771678276382126,False,cmp,12570.085060102263,2.2224337093532998,16004.778868569021,16006.778868569021,1.8954423592493297,0.0,True,0.3817614033493479,0.005,15213.352093115032,18134.685217213362,15215.430262302425,2643.2670330127694,hurdle_cmp,13363.511835556252,13363.511835556252,12570.085060102263
Matched human Lean term0,pair_eabc1c29,7549,7285,0.034971519406543916,1.9991763898421413,0.0035682990170285305,0.0030081871768091414,0.002196293754289636,0.9964310226492793,0.0013726835964310226,3,1.5925186348960318,0.4044614611918158,0.005,16436.70716137135,20191.988603501624,16438.713588490507,383.5983397490927,31.33393722439819,False,cmp,16053.108821622256,2.2035839151163015,20087.84118209064,20089.84118209064,1.9292621539276726,0.0,True,0.38839995013431605,0.005,18727.865969123173,22483.14741125345,18729.872396242332,2674.7571475009167,hurdle_cmp,17415.084034589723,17415.084034589723,16053.108821622256
Matched AI Lean term0,pair_eabc1c29,7770,7507,0.03384813384813385,1.9973358199014253,0.00425559030212182,0.003594724060893178,0.003463434128147063,0.9957373118422805,0.0007992540295723991,3,1.5900470573840344,0.4038253283892397,0.005,16927.72322578526,20788.07097328613,16929.727592218944,448.05110390193295,31.540984320395832,False,cmp,16479.672121883326,2.1952407249078627,20660.541321442906,20662.541321442906,1.9297297297297298,0.0,True,0.38816560173147696,0.005,19227.68735433941,23088.03510184028,19229.691720773095,2748.0152324560827,hurdle_cmp,17914.526088986822,17914.526088986822,16479.672121883326
Matched human Lean term0,pair_eb63c4a0,3595,3389,0.057301808066759385,2.0002950722927118,0.002065418981324075,0.0017391161320168967,0.0008852168781351431,0.997934493951018,0.0011802891708468574,3,1.5940203170591871,0.4053895383553853,0.005,7648.661566065201,9399.689326517357,7651.090969926788,114.09956581686856,33.95491780935853,False,cmp,7534.562000248333,2.223240483991836,9663.137341615746,9665.137341615746,1.8856745479833101,0.0,True,0.379697512474123,0.005,9228.707553786808,10979.735314238962,9231.136957648394,1694.1455535384746,hurdle_cmp,7970.991788077271,7970.991788077271,7534.562000248333
Matched AI Lean term0,pair_eb63c4a0,2607,2409,0.0759493670886076,1.9995848899958488,0.0012451576961377536,0.001049244862363545,0.0008302200083022001,0.9987546699875467,0.00041511000415110004,3,1.5930670375719127,0.4056876324156301,0.005,5435.19780821223,6679.779729916421,5437.19862191045,53.94547577688354,36.69437917317716,False,cmp,5381.252332435346,2.2338116780553534,7060.201961352722,7062.201961352722,1.8477176831607212,0.0,True,0.37207363993775194,0.005,6838.528573708021,8083.110495412213,6840.529387406242,1457.2762412726754,hurdle_cmp,5604.925720080047,5604.925720080047,5381.252332435346
Matched human Lean term0,pair_ebc61bc9,9473,9121,0.037158239206164886,1.999890362898805,0.006030028545433483,0.00507959393663861,0.0030698388334612432,0.9939699594342726,0.002960201732266199,3,1.5934770940628518,0.40334343000248796,0.005,20593.36492058332,25289.39538636637,20595.7460368654,752.1058986278949,28.600574948765896,False,cmp,19841.259021955426,2.1753381232272146,25244.938890530477,25246.938890530477,1.9255779584081072,0.0,True,0.38641030612605737,0.005,23604.089239621688,28300.119705404737,23606.470355903766,3762.830217666261,hurdle_cmp,21484.108672864215,21484.108672864215,19841.259021955426
Matched AI Lean term0,pair_ebc61bc9,1161,1029,0.11369509043927649,1.9970845481049562,0.002906952035291416,0.0024561870572589154,0.0029154518950437317,0.9970845481049563,0.0,2,1.5897095585427277,0.40445953766718074,0.005,2321.2582439253133,2850.830532537776,2323.4581143846635,45.01762781513389,376.83283823060964,False,cmp,2276.2406161101794,2.212090005937978,3187.5520776036647,3189.5520776036647,1.7700258397932818,0.0,True,0.35553551889920865,0.005,3145.6450575185413,3675.217346131004,3147.8449279778915,869.4044414083619,hurdle_cmp,2320.1476361953028,2320.1476361953028,2276.2406161101794
Matched human Lean term0,pair_ec20e9b4,1191,1068,0.10327455919395466,1.999063670411985,0.0028081120509475506,0.002367613457269798,0.0018726591760299626,0.9971910112359551,0.0009363295880149813,3,1.592367302237201,0.40482370899875036,0.005,2410.9381527041196,2961.7379926068743,2412.9788804766595,49.06023468260537,32.67438697577332,False,cmp,2361.8779180215142,2.211496177922766,3259.7017820984356,3261.7017820984356,1.7926112510495382,0.0,True,0.3600851077357139,0.005,3204.2836037918105,3755.083443694565,3206.3243315643504,842.4056857702963,hurdle_cmp,2419.2960963281394,2419.2960963281394,2361.8779180215142
Matched AI Lean term0,pair_ec20e9b4,7348,7143,0.0278987479586282,2.001539969200616,0.002097586495701137,0.0017638383607396933,0.0002799944001119978,0.99790004199916,0.0018199636007279855,3,1.5956909627687306,0.40556901203176904,0.005,16126.610277485623,19821.84201761626,16129.295468745602,230.72385222720914,35.72560844307207,False,cmp,15895.886425258414,2.225379591944339,19491.309131556045,19493.309131556045,1.9456995100707675,0.0,True,0.3927319340740989,0.005,18000.29821455434,21695.52995468498,18002.983405814317,2104.411789295924,hurdle_cmp,17388.89734226012,17388.89734226012,15895.886425258415
Matched human Lean term0,pair_ec7f806f,8694,8378,0.036346905912123306,2.0003580806875148,0.0029838775075122287,0.002512302671252113,0.0013129625208880401,0.997015994270709,0.0016710432084029601,3,1.594104885725751,0.4049402324408719,0.005,18909.005550887618,23234.90666098336,18911.039533522937,378.9462539429078,32.120603108389886,False,cmp,18530.05929694471,2.211752124247399,23151.945745255223,23153.945745255223,1.9276512537382102,0.0,True,0.38833041600159085,0.005,21626.234584659174,25952.135694754917,21628.268567294494,3096.1752877144654,hurdle_cmp,20057.77045754076,20057.77045754076,18530.05929694471
Matched AI Lean term0,pair_ec7f806f,4284,4031,0.059056956115779644,2.000248077400149,0.001240325458347768,0.0010444268894153465,0.0004961548002976929,0.9987596129992558,0.0007442322004465393,3,1.593957240597417,0.4057946820024299,0.005,9095.706318117804,11179.691309686361,9097.714504689493,87.64723080117255,36.524179229143954,False,cmp,9008.059087316631,2.2346958787687004,11521.912748373135,11523.912748373135,1.8821195144724556,0.0,True,0.3793279728566476,0.005,11020.063760242621,13104.04875181118,11022.07194681431,2012.0046729259911,hurdle_cmp,9511.908075447143,9511.908075447143,9008.05908731663
Matched human Lean term0,pair_ec8eb018,7156,6843,0.04373951928451649,1.9994154610550927,0.004968239345933125,0.004187301795755527,0.002776559988309221,0.9950314189682887,0.0021920210434020165,3,1.5928395892349103,0.4037993118318691,0.005,15444.862280419478,18969.27827942265,15446.873572431034,479.20735653163865,29.59447184305102,False,cmp,14965.65492388784,2.1870020347636765,19123.60355602116,19125.60355602116,1.9119619899385132,0.0,True,0.3839646339388855,0.005,18018.036759770122,21542.452758773295,18020.048051781676,3052.381835882282,hurdle_cmp,16073.221720138878,16073.221720138878,14965.65492388784
Matched AI Lean term0,pair_ec8eb018,20356,19995,0.017734328944782864,2.000650162540635,0.0026502399543371713,0.002230692315995186,0.001000250062515629,0.9973493373343336,0.0016504126031507878,3,1.5944968961195727,0.40515301635854273,0.005,45127.920146075616,55457.92910319577,45129.92311201611,809.0037865140475,32.82379058542456,False,cmp,44318.91635956157,2.2164999429638192,53721.38539596721,53723.38539596721,1.9651699744547062,0.0,True,0.39679855348742643,0.005,48756.76655573288,59086.77551285303,48758.76952167338,4437.850196171309,hurdle_cmp,49285.5351997959,49285.5351997959,44318.91635956157
Matched human Lean term0,pair_edc1fe33,5499,5194,0.05546462993271504,2.0,0.0026954177897574125,0.0022703062957497877,0.0013477088948787063,0.9973045822102425,0.0013477088948787063,3,1.5936242600400345,0.4050280310650826,0.005,11721.324810812637,14402.825823313424,11723.363463843978,217.02401061565615,32.587986279818125,False,cmp,11504.300800196981,2.214921216826527,14768.786709524473,14770.786709524473,1.8890707401345699,0.0,True,0.3801253245254207,0.005,14080.212319185719,16761.713331686507,14082.25097221706,2575.9115189887384,hurdle_cmp,12194.875190535735,12194.875190535735,11504.300800196981
Matched AI Lean term0,pair_edc1fe33,3691,3467,0.06068816039013818,2.0014421690222095,0.003170691997372065,0.002666481770572056,0.0008653014133256418,0.9968272281511393,0.0023074704355350445,3,1.595559733016972,0.40501713459190763,0.005,7829.624250704405,9621.492968985995,7831.62684415647,165.42531630958547,32.35216947446017,False,cmp,7664.19893439482,2.210614056646905,9939.07174360437,9941.07174360437,1.8799783256570035,0.0,True,0.3779647740646054,0.005,9521.045419860844,11312.914138142434,9523.04801331291,1856.8464854660247,hurdle_cmp,8084.225258138345,8084.225258138345,7664.198934394819
Matched human Lean term0,pair_ee1554cd,21422,21124,0.013910932686023714,1.9975383450104147,0.003118348510724369,0.0026335129280212507,0.0027930316227987124,0.9968755917439879,0.00033137663321340655,3,1.5903190670091423,0.4044262463784699,0.005,47623.35856209871,58498.01277989519,47625.37455388649,941.8792087708134,34.24853645129541,False,cmp,46681.47935332789,2.2098787802181357,56401.74387355035,56403.74387355035,1.9697507235552236,0.0,True,0.39759024024696915,0.005,50765.141560331926,61639.795778128406,50767.15755211971,4083.662207004031,hurdle_cmp,52320.08166654632,52320.08166654632,46681.47935332789
Matched AI Lean term0,pair_ee1554cd,7283,6947,0.046134834546203485,1.998848423780049,0.003453402532062817,0.002912355049020561,0.002303152439902116,0.9965452713401468,0.001151576219951058,3,1.5920783094896678,0.40446696185047515,0.005,15671.906478284058,19252.078889551885,15673.91751026838,354.53421829472063,31.650507807292783,False,cmp,15317.372259989337,2.2048902058427142,19477.649493137884,19479.649493137884,1.9066318824660167,0.0,True,0.3835355744119901,0.005,18397.35878798005,21977.53119924788,18399.369819964373,3079.986527990712,hurdle_cmp,16399.66296514717,16399.66296514717,15317.372259989339
Matched human Lean term0,pair_ee294964,5899,5671,0.0386506187489405,1.9998236642567448,0.000528976135471124,0.00044563254250240363,0.00035267148651031563,0.9994709927702345,0.00017633574325515782,3,1.5933875625672815,0.40608343020294924,0.005,12791.748019442532,15723.964261285033,12793.756952322326,59.08454847376561,40.92105492108745,False,cmp,12732.663470968766,2.245223676771075,15719.200442318423,15721.200442318423,1.9225292422444482,0.0,True,0.3883911569186057,0.005,14724.275675652483,17656.491917494983,14726.284608532278,1991.612204683717,hurdle_cmp,13729.588237634705,13729.588237634705,12732.663470968766
Matched AI Lean term0,pair_ee294964,7617,7357,0.03413417355914402,1.9998640750305832,0.0004077564326533346,0.0003434968366629297,0.0002718499388337638,0.9995922250917494,0.0001359249694168819,3,1.593441807272293,0.40615041781945244,0.005,16594.060535697452,20398.54886718985,16596.06164065648,60.646632909425534,42.205399520532026,False,cmp,16533.413902788026,2.2473037790931123,20253.818539556007,20255.818539556007,1.9316003675987923,0.0,True,0.39043932968816997,0.005,18863.36015654509,22667.84848803749,18865.36126150412,2329.9462537570666,hurdle_cmp,17925.87228579894,17925.87228579894,16533.413902788026
Matched human Lean term0,pair_ee52321c,2027,1801,0.11149481993093241,1.997223764575236,0.00610001045134713,0.005153340840507876,0.004441976679622432,0.9938922820655192,0.001665741254858412,3,1.5898965513386245,0.40288523655698505,0.005,4063.8132944587755,4988.4938667097,4065.8175049826887,150.9840834182687,29.10704972018597,False,cmp,3912.829211040507,2.1725870133484215,5562.146982849342,5564.146982849342,1.7745436605821412,0.0,True,0.3550123288285615,0.005,5483.210279180317,6407.890851431242,5485.21448970423,1570.38106813981,hurdle_cmp,3993.765914709532,3993.765914709532,3912.8292110405073
Matched AI Lean term0,pair_ee52321c,16382,15749,0.03863997069954828,1.9910470506063878,0.011031661320433083,0.009382202631935113,0.010032383008444981,0.9888881833767224,0.0010794336148326879,3,1.5815942154610416,0.3994204521368972,0.005,35468.234443761685,43471.398258388086,35470.24533089124,2038.5251689853612,28.142766473199323,False,cmp,33429.70927477632,2.1226559956045667,43649.73048551698,43651.73048551698,1.9141130509095348,0.0,True,0.3814670535027628,0.005,40830.34460140345,48833.50841602985,40832.355488533,7400.635326627125,hurdle_cmp,36251.09515888985,36251.09515888985,33429.70927477632
Matched human Lean term0,pair_eeb3bb08,4347,4068,0.06418219461697723,2.0004916420845626,0.002457968710872881,0.0020692115732412093,0.0009832841691248771,0.9975417895771878,0.0014749262536873156,3,1.5942841451602272,0.4052242127552068,0.005,9182.03615607791,11283.663019272406,9184.048545725458,157.60206563479733,33.144246188923304,False,cmp,9024.434090443112,2.2183957941108927,11719.079524559656,11721.079524559656,1.8720956981826546,0.0,True,0.3766288306550686,0.005,11256.017867715633,13357.644730910128,11258.030257363182,2231.58377727252,hurdle_cmp,9489.495747287136,9489.495747287136,9024.434090443112
Matched AI Lean term0,pair_eeb3bb08,10238,9969,0.026274663020121117,2.002206841207744,0.0026032149155812653,0.0021874479509429025,0.00020062192797672785,0.9973919149363025,0.0024074631357207344,3,1.5965857016289295,0.40542051765083337,0.005,22513.772008803517,27672.41119945111,22515.774654770586,379.3892109921435,35.855253327666524,False,cmp,22134.382797811373,2.2203212757359188,27140.379891848796,27142.379891848796,1.9495995311584293,0.0,True,0.39334961219242065,0.005,25004.50419690997,30163.143387557564,25006.50684287704,2870.121399098597,hurdle_cmp,24272.2584927502,24272.2584927502,22134.382797811373
Matched human Lean term0,pair_eed4f922,1429,1252,0.12386284114765571,2.003993610223642,0.005575105390480663,0.004675714974005301,0.0007987220447284345,0.994408945686901,0.004792332268370607,3,1.5989823132779577,0.4042125749009522,0.005,2832.6641760203483,3480.202587914075,2834.6646486022587,96.31464992718247,30.735155461011452,False,cmp,2736.349526093166,2.1855826885728162,3942.7583824103676,3944.7583824103676,1.755773268019594,0.0,True,0.3515622104459163,0.005,3905.132149856024,4552.670561749751,3907.1326224379345,1168.7826237628583,hurdle_cmp,2775.9757586475093,2775.9757586475093,2736.349526093166
Matched AI Lean term0,pair_eed4f922,1766,1600,0.09399773499433749,2.004375,0.005605859374999999,0.004699585892480366,0.000625,0.994375,0.005,3,1.5994937457738478,0.40425625422614797,0.005,3620.004568535884,4447.830737022337,3622.011776899613,121.47788556203886,31.235223344068277,False,cmp,3498.5266829738453,2.186579176858653,4823.549378002788,4825.549378002788,1.8159682899207248,0.0,True,0.363538609063512,0.005,4722.896566743233,5550.722735229687,4724.903775106962,1224.3698837693878,hurdle_cmp,3601.1794942334004,3601.1794942334004,3498.5266829738453
Matched human Lean term0,pair_f0d3d3dd,1524,1344,0.11811023622047244,2.0007440476190474,0.0022315892502834463,0.0018781266254635238,0.000744047619047619,0.9977678571428571,0.001488095238095238,3,1.5946228959473963,0.40537710405259936,0.005,3035.10040345307,3729.745165165918,3037.1010086503134,50.44114334460755,33.8109422269237,False,cmp,2984.6592601084626,2.22072861615213,4192.393088258901,4194.393088258901,1.7644356955380578,0.0,True,0.35473558287129514,0.005,4143.959604540847,4838.604366253694,4145.96020973809,1159.300344432384,hurdle_cmp,3035.092743826517,3035.092743826517,2984.659260108463
Matched AI Lean term0,pair_f0d3d3dd,1283,1111,0.13406079501169135,1.9990999099909992,0.004499639882980199,0.003793649153492308,0.0027002700270027003,0.9954995499549955,0.0018001800180018,3,1.5924159565022002,0.40398368346179214,0.005,2508.7238683489268,3080.9593257996257,2510.807330766153,74.74336059586494,30.151166807267817,False,cmp,2433.980507753062,2.1908015371314686,3546.8324091591217,3548.8324091591217,1.7310989867498052,0.0,True,0.3472503912234126,0.005,3521.8147153495643,4094.050172800263,3523.8981777667905,1087.8342075965024,hurdle_cmp,2460.998201562619,2460.998201562619,2433.980507753062
Matched human Lean term0,pair_f1a813ba,3156,2964,0.060836501901140684,2.001012145748988,0.001685885142629229,0.0014184477850165136,0.00033738191632928474,0.9983130904183536,0.001349527665317139,3,1.5949826856735998,0.40569207815905445,0.005,6691.0963888024835,8224.110338351324,6693.096810628724,82.84415602503577,36.00543122060349,False,cmp,6608.252232777448,2.22950480188173,8496.79239715451,8498.79239715451,1.879277566539924,0.0,True,0.37851342499003865,0.005,8140.2045110378085,9673.21846058665,8142.204932864049,1531.9522782603608,hurdle_cmp,6966.840118894149,6966.840118894149,6608.252232777448
Matched AI Lean term0,pair_f1a813ba,1346,1241,0.07800891530460624,1.9943593875906527,0.010443606537578216,0.008850216799294926,0.008058017727639,0.9895245769540693,0.0024174053182917004,3,1.5860479443866915,0.4002534254763182,0.005,2799.956087770128,3433.0587457655365,2801.994882851946,162.4354650694586,26.697945627057255,False,cmp,2637.5206227006693,2.125318793473545,3650.059366519912,3652.059366519912,1.838781575037147,0.0,True,0.3659593064455776,0.005,3539.239198830193,4172.341856825602,3541.277993912011,901.7185761295236,hurdle_cmp,2750.3407903903885,2750.3407903903885,2637.5206227006693
Matched human Lean term0,pair_f2ee8d3a,11691,11344,0.029680951159011204,1.999823695345557,0.001234101497768963,0.0010396608331990427,0.0007052186177715092,0.9987658674188998,0.0005289139633286319,3,1.5933876042990096,0.4057308724287721,0.005,25589.250213517873,31451.47370004564,25591.259854194865,238.63097587728407,36.49929877389435,False,cmp,25350.61923764059,2.2347160823025907,31023.816196441763,31025.816196441763,1.9404670259173724,0.0,True,0.39199418873090186,0.005,28715.818857165126,34578.0423436929,28717.828497842118,3365.1996195245383,hurdle_cmp,27660.616576917226,27660.616576917226,25350.61923764059
Matched AI Lean term0,pair_f2ee8d3a,18218,17901,0.017400373257218136,2.000391039606726,0.0025136731312637803,0.002116334773979173,0.0010613932182559633,0.9974861739567622,0.0014524328249818446,3,1.5941491220617028,0.4051805243267634,0.005,40397.077770357624,49643.81340897108,40399.451576364714,693.9121545115486,32.99340550495379,False,cmp,39703.165615846076,2.2179300383132827,48068.176822971844,48070.176822971844,1.9655834888571742,0.0,True,0.3969582324850988,0.005,43596.03071372225,52842.766352335704,43598.40451972934,3892.865097876172,hurdle_cmp,44177.31172509567,44177.31172509567,39703.165615846076
Matched human Lean term0,pair_f39ff433,9370,9151,0.023372465314834577,1.9995628893017157,0.0017482517273748072,0.0014732171005950464,0.0010927767457108513,0.9982515572068626,0.0006556660474265108,3,1.593037503450978,0.4054326091050227,0.005,20642.627993113027,25368.41334535925,20644.635779639357,260.31098359671887,34.886868266590206,False,cmp,20382.317009516308,2.227332205170616,24790.3779680763,24792.3779680763,1.952828175026681,0.0,True,0.39448471742417934,0.005,22722.683203374596,27448.46855562082,22724.690989900926,2340.3661938582877,hurdle_cmp,22452.011774218012,22452.011774218012,20382.317009516308
Matched AI Lean term0,pair_f39ff433,2683,2456,0.08460678345136041,2.0004071661237783,0.0028499970821971583,0.002399454082270166,0.0012214983713355048,0.9971498371335505,0.0016286644951140066,3,1.5941707663978055,0.4050149013546333,0.005,5544.534813367279,6812.863992640396,5546.552982528716,109.58605248958338,32.362760828225504,False,cmp,5434.948760877695,2.2129270199013416,7293.138306329482,7295.138306329482,1.8311591502049944,0.0,True,0.3679052750253381,0.005,7102.025619934955,8370.354799208071,7104.043789096391,1667.0768590572593,hurdle_cmp,5628.061447272223,5628.061447272223,5434.948760877696
Matched human Lean term0,pair_f46b4569,3953,3681,0.06880849987351378,1.9994566693833198,0.0010863660252014777,0.0009155638778667008,0.0008149959250203749,0.9989133387666395,0.00027166530834012495,3,1.592894909810879,0.4057467636474166,0.005,8303.391532844049,10205.125954364128,8305.39213050693,71.09149592858739,37.78658853635316,False,cmp,8232.300036915462,2.236430327877061,10673.254499942092,10675.254499942092,1.8618770554009614,0.0,True,0.37511303813233854,0.005,10286.207772066267,12187.942193586347,10288.20836972915,2053.9077351508067,hurdle_cmp,8621.346764791284,8621.346764791284,8232.300036915462
Matched AI Lean term0,pair_f46b4569,7149,6895,0.035529444677577286,2.0,0.000580130529369108,0.0004886344514710202,0.000290065264684554,0.9994198694706309,0.000290065264684554,3,1.5936242600400345,0.4060856746952768,0.005,15553.411044811997,19118.99923984329,15555.419771908666,77.1609159228392,40.17509709536026,False,cmp,15476.250128889158,2.2445612949802984,19022.855645888805,19024.855645888805,1.9289411106448455,0.0,True,0.3897717262006634,0.005,17749.67364486515,21315.261839896448,17751.68237196182,2273.4235159759937,hurdle_cmp,16751.432129912813,16751.432129912813,15476.250128889156
Matched human Lean term0,pair_f4b1f0c5,15448,15157,0.018837389953392025,2.0009896417496864,0.0030998980915586654,0.0026082144580868863,0.0010556178663323876,0.9968991225176486,0.0020452596160190012,3,1.5949524860039175,0.40498153787943253,0.005,34216.41391157917,42046.914259762634,34218.86653716301,701.0885428399779,32.159741666247776,False,cmp,33515.32536873919,2.2112110159490133,40796.60543920021,40798.60543920021,1.9632962195753496,0.0,True,0.3961585092765896,0.005,37106.5500091517,44937.050357335174,37109.002634735545,3591.2246404125144,hurdle_cmp,37207.38079878769,37207.38079878769,33515.325368739184
Matched AI Lean term0,pair_f4b1f0c5,9962,9668,0.029512146155390485,2.0004137360364087,0.0033097171137623457,0.002786479376326026,0.0014480761274306992,0.9966901117087298,0.0018618121638394704,3,1.594179584236071,0.4047860756729031,0.005,21821.945701959787,26812.932116757747,21823.94754888144,477.24789704347495,31.610820442623446,False,cmp,21344.69780491631,2.2077676670372686,26444.61526837496,26446.61526837496,1.9413772334872517,0.0,True,0.39118830106102864,0.005,24474.679073376337,29465.665488174298,24476.68092029799,3129.981268460026,hurdle_cmp,23316.633999914935,23316.633999914935,21344.69780491631
Matched human Lean term0,pair_f508c4f1,660,561,0.15,1.9982174688057042,0.0017793537768372616,0.0015016021402630946,0.0017825311942959,0.9982174688057041,0.0,2,1.5912310975788948,0.4052038400325096,0.005,1266.726492156472,1556.035086754619,1268.762324455046,18.65765821991954,377.15735006788464,False,cmp,1248.0688339365524,2.224721629120414,1832.6554118152528,1834.6554118152528,1.6984848484848485,0.0,True,0.3422010586507357,0.005,1826.70248806038,2116.011082658527,1828.7383203589538,578.6336541238275,hurdle_cmp,1256.0217576914254,1256.0217576914254,1248.0688339365524
Matched AI Lean term0,pair_f508c4f1,2937,2680,0.08750425604358189,1.9996268656716418,0.0026118010692804633,0.0022007613750700946,0.0014925373134328358,0.9973880597014926,0.001119402985074627,3,1.5931233860390237,0.4050109423191812,0.005,6047.986182467938,7431.151294639515,6050.307744636539,110.80968142554048,32.79449486818104,False,cmp,5937.176501042398,2.215364366060596,7990.63088702984,7992.63088702984,1.8246510044262854,0.0,True,0.3666763450221483,0.005,7792.950212706213,9176.11532487779,7795.271774874814,1855.7737116638152,hurdle_cmp,6136.857175366024,6136.857175366024,5937.176501042398
Matched human Lean term0,pair_f54301fd,4155,3856,0.07196149217809868,1.9971473029045643,0.003363231413887502,0.002841521157175358,0.0031120331950207467,0.9966286307053942,0.00025933609958506224,3,1.5897938502992617,0.4042414194102781,0.005,8693.942236441673,10677.837162733773,8695.947380421516,185.01039034308633,34.58521743349935,False,cmp,8508.931846098587,2.2066731966023307,11231.497134552294,11233.497134552294,1.8534296028880866,0.0,True,0.372279498423988,0.005,10845.601450137066,12829.496376429168,10847.60659411691,2336.6696040384804,hurdle_cmp,8896.827530513812,8896.827530513812,8508.931846098585
Matched AI Lean term0,pair_f54301fd,7262,6891,0.05108785458551363,2.000580467276157,0.004643401266999764,0.003908618253962309,0.0020316354665505733,0.9953562617907415,0.00261210274270788,3,1.5944033587899522,0.4041454730196501,0.005,15559.180156370534,19113.452901801087,15562.782939658307,455.5343739564996,29.933970451602413,False,cmp,15103.645782414034,2.1917930318406667,19473.490919926415,19475.490919926415,1.8983751032773342,0.0,True,0.38119523904957425,0.005,18490.757988905236,22045.03073433579,18494.36077219301,3387.1122064912015,hurdle_cmp,16088.378713435213,16088.378713435213,15103.645782414034
Matched human Lean term0,pair_f549052a,1578,1446,0.08365019011406843,1.9972337482710927,0.0041417254447333116,0.0034989272535784935,0.003457814661134163,0.995850622406639,0.0006915629322268327,3,1.5899099610054852,0.40386597260446944,0.005,3262.0425466282277,4005.6125747462675,3264.0504701780283,87.19936708065507,31.90256724351901,False,cmp,3174.8431795475726,2.19560385860828,4286.798350997659,4288.798350997659,1.8301647655259823,0.0,True,0.3671032726442644,0.005,4171.692732839683,4915.262760957723,4173.700656389484,996.8495532921104,hurdle_cmp,3291.9487977055487,3291.9487977055487,3174.8431795475726
Matched AI Lean term0,pair_f549052a,4971,4745,0.045463689398511364,2.0021074815595363,0.0050535142643634645,0.004246856175535627,0.0014752370916754477,0.9949420442571127,0.003582718651211802,3,1.5964524001306735,0.40417984433718307,0.005,10721.362243258583,13171.785904321227,10723.424311337654,334.61907245754264,29.941974013467448,False,cmp,10386.74317080104,2.1889869696103355,13301.870842415527,13303.870842415527,1.9110842888754778,0.0,True,0.3837354741805122,0.005,12561.988370972917,15012.41203203556,12564.050439051987,2175.2452001718766,hurdle_cmp,11128.625642243649,11128.625642243649,10386.74317080104
Matched human Lean term0,pair_f5a9005d,6281,5980,0.04792230536538768,1.9996655518394648,0.0006687844654981491,0.0005635091105771553,0.0005016722408026755,0.9993311036789297,0.00016722408026755852,3,1.5931753181546329,0.4059885614440254,0.005,13488.158430863186,16579.307635767553,13490.159074551575,74.97505687311059,40.18222537351747,False,cmp,13413.183373990076,2.243007253175598,16807.25244310253,16809.25244310253,1.9038369686355676,0.0,True,0.3842596592767815,0.005,15906.478590617953,18997.62779552232,15908.479234306342,2493.2952166278765,hurdle_cmp,14315.957226474653,14315.957226474653,13413.183373990076
Matched AI Lean term0,pair_f5a9005d,9204,8902,0.032811820947414166,2.0011233430689734,0.0015714183969119603,0.0013219811696023607,0.00022466861379465288,0.9984273197034375,0.0013480116827679174,3,1.595131906695804,0.4057667677593706,0.005,20092.29391960007,24697.44213542707,20094.409018787297,224.2004983664956,37.01141158919568,False,cmp,19868.093421233574,2.2318685038456048,24467.56166211416,24469.56166211416,1.9354628422425033,0.0,True,0.3907267793488498,0.005,22752.122282524073,27357.270498351074,22754.2373817113,2884.028861290499,hurdle_cmp,21585.53280082366,21585.53280082366,19868.093421233574
Matched human Lean term0,pair_f5d4e5bf,4664,4397,0.05724699828473413,2.000227427791676,0.0015919428183325732,0.0013405391539751401,0.0006822833750284285,0.998408005458267,0.0009097111667045713,3,1.593929524509805,0.4056156199068384,0.005,9921.930295670638,12194.45879234847,9923.952710768877,117.74831056431867,35.241806751069035,False,cmp,9804.18198510632,2.2297434580637523,12534.654667474144,12536.654667474144,1.885720411663808,0.0,True,0.3799304681219161,0.005,11969.787984975763,14242.316481653595,11971.810400074002,2165.6059998694436,hurdle_cmp,10371.0486676047,10371.0486676047,9804.18198510632
Matched AI Lean term0,pair_f5d4e5bf,2424,2237,0.07714521452145215,1.9995529727313366,0.002234936509938014,0.0018833568425482142,0.0013410818059901655,0.997764863656683,0.000894054537326777,3,1.5930241912217071,0.4051876997036353,0.005,5048.109691998912,6202.894453725665,5050.1102751172175,81.7534633713367,33.61466186951888,False,cmp,4966.356228627576,2.220096660092792,6568.696319540877,6570.696319540877,1.8452970297029703,0.0,True,0.37111260453277817,0.005,6367.510142761723,7522.294904488475,6369.510725880029,1401.1539141341477,hurdle_cmp,5169.54240540673,5169.54240540673,4966.356228627576
Matched human Lean term0,pair_f5e39d77,2354,2188,0.07051826677994902,1.9977148080438756,0.009592584113445787,0.008099602574353701,0.005941499085923218,0.9904021937842779,0.003656307129798903,3,1.5905560623524946,0.40121724660545377,0.005,4940.6428112531585,6061.486932938809,4942.643108329805,268.8492924702732,26.433373970159117,False,cmp,4671.793518782885,2.135188993959271,6366.5557268837365,6368.5557268837365,1.856839422259983,0.0,True,0.37009875849912344,0.005,6143.07680491716,7263.920926602811,6145.0771019938065,1471.2832861342752,hurdle_cmp,4897.272440749462,4897.272440749462,4671.793518782885
Matched AI Lean term0,pair_f5e39d77,8093,7914,0.02211787964907945,1.999873641647713,0.0001263423858538934,0.00010643060260333757,0.00012635835228708617,0.9998736416477129,0.0,2,1.5934546487805339,0.4062926345148879,0.005,17849.41097332217,21942.88079026134,17851.497625472515,23.952650879509747,375.14198650696,False,cmp,17825.45832244266,2.252395542385982,21394.844397474895,21396.844397474895,1.9556406771283825,0.0,True,0.39590430028096146,0.005,19569.8924457373,23663.36226267647,19571.979097887644,1744.4341232946401,hurdle_cmp,19652.410274180256,19652.410274180256,17825.45832244266
Matched human Lean term0,pair_f700873e,730,619,0.15205479452054796,1.9951534733441034,0.024209144458856715,0.02049790823673358,0.014539579967689823,0.975767366720517,0.009693053311793215,3,1.5871151461388049,0.3934987472376047,0.005,1401.475920360843,1714.0662485265052,1403.4940211372123,165.42576904819725,21.7484269801441,False,cmp,1236.0501513126458,1.9968500021205908,2032.1420718956379,2034.1420718956379,1.6917808219178083,0.0,True,0.33141883189800214,0.005,2025.8109079339326,2338.401236099595,2027.8290087103019,789.7607566212869,hurdle_cmp,1244.381315274351,1244.381315274351,1236.0501513126458
Matched AI Lean term0,pair_f700873e,2021,1842,0.08857001484413657,1.998371335504886,0.00596911726738038,0.005036520616260477,0.003800217155266015,0.994028230184582,0.002171552660152009,3,1.5914377129502746,0.4031334053993413,0.005,4158.004656995794,5104.947098294271,4160.004893975103,153.010445532811,28.838561531334737,False,cmp,4004.994211462983,2.174263958448959,5502.442629353449,5504.442629353449,1.8213755566551213,0.0,True,0.36447346304160644,0.005,5369.439025502851,6316.381466801328,5371.43926248216,1364.4448140398679,hurdle_cmp,4139.997815313581,4139.997815313581,4004.994211462983
Matched human Lean term0,pair_f7ca2998,1393,1218,0.12562814070351758,2.0016420361247946,0.0032813759669543603,0.002758971752271576,0.0008210180623973727,0.9967159277504105,0.0024630541871921183,3,1.595827914501628,0.4049931035607652,0.005,2752.2048843282064,3381.78401172102,2754.21528875516,62.23490051974659,32.32029847366623,False,cmp,2689.96998380846,2.208513944013514,3842.525303604274,3844.525303604274,1.7501794687724337,0.0,True,0.3514777535508774,0.005,3807.286878420179,4436.866005812993,3809.297282847133,1117.3168946117194,hurdle_cmp,2727.2084089925547,2727.2084089925547,2689.96998380846
Matched AI Lean term0,pair_f7ca2998,2164,1976,0.08687615526802218,2.001012145748988,0.005059704305922076,0.004257067213001759,0.0020242914979757085,0.9949392712550608,0.003036437246963563,3,1.5949826856735998,0.404005168577408,0.005,4464.100693255709,5483.406892234216,4466.103603584585,143.13444357551634,29.56961075764134,False,cmp,4320.966249680193,2.186723810566899,5890.255698945226,5892.255698945226,1.8271719038817005,0.0,True,0.36607655197399536,0.005,5743.94346993363,6763.249668912136,5745.946380262505,1422.9772202534366,hurdle_cmp,4469.278478691789,4469.278478691789,4320.966249680193
Matched human Lean term0,pair_f8026f2d,1222,1097,0.10229132569558101,1.9972652689152233,0.0027272523306706197,0.0023039027798778,0.0027347310847766638,0.9972652689152234,0.0,2,1.5899522979599352,0.4045782398705073,0.005,2474.6141278367795,3039.366837499024,2476.6320600299955,45.402121347375214,377.06517457139927,False,cmp,2429.2120064894043,2.2144138618864213,3342.0911972614376,3344.0911972614376,1.792962356792144,0.0,True,0.36018780864082667,0.005,3283.3505651712344,3848.1032748334787,3285.3684973644504,854.1385586818301,hurdle_cmp,2489.9526385796075,2489.9526385796075,2429.2120064894043
Matched AI Lean term0,pair_f8026f2d,1056,940,0.10984848484848485,1.9968085106382978,0.003181303757356269,0.0026887980456518387,0.0031914893617021275,0.9968085106382979,0.0,2,1.5893387724184629,0.4042782488581289,0.005,2120.542354545204,2604.0697209345376,2122.564179576686,44.474020849505905,374.84695364361767,False,cmp,2076.068333695698,2.2085833337188276,2895.7074238789237,2897.7074238789237,1.777462121212121,0.0,True,0.35688688902661636,0.005,2853.713461242343,3337.2408276316764,2855.735286273825,777.6451275466449,hurdle_cmp,2120.062296332279,2120.062296332279,2076.068333695698
Matched human Lean term0,pair_f827a253,7535,7208,0.04339747843397478,1.9918146503884573,0.012002922360282879,0.010199732480927527,0.010127635960044396,0.9879300776914539,0.001942286348501665,3,1.582626630789017,0.39906038363939195,0.005,16241.818155838057,19904.785681791844,16243.869013700278,1022.2777513617184,26.66591627936828,False,cmp,15219.540404476338,2.111478968434564,20126.664460402477,20128.664460402477,1.905374917053749,0.0,True,0.37913789409293097,0.005,18935.24679921612,22598.214325169905,18937.29765707834,3715.70639473978,hurdle_cmp,16412.958065662697,16412.958065662697,15219.540404476338
Matched AI Lean term0,pair_f827a253,7555,7262,0.03878226340172072,1.9972459377581933,0.014864351246924245,0.012557230049020941,0.008812999173781328,0.985128063894244,0.006058936931974662,3,1.5899263333527514,0.3985066052316566,0.005,16406.006476770264,20108.78583507515,16408.348220251057,1273.3692799759447,24.189012083170443,False,cmp,15132.63719679432,2.0838112361325143,20165.77551961438,20167.77551961438,1.9197882197220384,0.0,True,0.3808984709744534,0.005,18886.871727832156,22589.65108613704,18889.21347131295,3754.234531037836,hurdle_cmp,16413.540988576544,16413.540988576544,15132.63719679432
Matched human Lean term0,pair_f85a44af,10422,10083,0.032527345998848586,1.999900823167708,0.0012892889837516322,0.0010860629755085215,0.0006942378260438362,0.9987107011802043,0.0005950609937518596,3,1.5934911350541392,0.40571545028752093,0.005,22745.86363203644,27956.62574239172,22748.50931101843,220.92313543474302,36.247055208659056,False,cmp,22524.940496601695,2.233952246018218,27694.496730869047,27696.496730869047,1.9348493571291498,0.0,True,0.3907283272197146,0.005,25737.322380166082,30948.084490521363,25739.968059148076,3212.3818835643865,hurdle_cmp,24484.11484730466,24484.11484730466,22524.940496601695
Matched AI Lean term0,pair_f85a44af,9472,9204,0.028293918918918918,2.001195132551065,0.0029320788289806917,0.002466468379810855,0.000869187309865276,0.9970664928292047,0.0020643198609300306,3,1.5952282423850963,0.40509770285609936,0.005,20779.501604483827,25536.14926816344,20781.5027186531,405.6402248525992,32.61697977873023,False,cmp,20373.861379631227,2.2135877205162133,25131.26861450925,25133.26861450925,1.9445734797297298,0.0,True,0.39207749112390233,0.005,23220.744379417065,27977.39204309668,23222.74549358634,2846.8829997858375,hurdle_cmp,22286.38561472341,22286.38561472341,20373.861379631227
Matched human Lean term0,pair_f9baa4be,2899,2653,0.08485684718868576,1.9996230682246514,0.00037678969778539445,0.00031749263549488995,0.0003769317753486619,0.9996230682246513,0.0,2,1.5931182883400499,0.40612784810924873,0.005,5984.662263459895,7356.2913972396045,5986.662561996454,21.766515728784725,375.8052181656198,False,cmp,5962.8957477311105,2.247604880411274,7877.000231928549,7879.000231928549,1.8299413590893412,0.0,True,0.36878581775047287,0.005,7670.831098214085,9042.460231993795,7672.831396750644,1707.9353504829742,hurdle_cmp,6171.064881445574,6171.064881445574,5962.8957477311105
Matched AI Lean term0,pair_f9baa4be,2767,2541,0.08167690639681965,1.9996064541519087,0.00039339096975675285,0.0003314872233469528,0.0003935458480913026,0.9996064541519087,0.0,2,1.5930959855286122,0.40611692277520106,0.005,5732.07684139112,7045.761452038512,5734.089770434779,21.680232369108126,375.4996950836959,False,cmp,5710.396609022012,2.2473028764352665,7509.2891677037605,7511.2891677037605,1.8362847849656667,0.0,True,0.37008977721768915,0.005,7299.3464746278205,8613.031085275214,7301.35940367148,1588.949865605809,hurdle_cmp,5922.339302097951,5922.339302097951,5710.396609022011
Matched human Lean term0,pair_fc9929da,222,181,0.18468468468468469,2.0,0.0,0.0,0.0,1.0,0.0,2,1.5936242600400345,0.40637573995996135,0.005,410.1960612578246,503.8385587254004,412.19654473645994,3.999999999970896,438.8025937458805,False,cmp,406.1960612578537,2.2441771340212915,622.9072944763723,624.9072944763723,1.6306306306306306,0.0,True,0.3304087183358295,0.005,624.6159840211345,718.2584814887102,626.6164674997699,218.4199227632808,hurdle_cmp,406.4873717130915,406.4873717130915,406.1960612578537
Matched AI Lean term0,pair_fc9929da,460,402,0.12608695652173912,2.017412935323383,0.017109725006806763,0.014145952802236692,0.0,0.9825870646766169,0.017412935323383085,3,1.616949981122428,0.4004629542009508,0.005,917.3555865431207,1126.224306882495,919.4733968776171,74.58498289104318,127.28140414358292,False,cmp,842.7706036520775,2.0964442876917353,1276.929487378004,1278.929487378004,1.7630434782608695,0.0,True,0.3478359113418518,0.005,1267.9250883945326,1476.7938087339069,1270.042898729029,425.15448474245505,hurdle_cmp,853.7750026355491,853.7750026355491,842.7706036520776
Matched human Lean term0,pair_fccad9e3,3303,3034,0.08144111413866183,2.000659195781147,0.009228306396980124,0.007767338981546886,0.0042847725774555045,0.990771259063942,0.004943968358602505,3,1.594509019431141,0.4018654037725462,0.005,6857.429674942408,8416.806113019142,6859.56965134438,360.7983615050616,26.49733298457303,False,cmp,6496.631313437347,2.1412759767426985,8975.430285437395,8977.430285437395,1.8377232818649711,0.0,True,0.36633021760899054,0.005,8724.138592523534,10283.515030600267,8726.278568925505,2227.507279086187,hurdle_cmp,6749.923006351208,6749.923006351208,6496.631313437347
Matched AI Lean term0,pair_fccad9e3,2125,1917,0.09788235294117648,2.0005216484089723,0.008867750835467413,0.0074649689912251425,0.004173187271778821,0.99113197704747,0.004694835680751174,3,1.5943244173783055,0.402024043758884,0.005,4333.022091711575,5318.438614138585,4335.022350271991,222.01729763060575,26.69171249286854,False,cmp,4111.004794080969,2.144499110110052,5809.86111573732,5811.86111573732,1.8047058823529412,0.0,True,0.35979111418848775,0.005,5696.743153492524,6682.159675919534,5698.74341205294,1585.7383594115547,hurdle_cmp,4226.122756325765,4226.122756325765,4111.004794080969
Matched human Lean term0,pair_fd852ae5,12261,11799,0.03768045020797651,1.9997457411645054,0.0027967825428844412,0.0023563291747838626,0.0015255530129672007,0.9972031528095602,0.0012712941774726673,3,1.59328296239852,0.4049372257530142,0.005,26622.22218753706,32711.61506918707,26624.235702206064,503.41355599090457,32.42577483015661,False,cmp,26118.808631546155,2.213645955720498,32665.78348332639,32667.78348332639,1.9243944213359432,0.0,True,0.3877081468979919,0.005,30560.030179024234,36649.42306067424,30562.04369369324,4441.221547478078,hurdle_cmp,28226.561935848313,28226.561935848313,26118.808631546155
Matched AI Lean term0,pair_fd852ae5,7819,7529,0.037089141833994116,2.0005312790543233,0.0021248339598595707,0.0017886897755134028,0.000796918581484925,0.9978748837827068,0.0013281976358082083,3,1.5943373428417593,0.405397017631075,0.005,16991.527615558844,20882.364604911854,16993.52847059371,254.0617204088485,33.9224456448798,False,cmp,16737.465895149995,2.2230662631358737,20827.217653404252,20829.217653404252,1.9263332907021358,0.0,True,0.3884558028829096,0.005,19473.406261678152,23364.243251031163,19475.407116713017,2735.940366528156,hurdle_cmp,18093.277286876095,18093.277286876095,16737.465895149995
Matched human Lean term0,pair_fe3e5ba4,2382,2174,0.0873215785054576,1.9986200551977922,0.0013780405545507708,0.0011624279156612733,0.0013799448022079118,0.9986200551977921,0.0,2,1.5917716830998614,0.40546842729571886,0.005,4903.496882070188,6025.446927719385,4905.791878050001,49.51012893393636,358.88608039059034,False,cmp,4853.9867531362515,2.2327445966588093,6478.213907146176,6480.213907146176,1.824097397145256,0.0,True,0.36712444029087193,0.005,6317.054547233008,7439.004592882205,6319.349543212821,1463.0677940967564,hurdle_cmp,5017.14611304942,5017.14611304942,4853.9867531362515
Matched AI Lean term0,pair_fe3e5ba4,9068,8801,0.029444199382443758,1.9994318827405977,0.0017040290209865915,0.0014361541503738388,0.0011362345188046814,0.998295648221793,0.0005681172594023407,3,1.5928616347722815,0.4054340134495074,0.005,19852.032469824204,24396.620451929986,19854.03342597971,244.3069583501201,35.144293394334326,False,cmp,19607.725511474084,2.227897456138403,24061.09786027675,24063.09786027675,1.9405602117335685,0.0,True,0.39178647615867773,0.005,22262.58051327352,26807.1684953793,22264.581469429024,2654.855001799435,hurdle_cmp,21408.242858477315,21408.242858477315,19607.725511474084
