pair,source,h_N,h_E,h_visits,h_dedup_ratio,h_depth,h_mean_indeg,h_max_outdeg,h_out_gini,h_n_constants,h_n_distinct_constants,h_constant_share,h_alpha_x2,h_alpha_x5,h_alpha_x10,h_has_sorry,h_truncated,a_N,a_E,a_visits,a_dedup_ratio,a_depth,a_mean_indeg,a_max_outdeg,a_out_gini,a_n_constants,a_n_distinct_constants,a_constant_share,a_alpha_x2,a_alpha_x5,a_alpha_x10,a_has_sorry,a_truncated
pair_00b23e63,cn_contest,4992,9523,9523,1.9076522435897436,65,1.9076522435897436,178,0.4435143483590336,180,180,0.036057692307692304,2.0141876900874904,2.3030457680950693,2.7843698895673086,False,True,3836,7253,7253,1.890771637122002,57,1.890771637122002,175,0.43828166030179594,166,166,0.043274244004171014,2.082632351806698,2.2949079055670474,2.8195689488665625,False,True
pair_01eb3f84,olympiads,4642,8628,8628,1.8586816027574322,65,1.8586816027574322,204,0.4275567339146296,267,267,0.057518311072813445,2.131960823341755,2.370042375705616,2.47555532139744,False,True,5292,9959,9959,1.8818972033257748,67,1.8818972033257748,171,0.4319838890471341,235,235,0.044406651549508694,2.1947599931088835,2.307575933644682,2.525844041120623,False,True
pair_064daf4b,olympiads,96,126,126,1.3125,22,1.3125,6,0.21626984126984128,23,23,0.23958333333333334,3.089268933575872,,,False,True,123,169,169,1.3739837398373984,23,1.3739837398373984,6,0.24573050464232454,28,28,0.22764227642276422,2.734625331909954,,,False,True
pair_06e244fd,olympiads,11185,21550,21550,1.9266875279392044,71,1.9266875279392044,468,0.4537136432514959,300,300,0.02682163611980331,2.033062413091403,2.1858571208953492,2.416894895749681,False,True,11192,21568,21568,1.9270907791279486,71,1.9270907791279486,461,0.4536398534985778,304,304,0.027162258756254467,2.035846533934855,2.194063152648548,2.3966104218853586,False,True
pair_0a7bd2c7,secondary_math,5365,10372,10372,1.9332712022367196,102,1.9332712022367196,189,0.45275828643250215,130,130,0.024231127679403542,2.0808340508729124,2.2276642065322227,2.506148750403861,False,True,5456,10551,10551,1.9338343108504399,101,1.9338343108504399,186,0.45215525220191494,130,130,0.023826979472140762,2.0926797593490924,2.23245047357328,2.4576053156782294,False,True
pair_0a891d0e,cn_contest,2202,4026,4026,1.8283378746594006,54,1.8283378746594006,134,0.4203039011186597,163,163,0.0740236148955495,2.1055075430257473,2.3593860588070923,2.7068227614823206,False,True,2294,4207,4207,1.8339145597210114,55,1.8339145597210114,134,0.4215389968435967,163,163,0.07105492589363557,2.12121658440146,2.3126335920282743,2.7754556571078774,False,True
pair_0a983018,olympiads_ref,10271,19785,19785,1.926297342030961,97,1.926297342030961,355,0.45213954794490585,252,252,0.02453509882192581,2.050222837715621,2.1828724816068816,2.3413332927988915,False,True,8628,16519,16519,1.9145804357904497,85,1.9145804357904497,317,0.4490543026233289,253,253,0.02932313398238294,2.045821333318419,2.132250658911519,2.404692787060241,False,True
pair_0b123512,math_train,5188,9617,9617,1.8537008481110255,75,1.8537008481110255,189,0.4281796787669355,244,244,0.047031611410948346,2.24763151738091,2.282150938699081,2.346645250387116,False,True,203,312,312,1.5369458128078817,31,1.5369458128078817,27,0.32007073386383733,31,31,0.15270935960591134,2.442213074819302,,,False,True
pair_0bc9ff8b,math_test,6133,11728,11728,1.912277841187021,74,1.912277841187021,201,0.4443360611048097,216,216,0.03521930539703245,1.9917012703033377,2.389057049211397,2.6689773951242257,False,True,9794,18982,18982,1.938125382887482,76,1.938125382887482,363,0.45493060534525714,242,242,0.024709005513579744,1.9708148138944266,2.289801535200575,2.478430627609458,False,True
pair_0c9ecd6b,math_train,6804,12997,12997,1.9101998824221047,74,1.9101998824221047,248,0.44596947642735985,269,269,0.039535567313345094,2.0321023136761625,2.268151199218554,2.509293461264697,False,True,7707,14781,14781,1.9178668742701441,74,1.9178668742701441,271,0.44863942236203963,270,270,0.03503308680420397,2.0270925504878794,2.1806988213531353,2.6461712274873124,False,True
pair_0f3deadd,math_train,370,611,611,1.6513513513513514,29,1.6513513513513514,40,0.3521254478701287,49,49,0.13243243243243244,2.3389326170464644,3.4444955660148446,,False,True,370,611,611,1.6513513513513514,29,1.6513513513513514,40,0.3521254478701287,49,49,0.13243243243243244,2.3389326170464644,3.4444955660148446,,False,True
pair_0f421760,amc_aime,6407,12177,12177,1.9005774933666302,76,1.9005774933666302,221,0.4405154812978573,225,225,0.03511783986265023,2.074502784221976,2.204582771889717,2.6422578842569697,False,True,490,800,800,1.6326530612244898,43,1.6326530612244898,64,0.3550357142857143,58,58,0.11836734693877551,2.452598346016905,,,False,True
pair_0f905113,math_test,7728,14676,14676,1.8990683229813665,76,1.8990683229813665,296,0.44045682815057835,312,312,0.040372670807453416,2.0816145571218345,2.2918408730655284,2.6569410395956536,False,True,7587,14431,14431,1.9020693291155926,86,1.9020693291155926,260,0.44368158456675394,285,285,0.03756425464610518,2.010515891395493,2.2624981491847436,2.5979498905569054,False,True
pair_11362c17,secondary_math,14452,28450,28450,1.96858566288403,106,1.96858566288403,511,0.4596718401670982,191,191,0.013216163852753943,1.9987809763864095,2.3124707536341362,2.5591170500492706,False,True,14407,28364,28364,1.9687651835913098,106,1.9687651835913098,504,0.4599705019683969,191,191,0.013257444297910738,1.995492914759824,2.297873133163738,2.617738049674271,False,True
pair_121126b4,math_train,4622,8621,8621,1.8652098658589356,68,1.8652098658589356,261,0.431785069324696,265,265,0.05733448723496322,2.125326180009188,2.371504758802077,2.638073287557579,False,True,4336,8056,8056,1.8579335793357934,72,1.8579335793357934,251,0.43027148292212813,265,265,0.06111623616236162,2.0951397861285184,2.316116141267198,2.6358252460093174,False,True
pair_136afae1,olympiads,3740,6995,6995,1.8703208556149733,70,1.8703208556149733,165,0.43178706715644866,191,191,0.05106951871657754,2.0133510775124153,2.252405799141478,2.890321866836977,False,True,5943,11327,11327,1.9059397610634359,68,1.9059397610634359,165,0.43747248904319114,227,227,0.03819619720679791,2.0732727165296234,2.334276451662117,2.9668073012975373,False,True
pair_13d805d4,amc_aime,915,1569,1569,1.7147540983606557,51,1.7147540983606557,108,0.3827783524363783,98,98,0.10710382513661203,2.239979986061516,2.593138484815004,,False,True,1862,3351,3351,1.7996777658431793,55,1.7996777658431793,134,0.4090221396950619,145,145,0.07787325456498388,2.0957359548706656,2.5174773114972773,2.8457375013849724,False,True
pair_13dbafa5,math_train,1102,1862,1862,1.6896551724137931,49,1.6896551724137931,129,0.3762117895204696,147,147,0.13339382940108893,2.2094289968909298,2.8221862203627506,,False,True,413,662,662,1.602905569007264,29,1.602905569007264,50,0.3424650519739874,58,58,0.14043583535108958,2.2851607904227254,3.3060436482519213,,False,True
pair_1435e660,olympiads,3176,5887,5887,1.853589420654912,79,1.853589420654912,197,0.4303685510361172,199,199,0.0626574307304786,2.1463524184598004,2.4193834723287972,2.3620449454744104,False,True,3913,7284,7284,1.8614873498594429,66,1.8614873498594429,216,0.4317070360516972,198,198,0.050600562228469204,2.0821926899904026,2.3645890424870237,2.5459268011715626,False,True
pair_149000e5,aops_forum,9727,18972,18972,1.9504472088002467,103,1.9504472088002467,389,0.45763448186514405,190,190,0.019533257941811454,1.9826604160379866,2.203971572854708,2.5107701174899457,False,True,11737,23000,23000,1.9596148930731874,120,1.9596148930731874,477,0.45921437594230063,194,194,0.01652892561983471,1.9896008168125014,2.2738574070462487,2.475962538835695,False,True
pair_149fe16f,olympiads_ref,24474,48089,48089,1.964901528152325,88,1.964901528152325,1017,0.4683122342823485,232,232,0.009479447577020511,1.9369677303234467,2.3633533104144315,2.2864163188418543,False,True,16539,32261,32261,1.950601608319729,77,1.950601608319729,546,0.4615965518212273,211,211,0.01275772416712014,1.9585609150350702,2.3468310497939924,2.3792733968547424,False,True
pair_152731e7,olympiads,3505,6496,6496,1.8533523537803138,61,1.8533523537803138,165,0.4259530719661567,189,189,0.05392296718972896,2.034936218286798,2.2976717276283756,2.9982800954190747,False,True,3930,7409,7409,1.8852417302798983,64,1.8852417302798983,157,0.4352536303931296,180,180,0.04580152671755725,2.0197001493565363,2.3609691359425784,2.889493634646673,False,True
pair_1565703f,cn_k12,2895,5358,5358,1.8507772020725388,61,1.8507772020725388,156,0.41502829207660685,189,189,0.06528497409326425,2.29523621237138,2.543301458312203,2.5777918756943947,False,True,2675,4862,4862,1.817570093457944,80,1.817570093457944,167,0.4093734742442824,221,221,0.08261682242990655,2.294821273740274,2.508445909005113,2.6863735348103503,False,True
pair_171e8749,amc_aime,302,507,507,1.6788079470198676,31,1.6788079470198676,25,0.3704886555115796,23,23,0.076158940397351,2.2516223007674023,,,False,True,6119,11786,11786,1.926131720869423,74,1.926131720869423,265,0.4471620291116844,162,162,0.02647491420166694,1.9792823467659306,2.399972738881605,2.699096665440227,False,True
pair_17275427,amc_aime,270,455,455,1.6851851851851851,26,1.6851851851851851,25,0.35352869352869354,28,28,0.1037037037037037,2.3620711395741454,,,False,True,391,666,666,1.7033248081841432,29,1.7033248081841432,43,0.36900839458384216,44,44,0.11253196930946291,2.268962238447631,2.891462714143204,,False,True
pair_17a4d7d8,olympiads,3123,5713,5713,1.829330771693884,64,1.829330771693884,223,0.42345294582091086,238,238,0.07620877361511368,2.1131450987468012,2.4454118017266477,2.4591754694452312,False,True,4778,8964,8964,1.8760987861029719,71,1.8760987861029719,242,0.43676926206290206,253,253,0.05295102553369611,2.0611571190802156,2.3324441235713778,2.4981314324511894,False,True
pair_19517b6c,olympiads,5981,11182,11182,1.8695870255810065,71,1.8695870255810065,164,0.426559350541007,257,257,0.04296940310984785,2.2961046899218895,2.2788111359141183,2.308375215912463,False,True,2064,3606,3606,1.747093023255814,70,1.747093023255814,139,0.3921527213472808,186,186,0.09011627906976744,2.3179512430335985,2.3713959667296205,2.4220252556076014,False,True
pair_19f291ba,math_test,5702,10718,10718,1.8796913363732024,64,1.8796913363732024,224,0.4351454386026804,254,254,0.0445457734128376,2.0027651906179313,2.3523988152169317,2.714018104587176,False,True,6487,12249,12249,1.8882380144905195,64,1.8882380144905195,239,0.4377242965367046,268,268,0.04131339602281486,2.026970287797031,2.299356521260931,2.7757421752868274,False,True
pair_1d99af92,cn_k12,4068,7530,7530,1.851032448377581,75,1.851032448377581,213,0.42923396548189413,252,252,0.061946902654867256,2.1602258402429535,2.2394231107810736,2.3955642908351207,False,True,10917,21267,21267,1.9480626545754327,95,1.9480626545754327,449,0.4588952323369416,230,230,0.021068058990565172,2.022862735708596,2.166572693315412,2.430550677994061,False,True
pair_1e273c45,math_test,11534,22420,22420,1.943818276400208,90,1.943818276400208,426,0.4552335591766313,244,244,0.021154846540662388,2.0631727810752674,2.203442663293303,2.47285948353138,False,True,23768,46809,46809,1.969412655671491,99,1.969412655671491,934,0.4676273276134179,247,247,0.01039212386401885,2.0251640216616824,2.12610939342868,2.350730445194848,False,True
pair_1e4638c2,olympiads,1702,3114,3114,1.8296122209165688,55,1.8296122209165688,110,0.4191260876357634,112,112,0.06580493537015276,2.155129051083983,2.2572033316542,2.6866188322798816,False,True,3789,7103,7103,1.8746371074162047,70,1.8746371074162047,147,0.42519475617731584,193,193,0.050936922670889416,2.1668019610048397,2.337035809064346,3.0686278241445573,False,True
pair_1e6ca847,olympiads,3087,5704,5704,1.8477486232588274,79,1.8477486232588274,145,0.42097362554184836,168,168,0.05442176870748299,2.0852797765221096,2.461912138020569,2.8396769707757095,False,True,461,775,775,1.6811279826464207,40,1.6811279826464207,27,0.36471065705688893,33,33,0.07158351409978309,2.3699284832084793,2.5208416922212358,,False,True
pair_1eac5349,olympiads_ref,4486,8333,8333,1.857556843513152,69,1.857556843513152,218,0.4284670807251372,261,261,0.05818100757913509,2.0996124172650994,2.33007603968406,2.626216636871902,False,True,6147,11654,11654,1.8958841711403938,74,1.8958841711403938,250,0.4428938520687412,248,248,0.040344883683097445,2.040161257627166,2.192537218816025,2.546451186220371,False,True
pair_2000cc20,cn_k12,4024,7564,7564,1.8797216699801194,59,1.8797216699801194,166,0.43554130005792846,202,202,0.05019880715705766,2.049433883363209,2.30658892444822,2.7132281827747997,False,True,4353,8274,8274,1.9007580978635423,66,1.9007580978635423,197,0.4443036764978223,180,180,0.04135079255685734,2.00631715100565,2.2165394735530843,2.60884846726987,False,True
pair_204207d6,olympiads_ref,3443,6513,6513,1.891664246296834,65,1.891664246296834,177,0.43939012655891996,159,159,0.046180656404298574,1.986332138709127,2.3161755223714815,2.5054306026418836,False,True,3326,6244,6244,1.8773301262778113,62,1.8773301262778113,164,0.43634230412609215,176,176,0.052916416115454,2.0158804606064935,2.3998264410316144,2.4339499463431418,False,True
pair_22599b6f,olympiads_ref,8342,15818,15818,1.8961879645169024,82,1.8961879645169024,293,0.44572550098536035,252,252,0.030208583073603454,2.078055469569712,2.1956380514458367,2.3569699570596683,False,True,11918,22956,22956,1.9261621077361974,108,1.9261621077361974,269,0.4513718956752188,255,255,0.021396207417351903,1.9656296839540608,2.3972984070797896,2.3480032683144394,False,True
pair_2347fae1,olympiads,8234,15893,15893,1.9301675977653632,101,1.9301675977653632,233,0.46084465824638754,178,178,0.02161768277872237,2.047136501153459,2.094015269200317,2.1502019297900086,False,True,2940,5499,5499,1.870408163265306,88,1.870408163265306,149,0.4298002852714099,81,81,0.027551020408163266,2.346463700504718,2.1654077568505317,2.1303876730825553,False,True
pair_2590c3a7,olympiads,1732,3094,3094,1.7863741339491916,67,1.7863741339491916,69,0.4050684405935051,104,104,0.06004618937644342,2.2096243150667934,2.387485684516862,2.3985073624158058,False,True,1585,2803,2803,1.7684542586750789,63,1.7684542586750789,69,0.4005573118481663,103,103,0.06498422712933755,2.2063502202039125,2.342293747573094,2.486585660405652,False,True
pair_26771bf6,olympiads_ref,2909,5386,5386,1.8514953592299759,61,1.8514953592299759,177,0.42634412301247765,188,188,0.06462701959436232,2.060529976301029,2.4063946953316147,2.82105856033629,False,True,2460,4461,4461,1.8134146341463415,62,1.8134146341463415,181,0.41479716713777764,193,193,0.07845528455284553,2.1482403634838914,2.4409565989939876,2.7270009117171248,False,True
pair_271fa579,olympiads,25399,50212,50212,1.9769282255206897,114,1.9769282255206897,980,0.4666322419226977,206,206,0.008110555533682428,2.023044587047271,2.2437738652372694,2.416650465466968,False,True,35696,70585,70585,1.9773924249215598,118,1.9773924249215598,1199,0.4672209405472172,204,204,0.005714926042133572,2.028607103958362,2.339876726872126,2.417484077426802,False,True
pair_2748f3f1,olympiads,4836,9243,9243,1.9112903225806452,76,1.9112903225806452,245,0.44605143256869234,174,174,0.03598014888337469,2.0509487646150046,2.179767421877422,2.459495688800623,False,True,8327,16149,16149,1.9393539089708178,80,1.9393539089708178,429,0.45404131512976054,202,202,0.02425843641167287,2.0569409505089964,2.1934927947305107,2.43929074653815,False,True
pair_29059eae,math_train,2825,5113,5113,1.8099115044247787,49,1.8099115044247787,203,0.41326163224402834,221,221,0.07823008849557522,2.159104241536535,2.473490486962022,2.4505361500898366,False,True,5249,9876,9876,1.8815012383311107,68,1.8815012383311107,245,0.4383289733059532,264,264,0.05029529434177939,2.035628013774639,2.292682644870741,2.6186759336366423,False,True
pair_2a4dc8cc,math_test,4435,8454,8454,1.9062006764374295,72,1.9062006764374295,190,0.4423916791955083,155,155,0.03494926719278467,1.962054421232791,2.3226520904647776,2.837193427362237,False,True,3925,7423,7423,1.8912101910828025,70,1.8912101910828025,162,0.4375682741968284,162,162,0.04127388535031847,1.9921362774880835,2.309280502181789,2.8953980823895007,False,True
pair_2a66f969,olympiads,16852,32877,32877,1.9509257061476382,115,1.9509257061476382,555,0.457110942200096,325,325,0.019285544742463804,2.0171193949646984,2.2909315411214908,2.467218983615484,False,True,11426,22171,22171,1.940399089795204,91,1.940399089795204,467,0.45543484339138457,281,281,0.024593033432522317,2.0057786167459666,2.2522971201040694,2.493788742541917,False,True
pair_2b09aabd,olympiads,999,1753,1753,1.7547547547547548,60,1.7547547547547548,84,0.39950389636641775,86,86,0.08608608608608609,2.1319185346652425,2.3193713511190532,2.5714569295422782,False,True,2257,4012,4012,1.7775808595480727,79,1.7775808595480727,131,0.4036285030597176,209,209,0.09260079751883031,2.2639954147760877,2.3813338728913958,2.4920348356660655,False,True
pair_2d283418,olympiads,2572,4693,4693,1.8246500777604977,62,1.8246500777604977,199,0.4149148876308615,197,197,0.07659409020217729,2.3020101013488756,2.3300480505031276,2.480608681114205,False,True,2463,4523,4523,1.8363784003248071,59,1.8363784003248071,179,0.4187884740141267,174,174,0.07064555420219244,2.2901776057512055,2.297957134407469,2.3950923425037685,False,True
pair_2fba10ea,olympiads_ref,12447,24007,24007,1.9287378484775448,119,1.9287378484775448,582,0.45516673956625536,297,297,0.02386117136659436,2.0567465360026245,2.1547085731382056,2.4067628371970766,False,True,10168,19656,19656,1.933123524783635,112,1.933123524783635,418,0.4542282651055271,238,238,0.023406766325727774,1.97988805145796,2.171517183665667,2.555548155522559,False,True
pair_2fde2018,math_test,9023,16920,16920,1.8752078022830545,82,1.8752078022830545,409,0.4395247081990888,368,368,0.040784661420813474,2.0610729988085135,2.2684284830819967,2.515487612376729,False,True,6242,11796,11796,1.8897789170137775,99,1.8897789170137775,282,0.4417333264231658,251,251,0.04021147068247356,2.0520370408329507,2.155566604130674,2.537737367438181,False,True
pair_301c1ff9,aops_forum,10857,21162,21162,1.9491572257529703,102,1.9491572257529703,435,0.455420487820997,198,198,0.0182370820668693,2.0072185842736623,2.2821765426162557,2.4698302385166313,False,True,12891,25204,25204,1.955162516484369,105,1.955162516484369,513,0.457297609831292,208,208,0.016135288185555815,2.0229286770590864,2.2708730084465207,2.4975175123834017,False,True
pair_326a8dc3,cn_contest,23454,46020,46020,1.9621386543873114,131,1.9621386543873114,996,0.4648782435493676,316,316,0.01347318154685768,2.0170123974955274,2.1342158530995787,2.3936071065822087,False,True,50205,99347,99347,1.9788268100786774,200,1.9788268100786774,1244,0.46944609168300233,250,250,0.004979583706802112,2.005304062937558,2.2946745677560747,2.369334988221121,False,True
pair_32d5762e,aops_forum,3457,6455,6455,1.8672259184263813,79,1.8672259184263813,182,0.4324202602427477,200,200,0.05785363031530229,2.0369320891289338,2.424687376695685,2.6218813983024907,False,True,3066,5677,5677,1.8515981735159817,68,1.8515981735159817,176,0.4285737841240579,197,197,0.06425309849967384,2.039474895434804,2.4910129580548745,2.367811250281998,False,True
pair_32e87abf,cn_k12,4194,7843,7843,1.8700524558893659,68,1.8700524558893659,206,0.43436663038598883,220,220,0.05245588936576061,2.069865354610376,2.2440418055652867,2.5127933104761633,False,True,4945,9200,9200,1.8604651162790697,70,1.8604651162790697,243,0.4321320613707302,271,271,0.05480283114256825,2.097075309676982,2.236504456313723,2.5928618315416387,False,True
pair_33135e91,olympiads,3614,6750,6750,1.8677365799667958,73,1.8677365799667958,166,0.43477644551025846,205,205,0.05672385168788047,2.071099502445441,2.2042813130835315,2.7397102479529365,False,True,3495,6516,6516,1.8643776824034335,72,1.8643776824034335,171,0.43475595672498907,198,198,0.05665236051502146,2.0695061999307436,2.2086163333952396,2.705342259744694,False,True
pair_33b83cd5,cn_k12,7525,14258,14258,1.894750830564784,73,1.894750830564784,306,0.44257563859934784,325,325,0.04318936877076412,2.047409285243359,2.3111053204579273,2.5893251849332017,False,True,7225,13673,13673,1.8924567474048444,80,1.8924567474048444,306,0.4410211927277181,310,310,0.042906574394463666,2.0686001542301566,2.345321023571042,2.478273125974376,False,True
pair_34b2dbc3,math_train,4943,9446,9446,1.910985231640704,64,1.910985231640704,187,0.4417749599296044,170,170,0.034392069593364355,1.9870727375592052,2.4327190318839182,2.7358835499490763,False,True,278,459,459,1.6510791366906474,26,1.6510791366906474,32,0.3596887196125453,29,29,0.10431654676258993,2.306976748033958,,,False,True
pair_34e33ffa,secondary_math,7127,13549,13549,1.9010803984846358,73,1.9010803984846358,276,0.44101878714846154,264,264,0.03704223375894486,2.054533574663947,2.3405956017032845,2.8359399444108067,False,True,13332,25833,25833,1.9376687668766877,78,1.9376687668766877,483,0.4571920175410875,266,266,0.019951995199519953,2.030443825189553,2.1308172293096312,2.3624275103676142,False,True
pair_358e95d5,number_theory,1218,2072,2072,1.7011494252873562,41,1.7011494252873562,72,0.38083826261166165,108,108,0.08866995073891626,2.1927013410197294,2.604793599131484,,False,True,518,846,846,1.6332046332046333,32,1.6332046332046333,31,0.35747601705048515,56,56,0.10810810810810811,2.2589585239945302,2.357392925701214,,False,True
pair_3757881d,olympiads,7868,15060,15060,1.9140823589222167,83,1.9140823589222167,405,0.44966404505685104,255,255,0.03240976105744789,1.9924381555968382,2.2315542434124804,2.5412222746122453,False,True,7792,14919,14919,1.9146560574948666,81,1.9146560574948666,403,0.450222620700723,256,256,0.03285420944558522,1.9720460816569712,2.207513314260635,2.5964794165605216,False,True
pair_37c40664,math_train,1670,2891,2891,1.731137724550898,52,1.731137724550898,163,0.3936526117602222,174,174,0.10419161676646707,2.2388793826436393,2.27206666871017,2.5529315756573663,False,True,1905,3343,3343,1.7548556430446194,54,1.7548556430446194,180,0.39640130236487414,196,196,0.10288713910761155,2.274516630288347,2.3887234552954695,2.7064858087289565,False,True
pair_37d880cd,number_theory,1849,3292,3292,1.7804218496484587,53,1.7804218496484587,131,0.41001539697987877,153,153,0.08274743104380747,2.1194829438407945,2.2506556455926874,2.5337803293078442,False,True,697,1182,1182,1.6958393113342898,42,1.6958393113342898,53,0.3768847392863299,60,60,0.08608321377331421,2.251460977792117,2.416359896995958,,False,True
pair_3b1172ec,cn_k12,2999,5652,5652,1.8846282094031344,60,1.8846282094031344,124,0.43108861245798613,145,145,0.048349449816605536,2.1041340464551306,2.4607220504869205,2.7920200624045437,False,True,1244,2259,2259,1.8159163987138263,65,1.8159163987138263,82,0.4057015951912251,91,91,0.07315112540192927,2.1974122744189426,2.3938365708210583,3.0573787052889094,False,True
pair_3b470502,math_train,3062,5519,5519,1.802416721097322,70,1.802416721097322,195,0.4092657642874701,249,249,0.08131939908556499,2.1834047188973003,2.513798074688907,2.782691744757796,False,True,3049,5505,5505,1.805510003279764,70,1.805510003279764,188,0.4105625673788908,248,248,0.08133814365365694,2.1777049134125575,2.4711169895959264,2.7894039237268733,False,True
pair_3cca9874,math_train,1537,2660,2660,1.730644111906311,50,1.730644111906311,104,0.38443114944159357,174,174,0.11320754716981132,2.292467721233013,2.6175255561093618,2.6077136608647757,False,True,5728,10993,10993,1.9191689944134078,88,1.9191689944134078,240,0.45955131363432394,113,113,0.019727653631284914,2.0380001605178863,1.9578699561546966,1.9241688336626996,False,True
pair_3da844f5,inequalities,8106,15768,15768,1.9452257586972612,79,1.9452257586972612,283,0.4527759595306381,186,186,0.0229459659511473,2.036897494941295,2.311269203026037,2.4338572730342385,False,True,11787,23082,23082,1.958259099007381,83,1.958259099007381,362,0.46009437495030187,192,192,0.01628913209468058,2.0043283443953053,2.2525339139748817,2.316178346183607,False,True
pair_3db79af4,cn_contest,51830,88689,88689,1.7111518425622227,86,1.7111518425622227,1903,0.41159307748170393,1994,1994,0.03847192745514181,1.569237477371636,1.5423388775976572,1.7126482403834986,False,True,51933,88889,88889,1.7116091887624438,86,1.7116091887624438,1903,0.4117246405923074,2000,2000,0.038511158608206725,1.5743373689373845,1.5453079715683358,1.7150414345643472,False,True
pair_3e5837da,amc_aime,2068,3734,3734,1.8056092843326885,60,1.8056092843326885,168,0.4125688042028969,171,171,0.08268858800773694,2.1124691162695006,2.5198270381386267,2.7935842446332693,False,True,3807,7153,7153,1.8789072760703966,66,1.8789072760703966,194,0.4332526142271198,188,188,0.04938271604938271,2.079115791230044,2.3410254573125115,2.847781870610062,False,True
pair_3e7604ad,aops_forum,4830,9070,9070,1.8778467908902692,80,1.8778467908902692,217,0.4315151764171466,248,248,0.05134575569358178,2.046937896119101,2.4582277532973418,2.9601432370846674,False,True,4759,8968,8968,1.8844295019962176,73,1.8844295019962176,210,0.43474915550403676,235,235,0.04938012187434335,2.0137027243307823,2.459107731386442,2.9203693065347274,False,True
pair_40400f26,math_test,5208,9695,9695,1.8615591397849462,106,1.8615591397849462,142,0.4358622906481796,257,257,0.04934715821812596,2.1796572025901906,2.269931451717744,2.0821681762649584,False,True,362,576,576,1.591160220994475,27,1.591160220994475,38,0.3396255371393493,59,59,0.16298342541436464,2.282541394052981,,,False,True
pair_412ad836,number_theory,227,374,374,1.6475770925110131,33,1.6475770925110131,32,0.35124502343989256,30,30,0.13215859030837004,2.5858211829992017,,,False,True,227,374,374,1.6475770925110131,33,1.6475770925110131,32,0.35124502343989256,30,30,0.13215859030837004,2.5858211829992017,,,False,True
pair_43cbe160,math_test,10338,19930,19930,1.9278390404333527,83,1.9278390404333527,386,0.4538347167300681,247,247,0.023892435674211645,2.0139317744048877,2.1552155708995,2.520053808214552,False,True,15268,29910,29910,1.9589992140424417,114,1.9589992140424417,510,0.4612995041363721,192,192,0.012575320932669635,1.9663919370065817,2.230832246627894,2.4023725136353726,False,True
pair_44418174,math_train,4086,7641,7641,1.8700440528634361,70,1.8700440528634361,207,0.42900826190573654,234,234,0.05726872246696035,2.0841364085830993,2.4635580049880903,2.906432591996648,False,True,4230,7942,7942,1.8775413711583924,60,1.8775413711583924,206,0.4307290503907466,227,227,0.053664302600472814,2.0762184522562173,2.442099837442134,2.959416686918718,False,True
pair_4453d7a8,olympiads,1854,3390,3390,1.8284789644012944,53,1.8284789644012944,134,0.4181401609531174,100,100,0.05393743257820928,2.0897783168602992,2.525241509934805,3.0105136824146297,False,True,562,912,912,1.6227758007117439,41,1.6227758007117439,64,0.3576239308235,42,42,0.07473309608540925,2.37211267927929,2.2307778514238468,,False,True
pair_452bb14f,olympiads_ref,12793,24770,24770,1.9362151176424607,78,1.9362151176424607,529,0.4556113319061592,312,312,0.024388337372000312,2.041880141782646,2.2231007219880086,2.381368543730411,False,True,4050,7502,7502,1.8523456790123456,69,1.8523456790123456,253,0.4249659185534063,255,255,0.06296296296296296,2.1367709817516434,2.40703238953553,2.4691126609065375,False,True
pair_45b25f4e,olympiads_ref,6365,12097,12097,1.9005498821681068,72,1.9005498821681068,270,0.4445799179855477,223,223,0.03503534956794972,2.04717203640125,2.3067537994361142,2.499811701489409,False,True,5451,10395,10395,1.906989543203082,68,1.906989543203082,246,0.4450251040601435,219,219,0.040176114474408366,2.0024392302193106,2.3463191323184,2.565487351782883,False,True
pair_47d24c12,olympiads_ref,1707,3018,3018,1.7680140597539542,43,1.7680140597539542,101,0.41592351767155317,88,88,0.051552431165787935,1.998861080485741,1.8697832626781592,1.964577536783758,False,True,8917,17101,17101,1.9177974655153078,82,1.9177974655153078,202,0.4533019976042041,222,222,0.024896265560165973,2.136124070344504,2.028134176443323,2.1459909991217962,False,True
pair_4860e4db,olympiads,8386,16036,16036,1.9122346768423564,99,1.9122346768423564,259,0.44621789740077433,264,264,0.031481039828285234,2.0342392905905493,2.241352565011741,2.60953307603454,False,True,13320,25898,25898,1.9442942942942942,106,1.9442942942942942,359,0.45908831644216613,259,259,0.019444444444444445,1.9784711142843578,2.243210571483852,2.35109929108778,False,True
pair_48881c66,amc_aime,10880,20546,20546,1.8884191176470588,105,1.8884191176470588,381,0.4382738643130765,321,321,0.029503676470588235,2.2345242095827973,2.1972003480625784,2.343841379260911,False,True,8851,16867,16867,1.9056603773584906,118,1.9056603773584906,328,0.4409458550009476,292,292,0.03299062252852785,2.1309335868116817,2.2156584290036148,2.5415986823893775,False,True
pair_49366beb,cn_contest,2124,3866,3866,1.82015065913371,62,1.82015065913371,144,0.4190669928479779,132,132,0.062146892655367235,2.188293689280801,2.215226926316717,2.5239064435643943,False,True,1961,3517,3517,1.79347271800102,65,1.79347271800102,151,0.4107616288452228,145,145,0.07394186639469659,2.235948509740214,2.305554338314871,2.7397824525931282,False,True
pair_496aea54,number_theory,98,140,140,1.4285714285714286,16,1.4285714285714286,15,0.28002915451895044,19,19,0.19387755102040816,2.8076021960379762,,,False,True,98,140,140,1.4285714285714286,16,1.4285714285714286,15,0.28002915451895044,19,19,0.19387755102040816,2.8076021960379762,,,False,True
pair_496f71fb,olympiads_ref,54,74,74,1.3703703703703705,14,1.3703703703703705,9,0.26626626626626626,13,13,0.24074074074074073,,,,False,True,54,74,74,1.3703703703703705,14,1.3703703703703705,9,0.26626626626626626,13,13,0.24074074074074073,,,,False,True
pair_496fbd44,secondary_math,9470,18352,18352,1.937909186906019,78,1.937909186906019,413,0.45376536651786165,237,237,0.025026399155227034,2.000302176394679,2.3070388551391927,2.525327358880663,False,True,12879,25190,25190,1.9558971969873438,107,1.9558971969873438,543,0.4590896776701433,239,239,0.018557341408494448,2.0053010135718345,2.2550497790006574,2.545258472314292,False,True
pair_49737f41,math_test,1793,3140,3140,1.751254880089236,50,1.751254880089236,180,0.3927623702935336,186,186,0.10373675404350251,2.3076139181639475,2.3663178171936465,2.7327687013426676,False,True,2776,5074,5074,1.8278097982708934,65,1.8278097982708934,186,0.4173027379225503,197,197,0.07096541786743515,2.1667446617307,2.3632607380812547,2.632532367369839,False,True
pair_49f9b472,math_train,2733,4931,4931,1.8042444200512258,67,1.8042444200512258,171,0.4108140565193004,213,213,0.07793633369923161,2.1172992163747426,2.4601990832036225,3.0258950817253596,False,True,3187,5803,5803,1.8208346407279574,62,1.8208346407279574,164,0.40977290075500045,235,235,0.07373705679322247,2.244905346837888,2.5060604640059867,2.9985332275241987,False,True
pair_4a23a011,number_theory,1833,3224,3224,1.7588652482269505,57,1.7588652482269505,158,0.39603884667503275,186,186,0.10147299509001637,2.1958550757824993,2.4976820652925316,3.109495491904604,False,True,1167,2016,2016,1.7275064267352185,51,1.7275064267352185,116,0.3882419648807824,128,128,0.10968294772922023,2.1797504330899837,2.317537318361797,2.9811882582089826,False,True
pair_4c39d86a,cn_contest,9356,17870,17870,1.9100042753313382,85,1.9100042753313382,422,0.44938140477291577,279,279,0.029820436083796493,2.0814679928930375,2.170375795611384,2.383568382737797,False,True,8287,15808,15808,1.907566067334379,84,1.907566067334379,401,0.4485377260320418,270,270,0.032581151200675756,2.0580045612226505,2.1599243551729828,2.5141346737988526,False,True
pair_4c7ab903,cn_k12,1536,2648,2648,1.7239583333333333,44,1.7239583333333333,144,0.3890755798401309,179,179,0.11653645833333333,2.276646157729134,2.4016007371693346,2.3513941227989514,False,True,2393,4333,4333,1.8106978687839532,58,1.8106978687839532,152,0.41644040444526786,187,187,0.07814458838278311,2.114670207064685,2.42299214487568,2.4449733473446313,False,True
pair_4cffc8e6,amc_aime,2482,4488,4488,1.8082191780821917,65,1.8082191780821917,142,0.4146158939731486,156,156,0.06285253827558421,2.0822216743089323,2.358395711768399,2.71477135407422,False,True,13425,26011,26011,1.9375046554934823,77,1.9375046554934823,487,0.45677408361897026,268,268,0.019962756052141525,2.039679760857907,2.15871471266309,2.3501621392034218,False,True
pair_4d25cb85,olympiads,10838,20914,20914,1.9296918250599742,73,1.9296918250599742,385,0.45205897990881133,271,271,0.025004613397305777,2.090315626136646,2.155049555802949,2.3322239728140834,False,True,13856,26892,26892,1.9408198614318706,85,1.9408198614318706,521,0.45667391252633494,275,275,0.01984699769053118,2.0641662281886246,2.1541475995578017,2.2685964356403865,False,True
pair_4d494975,amc_aime,395,645,645,1.6329113924050633,31,1.6329113924050633,57,0.35892846629378866,57,57,0.14430379746835442,2.40537162545914,,,False,True,1835,3346,3346,1.823433242506812,50,1.823433242506812,125,0.4150373539677292,142,142,0.07738419618528611,2.1205015984344855,2.4731665104805622,2.8337458440578427,False,True
pair_4d68f3d1,math_train,4037,7643,7643,1.8932375526380976,58,1.8932375526380976,150,0.4326047128304969,179,179,0.04433985632895714,2.029350223781523,2.4729528242082903,3.1329175103619904,False,True,3038,5615,5615,1.84825543120474,66,1.84825543120474,100,0.4190178194047849,196,196,0.06451612903225806,2.225697290018676,2.3352196397413616,2.7904556026897662,False,True
pair_4fd720f4,olympiads_ref,2604,4551,4551,1.7476958525345623,64,1.7476958525345623,261,0.3965714900018598,174,174,0.06682027649769585,2.473486823014614,2.1880201210753656,2.2093288803764235,False,True,5904,11200,11200,1.897018970189702,84,1.897018970189702,263,0.44434427022841655,214,214,0.036246612466124664,2.061543431263898,2.2071818459113266,2.534955073683144,False,True
pair_512e1ab2,olympiads,8361,15950,15950,1.9076665470637484,61,1.9076665470637484,312,0.44262111107736735,307,307,0.03671809592154049,2.1183650611622786,2.3805783532464773,2.4016105039240845,False,True,15853,30835,30835,1.9450577177821233,70,1.9450577177821233,560,0.45645184820965023,320,320,0.020185453857314073,2.054303603859941,2.234826945155433,2.44652574088243,False,True
pair_517e0184,olympiads,11139,21482,21482,1.928539366190861,77,1.928539366190861,399,0.45257919705609306,336,336,0.030164287638028548,2.0304565027894745,2.2909316491466356,2.4960501368276793,False,True,15885,30952,30952,1.9485048788164936,78,1.9485048788164936,580,0.460189042088421,329,329,0.02071136292099465,1.9793184131327402,2.191615480162123,2.427606011968244,False,True
pair_535c413d,math_test,5997,11461,11461,1.9111222277805568,79,1.9111222277805568,209,0.44563459055531895,240,240,0.0400200100050025,2.04406296627441,2.2393024611661003,2.507549200841196,False,True,7040,13555,13555,1.9254261363636365,75,1.9254261363636365,221,0.44999950747795175,220,220,0.03125,1.9966333206955325,2.3016237689396117,2.4778434420695112,False,True
pair_54aff7bc,math_test,2326,4220,4220,1.814273430782459,59,1.814273430782459,137,0.41134241808038535,179,179,0.07695614789337919,2.09486749961231,2.666201674888575,2.9319348626992534,False,True,2808,5200,5200,1.8518518518518519,63,1.8518518518518519,141,0.42293940390094237,171,171,0.060897435897435896,2.055160025357771,2.5797489709947135,2.9039488349054388,False,True
pair_564fee0e,cn_k12,2146,3817,3817,1.7786579683131407,53,1.7786579683131407,176,0.4035906711550158,204,204,0.09506057781919851,2.186081100785551,2.5572457525683925,2.7153828436331073,False,True,1432,2478,2478,1.7304469273743017,51,1.7304469273743017,136,0.38568283577042217,171,171,0.11941340782122906,2.248613232595856,2.614942920440405,3.0906773738264213,False,True
pair_567a7178,olympiads,10136,19625,19625,1.9361681136543014,67,1.9361681136543014,369,0.4569604261030872,235,235,0.023184688239936857,1.9724291823377162,2.1756526470686666,2.4373099059153733,False,True,14638,28635,28635,1.9562098647356196,82,1.9562098647356196,468,0.46299590086466685,213,213,0.014551168192376007,1.958166130586199,2.2226974505047687,2.288860650716858,False,True
pair_5688be7b,olympiads_ref,3377,6309,6309,1.8682262363044122,65,1.8682262363044122,177,0.4295690317985132,183,183,0.054190109564702396,2.0209550943211108,2.4418819926531468,2.9616616379487652,False,True,3241,6010,6010,1.8543659364393705,73,1.8543659364393705,164,0.4254032028281569,185,185,0.05708114779389077,2.027552528556453,2.4673986567761643,3.1714099219968954,False,True
pair_57c4dba0,aops_forum,28325,55850,55850,1.9717563989408649,145,1.9717563989408649,672,0.4619629283772177,197,197,0.0069549867608120035,2.0094986202852514,2.3734655796178092,2.3512589969588706,False,True,25904,51152,51152,1.9746757257566399,142,1.9746757257566399,611,0.46205527035121907,194,194,0.007489190858554664,2.024886487821404,2.3409391762272582,2.4222546557454123,False,True
pair_587b1256,olympiads,3041,5494,5494,1.8066425517921736,65,1.8066425517921736,219,0.41435989421122105,247,247,0.08122328181519237,2.115900359931751,2.4722628515848957,2.5204214245878322,False,True,3339,6129,6129,1.8355795148247978,71,1.8355795148247978,206,0.4222559289931541,238,238,0.07127882599580712,2.108122832740542,2.406449412592069,2.684601422129634,False,True
pair_58e22ef3,math_train,2977,5530,5530,1.8575747396708095,61,1.8575747396708095,143,0.42748024182991845,147,147,0.04937856902922405,2.0155581442860955,2.386364570314826,2.9714157361199374,False,True,4044,7650,7650,1.8916913946587537,72,1.8916913946587537,184,0.4385389473956414,147,147,0.03635014836795252,1.9833497076592344,2.2776657217075273,2.971158271840298,False,True
pair_59111b24,math_test,6159,11729,11729,1.9043675921415815,69,1.9043675921415815,276,0.44553080264457473,230,230,0.037343724630621855,2.058506747313494,2.2164088877360832,2.6399256305028187,False,True,7980,15453,15453,1.9364661654135338,81,1.9364661654135338,351,0.4549932635899592,189,189,0.02368421052631579,2.004836208781084,2.1473920596358074,2.615244741220605,False,True
pair_5a6fca10,math_train,3227,5970,5970,1.8500154942671212,62,1.8500154942671212,197,0.42221592416166154,209,209,0.06476603656647041,2.0632006454707614,2.553225141714649,2.792375838063918,False,True,4227,7891,7891,1.8668086113082565,63,1.8668086113082565,230,0.4300600052339576,244,244,0.05772415424651053,2.039317067330675,2.458430969176783,2.8011617769191366,False,True
pair_5cf7a965,math_test,3880,7154,7154,1.8438144329896908,55,1.8438144329896908,245,0.424308223501235,266,266,0.06855670103092784,2.1238473526659103,2.467687663672824,2.5874216869651683,False,True,3028,5596,5596,1.8480845442536327,58,1.8480845442536327,177,0.423988686011805,200,200,0.06605019815059446,2.0342964637609966,2.5491535720474126,2.9520155775535013,False,True
pair_5d026d45,amc_aime,814,1338,1338,1.6437346437346438,42,1.6437346437346438,111,0.3613005586099757,136,136,0.16707616707616707,2.3930207307808367,2.6054831596917722,,False,True,257,384,384,1.4941634241245136,32,1.4941634241245136,41,0.31239867055771725,59,59,0.22957198443579765,2.44137686049575,,,False,True
pair_5daf2594,olympiads_ref,3376,6202,6202,1.837085308056872,60,1.837085308056872,208,0.41949059774327496,227,227,0.06723933649289099,2.1267512643443736,2.4519369519765384,2.693751293140066,False,True,3325,6114,6114,1.838796992481203,60,1.838796992481203,193,0.420353336727491,219,219,0.06586466165413533,2.0511367938851297,2.533163530771537,3.114517252733289,False,True
pair_5df84962,amc_aime,1212,2122,2122,1.7508250825082508,43,1.7508250825082508,87,0.39550069521561015,117,117,0.09653465346534654,2.202439031264492,2.4520700964024775,2.6283917647079624,False,True,1810,3220,3220,1.7790055248618784,45,1.7790055248618784,140,0.4004800796129165,161,161,0.08895027624309393,2.2694384419001516,2.4869085116048595,2.7917782363749786,False,True
pair_5ee839bd,cn_contest,2505,4522,4522,1.805189620758483,58,1.805189620758483,197,0.4103792415169661,215,215,0.08582834331337326,2.1943422156915027,2.490834738493377,2.434838332900024,False,True,2888,5260,5260,1.8213296398891967,61,1.8213296398891967,201,0.4163382239870238,223,223,0.07721606648199446,2.171303838934828,2.4741758907291427,2.50213586078344,False,True
pair_5eec702b,math_test,2271,4143,4143,1.8243064729194187,61,1.8243064729194187,142,0.41937098359368136,169,169,0.07441655658300309,2.027209804076664,2.4922129189860716,2.977316901872758,False,True,2065,3747,3747,1.8145278450363196,56,1.8145278450363196,140,0.4157116815324738,164,164,0.07941888619854721,2.0494988312908404,2.576434077609017,2.8158572695680864,False,True
pair_5eff76b6,amc_aime,1290,2266,2266,1.7565891472868218,50,1.7565891472868218,121,0.39457843278118737,140,140,0.10852713178294573,2.198966526306445,2.554471344688798,3.0012951496339575,False,True,1459,2589,2589,1.7745030843043181,46,1.7745030843043181,122,0.403819502079632,141,141,0.09664153529814942,2.1197459733288477,2.4562142440261634,2.910514276854329,False,True
pair_5feca8f4,olympiads,5738,11035,11035,1.9231439525967235,86,1.9231439525967235,250,0.44912221214447584,185,185,0.03224119902405019,2.0240047449334084,2.3447832567637343,2.534811817536731,False,True,4502,8566,8566,1.9027099067081297,87,1.9027099067081297,200,0.43998848463644924,184,184,0.040870724122612175,2.0666153150637276,2.4011211921297546,2.6108627099981856,False,True
pair_60565fc7,number_theory,80,110,110,1.375,16,1.375,13,0.2615909090909091,20,20,0.25,,,,False,True,80,110,110,1.375,16,1.375,13,0.2615909090909091,20,20,0.25,,,,False,True
pair_606263d6,math_train,4930,9213,9213,1.868762677484787,63,1.868762677484787,231,0.4348476412089892,232,232,0.047058823529411764,2.042965514359202,2.2959548063670567,2.601721101778209,False,True,4761,8942,8942,1.8781768536021843,72,1.8781768536021843,202,0.43685345843086615,227,227,0.04767905902121403,2.0390640188399556,2.2871664549542707,2.528317908733412,False,True
pair_62b6e279,math_test,205,305,305,1.4878048780487805,21,1.4878048780487805,26,0.30742902838864455,42,42,0.2048780487804878,2.2710001738108816,,,False,True,18515,33035,33035,1.784229003510667,58,1.784229003510667,1472,0.43341004011285833,528,528,0.0285174183094788,1.9979823311247307,2.0150383138065804,4.618123213903047,False,True
pair_6357c298,amc_aime,2639,4775,4775,1.8093974990526716,57,1.8093974990526716,212,0.4127171763062718,222,222,0.08412277377794619,2.1676624028632014,2.50186446995997,2.472008896617295,False,True,1906,3470,3470,1.8205666316894018,53,1.8205666316894018,126,0.4130838154047132,147,147,0.07712486883525708,2.1164697035827986,2.610527696687242,2.8020196972491327,False,True
pair_6369b437,math_test,1315,2398,2398,1.823574144486692,47,1.823574144486692,73,0.4146148406308172,78,78,0.05931558935361217,2.1074366559896927,2.238580701299237,2.900415795633304,False,True,1354,2496,2496,1.8434268833087148,50,1.8434268833087148,68,0.4195451274476385,77,77,0.0568685376661743,2.1000867204890765,2.248940431125993,2.9329756135609504,False,True
pair_659419e1,olympiads,10584,20566,20566,1.943121693121693,93,1.943121693121693,426,0.4550325284251598,243,243,0.02295918367346939,2.110865093703135,2.1781244655054754,2.419042714047353,False,True,18136,35600,35600,1.9629466254962507,100,1.9629466254962507,931,0.4646041426079113,235,235,0.012957653286281429,2.0490017853595885,2.1862085349084373,2.3149180601401507,False,True
pair_665c7b43,secondary_math,3600,6765,6765,1.8791666666666667,63,1.8791666666666667,166,0.43373864662889056,174,174,0.04833333333333333,2.1060634607170803,2.3086204689337126,2.6796641745113403,False,True,2967,5515,5515,1.8587799123693967,64,1.8587799123693967,154,0.42778242749421636,164,164,0.05527468823727671,2.1100881035362815,2.3350504564747943,2.721077184153628,False,True
pair_66b87803,cn_k12,14168,27211,27211,1.920595708639187,96,1.920595708639187,560,0.4543210932213222,428,428,0.03020892151326934,2.029428106013456,2.2246836442379188,2.296242757446996,False,True,41294,81509,81509,1.973870295926769,136,1.973870295926769,1255,0.46787712362095857,306,306,0.007410277522158183,2.005544528851593,2.2766141704388763,2.331555793697804,False,True
pair_677749e1,math_train,2209,3998,3998,1.8098687188773201,56,1.8098687188773201,146,0.4095209669117039,168,168,0.07605251244907198,2.1042417584706383,2.6011028444275723,3.222213570661831,False,True,2195,3972,3972,1.8095671981776766,56,1.8095671981776766,146,0.40971034141037377,168,168,0.0765375854214123,2.097652852420934,2.598714440102909,3.222213570661831,False,True
pair_6801c12d,olympiads_ref,3243,5824,5824,1.795868023435091,66,1.795868023435091,183,0.4072925032106346,234,234,0.07215541165587419,2.205666807144123,2.3884784712972094,2.6244294863706203,False,True,6587,12477,12477,1.894185516927281,90,1.894185516927281,223,0.4367991195191288,224,224,0.03400637619553666,2.0952526379154404,2.3379156358955835,2.8304901100752664,False,True
pair_68e74a3f,cn_k12,2118,3743,3743,1.767233238904627,58,1.767233238904627,161,0.39331826712349677,216,216,0.10198300283286119,2.2303091888964164,2.564052738416,2.7856770653904674,False,True,2498,4498,4498,1.8006405124099278,63,1.8006405124099278,166,0.4100639337615045,215,215,0.08606885508406725,2.126117108953806,2.384130309223261,2.6901277611421315,False,True
pair_6920c5e4,secondary_math,5026,9459,9459,1.8820135296458416,70,1.8820135296458416,237,0.4350222694404784,250,250,0.04974134500596896,2.0798068067453896,2.3567509836090466,2.6395159358913327,False,True,8754,16871,16871,1.9272332647932373,86,1.9272332647932373,398,0.4496758229371781,243,243,0.027758738862234407,2.115849365959382,2.2281042112404363,2.4177532932519696,False,True
pair_69286778,olympiads,1418,2446,2446,1.7249647390691114,55,1.7249647390691114,151,0.3877007105236147,141,141,0.09943582510578279,2.2792958045640344,2.324732517357032,2.8395860141769127,False,True,2649,4871,4871,1.8388070970177426,56,1.8388070970177426,168,0.4232699300697133,163,163,0.06153265383163458,2.092449215393718,2.4426192668238214,2.815038053666794,False,True
pair_6ba505c0,cn_k12,10044,19206,19206,1.9121863799283154,95,1.9121863799283154,437,0.44964526177498376,339,339,0.03375149342891278,2.0764209579165156,2.2768807926907493,2.3423490280573054,False,True,8779,16860,16860,1.920492083380795,85,1.920492083380795,428,0.451850413548886,263,263,0.02995785396970042,2.0371341232289026,2.2542087511760567,2.341194096491381,False,True
pair_6bcfd203,math_train,1061,1766,1766,1.6644674835061264,50,1.6644674835061264,104,0.36664272150784055,154,154,0.14514608859566447,2.31149036172417,2.455842941312575,,False,True,799,1396,1396,1.7471839799749687,55,1.7471839799749687,40,0.39562705530910774,56,56,0.07008760951188986,1.917396257663754,2.444925929900974,,False,True
pair_6d3a0d6c,math_test,95,131,131,1.3789473684210527,18,1.3789473684210527,13,0.26195259140216953,22,22,0.23157894736842105,,,,False,True,117,166,166,1.4188034188034189,21,1.4188034188034189,16,0.2746370095767686,26,26,0.2222222222222222,2.7656939698999783,,,False,True
pair_6d779213,olympiads,2313,3981,3981,1.721141374837873,65,1.721141374837873,135,0.3811971977137838,233,233,0.10073497622135755,2.2586769875631396,2.5773654075582373,2.950258595853871,False,True,7007,13074,13074,1.8658484372770088,74,1.8658484372770088,252,0.4275324972237055,359,359,0.051234479805908374,2.1345950415217176,2.404483773138463,2.550727997442647,False,True
pair_6e98ad25,aops_forum,938,1608,1608,1.7142857142857142,50,1.7142857142857142,97,0.38007589981860423,105,105,0.11194029850746269,2.250708328714686,2.94188424101711,,False,True,394,646,646,1.6395939086294415,33,1.6395939086294415,47,0.3491301409690245,46,46,0.116751269035533,2.4063654647630246,3.475355825403902,,False,True
pair_7007ed35,math_train,2311,4198,4198,1.8165296408481177,52,1.8165296408481177,162,0.41369105108467924,177,177,0.07659022068368672,2.1403349469649156,2.4697398097215473,2.507451965593744,False,True,2331,4237,4237,1.8176748176748176,52,1.8176748176748176,161,0.4140009053863196,176,176,0.07550407550407551,2.1287166922415945,2.4634967119492748,2.5330775022096113,False,True
pair_7187bdc5,amc_aime,4463,8296,8296,1.8588393457315706,70,1.8588393457315706,175,0.4250297258223676,258,258,0.057808648890880575,2.1183332100057624,2.4135962666243467,2.914939615581841,False,True,8249,15274,15274,1.8516183779852102,82,1.8516183779852102,173,0.43566022096741985,304,304,0.036852951872954294,2.2184162534577045,2.0861160948397415,2.0947202803927656,False,True
pair_71cf0c00,olympiads,5290,9952,9952,1.8812854442344045,62,1.8812854442344045,219,0.43923904685780973,239,239,0.04517958412098299,2.0342921587842215,2.2028956415823138,2.526019783206049,False,True,40757,80666,80666,1.9791937581274381,168,1.9791937581274381,1625,0.46952498824010674,171,171,0.004195598302132149,2.0132413436748715,2.0161376211698645,2.0680289295659757,False,True
pair_73bd6122,cn_k12,146,202,202,1.3835616438356164,18,1.3835616438356164,26,0.26800488268004885,36,36,0.2465753424657534,2.804788820805583,,,False,True,644,1038,1038,1.6118012422360248,40,1.6118012422360248,98,0.3529033377613423,113,113,0.17546583850931677,2.395988615235405,2.58264127428033,,False,True
pair_7415487b,cn_k12,523,844,844,1.6137667304015297,32,1.6137667304015297,72,0.35370583491160185,86,86,0.16443594646271512,2.3911808358445596,,,False,True,1771,3171,3171,1.790513833992095,53,1.790513833992095,133,0.4087430538008466,161,161,0.09090909090909091,2.243897430454431,2.4415909839659453,2.39631089682591,False,True
pair_7580a01f,olympiads,11893,22914,22914,1.926679559404692,109,1.926679559404692,465,0.45228734693726574,336,336,0.028251912889935255,2.063877307339105,2.2308112444969206,2.4021365936113854,False,True,15986,31277,31277,1.956524458901539,95,1.956524458901539,548,0.4625823681183196,219,219,0.013699487051169773,1.968358717484159,2.242195503410188,2.3426007979335455,False,True
pair_759606e4,math_train,23324,43336,43336,1.8580003429943406,87,1.8580003429943406,1903,0.45671582538973027,383,383,0.01642085405590808,1.912276867126561,2.236784532322757,1.5008015431250612,False,True,23324,43336,43336,1.8580003429943406,87,1.8580003429943406,1903,0.45671582538973027,383,383,0.01642085405590808,1.912276867126561,2.236784532322757,1.5008015431250612,False,True
pair_77658e38,cn_k12,4326,8220,8220,1.9001386962552012,67,1.9001386962552012,162,0.4428616423301421,187,187,0.043226999537679146,1.9995089931450303,2.298732930353039,2.57009729426725,False,True,2875,5298,5298,1.8427826086956522,61,1.8427826086956522,155,0.42634890935053427,191,191,0.06643478260869565,2.058935896449448,2.4036011392840084,2.4459718672506985,False,True
pair_78234522,olympiads_ref,5284,10058,10058,1.9034822104466314,62,1.9034822104466314,237,0.44260318916371344,187,187,0.03538985616956851,2.1108900241433934,2.299980613268196,2.4381843594930444,False,True,9984,19269,19269,1.9299879807692308,88,1.9299879807692308,374,0.45227099463766035,285,285,0.028545673076923076,2.056147050174803,2.2102399037958795,2.5271760095262294,False,True
pair_788625c0,olympiads,4000,7346,7346,1.8365,86,1.8365,182,0.42474659678736726,208,208,0.052,2.1289820530656454,2.227628824338992,2.717170225429621,False,True,2680,4797,4797,1.7899253731343283,77,1.7899253731343283,108,0.4113213637876907,181,181,0.06753731343283582,2.123419170903675,2.2493704884028873,2.6107610188308317,False,True
pair_7a30a024,olympiads,1341,2468,2468,1.8404175988068605,43,1.8404175988068605,78,0.42435010037503157,83,83,0.061894108873974646,2.0377477043745538,2.246028814901382,2.9580101504791134,False,True,1614,2960,2960,1.8339529120198266,52,1.8339529120198266,96,0.42155631467899124,102,102,0.06319702602230483,2.113732997342631,2.3054496072318766,2.94157899701979,False,True
pair_7a9abe33,amc_aime,1528,2614,2614,1.7107329842931938,67,1.7107329842931938,176,0.3846900699816133,190,190,0.1243455497382199,2.31016289839449,2.572586987470716,2.503477816196157,False,True,2507,4487,4487,1.789788591942561,55,1.789788591942561,206,0.408575800550969,221,221,0.08815317112086159,2.127164045533309,2.4839718277990945,2.736445147570798,False,True
pair_7b0b98d6,cn_k12,2979,5503,5503,1.8472641826116147,63,1.8472641826116147,165,0.4227019629867733,189,189,0.0634441087613293,2.1629543483734226,2.357056093561595,2.842134702286634,False,True,4616,8720,8720,1.8890814558058926,68,1.8890814558058926,211,0.43822861844720395,209,209,0.04527729636048527,2.097701166332179,2.260335763803356,2.6177234374606613,False,True
pair_7b176d5c,math_test,3477,6246,6246,1.7963761863675582,58,1.7963761863675582,270,0.4095100588276411,281,281,0.08081679608858211,2.238556358800687,2.349267336020471,2.415670280539752,False,True,5488,10240,10240,1.8658892128279883,85,1.8658892128279883,270,0.43386433326120627,281,281,0.05120262390670554,2.1222109312492483,2.2828613211908357,2.5144921418841824,False,True
pair_7cb6be3d,olympiads,2292,4142,4142,1.807155322862129,51,1.807155322862129,169,0.4138550480625407,176,176,0.07678883071553229,2.134536256353734,2.4353536944884606,2.499848871695903,False,True,4163,7893,7893,1.895988469853471,66,1.895988469853471,213,0.44083107844138875,167,167,0.04011530146528945,2.088254351790202,2.215599200024708,2.732630728723664,False,True
pair_7f6de6ca,number_theory,1785,3129,3129,1.7529411764705882,57,1.7529411764705882,149,0.39247305186056525,189,189,0.10588235294117647,2.2367888660613726,2.619867449510145,2.5724949025623696,False,True,815,1328,1328,1.6294478527607361,50,1.6294478527607361,108,0.3588642915219159,136,136,0.1668711656441718,2.347331077107567,2.6461239933857357,,False,True
pair_7fda4fb2,olympiads,2915,5221,5221,1.791080617495712,61,1.791080617495712,215,0.4111694328518258,253,253,0.08679245283018867,2.1664100569539717,2.390716802722996,2.382467207063267,False,True,802,1309,1309,1.6321695760598505,47,1.6321695760598505,114,0.36498612140390047,131,131,0.1633416458852868,2.2340408698201686,2.532509052110459,,False,True
pair_807fa532,olympiads,10592,20569,20569,1.9419373111782476,87,1.9419373111782476,377,0.45898402587620857,251,251,0.02369712990936556,1.9619228554987416,2.2194571517439314,2.5211760379972965,False,True,5498,10510,10510,1.9116042197162604,70,1.9116042197162604,230,0.4472444092636056,214,214,0.03892324481629684,1.9574756079711895,2.3498766143750127,2.505005782890451,False,True
pair_80de1ec1,cn_k12,4197,7904,7904,1.8832499404336431,65,1.8832499404336431,189,0.4393101420042656,208,208,0.049559208958780084,2.032862237268672,2.274945248421334,2.6147280807660036,False,True,3364,6254,6254,1.8590963139120096,61,1.8590963139120096,181,0.4304375758373143,203,203,0.0603448275862069,2.0708828810813547,2.287441306474429,2.678981174570759,False,True
pair_80fc276c,olympiads,5059,9585,9585,1.8946432101205772,78,1.8946432101205772,196,0.4432521287926103,224,224,0.04427752520260921,2.0572645884683136,2.302304061117359,2.512414175673078,False,True,8438,16358,16358,1.9386110452713914,71,1.9386110452713914,263,0.4580852413964262,199,199,0.023583787627399856,1.9171300288192357,2.2644667236951057,2.37644470834144,False,True
pair_81db3cca,cn_k12,1703,2926,2926,1.7181444509688784,45,1.7181444509688784,173,0.38873179853493234,207,207,0.12155020551967116,2.3228408759052437,2.2032521656082418,2.524259100257898,False,True,3193,5908,5908,1.85029752583777,63,1.85029752583777,168,0.42809709204355073,207,207,0.06482931412464767,2.086057431654325,2.3433999474363048,2.670674075231923,False,True
pair_81dfa8e6,aops_forum,5941,11147,11147,1.8762834539639792,77,1.8762834539639792,261,0.433539475606902,296,296,0.049823262077091396,2.1302384035272057,2.261120824078578,2.4434014337245036,False,True,8182,15549,15549,1.9003911024199462,87,1.9003911024199462,268,0.4385837116525786,315,315,0.03849914446345637,2.136638433115528,2.2961873649986435,2.5795934469589397,False,True
pair_82f26bd9,amc_aime,1746,3133,3133,1.7943871706758305,63,1.7943871706758305,121,0.4054761620103623,147,147,0.08419243986254296,2.1965621639510027,2.531033513048677,2.3154078971379466,False,True,1075,1864,1864,1.733953488372093,54,1.733953488372093,98,0.3859057790198623,116,116,0.10790697674418605,2.25716729804748,2.668224640199244,,False,True
pair_842aefbb,number_theory,146,208,208,1.4246575342465753,23,1.4246575342465753,17,0.27647523709167543,33,33,0.22602739726027396,2.7354103253366095,,,False,True,215,332,332,1.544186046511628,31,1.544186046511628,22,0.30624824880919027,38,38,0.17674418604651163,2.873572875738353,,,False,True
pair_84334dbe,olympiads,12697,24821,24821,1.9548712294242734,82,1.9548712294242734,352,0.46112917167711553,212,212,0.016696857525399702,1.9632771090507752,2.2441087629493173,2.3347228905779627,False,True,11194,21868,21868,1.9535465427907808,84,1.9535465427907808,304,0.4601766232720441,206,206,0.01840271574057531,1.9653995734145115,2.2189266083979717,2.4105985376776684,False,True
pair_87179bc6,math_test,2813,5130,5130,1.8236757909704941,53,1.8236757909704941,190,0.42020818131357546,220,220,0.0782083185211518,2.0698018713643567,2.436580173817669,2.8395526544762157,False,True,2856,5223,5223,1.828781512605042,56,1.828781512605042,186,0.42128257582948936,217,217,0.07598039215686274,2.0679644936402086,2.4484133716555965,2.82966749699011,False,True
pair_877062a7,math_train,4842,8915,8915,1.8411813300289137,61,1.8411813300289137,241,0.4198927963234393,333,333,0.0687732342007435,2.1799354403540097,2.5380272791633716,2.3529686317891105,False,True,6217,11667,11667,1.8766285990027345,70,1.8766285990027345,233,0.4306427385468161,326,326,0.05243686665594338,2.1360296324697092,2.37556970366553,2.6114577850944043,False,True
pair_8793031c,olympiads,11554,22280,22280,1.928336506837459,93,1.928336506837459,494,0.45536089376898237,278,278,0.024060931279210662,1.997491213102462,2.1671964026816584,2.531398835545239,False,True,11193,21555,21555,1.9257571696596087,87,1.9257571696596087,493,0.45492198074305107,296,296,0.026445099615831323,1.9989851067014643,2.1655379642316523,2.5171410461144355,False,True
pair_87ba057a,olympiads_ref,400,682,682,1.705,37,1.705,31,0.37618035190615834,36,36,0.09,2.107382119522055,2.822774618656478,,False,True,386,666,666,1.7253886010362693,36,1.7253886010362693,25,0.38082901554404147,33,33,0.08549222797927461,2.0722240322582346,2.8594446860249887,,False,True
pair_87d2dbfe,math_test,1721,3068,3068,1.7826844857640907,52,1.7826844857640907,99,0.4204792095799492,88,88,0.05113306217315514,1.9690728266577002,1.7793787893961661,2.5394093307507712,False,True,1508,2700,2700,1.790450928381963,52,1.790450928381963,95,0.42331270262304743,63,63,0.04177718832891247,1.8764781491369438,1.7513142923492584,2.5743238781832227,False,True
pair_88838551,amc_aime,2288,4107,4107,1.7950174825174825,71,1.7950174825174825,189,0.40960395521206333,185,185,0.08085664335664336,2.180890752381942,2.446026180425113,2.9047112700478133,False,True,2118,3862,3862,1.8234183191690274,63,1.8234183191690274,139,0.41228937532794535,142,142,0.06704438149197356,2.1074339112401637,2.6354431112977967,3.5201948140513895,False,True
pair_8956508b,math_test,1791,3110,3110,1.7364600781686208,50,1.7364600781686208,183,0.39004849183394646,201,201,0.11222780569514237,2.2049632335664517,2.8020158978891723,2.724109745649459,False,True,391,610,610,1.5601023017902813,28,1.5601023017902813,55,0.3309211353821643,73,73,0.1867007672634271,2.28807397835972,,,False,True
pair_896a11b6,olympiads_ref,10189,19602,19602,1.9238394346844636,78,1.9238394346844636,323,0.45122186091502375,230,230,0.022573363431151242,2.0852492524811277,2.215376602608446,2.4052772546920353,False,True,410,694,694,1.6926829268292682,35,1.6926829268292682,39,0.3793280382371547,30,30,0.07317073170731707,2.177604156966013,,,False,True
pair_8a45bd25,cn_contest,11417,21941,21941,1.921783305596917,80,1.921783305596917,511,0.451894014363578,331,331,0.028991854252430584,2.0603199797334746,2.193262954510872,2.434223015494691,False,True,12102,23402,23402,1.9337299619897537,97,1.9337299619897537,462,0.45523366740368604,319,319,0.026359279457940837,2.0232896703817884,2.223703476467188,2.3973664291391668,False,True
pair_8a465ac4,olympiads,748,1202,1202,1.606951871657754,47,1.606951871657754,123,0.3517488677516083,131,131,0.1751336898395722,2.463115258219439,2.3432552557794515,,False,True,676,1087,1087,1.6079881656804733,42,1.6079881656804733,110,0.3537408207813699,116,116,0.17159763313609466,2.4504355639957303,2.2871425418579854,,False,True
pair_8d6d2aa2,olympiads_ref,5649,10481,10481,1.8553726323243052,85,1.8553726323243052,208,0.43374399475171665,135,135,0.02389803505045141,2.050779921323685,2.1744226560988116,2.250557187407439,False,True,9186,17343,17343,1.887981711299804,81,1.887981711299804,379,0.45805461906456507,125,125,0.013607663836272588,1.9201444271231805,1.912821918680705,2.056534265366202,False,True
pair_915d7da0,math_train,3286,6032,6032,1.8356664637857578,55,1.8356664637857578,206,0.42024358624564306,240,240,0.07303712720632989,2.111989830210377,2.495707054454134,2.8921720358884206,False,True,3471,6370,6370,1.8352059925093633,62,1.8352059925093633,204,0.42163618987918283,250,250,0.07202535292422933,2.1258860432430193,2.352557796319042,2.7318791981461095,False,True
pair_919a0d3c,number_theory,149,218,218,1.4630872483221478,19,1.4630872483221478,19,0.28711286250846624,16,16,0.10738255033557047,2.866077948879929,,,False,True,139,202,202,1.4532374100719425,19,1.4532374100719425,19,0.28150153144810885,14,14,0.10071942446043165,3.0053985595698793,,,False,True
pair_92daf189,inequalities,5977,11262,11262,1.8842228542747197,62,1.8842228542747197,264,0.43599868280964676,286,286,0.04785009201940773,2.129991328279835,2.3083372925355086,2.4343615058050116,False,True,7334,14029,14029,1.9128715571311699,67,1.9128715571311699,315,0.44485766880140737,270,270,0.03681483501499864,2.0952173542090122,2.321456267245563,2.525529885335314,False,True
pair_95cc16d3,math_train,3404,6356,6356,1.8672150411280846,57,1.8672150411280846,167,0.43314495440524936,192,192,0.0564042303172738,2.0260827869721485,2.352708517576001,2.6354737150968,False,True,4476,8472,8472,1.8927613941018766,63,1.8927613941018766,172,0.44154159504346335,198,198,0.04423592493297587,1.9766736838171193,2.2828987549708097,2.543994013736649,False,True
pair_95ff000b,olympiads,12522,24186,24186,1.9314805941542885,87,1.9314805941542885,469,0.45352563842222987,331,331,0.026433477080338604,2.015164102529552,2.273450109588029,2.4942126726606073,False,True,10873,21040,21040,1.935068518348202,84,1.935068518348202,463,0.4535503404498323,265,265,0.024372298353720224,2.016626600451155,2.2463656910307344,2.595592067072719,False,True
pair_965e479d,olympiads_ref,8205,15787,15787,1.9240706886045094,84,1.9240706886045094,314,0.45018749951508247,250,250,0.030469226081657527,2.020994525091453,2.2507595216444756,2.5733949300704637,False,True,18735,36841,36841,1.9664264745129436,97,1.9664264745129436,646,0.46348405054309544,235,235,0.012543368027755538,1.9747549348898716,2.2708075633618323,2.3832913229412522,False,True
pair_99ea5bb6,math_train,6284,11634,11634,1.851368555060471,68,1.851368555060471,269,0.4224146515399069,365,365,0.058084022915340545,2.220060397511211,2.378910479500706,2.732522211801693,False,True,5125,9449,9449,1.8437073170731708,75,1.8437073170731708,210,0.41774310870423764,293,293,0.057170731707317075,2.1841951191479794,2.4686484457515765,2.751402959191962,False,True
pair_99eea8ae,math_test,158,250,250,1.5822784810126582,26,1.5822784810126582,14,0.33655696202531643,16,16,0.10126582278481013,2.212596213288429,,,False,True,1844,3287,3287,1.782537960954447,50,1.782537960954447,126,0.39992737445283366,164,164,0.08893709327548807,2.159167853006472,2.7927658186324806,2.754206089828168,False,True
pair_9a76e23c,cn_contest,5852,11052,11052,1.8885850991114148,91,1.8885850991114148,236,0.4407915764636149,269,269,0.04596719070403281,2.0174828543051806,2.288096834347418,2.5084451967505323,False,True,6405,12139,12139,1.8952380952380952,89,1.8952380952380952,252,0.4432010450892823,266,266,0.041530054644808745,2.009801567254625,2.2526916913740322,2.4895542334358636,False,True
pair_9a84ead7,math_test,1593,2799,2799,1.7570621468926553,49,1.7570621468926553,136,0.3907300764531858,162,162,0.1016949152542373,2.3235923175398616,2.5709376040868444,2.9109687492736116,False,True,634,1058,1058,1.6687697160883281,34,1.6687697160883281,72,0.36115401358434757,87,87,0.13722397476340695,2.329257514238871,2.95777405756332,,False,True
pair_9af28884,math_train,2582,4813,4813,1.8640588690937259,48,1.8640588690937259,102,0.4251776310061361,137,137,0.05305964368706429,2.0750543472015597,2.4009046720866976,3.06676906256852,False,True,901,1607,1607,1.783573806881243,45,1.783573806881243,78,0.3898468617114221,80,80,0.08879023307436182,2.3065007452951605,2.4174790706759497,,False,True
pair_9b461a0f,math_test,3874,7144,7144,1.8440887971089313,75,1.8440887971089313,212,0.4212337280552406,271,271,0.06995353639648942,2.1739926275941923,2.3972820473977245,2.7256779684454564,False,True,4289,8002,8002,1.8657029610631848,87,1.8657029610631848,189,0.42551317171872804,261,261,0.060853345768244346,2.215186102047471,2.371439546576638,2.6224163290659352,False,True
pair_9d3572bb,amc_aime,971,1672,1672,1.721936148300721,59,1.721936148300721,94,0.38146191712780686,110,110,0.11328527291452112,2.240715788460511,2.6790547205225117,,False,True,832,1405,1405,1.6887019230769231,42,1.6887019230769231,79,0.3724960648781823,102,102,0.12259615384615384,2.246166425415624,2.8338755446758137,,False,True
pair_9d50620a,math_test,8291,15945,15945,1.9231697020865999,74,1.9231697020865999,312,0.4511843892278513,258,258,0.031118079845615727,2.0923524355320717,2.174230040507675,2.4168426014556674,False,True,8090,15594,15594,1.9275648949320148,85,1.9275648949320148,303,0.4541502365414862,223,223,0.027564894932014833,1.9992120692182045,2.1411653442631504,2.4088073683127753,False,True
pair_9effdc53,cn_k12,2432,4395,4395,1.807154605263158,52,1.807154605263158,191,0.41817153538710256,190,190,0.078125,2.137609725438134,2.2607369161210347,2.5664637599931805,False,True,2969,5424,5424,1.8268777366116538,63,1.8268777366116538,204,0.4215017819334698,230,230,0.07746716066015494,2.1195480529638973,2.3453567478779274,2.5988841991040132,False,True
pair_9f0d7c77,amc_aime,2948,5433,5433,1.8429443690637721,61,1.8429443690637721,191,0.424778434517838,200,200,0.06784260515603799,2.111912743974866,2.369400750097081,2.4983255301214977,False,True,3046,5618,5618,1.8443860801050558,65,1.8443860801050558,185,0.4258079566499856,199,199,0.06533158240315168,2.122205776320479,2.4016796686631032,2.4075948127650215,False,True
pair_a0095248,math_test,8362,15751,15751,1.8836402774455872,74,1.8836402774455872,401,0.4403806375562067,347,347,0.04149724946185123,2.073402697539255,2.450915535798709,2.380546431739325,False,True,8912,16959,16959,1.902939856373429,87,1.902939856373429,358,0.4462449793106471,346,346,0.03882405745062836,2.078268398106174,2.2117822166441314,2.3417712682746235,False,True
pair_a00e8681,olympiads,3788,6867,6867,1.812829989440338,56,1.812829989440338,201,0.40922031342528714,289,289,0.0762935586061246,2.2410211915388007,2.495653870605912,2.4931311885973484,False,True,3988,7426,7426,1.862086258776329,61,1.862086258776329,170,0.4285884856292551,231,231,0.05792377131394182,2.067281644419711,2.4317695550682874,2.7982099781074448,False,True
pair_a10926bc,math_test,2323,4300,4300,1.8510546706844597,57,1.8510546706844597,130,0.42096487100681756,146,146,0.06284976323719328,2.0815906837623506,2.469529571938861,2.91433052204173,False,True,2671,4985,4985,1.866342193934856,58,1.866342193934856,133,0.42533801329109006,149,149,0.055784350430550356,2.049133638098207,2.481023112364176,2.815207590854809,False,True
pair_a302a9d8,math_train,1392,2474,2474,1.7772988505747127,57,1.7772988505747127,62,0.41213157063343836,84,84,0.0603448275862069,2.1262030698989958,2.1454741073691252,2.206425282466284,False,True,985,1712,1712,1.7380710659898477,59,1.7380710659898477,54,0.3947151193130604,77,77,0.07817258883248732,2.0332434355826883,2.484983533071478,,False,True
pair_a3b6f8e9,aops_forum,3272,6141,6141,1.8768337408312958,66,1.8768337408312958,166,0.43137804981468497,167,167,0.05103911980440098,2.1242507274162437,2.2921726006288985,2.683365423568244,False,True,4626,8801,8801,1.9025075659316903,70,1.9025075659316903,193,0.4420352391862085,192,192,0.041504539559014265,2.0838226585361386,2.307046047994324,2.404698050241489,False,True
pair_a41e71a8,cn_k12,3123,5690,5690,1.8219660582772974,62,1.8219660582772974,203,0.41709669232245367,232,232,0.07428754402817804,2.165478893422828,2.4211074475120915,2.5201330527996038,False,True,4158,7736,7736,1.8605098605098604,62,1.8605098605098604,187,0.4316629882813957,230,230,0.05531505531505532,2.139891562199618,2.1834534660520255,2.4287237446489973,False,True
pair_a57e4b7b,olympiads,3287,6116,6116,1.8606632187404928,71,1.8606632187404928,177,0.4288921436349828,191,191,0.058107696988135074,2.090074754374645,2.3886954584113553,2.8508844747336797,False,True,5044,9603,9603,1.9038461538461537,76,1.9038461538461537,230,0.44132783230987077,207,207,0.04103885804916733,2.093321372728193,2.2371427388681533,2.689053319556234,False,True
pair_aa25e669,olympiads,1161,2004,2004,1.7260981912144704,51,1.7260981912144704,120,0.389388320688511,126,126,0.10852713178294573,2.358573694412655,2.293876972027732,2.4829011149214795,False,True,3613,6760,6760,1.8710213119291448,67,1.8710213119291448,189,0.4328177177418166,173,173,0.04788264600055356,2.074423044944444,2.2970665515362163,2.700287100241624,False,True
pair_ab0f093e,amc_aime,1151,1994,1994,1.732406602953953,46,1.732406602953953,56,0.3826945650156377,94,94,0.08166811468288444,2.2507920082825965,2.623267300987537,3.3097935758027885,False,True,465,763,763,1.6408602150537634,35,1.6408602150537634,36,0.35736129314110965,61,61,0.13118279569892474,2.273825265641486,2.629319738369463,,False,True
pair_acbd062f,math_train,4170,7829,7829,1.8774580335731414,72,1.8774580335731414,204,0.4338059045674432,217,217,0.05203836930455635,2.0422792873152646,2.425371964087212,2.8010269788480855,False,True,2935,5303,5303,1.8068143100511074,66,1.8068143100511074,222,0.41447966998847685,239,239,0.08143100511073254,2.189457884538427,2.5218254890227074,2.3999564096340036,False,True
pair_ad39313c,aops_forum,219,338,338,1.54337899543379,34,1.54337899543379,19,0.316014157953041,33,33,0.1506849315068493,2.519091386840518,,,False,True,4042,7526,7526,1.8619495299356754,192,1.8619495299356754,123,0.4293949538351166,80,80,0.01979218208807521,2.2725533783658367,2.267958625451617,1.9221041136472898,False,True
pair_ae900f0c,olympiads_ref,6207,11851,11851,1.9092959561785081,65,1.9092959561785081,226,0.44352819323364456,215,215,0.034638311583695826,1.9814962271423018,2.3080814357763777,2.8360674845995986,False,True,1174,2012,2012,1.7137989778534923,50,1.7137989778534923,112,0.37950999285378023,137,137,0.11669505962521294,2.2813437250173756,2.5582661161728804,3.6506774225457392,False,True
pair_ae9ff2a1,olympiads_ref,23237,45500,45500,1.9580840900288334,91,1.9580840900288334,632,0.46215912004679915,368,368,0.015836811980892544,2.0144641982776914,2.2494986099098706,2.3645086609264947,False,True,13124,25652,25652,1.9545870161536116,90,1.9545870161536116,391,0.4578016128755533,233,233,0.01775373361779945,2.004326325878158,2.309838568554536,2.418798667881435,False,True
pair_af58b0a0,cn_k12,2350,4278,4278,1.8204255319148936,61,1.8204255319148936,165,0.41634886057314513,184,184,0.07829787234042553,2.204683732705532,2.3701765687356513,2.594894988522631,False,True,2593,4746,4746,1.8303123794832241,60,1.8303123794832241,168,0.41953936405983955,188,188,0.07250289240262245,2.1872978229452826,2.344749346268835,2.600425669258139,False,True
pair_b0ad8896,math_train,11494,22034,22034,1.917000174003828,77,1.917000174003828,473,0.45045492516674523,314,314,0.027318601009222204,2.047554183503729,2.2185608440505344,2.5679867155256484,False,True,8662,16487,16487,1.9033710459478181,79,1.9033710459478181,304,0.44368619975938167,309,309,0.03567305472177326,2.0355211325937645,2.2820456469745984,2.5482071307412753,False,True
pair_b21abbab,olympiads,2405,4342,4342,1.8054054054054054,69,1.8054054054054054,160,0.411132955582518,183,183,0.0760914760914761,2.2734591046835675,2.332342483404826,2.448851021757071,False,True,3635,6809,6809,1.8731774415405777,75,1.8731774415405777,197,0.4355858810543453,177,177,0.04869325997248968,2.133714007246334,2.1569375563605266,2.5848957423250125,False,True
pair_b39511ce,olympiads,4985,9481,9481,1.9019057171514544,68,1.9019057171514544,212,0.44410891148289294,219,219,0.043931795386158476,2.028149091666894,2.306367204135319,2.42760945820486,False,True,4699,8918,8918,1.8978506065120238,65,1.8978506065120238,210,0.4420152856598301,219,219,0.04660566077888913,2.0467165372944374,2.34374121647422,2.366786910252576,False,True
pair_b40cb2db,math_test,2047,3605,3605,1.761113825109917,54,1.761113825109917,212,0.3996574263476811,223,223,0.10893991206643869,2.2189869187644824,2.5676425756262855,2.3477598016615566,False,True,2875,5309,5309,1.846608695652174,61,1.846608695652174,175,0.4238633984947628,191,191,0.06643478260869565,2.0707959225775436,2.470759976447563,2.715019722055492,False,True
pair_b4b63346,olympiads,1042,1751,1751,1.6804222648752398,50,1.6804222648752398,101,0.37428516307106113,101,101,0.09692898272552783,2.3361950389682375,2.370785899771824,,False,True,2027,3492,3492,1.7227429699062655,73,1.7227429699062655,114,0.38536769646428426,211,211,0.10409472126295018,2.3206329287561043,2.4028533199530804,2.359083482331764,False,True
pair_b4b897fd,amc_aime,1088,1864,1864,1.713235294117647,55,1.713235294117647,123,0.38218627713961123,137,137,0.12591911764705882,2.3466808474328444,2.4044432321167197,,False,True,1087,1857,1857,1.7083716651333947,56,1.7083716651333947,120,0.3811511082906172,133,133,0.12235510579576817,2.3286644739158344,2.411897622100722,,False,True
pair_b4d61cac,olympiads,4265,7869,7869,1.8450175849941384,80,1.8450175849941384,254,0.4262205097331643,284,284,0.06658851113716295,2.1131953215696857,2.3806715116820696,2.601586174506073,False,True,5157,9642,9642,1.8696916812100057,69,1.8696916812100057,256,0.435065111885871,280,280,0.05429513282916424,2.075664262251795,2.262108780552346,2.5401644049371033,False,True
pair_b5dab1a1,amc_aime,1322,2291,2291,1.732980332829047,38,1.732980332829047,96,0.3824684633879464,124,124,0.09379727685325265,2.305020933340862,2.4113264701708848,3.112226454368649,False,True,955,1591,1591,1.6659685863874345,37,1.6659685863874345,79,0.35926168467261854,111,111,0.1162303664921466,2.417408677386311,2.625507493436209,,False,True
pair_b7bb3d8e,math_test,515,854,854,1.658252427184466,41,1.658252427184466,50,0.36471658216047836,62,62,0.1203883495145631,2.134989942045978,2.752529963401643,,False,True,537,894,894,1.664804469273743,37,1.664804469273743,50,0.3652031544873958,63,63,0.11731843575418995,2.1623718345674767,2.772048346509926,,False,True
pair_b94f69f4,math_train,5160,9777,9777,1.8947674418604652,69,1.8947674418604652,218,0.4388045071767072,234,234,0.04534883720930233,2.0570516932479954,2.38288378387315,2.794728047461462,False,True,7081,13560,13560,1.914983759356023,76,1.914983759356023,237,0.44939072069133446,254,254,0.035870639740149694,1.9830553816921577,2.2386981765997502,2.601473898686873,False,True
pair_b9bbcc78,number_theory,5320,10048,10048,1.8887218045112781,60,1.8887218045112781,199,0.43004607956994395,255,255,0.047932330827067667,2.1381941999461143,2.4809010655250727,2.6763513650582587,False,True,5504,10434,10434,1.8957122093023255,62,1.8957122093023255,193,0.4319932098105032,250,250,0.045421511627906974,2.131844891312074,2.4368560400129873,2.694693861439694,False,True
pair_ba39d0a3,math_train,8136,15337,15337,1.88507866273353,171,1.88507866273353,252,0.4404298455884187,258,258,0.03171091445427729,2.0524429973862506,2.226317166994873,2.387246756750873,False,True,5341,9939,9939,1.8608874742557573,102,1.8608874742557573,160,0.4366291747192041,253,253,0.0473694064781876,2.079495091352337,2.051445879842001,2.3771627810621245,False,True
pair_babc83eb,olympiads,7311,13960,13960,1.909451511421146,73,1.909451511421146,291,0.4456669288613656,284,284,0.038845575160716725,2.0517485229847403,2.278944161170022,2.5176110263037064,False,True,7067,13473,13473,1.906466676100184,75,1.906466676100184,283,0.4476646115945657,275,275,0.03891325880854676,2.005730075068355,2.21021968743535,2.478015571811481,False,True
pair_bc3e9c75,cn_k12,2232,3985,3985,1.7853942652329748,58,1.7853942652329748,172,0.4061843697017939,204,204,0.0913978494623656,2.171845428860734,2.5142932893956624,2.4789819703395928,False,True,2405,4341,4341,1.804989604989605,62,1.804989604989605,169,0.41077537055422336,189,189,0.07858627858627859,2.172045333667269,2.5999422886878305,2.3562498110938632,False,True
pair_bd329034,olympiads,123171,224523,224523,1.8228560294225102,98,1.8228560294225102,4761,0.4462760768581387,2389,2389,0.019395799335882636,2.069198851058838,1.841697327393593,2.4861393860585075,False,True,123171,224523,224523,1.8228560294225102,98,1.8228560294225102,4761,0.4462760768581387,2389,2389,0.019395799335882636,2.069198851058838,1.841697327393593,2.4861393860585075,False,True
pair_bde52c9a,math_train,20988,41452,41452,1.9750333523918429,98,1.9750333523918429,527,0.4643846630142669,150,150,0.00714694110920526,1.988640127876617,2.340233544685473,2.275726408819322,False,True,6338,12244,12244,1.9318396970653202,67,1.9318396970653202,234,0.45061750094765024,150,150,0.023666771852319343,1.969223075567812,2.2063573389241578,2.8810632824420854,False,True
pair_bf349feb,math_train,1439,2522,2522,1.7526059763724808,58,1.7526059763724808,141,0.39635750220850124,152,152,0.10562890896455872,2.314718590294788,2.311692868674382,2.507731189596382,False,True,2214,4012,4012,1.8121047877145438,63,1.8121047877145438,144,0.41618099630647354,168,168,0.07588075880758807,2.1898245635061118,2.2565720354317014,2.7535787501420783,False,True
pair_bf40e969,amc_aime,2586,4762,4762,1.8414539829853054,74,1.8414539829853054,138,0.42522249322994976,147,147,0.0568445475638051,2.1391171553713004,2.3798829380881337,2.489439572794452,False,True,7203,13697,13697,1.9015687907816188,71,1.9015687907816188,254,0.4430938935211008,267,267,0.037067888379841735,2.0596153595201168,2.2769690972400998,2.649838714925491,False,True
pair_bf419b23,math_train,120,193,193,1.6083333333333334,20,1.6083333333333334,19,0.34788428324697757,19,19,0.15833333333333333,2.2626904939773906,,,False,True,116,184,184,1.5862068965517242,21,1.5862068965517242,20,0.34445277361319343,20,20,0.1724137931034483,2.2026588387931714,,,False,True
pair_bf476baa,inequalities,14970,29466,29466,1.9683366733466934,114,1.9683366733466934,473,0.4600070160003711,199,199,0.013293253173012692,2.0328226027998912,2.279748821161572,2.5309265949322595,False,True,15042,29607,29607,1.9682887913841245,117,1.9682887913841245,476,0.45983754241683816,199,199,0.013229623720249967,2.0379813142524448,2.2830119014814048,2.5216221879035663,False,True
pair_bfdd51b8,olympiads_ref,2805,5013,5013,1.7871657754010695,58,1.7871657754010695,233,0.40922393221474435,243,243,0.08663101604278074,2.2341833586900486,2.355449928089228,2.57109093393192,False,True,7052,13406,13406,1.9010209869540555,68,1.9010209869540555,295,0.44331351451661616,285,285,0.04041406693136699,2.077534186463526,2.281277699252617,2.4276163227067373,False,True
pair_c021c917,number_theory,161,254,254,1.5776397515527951,20,1.5776397515527951,27,0.34758155230596177,24,24,0.14906832298136646,2.052036678383497,,,False,True,141,222,222,1.574468085106383,20,1.574468085106383,22,0.34266181074691715,20,20,0.14184397163120568,2.0776723688936674,,,False,True
pair_c0d3928e,cn_k12,1019,1716,1716,1.6840039254170756,38,1.6840039254170756,119,0.37918362305015885,142,142,0.1393523061825319,2.2319043828290717,2.5935157862532954,,False,True,4582,8619,8619,1.8810563072893933,58,1.8810563072893933,195,0.43911854824811486,198,198,0.04321257092972501,2.0159679022121955,2.319669421991519,2.7458557241099775,False,True
pair_c287c8cc,olympiads,9652,18780,18780,1.9457107335267303,94,1.9457107335267303,403,0.45623350753175357,208,208,0.02154993783671778,2.0395072821580786,2.21857680493504,2.4857303091663043,False,True,10549,20469,20469,1.9403734951180207,102,1.9403734951180207,475,0.45356751047357424,257,257,0.02436249881505356,2.032146274702418,2.3541394578084693,2.48441412457625,False,True
pair_c3b332ce,aops_forum,1471,2696,2696,1.832766825288919,98,1.832766825288919,142,0.42119805860887144,39,39,0.026512576478585997,2.109486361603709,2.810114423225861,,False,True,1327,2428,2428,1.8296910324039186,87,1.8296910324039186,142,0.42055384989739153,28,28,0.02110022607385079,2.1269998591342296,2.8442540322011496,,False,True
pair_c4fe0db7,olympiads,6382,12219,12219,1.9146035725477906,77,1.9146035725477906,284,0.44666899747117456,230,230,0.03603885929175807,2.02838778786726,2.2613355195345566,2.5069291159453995,False,True,46493,92097,92097,1.9808788419762116,139,1.9808788419762116,1226,0.467020501715063,258,258,0.00554922246359667,2.0200493492605154,2.3026141760029573,2.414834104575684,False,True
pair_c5fb8da2,math_train,439,704,704,1.603644646924829,44,1.603644646924829,36,0.34340054876786086,66,66,0.15034168564920272,2.428954243130454,,,False,True,617,1028,1028,1.66612641815235,41,1.66612641815235,47,0.36767590134263317,75,75,0.12155591572123177,2.2991760364891807,2.5854239719244374,,False,True
pair_c7a11f6b,math_train,313320,561198,561198,1.7911336652623515,82,1.7911336652623515,16575,0.43884761522739163,8140,8140,0.02597982892889059,2.6884691367367486,1.3203561095396532,1.4200113969051344,False,True,5501,9988,9988,1.8156698782039629,52,1.8156698782039629,367,0.4408902753837235,132,132,0.023995637156880568,2.139733945154095,1.7472000830598207,2.6334755095420728,False,True
pair_c84a0169,olympiads,240,381,381,1.5875,26,1.5875,32,0.338834208223972,27,27,0.1125,2.3444846409452227,,,False,True,326,551,551,1.6901840490797546,34,1.6901840490797546,30,0.367925578702415,29,29,0.08895705521472393,2.1808060338158253,,,False,True
pair_c8cf6c63,olympiads_ref,2917,5272,5272,1.8073363044223518,63,1.8073363044223518,195,0.41248934221087935,208,208,0.07130613644154954,2.1637840845817573,2.4261894573304366,2.912292641103304,False,True,302,468,468,1.5496688741721854,26,1.5496688741721854,38,0.3293852946170827,54,54,0.17880794701986755,2.306144016671351,,,False,True
pair_cb3b726a,math_test,2217,4051,4051,1.8272440234551195,60,1.8272440234551195,141,0.42069054823886737,171,171,0.07713125845737483,2.143537608418809,2.335729447741977,2.5745250261086543,False,True,2224,4065,4065,1.8277877697841727,60,1.8277877697841727,140,0.4205475103312184,170,170,0.0764388489208633,2.1469932546179287,2.340251652652232,2.5743302303156517,False,True
pair_cc4ae138,olympiads,78484,144485,144485,1.8409484735742316,122,1.8409484735742316,3420,0.44679096985956335,248,248,0.003159879720707405,1.9206966622013375,2.291231182540794,2.6834797275556985,False,True,71876,136119,136119,1.8938032166508987,160,1.8938032166508987,1888,0.45495341460581656,626,626,0.00870944404251767,2.535428811825317,2.060460284462409,2.286011481108483,False,True
pair_cc98e98a,math_train,2838,5101,5101,1.7973925299506694,57,1.7973925299506694,137,0.41009929239095433,207,207,0.07293868921775898,2.1952054564745045,2.355208420409257,2.727166101134986,False,True,7612,14621,14621,1.9207829742511824,84,1.9207829742511824,258,0.448059371049128,220,220,0.028901734104046242,2.0474860307461578,2.211067453078238,2.5555719427377,False,True
pair_ce95c511,aops_forum,12387,24222,24222,1.955437151852749,95,1.955437151852749,422,0.46324506175576197,213,213,0.017195446839428433,1.9764481976029342,2.1838424162134045,2.3325771488258176,False,True,9047,17565,17565,1.941527578202719,91,1.941527578202719,299,0.4591969740461859,225,225,0.024870122692605284,2.0171884152961135,2.147778077131602,2.339125026928775,False,True
pair_cffa85ea,olympiads,7396,14140,14140,1.9118442401298,83,1.9118442401298,295,0.4458966695556985,244,244,0.03299080584099513,1.9835475600379635,2.294696889167154,2.5574853110488487,False,True,11093,21341,21341,1.923825836112864,83,1.923825836112864,325,0.4519773660005409,298,298,0.02686378797439827,1.9785844982680185,2.2470611587378313,2.4482330554226,False,True
pair_d0c1af2e,amc_aime,2982,5434,5434,1.8222669349429912,71,1.8222669349429912,291,0.4304758745084913,105,105,0.035211267605633804,2.09717828573228,2.807431621293353,2.0535732711178163,False,True,2975,5351,5351,1.798655462184874,96,1.798655462184874,116,0.410946638419898,212,212,0.07126050420168067,2.1322582528535277,2.537157447663567,2.5167936748677104,False,True
pair_d2343074,aops_forum,21680,42862,42862,1.9770295202952028,177,1.9770295202952028,764,0.46369418046520533,194,194,0.008948339483394834,2.0016422396649176,2.238731618222544,2.4186083651850403,False,True,8933,17384,17384,1.9460427627896564,105,1.9460427627896564,374,0.45596849770153214,196,196,0.02194111720586589,1.9854571857403696,2.290090346579067,2.55314278730033,False,True
pair_d339e847,olympiads,1362,2338,2338,1.7165932452276065,51,1.7165932452276065,90,0.37709163171454446,163,163,0.1196769456681351,2.3503369025491256,2.5537874174221784,2.6485971198627225,False,True,4303,7871,7871,1.8291889379502673,63,1.8291889379502673,176,0.41190155704140846,306,306,0.07111317685335812,2.2835923797688364,2.4307284445367605,2.47438570971748,False,True
pair_d43fae54,olympiads,3124,5746,5746,1.8393085787451984,57,1.8393085787451984,188,0.4229066771607081,213,213,0.06818181818181818,2.09856507673217,2.4040657872771924,2.882083433227597,False,True,3271,6033,6033,1.844390094772241,58,1.844390094772241,188,0.42461620569188835,213,213,0.0651177010088658,2.0851447780027943,2.3588147337371184,2.8405136211003263,False,True
pair_d71a4f84,math_train,3712,6846,6846,1.8442887931034482,60,1.8442887931034482,196,0.4257572065741888,241,241,0.06492456896551724,2.0991386907837324,2.335056084917851,2.7311096191284836,False,True,3989,7388,7388,1.852093256455252,67,1.852093256455252,200,0.4278118371813771,246,246,0.061669591376284784,2.127824876483604,2.295483271705307,2.7149675168244185,False,True
pair_d72cfd93,olympiads,9575,18236,18236,1.9045430809399477,133,1.9045430809399477,251,0.4443046520325045,255,255,0.026631853785900782,2.0619129039868307,2.1339310435811525,2.7571076833785115,False,True,10027,19042,19042,1.899072504238556,155,1.899072504238556,253,0.4443094810904791,284,284,0.02832352647850803,2.0488913233954054,2.1194135781569874,2.708708150379306,False,True
pair_d746cf8d,aops_forum,27807,54444,54444,1.9579242636746144,125,1.9579242636746144,1088,0.46289710542120444,397,397,0.014276980616391556,2.0291580009976897,2.2620060889032314,2.381169248415655,False,True,8899,17156,17156,1.9278570625913023,86,1.9278570625913023,312,0.4517971046335353,258,258,0.028992021575457917,2.004811032812446,2.2596091370817026,2.585572309091871,False,True
pair_d869cc1a,math_test,1781,3288,3288,1.8461538461538463,71,1.8461538461538463,114,0.42726003461791195,101,101,0.056709713644020214,2.1152089241500898,2.255290244316253,2.398210072654792,False,True,2173,4010,4010,1.84537505752416,77,1.84537505752416,144,0.4251857700433683,130,130,0.05982512655315232,2.1764147453835143,2.286177199333212,2.363278879649487,False,True
pair_d92632b4,aops_forum,4328,8114,8114,1.8747689463955637,67,1.8747689463955637,190,0.4310187954731946,216,216,0.04990757855822551,2.005526626335424,2.5057941975793123,2.7121364069534506,False,True,5539,10490,10490,1.8938436540891859,82,1.8938436540891859,223,0.4386923059315425,231,231,0.04170427875067702,2.0069764534634613,2.3875038042742,2.71497368290147,False,True
pair_d96197fd,inequalities,10731,20990,20990,1.956015282825459,97,1.956015282825459,348,0.4583349704491167,195,195,0.01817165222253285,1.985016927732943,2.2384982108683458,2.516385754705234,False,True,14434,28404,28404,1.9678536788139116,110,1.9678536788139116,428,0.4585352805656472,191,191,0.01323264514341139,2.032773130083622,2.3054420859462503,2.4492099354434878,False,True
pair_d9e524cd,olympiads,225,330,330,1.4666666666666666,23,1.4666666666666666,38,0.30014814814814816,46,46,0.20444444444444446,2.666073842891716,,,False,True,225,330,330,1.4666666666666666,23,1.4666666666666666,38,0.30014814814814816,46,46,0.20444444444444446,2.666073842891716,,,False,True
pair_db1d04db,aops_forum,2448,4531,4531,1.8508986928104576,70,1.8508986928104576,132,0.4242926902976301,160,160,0.06535947712418301,2.1002347191625494,2.480084446811241,2.6877066814774446,False,True,2715,5027,5027,1.8515653775322283,61,1.8515653775322283,142,0.4254292382827025,161,161,0.05930018416206261,2.0920538191506353,2.3534522003696354,2.8239078557550368,False,True
pair_db881e0a,number_theory,162,274,274,1.691358024691358,19,1.691358024691358,12,0.3639271875281608,13,13,0.08024691358024691,2.3362995691357358,,,False,True,447,786,786,1.7583892617449663,29,1.7583892617449663,25,0.39057101058228166,35,35,0.07829977628635347,1.9538537843086377,3.566332706525328,,False,True
pair_dd457978,secondary_math,2699,4961,4961,1.8380881808077065,71,1.8380881808077065,166,0.4238714436480054,189,189,0.0700259355316784,2.1597348797823406,2.364779512064988,2.523952395189851,False,True,2539,4654,4654,1.8330051201260338,64,1.8330051201260338,162,0.4228755945285349,184,184,0.07246947617172116,2.1558143120534004,2.344586300128115,2.4834154614555723,False,True
pair_de1e8e19,olympiads,6471,12134,12134,1.875135218667903,72,1.875135218667903,264,0.4309827795560709,338,338,0.05223303971565446,2.1233934674844064,2.3462267208401277,2.795325422532202,False,True,8342,15957,15957,1.9128506353392472,72,1.9128506353392472,281,0.448026378191798,280,280,0.033565092304003834,2.011706367803797,2.2547622942155754,2.453726179508042,False,True
pair_de483a80,cn_k12,5710,10851,10851,1.9003502626970228,68,1.9003502626970228,216,0.4445934510785402,246,246,0.04308231173380035,2.0125969398283967,2.249972654150376,2.6640681961364487,False,True,3013,5545,5545,1.8403584467308332,54,1.8403584467308332,170,0.4266261888294697,206,206,0.06837039495519416,2.0517329809422016,2.3034066963814954,2.5574195808129856,False,True
pair_de5a08c0,olympiads,1028,1784,1784,1.735408560311284,42,1.735408560311284,109,0.383655624574689,105,105,0.10214007782101167,2.2066238152876094,2.8927374600990645,,False,True,196,300,300,1.530612244897959,23,1.530612244897959,32,0.3165986394557823,30,30,0.15306122448979592,2.6841957332471433,,,False,True
pair_debcd118,math_test,989,1734,1734,1.7532861476238626,43,1.7532861476238626,56,0.3979472000541131,73,73,0.07381193124368049,2.1277036835901217,2.4984882158146546,2.720722842014024,False,True,10904,20076,20076,1.8411592076302274,71,1.8411592076302274,817,0.4505886801102253,213,213,0.019534115920763023,1.8774236009724883,2.4807049634536567,1.3804002104280086,False,True
pair_df433d2d,amc_aime,3809,7017,7017,1.8422158046731425,63,1.8422158046731425,158,0.4246652533791374,221,221,0.05802047781569966,2.0115074268970536,2.4249207606898664,2.930720562932265,False,True,4477,8036,8036,1.7949519767701585,62,1.7949519767701585,195,0.42075008007855647,251,251,0.05606432879160152,2.100017107492757,2.243002952840078,1.9855745161712546,False,True
pair_e23940b8,amc_aime,2889,5346,5346,1.8504672897196262,58,1.8504672897196262,137,0.41922914904723296,170,170,0.058843890619591555,2.0973643761559972,2.554766428657529,2.9361783865757207,False,True,210,339,339,1.6142857142857143,33,1.6142857142857143,18,0.3390504284309594,19,19,0.09047619047619047,2.4436430669901634,,,False,True
pair_e24e2569,olympiads,23019,45154,45154,1.9615969416568921,173,1.9615969416568921,792,0.46251979048149366,298,298,0.012945827360006951,2.065852733867344,2.1952522321301005,2.280317307444015,False,True,19557,38359,38359,1.9613948969678376,157,1.9613948969678376,823,0.46003742936279207,303,303,0.015493173799662524,2.0392039057805817,2.1991581050743383,2.382880623575484,False,True
pair_e289753a,cn_contest,438,713,713,1.6278538812785388,34,1.6278538812785388,18,0.3386264225377369,58,58,0.1324200913242009,2.5434613064354847,2.936907433211037,,False,True,356,568,568,1.595505617977528,32,1.595505617977528,18,0.3206500237379332,56,56,0.15730337078651685,2.736062815796233,,,False,True
pair_e38bc8a1,olympiads,3977,7448,7448,1.8727684184058335,67,1.8727684184058335,204,0.43749329860446223,186,186,0.046768921297460395,2.0528712264465434,2.170906389168982,2.365220353270891,False,True,4275,8034,8034,1.879298245614035,91,1.879298245614035,196,0.43744250677311486,191,191,0.044678362573099414,2.0864344751080797,2.2875994309692524,2.3958099768987093,False,True
pair_e39b5195,olympiads,7958,15484,15484,1.9457150037697915,75,1.9457150037697915,278,0.4544616632048297,155,155,0.01947725559185725,2.01870024419709,2.08980187676332,2.573896916272883,False,True,275,478,478,1.7381818181818183,40,1.7381818181818183,25,0.378440471662229,16,16,0.05818181818181818,2.2595122361299373,,,False,True
pair_e45dd21b,amc_aime,13510,26329,26329,1.9488527017024426,78,1.9488527017024426,444,0.4523490982508276,277,277,0.020503330866025165,2.164173377650397,2.277139447699276,2.4523693979725554,False,True,14465,28255,28255,1.953335637746284,112,1.953335637746284,391,0.4571732804969898,277,277,0.01914967162115451,2.139098656706783,2.168757681372458,2.3894205406360314,False,True
pair_e4b3d3b7,math_test,5536,10683,10683,1.9297326589595376,65,1.9297326589595376,182,0.45175639988226124,156,156,0.028179190751445087,1.976274771206397,2.2648380959649277,2.495595673431544,False,True,3140,5810,5810,1.8503184713375795,54,1.8503184713375795,177,0.4245677888989991,200,200,0.06369426751592357,2.098798168797146,2.4998604898672077,2.8586637223921265,False,True
pair_e5328112,math_train,3066,5650,5650,1.842791911285062,72,1.842791911285062,178,0.4252390765980292,191,191,0.062296151337247224,2.079922253109113,2.401580352356969,2.7127687698015364,False,True,3414,6327,6327,1.8532513181019332,69,1.8532513181019332,184,0.42824042245927363,199,199,0.05828939660222613,2.0643884122339697,2.3760739545298577,2.8079582876513864,False,True
pair_e5e14291,olympiads_ref,411,666,666,1.6204379562043796,36,1.6204379562043796,42,0.3500727004376639,62,62,0.15085158150851583,2.237751997265053,,,False,True,235,360,360,1.5319148936170213,26,1.5319148936170213,24,0.3162884160756501,40,40,0.1702127659574468,2.408941446147155,,,False,True
pair_e6f73d93,math_test,9728,18393,18393,1.8907277960526316,78,1.8907277960526316,355,0.440533229666535,332,332,0.03412828947368421,2.08302712070839,2.2526473231639224,2.4991149527110768,False,True,9070,17289,17289,1.9061742006615214,124,1.9061742006615214,358,0.4459425067962288,288,288,0.03175303197353914,2.0546203907422598,2.199755038686769,2.4818192745572034,False,True
pair_e7575bee,olympiads,328,555,555,1.6920731707317074,30,1.6920731707317074,33,0.3748132278620083,13,13,0.039634146341463415,2.2615418901248465,,,False,True,339,568,568,1.6755162241887906,27,1.6755162241887906,28,0.3679421662719681,10,10,0.029498525073746312,2.3380895973550375,,,False,True
pair_e83bd10d,math_test,7777,14789,14789,1.9016330204449017,94,1.9016330204449017,222,0.4362146945643242,324,324,0.04166130898804166,2.2774812836542373,2.3479905800737093,2.2285486636340757,False,True,10045,19323,19323,1.9236436037829765,95,1.9236436037829765,243,0.44791790974666684,315,315,0.0313588850174216,2.151693850626124,2.223078073502756,2.360266553497101,False,True
pair_e8903db6,olympiads_ref,11139,21515,21515,1.9315019301553102,90,1.9315019301553102,394,0.453624095595352,245,245,0.021994793069395818,2.0605581894132783,2.2782728371232173,2.520303821066738,False,True,6902,13354,13354,1.9348015068096205,82,1.9348015068096205,356,0.4543920846188842,172,172,0.024920312952767313,2.0136435598331746,2.1819912925776754,2.5252285851555483,False,True
pair_e8d98c67,olympiads,165,258,258,1.5636363636363637,25,1.5636363636363637,19,0.3355884425651868,17,17,0.10303030303030303,2.1761830244215057,,,False,True,400,682,682,1.705,58,1.705,38,0.38092375366568915,27,27,0.0675,2.025378624494098,2.6670608455864113,,False,True
pair_e970e4c4,olympiads,5453,10196,10196,1.8697964423253255,80,1.8697964423253255,231,0.4343607993756986,282,282,0.05171465248487071,2.0167183692094968,2.3176012522863756,2.6346801280697676,False,True,5262,9870,9870,1.8757126567844926,75,1.8757126567844926,229,0.43772674567938885,277,277,0.05264158114785253,2.031668731791944,2.226896009478855,2.6313511652105297,False,True
pair_eabc1c29,math_train,7179,13701,13701,1.9084830756372755,73,1.9084830756372755,148,0.44593912499272187,221,221,0.030784231787156984,2.071678792640429,2.24865222255057,2.46633526694664,False,True,4304,8014,8014,1.861988847583643,102,1.861988847583643,242,0.4371839290535244,184,184,0.04275092936802974,2.196081590040963,1.9952669949725568,2.2334474398079562,False,True
pair_eb63c4a0,math_test,3920,7309,7309,1.8645408163265307,62,1.8645408163265307,216,0.43628413809086364,190,190,0.04846938775510204,2.0707110395990846,2.193849611043973,2.5713483654384905,False,True,2604,4783,4783,1.83678955453149,65,1.83678955453149,167,0.42344293810676764,181,181,0.0695084485407066,2.1300045224072877,2.3693893314057446,2.582550905020174,False,True
pair_ebc61bc9,olympiads,9130,17299,17299,1.8947426067907995,87,1.8947426067907995,223,0.4398756754706712,287,287,0.03143483023001095,2.0867788338841535,2.3123483549713475,2.4709490461091117,False,True,1120,1921,1921,1.7151785714285714,51,1.7151785714285714,66,0.3847907525842195,91,91,0.08125,2.379639623127615,2.19502538506519,,False,True
pair_ec20e9b4,math_train,1231,2174,2174,1.7660438667749796,55,1.7660438667749796,104,0.3976034622303166,100,100,0.08123476848090982,2.3051213937901274,2.4973444222902783,2.538589563643453,False,True,7030,13542,13542,1.9263157894736842,165,1.9263157894736842,333,0.45522300044138536,134,134,0.01906116642958748,2.0319387487689538,2.1018074351783484,2.4829685720627426,False,True
pair_ec7f806f,math_train,8433,16105,16105,1.9097592790228863,74,1.9097592790228863,347,0.4470996303643383,298,298,0.03533736511324558,2.1015872291218303,2.2252654226362996,2.538555265054266,False,True,4296,8045,8045,1.8726722532588453,61,1.8726722532588453,219,0.4353607732575029,242,242,0.05633147113594041,2.067254158527126,2.3578841672782875,2.2923219556591867,False,True
pair_ec8eb018,amc_aime,6645,12503,12503,1.8815650865312266,80,1.8815650865312266,154,0.43551020140418367,248,248,0.03732129420617005,2.0481288351412825,2.293808288036499,2.5352834985104336,False,True,14102,27259,27259,1.932988228620054,119,1.932988228620054,433,0.4551137671171765,264,264,0.0187207488299532,2.001256453846521,2.2087812774003552,2.197668660698139,False,True
pair_edc1fe33,math_test,4670,8693,8693,1.861456102783726,70,1.861456102783726,215,0.42646188779226485,275,275,0.058886509635974305,2.149161641561866,2.4098786816653206,2.7831992550531557,False,True,2954,5439,5439,1.8412322274881516,60,1.8412322274881516,158,0.4234000833768703,201,201,0.06804333107650644,2.11741411185742,2.4337891078078853,2.6617819387453623,False,True
pair_ee1554cd,unknown,21250,41242,41242,1.9408,115,1.9408,1377,0.46605548769529637,244,244,0.011482352941176471,2.2337440390843195,1.8569135062398536,1.9944691783918995,False,True,7086,13127,13127,1.8525261078182331,70,1.8525261078182331,257,0.4442240388900539,282,282,0.03979678238780694,2.051401318385104,1.9277884168865655,2.038901931201298,False,True
pair_ee294964,aops_forum,5724,10965,10965,1.9156184486373165,75,1.9156184486373165,252,0.4433627516304817,206,206,0.03598881900768693,2.043861164996898,2.3585172197092037,2.600270750965131,False,True,7569,14581,14581,1.9264103580393712,93,1.9264103580393712,318,0.44958557844652913,239,239,0.0315761659400185,2.029027551911409,2.302264695604611,2.5160019450979276,False,True
pair_ee52321c,math_train,1682,2878,2878,1.7110582639714624,67,1.7110582639714624,110,0.38291016601401917,197,197,0.11712247324613555,2.301071518477366,2.3276441057671544,2.624255200079451,False,True,15928,29616,29616,1.8593671521848318,69,1.8593671521848318,578,0.44852189390344066,453,453,0.02844048216976394,2.3253482462150474,1.9298456641131798,2.2496269878441013,False,True
pair_eeb3bb08,olympiads,4162,7714,7714,1.853435848149928,63,1.853435848149928,238,0.42858251695619604,260,260,0.0624699663623258,2.0525185329987723,2.4513992004637233,2.6771898883005782,False,True,5811,11028,11028,1.8977800722767166,75,1.8977800722767166,229,0.4435719918079647,250,250,0.043021855102392016,2.023249242737955,2.3119504414572845,2.5668714628800293,False,True
pair_eed4f922,aops_forum,1447,2504,2504,1.7304768486523843,52,1.7304768486523843,146,0.38789519353692004,154,154,0.10642709053213545,2.228497373375751,2.5955368769695752,2.9454697688770164,False,True,1788,3196,3196,1.7874720357941833,53,1.7874720357941833,143,0.4050490966056564,142,142,0.07941834451901567,2.1091383182073646,2.518804741813879,2.9579816102207994,False,True
pair_f0d3d3dd,olympiads,1549,2718,2718,1.7546804389928987,50,1.7546804389928987,134,0.39495964782520093,160,160,0.10329244673983215,2.186004201087963,2.7824430722106,2.92696726939291,False,True,1303,2244,2244,1.7221795855717574,44,1.7221795855717574,123,0.37993154423563885,151,151,0.11588641596316193,2.3255639965753345,2.511706343936773,3.0372430498490317,False,True
pair_f1a813ba,olympiads,3172,5936,5936,1.871374527112232,139,1.871374527112232,228,0.44385339374513516,66,66,0.02080706179066835,2.2163679279674158,2.1373110104475392,2.219538038484521,False,True,1224,2204,2204,1.8006535947712419,51,1.8006535947712419,92,0.4045563325148571,80,80,0.06535947712418301,2.1683593246189945,2.5402464118240022,3.1601519478711158,False,True
pair_f2ee8d3a,olympiads,10259,19706,19706,1.9208499853786918,93,1.9208499853786918,283,0.45116155136219355,311,311,0.030314845501510868,2.055485821297397,2.1590690659179677,2.3772433144457557,False,True,10073,19389,19389,1.92484860518217,111,1.92484860518217,285,0.45129526041720186,272,272,0.027002878983421026,2.085458831138167,2.1563755739618298,2.364051025866573,False,True
pair_f39ff433,secondary_math,8185,15765,15765,1.9260843005497863,86,1.9260843005497863,413,0.4582670681808891,169,169,0.02064752596212584,1.8681535389803163,2.2126978945904283,2.2791302520136347,False,True,2896,5163,5163,1.7828038674033149,85,1.7828038674033149,142,0.4075055805064296,186,186,0.06422651933701658,2.046222136646456,2.6537186773525816,2.436155236715692,False,True
pair_f46b4569,olympiads,4320,8026,8026,1.8578703703703703,91,1.8578703703703703,237,0.43296416276730254,254,254,0.0587962962962963,2.0477796270187314,2.2671773795110446,2.8118781273192868,False,True,6557,12582,12582,1.9188653347567486,92,1.9188653347567486,285,0.44602798049856235,235,235,0.035839560774744546,2.069134344287911,2.2325666924341894,2.7100786565272084,False,True
pair_f4b1f0c5,secondary_math,9963,19204,19204,1.9275318679112716,95,1.9275318679112716,479,0.4549118240301028,246,246,0.024691358024691357,2.020449407154598,2.1494552763044723,2.3306335172555603,False,True,8192,15667,15667,1.9124755859375,86,1.9124755859375,422,0.45027671088863136,257,257,0.0313720703125,2.0334450844492142,2.155487592573918,2.4551979453484645,False,True
pair_f508c4f1,cn_k12,999,1710,1710,1.7117117117117118,40,1.7117117117117118,112,0.39438385754175226,86,86,0.08608608608608609,2.2994695523773965,2.2192417557466344,,False,True,2902,5228,5228,1.8015161957270849,74,1.8015161957270849,228,0.41181859119400016,235,235,0.08097863542384562,2.184243333698823,2.377930972925567,2.48803538483748,False,True
pair_f54301fd,cn_k12,4047,7433,7433,1.8366691376328144,63,1.8366691376328144,255,0.42397583805328426,284,284,0.07017543859649122,2.120883808716464,2.364632710168106,2.5409334056832247,False,True,6460,12076,12076,1.8693498452012385,76,1.8693498452012385,326,0.43471412222077516,344,344,0.05325077399380805,2.082868329550002,2.3363339660019355,2.5790900840205335,False,True
pair_f549052a,olympiads,1670,2966,2966,1.7760479041916168,44,1.7760479041916168,113,0.4002660895336771,118,118,0.07065868263473053,2.284455175725755,2.466045785307158,2.334152638794892,False,True,4373,8148,8148,1.8632517722387376,66,1.8632517722387376,190,0.43304335155219564,208,208,0.04756460096043906,2.141706140081877,2.25040002767237,2.4043957355383476,False,True
pair_f5a9005d,cn_k12,6320,11904,11904,1.8835443037974684,81,1.8835443037974684,267,0.4360965519514768,274,274,0.04335443037974684,2.0496086769997777,2.415154787248593,2.75290963691553,False,True,7592,14454,14454,1.9038461538461537,81,1.9038461538461537,293,0.4421594621679065,269,269,0.03543203371970495,2.055937229837985,2.358400902267202,2.6326948903265985,False,True
pair_f5d4e5bf,cn_k12,4570,8583,8583,1.8781181619256018,73,1.8781181619256018,221,0.4386691569590389,249,249,0.05448577680525164,2.07640886642601,2.3336636531242885,2.498733239012557,False,True,2401,4409,4409,1.8363182007496877,64,1.8363182007496877,145,0.42433045352597,173,173,0.07205331112036652,2.1049594578864506,2.2639321627087767,2.4774351413391646,False,True
pair_f5e39d77,olympiads,2134,3885,3885,1.8205248359887536,57,1.8205248359887536,131,0.41691857877424887,127,127,0.05951265229615745,2.2042742830160913,2.212739317333595,2.597287585221645,False,True,8118,15870,15870,1.9549150036954914,934,1.9549150036954914,556,0.4669486448544957,34,34,0.004188223700418822,2.4556764910434596,1.8876703143888447,1.4622302684397679,False,True
pair_f700873e,cn_k12,732,1214,1214,1.6584699453551912,36,1.6584699453551912,77,0.3624674786867241,92,92,0.12568306010928962,2.228057380753311,2.882695142600255,,False,True,2012,3629,3629,1.8036779324055665,50,1.8036779324055665,141,0.4070379322302613,160,160,0.07952286282306163,2.146011640742935,2.690744588704338,2.7980697066693123,False,True
pair_f7ca2998,olympiads,1382,2407,2407,1.7416787264833575,48,1.7416787264833575,138,0.38453900436317856,158,158,0.11432706222865413,2.333609753934443,2.5925344870505223,2.992077450328529,False,True,2124,3843,3843,1.8093220338983051,52,1.8093220338983051,149,0.4099295414707103,167,167,0.07862523540489642,2.1298481916818632,2.601943499472378,2.546924321905638,False,True
pair_f8026f2d,amc_aime,1370,2444,2444,1.783941605839416,58,1.783941605839416,55,0.4080327810099514,105,105,0.07664233576642336,2.0638159391376867,2.258765305072523,2.5459296040769583,False,True,1033,1814,1814,1.7560503388189739,50,1.7560503388189739,33,0.3998437451637314,94,94,0.0909970958373669,1.9813491422151668,2.4546985125004213,,False,True
pair_f827a253,amc_aime,7484,13866,13866,1.852752538749332,91,1.852752538749332,230,0.4374984533570651,244,244,0.03260288615713522,2.086749666371268,2.142164953549802,2.278958983695831,False,True,7442,13910,13910,1.8691212039774254,93,1.8691212039774254,211,0.4394222195860787,205,205,0.027546358505778017,2.0932099235759773,2.1403843505900904,2.2766442538309226,False,True
pair_f85a44af,cn_k12,9478,18209,18209,1.921185904199198,75,1.921185904199198,387,0.45021354764856547,307,307,0.03239079974678202,2.0372279503861357,2.286934582721454,2.4576008361807493,False,True,7021,13422,13422,1.9116934909557044,77,1.9116934909557044,320,0.44797809564261215,236,236,0.03361344537815126,2.0321711751770284,2.281854882086856,2.466991829865396,False,True
pair_f9baa4be,math_train,2867,5226,5226,1.8228113010115103,60,1.8228113010115103,190,0.4171204827463124,227,227,0.07917683990233694,2.097128935772213,2.599592269710068,2.896828626059903,False,True,2740,5012,5012,1.8291970802919708,60,1.8291970802919708,179,0.42022183256534684,211,211,0.07700729927007299,2.09182880770063,2.437006633469674,2.7649160241493203,False,True
pair_fc9929da,math_test,267,446,446,1.6704119850187267,29,1.6704119850187267,20,0.36432038427302194,18,18,0.06741573033707865,2.1445899558462918,,,False,True,377,633,633,1.6790450928381964,40,1.6790450928381964,24,0.3711265038279256,26,26,0.06896551724137931,2.1513802958194947,2.71003866158543,,False,True
pair_fccad9e3,olympiads,3268,5926,5926,1.8133414932680538,70,1.8133414932680538,161,0.41366717463155334,251,251,0.07680538555691555,2.233491554124181,2.47784691777288,2.364809635342063,False,True,1918,3385,3385,1.764859228362878,49,1.764859228362878,114,0.39519794591547386,184,184,0.09593326381647549,2.2418342973555343,2.391350775555905,2.7317704585884837,False,True
pair_fd852ae5,cn_contest,11918,22735,22735,1.9076187279744923,93,1.9076187279744923,395,0.44668792573606025,413,413,0.034653465346534656,2.068919710530171,2.254914047955654,2.54366322809588,False,True,6914,13167,13167,1.904396875903963,80,1.904396875903963,310,0.44654927832462354,235,235,0.03398900781024009,1.952849104775417,2.236501442830146,2.530367314387285,False,True
pair_fe3e5ba4,olympiads_ref,2383,4288,4288,1.7994125052454888,61,1.7994125052454888,167,0.4075983646601236,179,179,0.07511540075535039,2.196524753466302,2.5307499903774597,2.764900581977152,False,True,7126,13678,13678,1.919449901768173,68,1.919449901768173,258,0.4490517580548436,233,233,0.03269716531013191,1.9789543126498366,2.2381749965553106,2.6434938241943993,False,True
