pair,h_N,h_E,h_visits,h_dedup_ratio,h_depth,h_mean_indeg,h_max_outdeg,h_out_gini,h_n_constants,h_n_distinct_constants,h_constant_share,h_alpha_x2,h_alpha_x5,h_alpha_x10,h_has_sorry,h_truncated,a_N,a_E,a_visits,a_dedup_ratio,a_depth,a_mean_indeg,a_max_outdeg,a_out_gini,a_n_constants,a_n_distinct_constants,a_constant_share,a_alpha_x2,a_alpha_x5,a_alpha_x10,a_has_sorry,a_truncated,source
pair_00b23e63,6816,13197,13197,1.9361795774647887,65,1.9361795774647887,296,0.4522138403023023,180,180,0.0264084507042253,1.9793585432940433,2.3002846832008217,2.6970829479501663,False,True,4429,8469,8469,1.9121697900203205,57,1.9121697900203205,210,0.4455778730130775,166,166,0.0374802438473696,2.033328833053773,2.2200197139705864,2.816122940449577,False,True,cn_contest
pair_01eb3f84,5111,9641,9641,1.8863236157307768,65,1.8863236157307768,208,0.4345690995447178,267,267,0.0522402660927411,2.120685485146313,2.3363874488896057,2.6032358040545005,False,True,5776,11049,11049,1.912915512465374,67,1.912915512465374,171,0.441163359063592,235,235,0.040685595567867,2.1619585318947543,2.2360064272106746,2.564741596858216,False,True,olympiads
pair_064daf4b,92,124,124,1.3478260869565215,22,1.3478260869565215,6,0.2301893408134642,23,23,0.25,3.069354799840544,,,False,True,118,167,167,1.4152542372881356,23,1.4152542372881356,6,0.2590581548766873,28,28,0.2372881355932203,2.767550087623743,,,False,True,olympiads
pair_06e244fd,15403,30138,30138,1.956631824969162,71,1.956631824969162,805,0.4629767968123536,300,300,0.0194767253132506,1.9949382591981395,2.1801750419853008,2.417254477613659,False,True,15481,30291,30291,1.956656546734707,71,1.956656546734707,805,0.462807031723808,304,304,0.0196369743556617,1.9953693490894735,2.192264417581869,2.3864031006464677,False,True,olympiads
pair_070c0d6f,5841,10867,10867,1.8604690977572331,115,1.8604690977572331,173,0.4255298145243291,346,346,0.059236432117788,2.238567489418798,2.229607747896523,2.368889696903424,False,True,579,963,963,1.6632124352331603,41,1.6632124352331603,58,0.3656069027237493,76,76,0.1312607944732297,2.1322847828089,2.609561784632565,,False,True,amc_aime
pair_0a7bd2c7,5443,10586,10586,1.94488333639537,102,1.94488333639537,189,0.4562240090602506,130,130,0.0238838875620062,2.0707858609518475,2.220099741630613,2.46497875023041,False,True,5543,10787,10787,1.946058091286307,101,1.946058091286307,191,0.4557906505115764,130,130,0.0234530037885621,2.084376175508286,2.224067840056541,2.425374274078303,False,True,secondary_math
pair_0a891d0e,2311,4262,4262,1.844223279965383,54,1.844223279965383,135,0.4235674525827855,163,163,0.0705322371267849,2.1069207957015488,2.3633215944263304,2.755508608668877,False,True,2719,5077,5077,1.8672305994851048,55,1.8672305994851048,137,0.430325977373965,163,163,0.0599485104817947,2.078797991079928,2.3266781051352594,2.7683446783216317,False,True,cn_contest
pair_0a983018,10726,20812,20812,1.940331903785195,97,1.940331903785195,367,0.4556111917675114,252,252,0.0234943128845795,2.037439618645444,2.180174297408355,2.37370577095657,False,True,11238,21849,21849,1.9442071542979176,85,1.9442071542979176,454,0.4577006040692621,253,253,0.0225129026517173,2.025807194438886,2.1264572560536683,2.3643136832523517,False,True,olympiads_ref
pair_0b123512,5273,9949,9949,1.8867817181869904,75,1.8867817181869904,189,0.4374653231004007,244,244,0.0462734686136923,2.2305530417338035,2.2482106921122424,2.3036506730240554,False,True,179,278,278,1.553072625698324,31,1.553072625698324,27,0.3249869378240424,31,31,0.1731843575418994,2.4688273950163184,,,False,True,math_train
pair_0bc9ff8b,6126,11730,11730,1.9147894221351616,74,1.9147894221351616,201,0.444860737805321,216,216,0.0352595494613124,1.9916468966722367,2.383277235186618,2.678107829565172,False,True,11312,22040,22040,1.9483734087694484,76,1.9483734087694484,474,0.456287638907785,242,242,0.0213932107496463,1.98185792930024,2.3410989160423954,2.451577257526015,False,True,math_test
pair_0c9ecd6b,6868,13157,13157,1.9156959813628425,74,1.9156959813628425,249,0.4468430498585494,269,269,0.0391671520093185,2.0352786221262873,2.269257080225479,2.5033441710390423,False,True,11644,22697,22697,1.9492442459635864,74,1.9492442459635864,518,0.4580969694298556,270,270,0.0231879079354173,2.005258490061002,2.1715192048933396,2.4422656977628328,False,True,math_train
pair_0f3deadd,343,573,573,1.6705539358600583,29,1.6705539358600583,40,0.3580663379787218,49,49,0.1428571428571428,2.378198146042396,,,False,True,343,573,573,1.6705539358600583,29,1.6705539358600583,40,0.3580663379787218,49,49,0.1428571428571428,2.378198146042396,,,False,True,math_train
pair_0f421760,6716,12909,12909,1.922126265634306,76,1.922126265634306,247,0.4460709204132044,225,225,0.0335020845741512,2.0737783413934707,2.200462003420591,2.64694115722515,False,True,443,738,738,1.6659142212189617,43,1.6659142212189617,60,0.3639205466546765,58,58,0.1309255079006772,2.4805319154503005,,,False,True,amc_aime
pair_0f905113,8052,15404,15404,1.9130650769995032,76,1.9130650769995032,302,0.4434455866780236,312,312,0.0387481371087928,2.0856719785310713,2.2775159057987695,2.6936372042379704,False,True,9568,18465,18465,1.9298704013377928,86,1.9298704013377928,324,0.4502861272841052,285,285,0.0297867892976588,1.9934541567472288,2.2755521245740633,2.547946605203395,False,True,math_test
pair_11362c17,14422,28420,28420,1.970600471501872,106,1.970600471501872,511,0.4600400016356276,191,191,0.0132436555262792,1.998508666192711,2.3107492948169037,2.5664216598327165,False,True,14377,28334,28334,1.970786673158517,106,1.970786673158517,504,0.4603408739927819,191,191,0.0132851081588648,1.9952251772917244,2.296187979653018,2.6251654224764085,False,True,secondary_math
pair_121126b4,4994,9411,9411,1.8844613536243493,68,1.8844613536243493,260,0.436546020775882,265,265,0.053063676411694,2.117276654658621,2.3592198528221937,2.6144994913310673,False,True,4604,8630,8630,1.874456993918332,72,1.874456993918332,252,0.4345540630194108,265,265,0.0575586446568201,2.096999828536542,2.29670242109024,2.7560979104685153,False,True,math_train
pair_136afae1,5760,11053,11053,1.9189236111111112,70,1.9189236111111112,260,0.4421269646501201,191,191,0.0331597222222222,2.0010189708626456,2.3882758299714,2.7518881332477587,False,True,5975,11423,11423,1.9117991631799165,68,1.9117991631799165,165,0.4384789844463402,227,227,0.0379916317991631,2.0781778754847418,2.335521857743013,2.9353277622473524,False,True,olympiads
pair_13d805d4,911,1585,1585,1.7398463227222831,51,1.7398463227222831,108,0.3905577467129753,98,98,0.1075740944017563,2.1918066029443146,2.6017574584224628,,False,True,1846,3361,3361,1.8206933911159264,55,1.8206933911159264,134,0.4138186637044707,145,145,0.0785482123510292,2.0849025557941774,2.5245996305527982,2.8440141271869503,False,True,amc_aime
pair_13dbafa5,1092,1856,1856,1.6996336996336996,49,1.6996336996336996,129,0.3789728590375142,147,147,0.1346153846153846,2.2011189345852835,2.8438134541606974,,False,True,411,668,668,1.6253041362530414,29,1.6253041362530414,50,0.3483689555196177,58,58,0.1411192214111922,2.2649726746719505,3.504438436485056,,False,True,math_train
pair_1435e660,3220,6011,6011,1.866770186335404,79,1.866770186335404,198,0.4338266490729728,199,199,0.0618012422360248,2.1213828132418726,2.4183060052307415,2.3956183097898363,False,True,4721,9018,9018,1.910188519381487,66,1.910188519381487,226,0.4469178802131198,198,198,0.0419402668926075,2.064005015317492,2.2397425641890116,2.3794559891557756,False,True,olympiads
pair_149000e5,9713,18984,18984,1.9544939771440335,103,1.9544939771440335,389,0.4585013941416591,190,190,0.0195614125398949,1.98300631315763,2.1995244407215715,2.510989266496587,False,True,12068,23708,23708,1.964534305601591,120,1.964534305601591,512,0.4605509936131003,194,194,0.0160755717600265,1.9868786290535991,2.2881338220902236,2.494583526675193,False,True,aops_forum
pair_149fe16f,24598,48359,48359,1.9659728433205952,88,1.9659728433205952,1017,0.4685532800631701,232,232,0.0094316611106594,1.9313886168822296,2.365011159734557,2.2933460559242316,False,True,16663,32531,32531,1.952289503690812,77,1.952289503690812,546,0.4620355447181811,211,211,0.0126627858128788,1.9532774820710177,2.349287582502442,2.396394671519567,False,True,olympiads_ref
pair_152731e7,3702,6956,6956,1.8789843327930849,61,1.8789843327930849,166,0.4338559826076637,189,189,0.0510534846029173,2.0199729702371014,2.2613515068768075,2.9478302624114994,False,True,4562,8685,8685,1.9037702761946516,64,1.9037702761946516,199,0.4395606417510727,180,180,0.0394563787812363,1.9883725859183017,2.4169672064511523,2.87542135270257,False,True,olympiads
pair_1565703f,2922,5428,5428,1.8576317590691307,61,1.8576317590691307,156,0.4162093073812518,189,189,0.0646817248459959,2.2935210957070655,2.5669802530718586,2.6338945827557514,False,True,2673,4868,4868,1.8211747100635989,80,1.8211747100635989,167,0.4101811197584045,221,221,0.0826786382341937,2.2904081742019584,2.518384147069126,2.7164032116897827,False,True,cn_k12
pair_171e8749,274,469,469,1.7116788321167884,31,1.7116788321167884,25,0.3745583863788461,23,23,0.083941605839416,2.25265952887485,,,False,True,7104,13792,13792,1.9414414414414416,74,1.9414414414414416,347,0.4527688601630923,162,162,0.022804054054054,1.964149181498371,2.3466862653749123,2.6924972380429195,False,True,amc_aime
pair_17275427,249,421,421,1.6907630522088353,26,1.6907630522088353,25,0.3541004874605309,28,28,0.1124497991967871,2.405032870596303,,,False,True,378,646,646,1.708994708994709,29,1.708994708994709,43,0.3689861909676151,44,44,0.1164021164021164,2.31788223693348,3.0573877252725254,,False,True,amc_aime
pair_17a4d7d8,3105,5711,5711,1.8392914653784216,64,1.8392914653784216,221,0.4255842117268959,238,238,0.0766505636070853,2.1287805682631147,2.414273686816197,2.453558509753455,False,True,7074,13614,13614,1.9245122985581,71,1.9245122985581,388,0.451829427364827,253,253,0.0357647724059937,2.022565174240452,2.2365485157613794,2.429188824340023,False,True,olympiads
pair_19517b6c,6126,11677,11677,1.9061377734247469,71,1.9061377734247469,168,0.4374358253446765,257,257,0.0419523343127652,2.2868608697115764,2.1962411358725937,2.198561090621369,False,True,2191,3961,3961,1.807850296668188,70,1.807850296668188,140,0.4104924888958998,186,186,0.0848927430397079,2.268370435505751,2.3248427321738,2.478938865632413,False,True,olympiads
pair_19f291ba,6089,11578,11578,1.901461652159632,64,1.901461652159632,226,0.4396674752046293,254,254,0.0417145672524224,2.0251391957165104,2.3755690164533103,2.6381871117029263,False,True,7047,13463,13463,1.910458351071378,64,1.910458351071378,241,0.4427902252130597,268,268,0.0380303675322832,2.023720681450464,2.2938771213261,2.729916343827631,False,True,math_test
pair_1d99af92,5710,10882,10882,1.9057793345008756,75,1.9057793345008756,253,0.4470236844146618,252,252,0.0441330998248686,2.060597864235913,2.2126424598139547,2.4101870884763548,False,True,13651,26805,26805,1.9635924108123948,95,1.9635924108123948,659,0.4644163219794277,230,230,0.016848582521427,1.987610073393772,2.1787302969928675,2.387555348044968,False,True,cn_k12
pair_1e273c45,12038,23504,23504,1.9524838012958965,90,1.9524838012958965,458,0.4574229343633972,244,244,0.0202691476989533,2.0555332241075064,2.217840588486915,2.4722745294020907,False,True,26688,52755,52755,1.9767311151079137,99,1.9767311151079137,1073,0.4694367813966058,247,247,0.0092550959232613,2.0299930063168814,2.1257666137850366,2.327253867755848,False,True,math_test
pair_1e4638c2,1757,3252,3252,1.85088218554354,55,1.85088218554354,110,0.4239394556723029,112,112,0.0637450199203187,2.172772730907015,2.245821358314084,2.7187396303692393,False,True,4710,8993,8993,1.9093418259023351,70,1.9093418259023351,179,0.4347232324834862,193,193,0.0409766454352441,2.1435826207601103,2.354757876776429,2.883556582326073,False,True,olympiads
pair_1e6ca847,3402,6376,6376,1.8741916519694295,79,1.8741916519694295,145,0.4302348718039503,168,168,0.0493827160493827,2.1009996404267124,2.3373047043245565,2.772782235246949,False,True,706,1285,1285,1.820113314447592,40,1.820113314447592,51,0.4177544339237883,33,33,0.046742209631728,2.2399411710459662,1.973859576361261,3.178865491569062,False,True,olympiads
pair_1eac5349,4718,8861,8861,1.8781263247138615,69,1.8781263247138615,220,0.4334388647348414,261,261,0.0553200508690122,2.0949664352781165,2.281284746969254,2.6027388215757736,False,True,7136,13718,13718,1.922365470852018,74,1.922365470852018,317,0.4496654709500855,248,248,0.0347533632286995,2.0207157661825703,2.2089323311573628,2.489882613045154,False,True,olympiads_ref
pair_2000cc20,4537,8634,8634,1.9030196164866653,59,1.9030196164866653,196,0.4425494565595041,202,202,0.0445228124311218,2.03899070129152,2.257897313403189,2.683114462429365,False,True,4460,8526,8526,1.911659192825112,66,1.911659192825112,198,0.446294531420114,180,180,0.0403587443946188,2.0204366516578056,2.2299241247839197,2.5674270393108314,False,True,cn_k12
pair_204207d6,3480,6609,6609,1.8991379310344827,65,1.8991379310344827,182,0.4407550744978547,159,159,0.0456896551724137,2.021938336258074,2.368240832651296,2.827706094137218,False,True,3307,6234,6234,1.8850922286059872,62,1.8850922286059872,164,0.438051851202944,176,176,0.0532204414877532,2.0177811158032535,2.383453043894298,2.457939315415768,False,True,olympiads_ref
pair_20f6251a,3189,5875,5875,1.8422703041705863,56,1.8422703041705863,241,0.4254468351981212,235,235,0.0736908121668234,2.1503787144406497,2.316215045111079,2.5781437130748857,False,True,3553,6562,6562,1.84688995215311,55,1.84688995215311,249,0.4268751169322334,254,254,0.0714888826343934,2.15147482470488,2.2871366453624304,2.5864290623841533,False,True,olympiads
pair_22599b6f,7845,15077,15077,1.9218610579987252,82,1.9218610579987252,324,0.4499547405113491,252,252,0.0321223709369024,2.047605388037568,2.1821454069895188,2.4592159401761773,False,True,11855,22920,22920,1.9333614508646144,108,1.9333614508646144,269,0.4529009931671455,255,255,0.0215099114297764,1.966045413395087,2.397558507209258,2.3663652026829545,False,True,olympiads_ref
pair_2347fae1,8424,16401,16401,1.9469373219373216,101,1.9469373219373216,226,0.4644126160166849,178,178,0.0211301044634377,2.0958628728094366,2.078243927903822,2.0958883175987904,False,True,6533,12724,12724,1.9476503903260372,88,1.9476503903260372,418,0.4544024622316233,81,81,0.0123985917648859,2.5876002135397353,1.948603743983658,2.0235359131320987,False,True,olympiads
pair_2590c3a7,1980,3661,3661,1.848989898989899,67,1.848989898989899,77,0.4238154558422244,104,104,0.0525252525252525,2.2384874159552925,2.248879459873182,2.194717075228616,False,True,1796,3296,3296,1.8351893095768377,63,1.8351893095768377,72,0.4204505832810777,103,103,0.0573496659242761,2.2282261006772934,2.200857195318853,2.189522478186354,False,True,olympiads
pair_26771bf6,3296,6180,6180,1.875,61,1.875,181,0.4315367062556948,188,188,0.0570388349514563,2.040989992312073,2.481542638090066,2.8551519820168956,False,True,3086,5743,5743,1.8609850939727803,62,1.8609850939727803,185,0.4282029383682059,193,193,0.0625405055087491,2.072134101032584,2.3759168250611244,2.671948798196824,False,True,olympiads_ref
pair_271fa579,31173,61820,61820,1.9831264235075223,114,1.9831264235075223,1317,0.4681836504545453,206,206,0.0066082828088409,2.017613311571746,2.266485053902702,2.4674152798991447,False,True,37713,74659,74659,1.979662185453292,118,1.979662185453292,1319,0.4677353474139046,204,204,0.0054092753162039,2.0181993343696543,2.35867719443341,2.4321962405761415,False,True,olympiads
pair_2748f3f1,8440,16503,16503,1.9553317535545025,76,1.9553317535545025,441,0.4588741225564905,174,174,0.0206161137440758,2.013781466926211,2.239259529386642,2.455920179838139,False,True,13835,27237,27237,1.968702565955909,80,1.968702565955909,760,0.464403230055249,202,202,0.0146006505240332,2.026364698354983,2.219664348998204,2.3861647261630976,False,True,olympiads
pair_29059eae,3191,5907,5907,1.851143842055782,49,1.851143842055782,206,0.4251095150429696,221,221,0.0692572861172046,2.120025184485841,2.4211083488612317,2.5012642290565377,False,True,5882,11200,11200,1.9041142468548111,68,1.9041142468548111,252,0.4444922766794579,264,264,0.0448826929615776,2.0030215939291622,2.274664758583484,2.6916776443169765,False,True,math_train
pair_2a4dc8cc,5238,10076,10076,1.9236349751813668,72,1.9236349751813668,194,0.4452828605689543,155,155,0.0295914471172203,1.9819081966071708,2.335823395124003,2.7936529253177316,False,True,4520,8635,8635,1.9103982300884956,70,1.9103982300884956,183,0.44131618592782,162,162,0.0358407079646017,1.9980127678924111,2.38454306946211,2.876383300881568,False,True,math_test
pair_2a66f969,17296,33839,33839,1.956463922294172,115,1.956463922294172,585,0.4584228091261666,325,325,0.0187904717853839,2.0190222583228037,2.2857199016238563,2.4695737188374385,False,True,14007,27405,27405,1.9565217391304348,91,1.9565217391304348,619,0.4601719261827631,281,281,0.0200613978724923,2.0050121840751824,2.234043108182957,2.4823172805886404,False,True,olympiads
pair_2b09aabd,1127,2045,2045,1.8145519077196095,60,1.8145519077196095,86,0.4167205055722724,86,86,0.0763087843833185,2.0991618319934675,2.4170206141390884,2.8642493885316664,False,True,2276,4097,4097,1.8000878734622143,79,1.8000878734622143,131,0.4114460921939968,209,209,0.0918277680140597,2.234005137570154,2.314695319158055,2.5728037805557107,False,True,olympiads
pair_2d283418,2500,4585,4585,1.834,62,1.834,198,0.4169033805888767,197,197,0.0788,2.3134053167607647,2.3328612516889637,2.333626806552128,False,True,2374,4379,4379,1.8445661331086771,59,1.8445661331086771,178,0.4204191791527034,174,174,0.0732940185341196,2.297083234530019,2.3293003934040053,2.455137697709846,False,True,olympiads
pair_2fba10ea,16424,32105,32105,1.9547613248904043,119,1.9547613248904043,892,0.4626026308888281,297,297,0.0180832927423283,2.028529948644085,2.1854612057803067,2.372814855142458,False,True,10899,21212,21212,1.9462335994127904,112,1.9462335994127904,454,0.4575711861210635,238,238,0.0218368657675016,1.9836276948757516,2.183480486109916,2.608681600628359,False,True,olympiads_ref
pair_2fde2018,8581,16339,16339,1.904090432350542,82,1.904090432350542,385,0.4454226044886187,368,368,0.0428854445868779,2.0556764377422567,2.2430751812918484,2.5375506330022546,False,True,8382,16195,16195,1.932116439990456,99,1.932116439990456,441,0.4557644105567665,251,251,0.0299451204963016,2.009170639317172,2.083237092890811,2.4267941106146944,False,True,math_test
pair_301c1ff9,10837,21166,21166,1.953123558180308,102,1.953123558180308,435,0.4563321204801853,198,198,0.0182707391344468,2.006962069118364,2.281131466282235,2.468572706392517,False,True,12871,25208,25208,1.958511382176987,105,1.958511382176987,513,0.4580614915169869,208,208,0.0161603605003496,2.0226736983031604,2.269900365085882,2.4978316165920003,False,True,aops_forum
pair_326a8dc3,30462,60181,60181,1.9756089554198677,131,1.9756089554198677,1448,0.4690837581638026,316,316,0.0103735801982798,2.005479307879985,2.177813106859668,2.4221416762591703,False,True,54506,108058,108058,1.9824973397424135,200,1.9824973397424135,1517,0.4703857161252208,250,250,0.0045866510108978,2.001651724492166,2.3028437249150837,2.4053881243623763,False,True,cn_contest
pair_32d5762e,3494,6553,6553,1.875500858614768,79,1.875500858614768,182,0.4345765158575346,200,200,0.0572409845449341,2.032596541207944,2.4108612901631927,2.638918402715866,False,True,3083,5741,5741,1.8621472591631527,68,1.8621472591631527,176,0.4311139131985796,197,197,0.0638987998702562,2.0374578220504285,2.5082968663158036,2.393598830625596,False,True,aops_forum
pair_32e87abf,3717,6969,6969,1.874899112187248,68,1.874899112187248,204,0.4344936160458169,220,220,0.0591875168146354,2.1073617260685937,2.2327456051332204,2.556330189664603,False,True,4560,8530,8530,1.8706140350877192,70,1.8706140350877192,240,0.4339205281668415,271,271,0.0594298245614035,2.112903482616761,2.2632047064754444,2.5704335926102404,False,True,cn_k12
pair_33135e91,4561,8686,8686,1.9044069283051963,73,1.9044069283051963,241,0.4442085066539623,205,205,0.0449462837097127,2.0407811533297906,2.2588726169082225,2.6382118575655698,False,True,4487,8550,8550,1.9055047916202363,72,1.9055047916202363,239,0.4453190699056533,198,198,0.0441274793848896,2.0230792613077577,2.2241987895727307,2.690116842186806,False,True,olympiads
pair_33b83cd5,9336,17981,17981,1.9259854327335049,73,1.9259854327335049,380,0.4515498710030348,325,325,0.0348114824335904,2.0230284059628327,2.2976229764482685,2.4743404670927376,False,True,9361,18064,18064,1.9297083644909732,80,1.9297083644909732,396,0.4525709440890247,310,310,0.0331161200726418,2.04129890388253,2.319551440734438,2.361186831230002,False,True,cn_k12
pair_34b2dbc3,5021,9620,9620,1.9159529974108744,64,1.9159529974108744,187,0.4425759833646708,170,170,0.0338577972515435,1.9875936909830956,2.444094224832531,2.7703805609005157,False,True,267,449,449,1.6816479400749065,26,1.6816479400749065,32,0.3664572958634668,29,29,0.1086142322097378,2.2712802384994504,,,False,True,math_train
pair_34e33ffa,7709,14818,14818,1.9221688935011023,73,1.9221688935011023,278,0.4454641687761609,264,264,0.0342456868595148,2.056650187567234,2.3611186684196617,2.88147235141387,False,True,16593,32579,32579,1.9634183089254504,78,1.9634183089254504,627,0.4630460952767751,266,266,0.0160308563852226,2.022606021846778,2.1623563367282665,2.3634744000917314,False,True,secondary_math
pair_358e95d5,1454,2650,2650,1.8225584594222837,41,1.8225584594222837,66,0.4221634528042355,108,108,0.0742778541953232,2.095745390243479,2.2475656798397248,2.51190476073313,False,True,505,880,880,1.7425742574257426,32,1.7425742574257426,31,0.3887038703870387,56,56,0.1108910891089108,2.169293038341875,2.637746900193723,,False,True,number_theory
pair_3757881d,11075,21583,21583,1.948803611738149,83,1.948803611738149,620,0.4617207611249092,255,255,0.0230248306997742,1.9497950602173488,2.20128632574196,2.4602750996823755,False,True,9630,18690,18690,1.940809968847352,81,1.940809968847352,516,0.4584154430904404,256,256,0.0265835929387331,1.948918369482302,2.194715876720773,2.4935017747599137,False,True,olympiads
pair_37c40664,1651,2909,2909,1.7619624470018171,52,1.7619624470018171,163,0.4008516771297498,174,174,0.1053906723198061,2.2569076208343324,2.2495397821526733,2.4764136835750468,False,True,1907,3388,3388,1.7766124803356056,54,1.7766124803356056,180,0.4014743420282821,196,196,0.1027792343995804,2.296135380905952,2.3239062680904605,2.744583046916004,False,True,math_train
pair_37d880cd,1904,3462,3462,1.8182773109243695,53,1.8182773109243695,134,0.4204578278451762,153,153,0.0803571428571428,2.134214353976227,2.2266670824713937,2.448119845918594,False,True,1021,1852,1852,1.8139079333986288,42,1.8139079333986288,55,0.4156302951199751,60,60,0.058765915768854,2.336928583074727,2.110616130410665,,False,True,number_theory
pair_3b1172ec,2991,5648,5648,1.8883316616516217,60,1.8883316616516217,124,0.4318247471403824,145,145,0.0484787696422601,2.10335042895107,2.466241552796925,2.7961657526344035,False,True,1237,2249,2249,1.8181083265966047,65,1.8181083265966047,82,0.4059822869267685,91,91,0.0735650767987065,2.199131633314275,2.406470741767465,3.0704927414302667,False,True,cn_k12
pair_3b470502,3347,6137,6137,1.8335823125186737,70,1.8335823125186737,197,0.4186181287647807,249,249,0.0743949805796235,2.201968011848769,2.384119886572708,2.7717152373341993,False,True,3325,6103,6103,1.8354887218045113,70,1.8354887218045113,190,0.4194560791623496,248,248,0.0745864661654135,2.1881662061216733,2.3580723046003476,2.752335662352035,False,True,math_train
pair_3cca9874,1495,2606,2606,1.7431438127090302,50,1.7431438127090302,104,0.3863505109125583,174,174,0.1163879598662207,2.306592757133291,2.54836753470346,2.604100883657948,False,True,5899,11495,11495,1.9486353619257504,88,1.9486353619257504,296,0.4670721831119628,113,113,0.0191557891167994,2.0295326614780045,1.9480715758506584,1.9099110293264552,False,True,math_train
pair_3da844f5,8092,15774,15774,1.949332674246169,79,1.949332674246169,283,0.4535668517513286,186,186,0.0229856648541769,2.0396560335605898,2.3006444630608653,2.4322872788988255,False,True,11771,23086,23086,1.9612607255118513,83,1.9612607255118513,362,0.4606735764554476,192,192,0.0163112734686942,2.006827158011996,2.24560983883662,2.3207162353125295,False,True,inequalities
pair_3db79af4,40141,76137,76137,1.8967389950424751,86,1.8967389950424751,1919,0.4675550665725559,1994,1994,0.0496748959916295,1.5789826335892516,1.6288925238242626,1.9006745459312064,False,True,40252,76347,76347,1.8967256285401968,86,1.8967256285401968,1918,0.4675113757146889,2000,2000,0.0496869720759216,1.5833021229413382,1.6315137768777428,1.903461172399518,False,True,cn_contest
pair_3e5837da,2056,3740,3740,1.8190661478599224,60,1.8190661478599224,168,0.4148681828585697,171,171,0.0831712062256809,2.1271624537417724,2.56041622998769,2.803717727357682,False,True,6169,11925,11925,1.9330523585670287,66,1.9330523585670287,247,0.4514319212210372,188,188,0.0304749554222726,2.055460224615408,2.254370552265125,2.6745604478719818,False,True,amc_aime
pair_3e7604ad,4855,9154,9154,1.8854788877445932,80,1.8854788877445932,214,0.4334460103319625,248,248,0.0510813594232749,2.0443469729157084,2.4627673446185883,2.911401043449231,False,True,4746,8972,8972,1.8904340497260852,73,1.8904340497260852,208,0.4361353456433923,235,235,0.0495153813737884,2.014093658074927,2.4614160014349116,2.937378817446066,False,True,aops_forum
pair_40400f26,5416,10219,10219,1.8868168389955688,106,1.8868168389955688,173,0.4439441121275673,257,257,0.0474519940915805,2.190015693507895,2.2113929960502654,2.024883214566842,False,True,412,674,674,1.635922330097087,27,1.635922330097087,38,0.3559318371697733,59,59,0.1432038834951456,2.1326110234387645,3.228044682484561,,False,True,math_test
pair_412ad836,222,370,370,1.6666666666666667,33,1.6666666666666667,32,0.3556610664718773,30,30,0.1351351351351351,2.552098259800136,,,False,True,222,370,370,1.6666666666666667,33,1.6666666666666667,32,0.3556610664718773,30,30,0.1351351351351351,2.552098259800136,,,False,True,number_theory
pair_43cbe160,16730,32848,32848,1.9634190077704723,83,1.9634190077704723,680,0.4643511136007574,247,247,0.0147638971906754,2.0167576613996676,2.1879447880496707,2.3662529508326906,False,True,15895,31260,31260,1.966656181189053,114,1.966656181189053,549,0.4631520351990037,192,192,0.0120792702107581,1.975178583083028,2.2422591773244296,2.377416638050355,False,True,math_test
pair_44418174,4138,7757,7757,1.874577090381827,70,1.874577090381827,206,0.4304564897275776,234,234,0.056549057515708,2.0790872149326702,2.4679451813373223,2.814217993737671,False,True,4227,7952,7952,1.881239649869884,60,1.881239649869884,205,0.4316911642554641,227,227,0.0537023894014667,2.0702131861910456,2.440114306878371,2.9688477117082046,False,True,math_train
pair_4453d7a8,1777,3312,3312,1.86381541924592,53,1.86381541924592,137,0.4275097257223949,100,100,0.056274620146314,2.118244790160743,2.454690563520971,2.856270810479874,False,True,581,1034,1034,1.7796901893287436,41,1.7796901893287436,95,0.4066523069342859,42,42,0.072289156626506,2.356101182386395,2.4543830796024677,,False,True,olympiads
pair_452bb14f,12423,24189,24189,1.9471142236174837,78,1.9471142236174837,521,0.4570665964210636,312,312,0.0251147065926104,2.0770799701038283,2.244412316961069,2.408618584427191,False,True,5137,9732,9732,1.8944909480241383,69,1.8944909480241383,258,0.4375681341517792,255,255,0.0496398676270196,2.0934249379918395,2.40509079185743,2.622083216364585,False,True,olympiads_ref
pair_45b25f4e,5994,11507,11507,1.9197530864197532,72,1.9197530864197532,253,0.4480615576904792,223,223,0.0372038705372038,2.039829940513223,2.303698254759152,2.5811220936401895,False,True,5380,10291,10291,1.912825278810409,68,1.912825278810409,241,0.4462790238989639,219,219,0.0407063197026022,2.0103741775276385,2.333188487357426,2.5657877435619967,False,True,olympiads_ref
pair_47d24c12,1602,2958,2958,1.8464419475655431,43,1.8464419475655431,53,0.4358779888898174,88,88,0.0549313358302122,1.9572323030433656,1.891190886513268,2.0215128695414117,False,True,8880,17161,17161,1.932545045045045,82,1.932545045045045,202,0.4565323649212991,222,222,0.025,2.127215748384007,2.028783563418499,2.1586915766502903,False,True,olympiads_ref
pair_4860e4db,8502,16359,16359,1.924135497529993,99,1.924135497529993,259,0.449500179811918,264,264,0.0310515172900494,2.044408561367125,2.2071125863260423,2.547408877951133,False,True,13373,26087,26087,1.9507216032303896,106,1.9507216032303896,360,0.4605938361472904,259,259,0.0193673820384356,1.9788568819586092,2.231239159009462,2.358375301150267,False,True,olympiads
pair_48881c66,11281,21796,21796,1.9320982182430635,105,1.9320982182430635,344,0.4459719884615902,321,321,0.0284549242088467,2.1437698672376775,2.3368927882826416,2.5421279188763606,False,True,12628,24561,24561,1.9449635730123536,118,1.9449635730123536,521,0.4545922535291463,292,292,0.0231232182451694,2.0611376199593088,2.256644609506364,2.6015642734928788,False,True,amc_aime
pair_49366beb,2084,3846,3846,1.845489443378119,62,1.845489443378119,148,0.4272584722966653,132,132,0.0633397312859884,2.1373983400549212,2.1923626017729116,2.547616118638369,False,True,1931,3515,3515,1.820300362506473,65,1.820300362506473,155,0.4195533973287523,145,145,0.0750906266183324,2.185604613345431,2.290744681032555,2.737279019510913,False,True,cn_contest
pair_496aea54,88,124,124,1.4090909090909092,16,1.4090909090909092,15,0.2782258064516129,19,19,0.2159090909090909,,,,False,True,88,124,124,1.4090909090909092,16,1.4090909090909092,15,0.2782258064516129,19,19,0.2159090909090909,,,,False,True,number_theory
pair_496f71fb,54,74,74,1.3703703703703705,14,1.3703703703703705,9,0.2662662662662662,13,13,0.2407407407407407,,,,False,True,54,74,74,1.3703703703703705,14,1.3703703703703705,9,0.2662662662662662,13,13,0.2407407407407407,,,,False,True,olympiads_ref
pair_496fbd44,9644,18736,18736,1.942762339278308,78,1.942762339278308,428,0.4546598775502686,237,237,0.0245748652011613,1.993797596189574,2.321974209919434,2.5309291988300204,False,True,13918,27304,27304,1.9617761172582264,107,1.9617761172582264,610,0.4604684286394375,239,239,0.0171720074723379,2.0051659651985565,2.2717649992198785,2.5806433796980848,False,True,secondary_math
pair_49737f41,1957,3496,3496,1.7864077669902914,50,1.7864077669902914,181,0.4015334263320428,186,186,0.0950434338272866,2.255099568268496,2.4226220388843807,2.993244922688559,False,True,3776,7110,7110,1.8829449152542372,65,1.8829449152542372,192,0.4334930510858423,197,197,0.0521716101694915,2.081289920123369,2.312160758772321,2.7923772024469224,False,True,math_test
pair_49f9b472,2731,4939,4939,1.8084950567557672,67,1.8084950567557672,171,0.4113558537556208,213,213,0.0779934090076894,2.119295399319448,2.47211459273809,3.083351836753069,False,True,3200,5840,5840,1.825,62,1.825,164,0.4104304366438356,235,235,0.0734375,2.246454672307451,2.513234481527944,3.0295148955576185,False,True,math_train
pair_4a23a011,2003,3598,3598,1.7963055416874687,57,1.7963055416874687,161,0.4093984093343031,186,186,0.0928607089365951,2.1284521016563827,2.3963433165987453,2.6708799390999016,False,True,1340,2390,2390,1.7835820895522387,51,1.7835820895522387,118,0.4073558983326047,128,128,0.0955223880597015,2.123175527213919,2.287403976322987,2.750781200175752,False,True,number_theory
pair_4c39d86a,10926,21266,21266,1.9463664653120996,85,1.9463664653120996,562,0.4608326779062534,279,279,0.0255354200988467,2.048388259264509,2.148367808691364,2.264102740425895,False,True,9532,18482,18482,1.93894250944188,84,1.93894250944188,505,0.4592012788707371,270,270,0.0283256399496433,2.0205953760618716,2.1287117631473587,2.412026634449493,False,True,cn_contest
pair_4c7ab903,1571,2755,2755,1.7536600891152132,44,1.7536600891152132,144,0.3970860226357725,179,179,0.1139401654996817,2.2788986394838218,2.3998129518076636,2.2892929779004403,False,True,2602,4803,4803,1.8458877786318215,58,1.8458877786318215,154,0.4260553750114224,187,187,0.0718677940046118,2.079060222089967,2.4272339043032742,2.701916308103271,False,True,cn_k12
pair_4cffc8e6,2587,4774,4774,1.845380749903363,65,1.845380749903363,148,0.4228496418478587,156,156,0.0603015075376884,2.1208764949371988,2.3036544429935533,2.581002815253658,False,True,13947,27317,27317,1.9586290958629096,77,1.9586290958629096,504,0.4621077614650134,268,268,0.0192156019215601,2.0388857017025113,2.14831584004748,2.327462915131637,False,True,amc_aime
pair_4d25cb85,12185,23757,23757,1.9496922445629872,73,1.9496922445629872,467,0.4573794002947605,271,271,0.0222404595814526,2.07163951231391,2.155010780702812,2.3349312834690696,False,True,18968,37303,37303,1.9666280050611555,85,1.9666280050611555,851,0.46561822968705,275,275,0.0144981020666385,2.050053435082767,2.111075974850096,2.2522069107438947,False,True,olympiads
pair_4d494975,389,643,643,1.6529562982005142,31,1.6529562982005142,57,0.3620001039471948,57,57,0.1465295629820051,2.4397017639222773,,,False,True,2113,3916,3916,1.8532891623284429,50,1.8532891623284429,126,0.4212791866295857,142,142,0.0672030288689067,2.092917734256628,2.5088209340764664,2.910107191657608,False,True,amc_aime
pair_4d68f3d1,4044,7671,7671,1.8968842729970328,58,1.8968842729970328,150,0.4331635995704144,179,179,0.0442631058358061,2.026969129169591,2.4819981705266976,3.1479980213678105,False,True,3017,5595,5595,1.8544912164401723,66,1.8544912164401723,100,0.4198932294003921,196,196,0.0649651972157772,2.2261201880895465,2.343068478347421,2.784908013045941,False,True,math_train
pair_4eec1381,11646,22536,22536,1.935085007727975,750,1.935085007727975,365,0.4577973389770444,228,228,0.0195775373518804,2.257646225995543,2.1988771259846924,1.9830872533449329,False,True,4516,8496,8496,1.8813108945969883,74,1.8813108945969883,196,0.4319022529645587,251,251,0.0555801594331266,2.1901055090382293,2.386415241996697,2.542031090374702,False,True,amc_aime
pair_4fd720f4,1846,3321,3321,1.7990249187432286,64,1.7990249187432286,194,0.405500079438016,174,174,0.0942578548212351,2.298357388245974,2.4054460922846035,2.779234865352505,False,True,6395,12334,12334,1.92869429241595,84,1.92869429241595,289,0.4527689752754738,214,214,0.033463643471462,2.0545660710534213,2.2240453927787938,2.515305379045154,False,True,olympiads_ref
pair_512e1ab2,8036,15414,15414,1.9181184668989544,61,1.9181184668989544,307,0.445059077281854,307,307,0.0382030861124937,2.116017189861454,2.356903309366034,2.392021462428654,False,True,15715,30763,30763,1.9575564747056953,70,1.9575564747056953,560,0.4592108963471402,320,320,0.0203627107858733,2.050946696914205,2.234841510830079,2.4437023965951052,False,True,olympiads
pair_517e0184,13073,25428,25428,1.9450776409393409,77,1.9450776409393409,510,0.457354925712647,336,336,0.0257018281955174,2.0167851706400652,2.2685058889702994,2.503572688329029,False,True,21554,42394,42394,1.966873898116359,78,1.966873898116359,935,0.4659945843388797,329,329,0.0152639881228542,1.9822769794686237,2.189216449806731,2.3988760655419763,False,True,olympiads
pair_535c413d,5994,11471,11471,1.913747080413747,79,1.913747080413747,208,0.4460574688540864,240,240,0.04004004004004,2.0454890051432866,2.2396379848391774,2.519132827154301,False,True,7036,13563,13563,1.9276577600909608,75,1.9276577600909608,221,0.4503398160824203,220,220,0.031267765776009,1.9990143720109776,2.3025529182458486,2.4877305784165404,False,True,math_test
pair_54aff7bc,2359,4326,4326,1.8338278931750744,59,1.8338278931750744,137,0.4169947890423491,179,179,0.075879610004239,2.091809110344901,2.6084088200573348,2.787234775472263,False,True,2864,5346,5346,1.8666201117318435,63,1.8666201117318435,142,0.4267756449243103,171,171,0.0597067039106145,2.031357687289497,2.5330888720553775,2.832041226427936,False,True,math_test
pair_564fee0e,2240,4043,4043,1.8049107142857144,53,1.8049107142857144,178,0.4089035060598565,204,204,0.0910714285714285,2.164258308415782,2.6447897564327327,2.7794708807064192,False,True,1461,2554,2554,1.7481177275838466,51,1.7481177275838466,136,0.3893161644146933,171,171,0.1170431211498973,2.263907948236632,2.6120659334375276,3.007268427009159,False,True,cn_k12
pair_567a7178,11338,22111,22111,1.9501675780560943,67,1.9501675780560943,467,0.4597839790018863,235,235,0.0207267595695889,1.9701322303680648,2.2147585824602265,2.412514778432236,False,True,17065,33533,33533,1.9650161148549663,82,1.9650161148549663,636,0.4652429958029283,213,213,0.012481687664811,1.9395927348781496,2.232425705206465,2.3276101569714447,False,True,olympiads
pair_5688be7b,3508,6583,6583,1.876567844925884,65,1.876567844925884,189,0.4313146955523288,183,183,0.0521664766248574,2.031191421526917,2.482919916583469,2.972042122711344,False,True,3967,7480,7480,1.8855558356440636,73,1.8855558356440636,200,0.4332536878445032,185,185,0.0466347365767582,2.0156871046297864,2.451433608309173,3.031095457967156,False,True,olympiads_ref
pair_57c4dba0,28310,55850,55850,1.9728011303426352,145,1.9728011303426352,672,0.4621726043070279,197,197,0.0069586718474037,2.0102777804707443,2.370619135977845,2.3530943317657194,False,True,25889,51152,51152,1.9758198462667544,142,1.9758198462667544,611,0.4622820359139418,194,194,0.0074935300706863,2.025717854724298,2.3378443450880253,2.424191096625589,False,True,aops_forum
pair_587b1256,2969,5398,5398,1.818120579319636,65,1.818120579319636,218,0.4168024508160214,247,247,0.0831929942741663,2.130364934591702,2.4504136778822874,2.572860814409432,False,True,3947,7369,7369,1.8669875855079807,71,1.8669875855079807,210,0.429652249064936,238,238,0.060298961236382,2.0970348598983435,2.453867805744809,2.5877785496621564,False,True,olympiads
pair_58e22ef3,3029,5688,5688,1.877847474413998,61,1.877847474413998,143,0.4323076644476112,147,147,0.0485308682733575,2.004938380330336,2.381226558397561,3.0126663624318,False,True,4689,9006,9006,1.9206653870761357,72,1.9206653870761357,236,0.4465377859749622,147,147,0.0313499680102367,1.968551417133639,2.2483116884107224,2.935267833878445,False,True,math_train
pair_59111b24,6432,12323,12323,1.915889303482587,69,1.915889303482587,288,0.4483979089176369,230,230,0.0357587064676616,2.0553307991964305,2.192458650349483,2.681742818585959,False,True,12953,25441,25441,1.964100980467845,81,1.964100980467845,600,0.4637589751493756,189,189,0.0145912143904886,1.9913189528239452,2.1611466790026586,2.486140701493235,False,True,math_test
pair_5a6fca10,3208,5952,5952,1.855361596009975,62,1.855361596009975,197,0.4227364217145308,209,209,0.065149625935162,2.072287140197881,2.574060230946402,2.8694186053641197,False,True,5789,11041,11041,1.9072378649162205,63,1.9072378649162205,243,0.4400876526911761,244,244,0.0421489030920711,2.0051896071912125,2.5136018716416357,2.5904910660444855,False,True,math_train
pair_5cf7a965,3862,7138,7138,1.8482651475919212,55,1.8482651475919212,245,0.4251061306877698,266,266,0.0688762299326773,2.1244907203210124,2.4808757509894743,2.5694271895514627,False,True,3020,5594,5594,1.852317880794702,58,1.852317880794702,177,0.4246580418471067,200,200,0.0662251655629139,2.036066736172894,2.543919864997793,2.9068131619064275,False,True,math_test
pair_5d026d45,804,1326,1326,1.6492537313432836,42,1.6492537313432836,111,0.3627657339246452,136,136,0.1691542288557214,2.3975713971990595,2.6620721666923486,,False,True,255,384,384,1.5058823529411764,32,1.5058823529411764,41,0.3167892156862745,59,59,0.2313725490196078,2.407088974469155,,,False,True,amc_aime
pair_5daf2594,3366,6200,6200,1.84194890077243,60,1.84194890077243,208,0.4202309623751749,227,227,0.0674390968508615,2.1246194146933277,2.4711709109268596,2.6812488894470836,False,True,3324,6140,6140,1.8471720818291215,60,1.8471720818291215,193,0.4217548222972205,219,219,0.065884476534296,2.051438349143261,2.5421673049384617,3.078086893525182,False,True,olympiads_ref
pair_5df84962,1208,2120,2120,1.7549668874172186,43,1.7549668874172186,87,0.3962506247657129,117,117,0.0968543046357615,2.20709237891287,2.454341643683527,2.636207929715028,False,True,1798,3216,3216,1.7886540600667409,45,1.7886540600667409,140,0.4026236310106862,161,161,0.089543937708565,2.2703739008646497,2.4915790189462315,2.7956906559241173,False,True,amc_aime
pair_5ee839bd,2925,5388,5388,1.842051282051282,58,1.842051282051282,199,0.420052411500073,215,215,0.0735042735042735,2.158827871158068,2.4321302599766472,2.6803831227499506,False,True,3861,7240,7240,1.8751618751618753,61,1.8751618751618753,206,0.4322753673582403,223,223,0.0577570577570577,2.072735068754003,2.3967587720967503,2.578727437127829,False,True,cn_contest
pair_5eec702b,2671,4951,4951,1.8536128790715087,61,1.8536128790715087,143,0.4260398101318038,169,169,0.0632721827031074,2.05364804033577,2.447410646931455,2.980489084461519,False,True,2069,3765,3765,1.819719671338811,56,1.819719671338811,140,0.4167907073173393,164,164,0.0792653455775737,2.0503016770916,2.590593427903939,2.803455603500436,False,True,math_test
pair_5eff76b6,1280,2264,2264,1.76875,50,1.76875,121,0.3958308027826855,140,140,0.109375,2.219245016670556,2.6624512152888076,2.9080177575053465,False,True,1710,3112,3112,1.8198830409356723,46,1.8198830409356723,125,0.4128921811813166,141,141,0.0824561403508772,2.0999371215149143,2.5669375716538196,2.828985508102929,False,True,amc_aime
pair_5feca8f4,5751,11093,11093,1.9288819335767693,86,1.9288819335767693,250,0.4505497325272432,185,185,0.032168318553295,2.017269193502812,2.3498707687657214,2.5396033749056284,False,True,4542,8680,8680,1.9110523998238664,87,1.9110523998238664,200,0.4422677640536762,184,184,0.0405107881990312,2.0576939360907582,2.402437726750279,2.6078661565962244,False,True,olympiads
pair_60565fc7,70,94,94,1.3428571428571427,16,1.3428571428571427,13,0.2595744680851063,20,20,0.2857142857142857,,,,False,True,70,94,94,1.3428571428571427,16,1.3428571428571427,13,0.2595744680851063,20,20,0.2857142857142857,,,,False,True,number_theory
pair_606263d6,5337,10150,10150,1.901817500468428,63,1.901817500468428,232,0.4415913443743879,232,232,0.0434701142964212,2.0426370169352905,2.274589637887983,2.5411338513960136,False,True,5602,10708,10708,1.91146019278829,72,1.91146019278829,258,0.4450118673930024,227,227,0.0405212424134237,2.0084594309856785,2.337511911491937,2.506822036067783,False,True,math_train
pair_61c6d911,6817,13016,13016,1.9093442863429664,69,1.9093442863429664,207,0.4417611652563519,274,274,0.0401936335631509,2.1224201444511444,2.267866782022274,2.5515172719955994,False,True,2730,4972,4972,1.8212454212454212,145,1.8212454212454212,117,0.4124739567217443,199,199,0.0728937728937729,2.3357157657263974,2.1845360058913275,2.2028484315207244,False,True,math_train
pair_62b6e279,207,310,310,1.497584541062802,21,1.497584541062802,26,0.3088047374162381,42,42,0.2028985507246377,2.282315930505197,,,False,True,17460,33097,33097,1.895589919816724,58,1.895589919816724,756,0.4655501266868697,528,528,0.0302405498281786,1.968813220923128,1.958695075112047,3.9408755327362504,False,True,math_test
pair_6357c298,2600,4713,4713,1.8126923076923076,57,1.8126923076923076,212,0.412886859586414,222,222,0.0853846153846153,2.1764688903188496,2.5376930076975213,2.470832865127676,False,True,1898,3460,3460,1.8229715489989464,53,1.8229715489989464,126,0.4129744117629144,147,147,0.077449947312961,2.127631674564208,2.6443666071996663,2.811395280971074,False,True,amc_aime
pair_6369b437,1283,2360,2360,1.8394388152766952,47,1.8394388152766952,73,0.4168963102897076,78,78,0.0607950116913484,2.1348688939846836,2.290828628892488,2.89675234533553,False,True,1328,2460,2460,1.8524096385542168,50,1.8524096385542168,68,0.420401116661769,77,77,0.0579819277108433,2.116488926821426,2.2610480735588263,2.999041955653196,False,True,math_test
pair_659419e1,17059,33592,33592,1.9691658362154871,93,1.9691658362154871,794,0.4631520774020752,243,243,0.0142446802274459,2.0755230044440065,2.24501084212955,2.417358903931639,False,True,24366,48194,48194,1.977920052532217,100,1.977920052532217,1411,0.4701283562643855,235,235,0.0096445867191988,2.027820286806498,2.215143226074191,2.2646387214069783,False,True,olympiads
pair_665c7b43,3771,7153,7153,1.8968443383717848,63,1.8968443383717848,167,0.4388104929186712,174,174,0.0461416070007955,2.0860928246789676,2.338867765700215,2.569015224091836,False,True,3666,6959,6959,1.898254228041462,64,1.898254228041462,161,0.4400507077264254,164,164,0.0447354064375341,2.054852972201227,2.288542166247704,2.6732177991280732,False,True,secondary_math
pair_66b87803,15962,31000,31000,1.9421125172284175,96,1.9421125172284175,689,0.459832440756474,428,428,0.0268136824959278,2.0220418595221923,2.2006332525045216,2.3161126891491355,False,True,44041,87151,87151,1.9788606071615087,136,1.9788606071615087,1455,0.4692737800829677,306,306,0.0069480711155514,2.007064038465286,2.266632914235973,2.3456297670140875,False,True,cn_k12
pair_677749e1,2233,4086,4086,1.8298253470667265,56,1.8298253470667265,146,0.4146045862588472,168,168,0.0752351097178683,2.090846159622382,2.5789686894198396,3.179197330448296,False,True,2209,4038,4038,1.8279764599366228,56,1.8279764599366228,146,0.41422085479928,168,168,0.0760525124490719,2.086894260054428,2.5872527659175804,3.1854143113342097,False,True,math_train
pair_6801c12d,4584,8628,8628,1.882198952879581,66,1.882198952879581,188,0.4337627259274362,234,234,0.0510471204188481,2.1616327506749022,2.425968631615563,2.386127699470692,False,True,7992,15459,15459,1.934309309309309,90,1.934309309309309,239,0.4499294478513703,224,224,0.028028028028028,2.1270784509304876,2.2148722601275233,2.6056342231876046,False,True,olympiads_ref
pair_68e74a3f,2300,4127,4127,1.7943478260869563,58,1.7943478260869563,162,0.4018882017677858,216,216,0.0939130434782608,2.2215751936404375,2.4849480553960515,2.661730584392788,False,True,2608,4756,4756,1.8236196319018405,63,1.8236196319018405,167,0.4154314924125548,215,215,0.0824386503067484,2.1232150672841055,2.366964979120955,2.7303326476759975,False,True,cn_k12
pair_6920c5e4,6432,12327,12327,1.9165111940298507,70,1.9165111940298507,243,0.4441982132212306,250,250,0.03886815920398,2.062349757653595,2.4130563945615457,2.423103790540159,False,True,14851,29184,29184,1.965120193926335,86,1.965120193926335,793,0.462661842467044,243,243,0.0163625345094606,2.061399355027233,2.261744574815705,2.2305037144774316,False,True,secondary_math
pair_69286778,1440,2564,2564,1.7805555555555554,55,1.7805555555555554,143,0.4045442234356041,141,141,0.0979166666666666,2.2216322852284183,2.2222171414166683,2.6354942483865225,False,True,2621,4897,4897,1.8683708508202976,56,1.8683708508202976,164,0.4313950945369304,163,163,0.0621900038153376,2.070348571623633,2.432836435708105,2.7221270641878292,False,True,olympiads
pair_6ba505c0,13586,26452,26452,1.9470042691005447,95,1.9470042691005447,683,0.4607596896218742,339,339,0.0249521566318268,2.04407016437088,2.1889353206120727,2.277966768712391,False,True,12386,24212,24212,1.9547876634910384,85,1.9547876634910384,663,0.4630472699721276,263,263,0.021233650896173,1.9904163982517735,2.1576971204455946,2.3492960645662286,False,True,cn_k12
pair_6bcfd203,1098,1846,1846,1.6812386156648451,50,1.6812386156648451,104,0.3716281153362659,154,154,0.1402550091074681,2.296143840953227,2.5168465499520067,,False,True,827,1488,1488,1.7992744860943168,55,1.7992744860943168,28,0.410326546267764,56,56,0.0677146311970979,1.912921340853513,2.2865421577425167,3.5502791012155455,False,True,math_train
pair_6d3a0d6c,91,131,131,1.4395604395604396,18,1.4395604395604396,13,0.2862175991946984,22,22,0.2417582417582417,,,,False,True,115,166,166,1.443478260869565,21,1.443478260869565,16,0.2827658459926663,26,26,0.2260869565217391,2.749374796132164,,,False,True,math_test
pair_6d779213,3016,5481,5481,1.8173076923076923,65,1.8173076923076923,141,0.404852947510498,233,233,0.0772546419098143,2.231279215767954,2.4699719957056825,2.89618532450023,False,True,8921,17052,17052,1.9114449052796771,74,1.9114449052796771,268,0.4420530876192863,359,359,0.0402421253222732,2.079671061530882,2.3488467654285534,2.6445425294415115,False,True,olympiads
pair_6e98ad25,925,1594,1594,1.7232432432432432,50,1.7232432432432432,97,0.3816867306453254,105,105,0.1135135135135135,2.2600410375286177,2.968935367728637,,False,True,384,632,632,1.6458333333333333,33,1.6458333333333333,47,0.3481424709915612,46,46,0.1197916666666666,2.442634501293693,3.707535325898278,,False,True,aops_forum
pair_7007ed35,2256,4112,4112,1.822695035460993,52,1.822695035460993,161,0.4142912458260893,177,177,0.0784574468085106,2.154966696875485,2.4667824710821717,2.5554685873435115,False,True,2276,4151,4151,1.8238137082601056,52,1.8238137082601056,160,0.4144391700138743,176,176,0.0773286467486819,2.1506200703666396,2.4598471332287497,2.580090135621812,False,True,math_train
pair_7187bdc5,5970,11340,11340,1.899497487437186,70,1.899497487437186,231,0.4393661428837308,258,258,0.04321608040201,2.0330046070208745,2.3413409758171237,2.9034741542985536,False,True,8204,15627,15627,1.9048025353486104,82,1.9048025353486104,163,0.4514560741783316,304,304,0.0370550950755728,2.1233444562706443,2.0265805424031496,2.1468071491469596,False,True,amc_aime
pair_71cf0c00,5068,9562,9562,1.8867403314917128,62,1.8867403314917128,219,0.4391636223825333,239,239,0.0471586424625098,2.0477186081792604,2.256521195109089,2.562435859098744,False,True,40978,81188,81188,1.9812582361267024,168,1.9812582361267024,1625,0.4698866886282845,171,171,0.0041729708624139,2.0210134924291916,2.013989280184534,2.062671111719361,False,True,olympiads
pair_73bd6122,137,190,190,1.3868613138686132,18,1.3868613138686132,26,0.2678447944679216,36,36,0.2627737226277372,2.8584893458329343,,,False,True,645,1044,1044,1.6186046511627907,40,1.6186046511627907,98,0.3538210223053847,113,113,0.1751937984496124,2.4271935275307968,2.5866138757456287,,False,True,cn_k12
pair_7415487b,530,870,870,1.6415094339622642,32,1.6415094339622642,72,0.3620602906094122,86,86,0.1622641509433962,2.3776396309451897,,,False,True,2129,3911,3911,1.8370126820103336,53,1.8370126820103336,136,0.4209004987558426,161,161,0.0756223579145138,2.175524477195572,2.450557667732876,2.366549784331911,False,True,cn_k12
pair_7580a01f,19412,38069,38069,1.961106532042036,109,1.961106532042036,955,0.4620591387474727,336,336,0.0173088811044714,2.0432520053879095,2.2416848559760068,2.3709113644102686,False,True,18614,36595,36595,1.9659933383474804,95,1.9659933383474804,746,0.4654395326411328,219,219,0.0117653379176963,1.9590952899770009,2.2283495508362794,2.355153268815908,False,True,olympiads
pair_759606e4,21597,42362,42362,1.9614761309441129,87,1.9614761309441129,1991,0.4860309267022494,383,383,0.0177339445293327,2.0108179035284452,1.9206937601162015,1.825716986261495,False,True,21597,42362,42362,1.9614761309441129,87,1.9614761309441129,1991,0.4860309267022494,383,383,0.0177339445293327,2.0108179035284452,1.9206937601162015,1.825716986261495,False,True,math_train
pair_76494dbd,2253,4164,4164,1.848202396804261,59,1.848202396804261,150,0.4278534800221542,154,154,0.0683533067021748,2.1212571823738804,2.3847687910082707,2.4420792314245983,False,True,2253,4164,4164,1.848202396804261,59,1.848202396804261,150,0.4278534800221542,154,154,0.0683533067021748,2.1212571823738804,2.3847687910082707,2.4420792314245983,False,True,olympiads
pair_77658e38,4332,8258,8258,1.9062788550323175,67,1.9062788550323175,162,0.4442287363639881,187,187,0.0431671283471837,1.997608698158737,2.283091644489193,2.577513944303127,False,True,3653,6896,6896,1.887763482069532,61,1.887763482069532,160,0.4378243607421799,191,191,0.0522857924993156,2.0497729617553517,2.325753138095939,2.479742189598217,False,True,cn_k12
pair_78234522,5762,11105,11105,1.9272821936827491,62,1.9272821936827491,271,0.4484291889869522,187,187,0.0324540090246442,2.0945332518433544,2.298218994874371,2.4413987329232594,False,True,11232,21853,21853,1.945601851851852,88,1.945601851851852,458,0.4562169231851312,285,285,0.0253739316239316,2.0560362593302246,2.220310764490239,2.4838075512496904,False,True,olympiads_ref
pair_788625c0,4278,8038,8038,1.878915381019168,86,1.878915381019168,186,0.4353234594767887,208,208,0.0486208508648901,2.1476505150555347,2.17642180692509,2.713734696032298,False,True,2948,5423,5423,1.8395522388059704,77,1.8395522388059704,108,0.4268104893199501,181,181,0.0613975576662143,2.044781885227457,2.1370955075413707,2.553068364586892,False,True,olympiads
pair_7a30a024,1359,2518,2518,1.852832965415747,43,1.852832965415747,78,0.4273133366179987,83,83,0.061074319352465,2.0612429078721743,2.2310247666109566,2.89962103659023,False,True,1631,3014,3014,1.847946045370938,52,1.847946045370938,96,0.4252665976922736,102,102,0.0625383200490496,2.118142408914218,2.249463347811219,2.913781714830109,False,True,olympiads
pair_7a9abe33,1560,2694,2694,1.726923076923077,67,1.726923076923077,177,0.3887670607046999,190,190,0.1217948717948717,2.295739949707704,2.5466752923904075,2.470165203917393,False,True,2534,4570,4570,1.803472770323599,55,1.803472770323599,207,0.4108659646747343,221,221,0.0872138910812943,2.1520967766272188,2.471499423627731,2.7518120152636873,False,True,amc_aime
pair_7b0b98d6,3991,7565,7565,1.8955149085442244,63,1.8955149085442244,174,0.4379522796086303,189,189,0.0473565522425457,2.088768241116376,2.3441883454251116,2.7849256378691045,False,True,6235,12014,12014,1.9268644747393744,68,1.9268644747393744,314,0.4500661284101988,209,209,0.0335204490777866,2.052091533261145,2.2124275455992817,2.5360298234579908,False,True,cn_k12
pair_7b176d5c,3517,6424,6424,1.826556724481092,58,1.826556724481092,268,0.4172960298510951,281,281,0.0798976400341199,2.2082563090391067,2.350749597600898,2.404232339736735,False,True,7189,13783,13783,1.917234664070107,85,1.917234664070107,369,0.45159015270242,281,281,0.0390874947836973,2.0202212548879817,2.267622725813707,2.3953464417472663,False,True,math_test
pair_7cb6be3d,2364,4350,4350,1.8401015228426396,51,1.8401015228426396,169,0.4222867923060466,176,176,0.0744500846023688,2.108449922160111,2.4316412250551824,2.4112837316732127,False,True,5345,10325,10325,1.931711880261927,66,1.931711880261927,295,0.4510566912119448,167,167,0.0312441534144059,2.058357997035895,2.253936123064694,2.7677973438898444,False,True,olympiads
pair_7f6de6ca,1797,3187,3187,1.773511407902059,57,1.773511407902059,149,0.3975757804338332,189,189,0.1051752921535893,2.236760206088475,2.6916261673825392,2.5589939714778884,False,True,812,1334,1334,1.6428571428571428,50,1.6428571428571428,108,0.3622646804676479,136,136,0.167487684729064,2.379538578475144,2.583984502484897,,False,True,number_theory
pair_7fda4fb2,3918,7303,7303,1.8639612046962737,61,1.8639612046962737,223,0.430913872689463,253,253,0.0645737621235324,2.121491151844022,2.3199969060317063,2.53888579243924,False,True,825,1371,1371,1.661818181818182,47,1.661818181818182,115,0.372988528612161,131,131,0.1587878787878787,2.232812974016434,2.5859531736777996,,False,True,olympiads
pair_807fa532,10814,21049,21049,1.9464582948030331,87,1.9464582948030331,384,0.4598121613651741,251,251,0.023210652857407,1.9714107541527353,2.203991456549133,2.5325908712529497,False,True,5525,10592,10592,1.91710407239819,70,1.91710407239819,230,0.4487258889147106,214,214,0.0387330316742081,1.954405936585188,2.3455400684489573,2.4845820595236874,False,True,olympiads
pair_80de1ec1,4507,8566,8566,1.9005990681162637,65,1.9005990681162637,192,0.4431439593718874,208,208,0.0461504326603061,2.034726004622631,2.2556917154053804,2.641317553681687,False,True,3404,6368,6368,1.870740305522914,61,1.870740305522914,180,0.4333180849901682,203,203,0.0596357226792009,2.0554109832732204,2.2921631774694453,2.7469357585199967,False,True,cn_k12
pair_80fc276c,5723,10961,10961,1.9152542372881356,78,1.9152542372881356,224,0.4498077253646086,224,224,0.0391403110256858,2.029145930621356,2.268809373898806,2.486653702708897,False,True,8735,16980,16980,1.9439038351459643,71,1.9439038351459643,284,0.4586980204328065,199,199,0.0227819118488838,1.9154374185865153,2.292246336596313,2.4378109639717467,False,True,olympiads
pair_81db3cca,1760,3082,3082,1.7511363636363635,45,1.7511363636363635,174,0.398440726210843,207,207,0.1176136363636363,2.303063481336234,2.1612017303568196,2.4842351236003086,False,True,4694,8938,8938,1.904132935662548,63,1.904132935662548,243,0.4443134415630166,207,207,0.0440988495952279,2.034742459523631,2.3031056313539526,2.6107330199908363,False,True,cn_k12
pair_81dfa8e6,6047,11439,11439,1.8916818256986936,77,1.8916818256986936,261,0.4366299404844179,296,296,0.0489498925086819,2.144444564081558,2.2589689868599248,2.422562425335218,False,True,9243,17793,17793,1.9250243427458615,87,1.9250243427458615,288,0.4455364378574117,315,315,0.0340798442064264,2.136335259038788,2.3289612293141966,2.4318147967721213,False,True,aops_forum
pair_82f26bd9,1798,3265,3265,1.8159065628476083,63,1.8159065628476083,121,0.4125705437554404,147,147,0.0817575083426029,2.179906048934967,2.4198297761899656,2.347227778787893,False,True,1092,1922,1922,1.76007326007326,54,1.76007326007326,98,0.3929143177322157,116,116,0.1062271062271062,2.243097836967486,2.611902786960792,2.76945272687741,False,True,amc_aime
pair_842aefbb,126,174,174,1.380952380952381,23,1.380952380952381,17,0.2705710636745119,33,33,0.2619047619047619,,,,False,True,192,292,292,1.5208333333333333,31,1.5208333333333333,20,0.3016909246575342,38,38,0.1979166666666666,2.83702037009373,,,False,True,number_theory
pair_84334dbe,12707,24867,24867,1.956952860628,82,1.956952860628,352,0.4615965324603779,212,212,0.0166837176359486,1.963056297698633,2.2488264723964884,2.3331592855342738,False,True,11216,21934,21934,1.955599144079886,84,1.955599144079886,304,0.4606111974881979,206,206,0.0183666191155492,1.962864898603917,2.2261708049029636,2.408405583871503,False,True,olympiads
pair_87179bc6,2775,5068,5068,1.8263063063063063,53,1.8263063063063063,190,0.4204001791847095,220,220,0.0792792792792792,2.0734756958801337,2.4732100341412213,2.8297453677676163,False,True,2845,5213,5213,1.8323374340949032,56,1.8323374340949032,186,0.4215644476749184,217,217,0.0762741652021089,2.079342374270698,2.472063080297003,2.865624215813477,False,True,math_test
pair_877062a7,4944,9165,9165,1.8537621359223304,61,1.8537621359223304,241,0.4226651756630067,333,333,0.0673543689320388,2.17059964475838,2.5151045634603544,2.4027761594884067,False,True,6962,13194,13194,1.895145073254812,70,1.895145073254812,236,0.4363052386377605,326,326,0.0468256248204538,2.11357732561808,2.3326439157735894,2.6317638376317323,False,True,math_train
pair_8793031c,11317,21936,21936,1.9383228770875671,93,1.9383228770875671,494,0.4575235680434545,278,278,0.0245648139966422,1.993707184444039,2.16470112025723,2.499832684979959,False,True,10969,21215,21215,1.934086972376698,87,1.934086972376698,493,0.4567268324395533,296,296,0.0269851399398304,1.995566263045271,2.165220389012781,2.483334652942613,False,True,olympiads
pair_87ba057a,399,682,682,1.7092731829573935,37,1.7092731829573935,31,0.3769835145047369,36,36,0.0902255639097744,2.1172696075536637,2.822774618656478,,False,True,386,666,666,1.7253886010362691,36,1.7253886010362691,25,0.3808290155440414,33,33,0.0854922279792746,2.0722240322582346,2.8594446860249887,,False,True,olympiads_ref
pair_87d2dbfe,1673,3096,3096,1.8505678421996417,52,1.8505678421996417,54,0.4367392281423614,88,88,0.0526001195457262,1.9722560088015273,1.809693140547032,2.6818690295883068,False,True,1474,2750,2750,1.8656716417910448,52,1.8656716417910448,49,0.4416829900086345,63,63,0.0427408412483039,1.857632625371336,1.816658322042476,2.7127764817709235,False,True,math_test
pair_88838551,2347,4257,4257,1.813804857264593,71,1.813804857264593,190,0.4146715818023078,185,185,0.0788240306774605,2.1600902607257133,2.4607494910229852,2.843591624659978,False,True,2117,3890,3890,1.8375059045819555,63,1.8375059045819555,139,0.4155115948382114,142,142,0.0670760510155881,2.1023638398476745,2.6693547082187976,3.607078831879446,False,True,amc_aime
pair_8956508b,1756,3080,3080,1.753986332574032,50,1.753986332574032,183,0.3942678904239268,201,201,0.1144646924829157,2.2036502964814293,2.7964328706084203,2.662574361803496,False,True,383,600,600,1.566579634464752,28,1.566579634464752,55,0.3310617928633594,73,73,0.1906005221932115,2.3188827350329,,,False,True,math_test
pair_896a11b6,8800,17060,17060,1.9386363636363635,78,1.9386363636363635,252,0.452502131514441,230,230,0.0261363636363636,2.1183408754482995,2.239530352616975,2.3773173097470472,False,True,372,650,650,1.7473118279569892,35,1.7473118279569892,38,0.3887262200165426,30,30,0.0806451612903225,2.233193515944331,,,False,True,olympiads_ref
pair_8a45bd25,12494,24280,24280,1.943332799743877,80,1.943332799743877,524,0.4573695802321193,331,331,0.0264927165039218,2.028768041996494,2.223731420716664,2.4445606551422885,False,True,13170,25646,25646,1.9473044798785115,97,1.9473044798785115,514,0.4584425432400055,319,319,0.0242217160212604,2.0036731884799655,2.2636936089388877,2.412142012572304,False,True,cn_contest
pair_8a465ac4,739,1198,1198,1.6211096075778078,47,1.6211096075778078,123,0.3570520104549531,131,131,0.1772665764546684,2.3933403212773774,2.40076177828777,,False,True,683,1115,1115,1.6325036603221084,42,1.6325036603221084,110,0.3622714350432345,116,116,0.1698389458272328,2.360149673577714,2.3464694673730166,,False,True,olympiads
pair_8d6d2aa2,6263,12019,12019,1.9190483793709088,85,1.9190483793709088,275,0.4514184437629403,135,135,0.0215551652562669,2.1048576562583827,2.1325147726090035,2.141297586661033,False,True,9143,17795,17795,1.9462977140982172,81,1.9462977140982172,327,0.4728307494879292,125,125,0.0136716613802909,1.9071875777461125,1.8767550242527296,2.0175449318683256,False,True,olympiads_ref
pair_8e82b67b,2139,3862,3862,1.8055165965404392,46,1.8055165965404392,153,0.4167405697595565,177,177,0.0827489481065918,2.0933686302288796,2.2209091847496616,3.1099473511388025,False,True,3448,6366,6366,1.8462877030162412,57,1.8462877030162412,208,0.42532052894109,233,233,0.0675754060324826,2.077049609389281,2.4173928988134104,2.7451365757738024,False,True,amc_aime
pair_915d7da0,3309,6100,6100,1.843457237836204,55,1.843457237836204,207,0.4214826925077657,240,240,0.0725294650951949,2.1181669765914304,2.508846312195132,2.862665977422056,False,True,3960,7370,7370,1.8611111111111112,62,1.8611111111111112,206,0.4280573030165974,250,250,0.0631313131313131,2.128125757051569,2.387488804499971,2.675622214696909,False,True,math_train
pair_919a0d3c,107,166,166,1.5514018691588785,19,1.5514018691588785,13,0.3192208084675149,16,16,0.1495327102803738,2.636571785994997,,,False,True,101,158,158,1.5643564356435644,19,1.5643564356435644,13,0.3259806993357563,14,14,0.1386138613861386,2.5674489041985917,,,False,True,number_theory
pair_92daf189,6889,13180,13180,1.913194948468573,62,1.913194948468573,302,0.4453084473477213,286,286,0.0415154594280737,2.0954575079356097,2.2816114628055124,2.441912937194532,False,True,8168,15767,15767,1.930337904015671,67,1.930337904015671,384,0.4505181960214328,270,270,0.0330558276199804,2.0711883177592494,2.279444434484236,2.559100708428793,False,True,inequalities
pair_95cc16d3,3641,6860,6860,1.884097775336446,57,1.884097775336446,169,0.4364008702315626,192,192,0.0527327657237022,2.0394839635494426,2.3310340536829735,2.731670843560602,False,True,4717,8984,8984,1.9046003815984736,63,1.9046003815984736,186,0.4435890644683191,198,198,0.0419758320966716,1.988735068500695,2.2751522322550146,2.586223734451589,False,True,math_train
pair_95ff000b,12177,23642,23642,1.9415291122608196,87,1.9415291122608196,447,0.4557774448295864,331,331,0.0271823930360515,2.016881994204651,2.2497573485453968,2.4692442810857065,False,True,10832,21082,21082,1.9462703101920236,84,1.9462703101920236,463,0.4563734181658536,265,265,0.0244645494830132,2.013160666026997,2.2398776536296734,2.5911491989165523,False,True,olympiads
pair_965e479d,10946,21347,21347,1.9502101224191488,84,1.9502101224191488,500,0.4580663730254137,250,250,0.0228393933857116,2.016052297985456,2.2798961793231607,2.4309315547730455,False,True,21846,43125,43125,1.9740455918703652,97,1.9740455918703652,849,0.4660653358755027,235,235,0.0107571180078732,1.9691256763120704,2.2952069013848977,2.4293400470522952,False,True,olympiads_ref
pair_98273f65,6722,12809,12809,1.9055340672418923,73,1.9055340672418923,297,0.4439865913604103,296,296,0.0440345135376376,2.064646796440071,2.382380668537716,2.5239517844409907,False,True,19734,38863,38863,1.9693422519509476,110,1.9693422519509476,657,0.4650965540528542,204,204,0.0103374885983581,1.981997157319113,2.320751070702729,2.302501237588216,False,True,olympiads
pair_99ea5bb6,6291,11762,11762,1.86965506278811,68,1.86965506278811,269,0.4264356513331717,365,365,0.0580193927833412,2.224814734718239,2.361963569079612,2.7220105200633196,False,True,5665,10637,10637,1.8776699029126216,75,1.8776699029126216,213,0.4272273810520505,293,293,0.051721094439541,2.1503406434699546,2.4300960464762413,2.7046023731525404,False,True,math_train
pair_99eea8ae,161,264,264,1.639751552795031,26,1.639751552795031,14,0.344438170525127,16,16,0.0993788819875776,2.3795029599772546,,,False,True,1848,3313,3313,1.7927489177489178,50,1.7927489177489178,126,0.4016770155088899,164,164,0.0887445887445887,2.162756543232607,2.819415653679705,2.856492549703333,False,True,math_test
pair_9a76e23c,10400,20218,20218,1.9440384615384616,91,1.9440384615384616,479,0.4611592297800132,269,269,0.0258653846153846,1.9475708895138069,2.17474890389755,2.4425862002967142,False,True,11553,22534,22534,1.9504890504630832,89,1.9504890504630832,529,0.462946419767535,266,266,0.023024322686748,1.9492578219186991,2.158356886664741,2.4102620575692444,False,True,cn_contest
pair_9a84ead7,1587,2799,2799,1.7637051039697542,49,1.7637051039697542,136,0.392346442930266,162,162,0.1020793950850661,2.3196750648805144,2.5768929703964725,2.9109687492736116,False,True,632,1058,1058,1.6740506329113924,34,1.6740506329113924,72,0.3622849417338661,87,87,0.1376582278481012,2.330026473951873,2.95777405756332,,False,True,math_test
pair_9af28884,2573,4811,4811,1.8698017877963464,48,1.8698017877963464,102,0.4264031538683818,137,137,0.0532452390205985,2.072930624533712,2.395336600156478,3.06676906256852,False,True,894,1597,1597,1.7863534675615214,45,1.7863534675615214,78,0.3900637240687586,80,80,0.0894854586129754,2.309362161093169,2.442133385352866,,False,True,math_train
pair_9b461a0f,4134,7692,7692,1.86066763425254,75,1.86066763425254,212,0.4247529020657681,271,271,0.0655539429124334,2.185725355465664,2.3616965660467653,2.602752622063849,False,True,5239,9922,9922,1.8938728765031496,87,1.8938728765031496,190,0.4330696400813538,261,261,0.0498186676846726,2.209869488764721,2.3176112314256425,2.57666719287728,False,True,math_test
pair_9d3572bb,940,1622,1622,1.725531914893617,59,1.725531914893617,92,0.3823189128210509,110,110,0.1170212765957446,2.2712943240210617,2.7113999391782957,,False,True,808,1371,1371,1.6967821782178218,42,1.6967821782178218,77,0.3748086241884582,102,102,0.1262376237623762,2.2474424621780864,2.860354306873626,,False,True,amc_aime
pair_9d50620a,8881,17185,17185,1.9350298389820968,74,1.9350298389820968,349,0.454666864237996,258,258,0.0290507825695304,2.077691192683239,2.1378478481820213,2.403808211716518,False,True,11526,22538,22538,1.9554051709179248,85,1.9554051709179248,506,0.4621759980679746,223,223,0.019347562033663,1.9869149409951408,2.1444051142023506,2.3421500748857467,False,True,math_test
pair_9effdc53,2494,4591,4591,1.8408179631114676,52,1.8408179631114676,185,0.4241808307701498,190,190,0.0761828388131515,2.1512534407098807,2.3527775122337538,2.57609299835278,False,True,3127,5770,5770,1.8452190598017268,63,1.8452190598017268,206,0.4270368385377206,230,230,0.0735529261272785,2.0965813609770736,2.2809717508575806,2.6060965460386365,False,True,cn_k12
pair_9f0d7c77,3003,5573,5573,1.855810855810856,61,1.855810855810856,191,0.4272779675614773,200,200,0.0666000666000666,2.114557607797587,2.410612297017006,2.4817361006376943,False,True,4086,7737,7737,1.893538913362702,65,1.893538913362702,227,0.440886046295205,199,199,0.0487028879099363,2.037021685808152,2.3537308354046753,2.714699376722887,False,True,amc_aime
pair_a0095248,7643,14545,14545,1.9030485411487637,74,1.9030485411487637,372,0.4407045822366955,347,347,0.0454010205416721,2.1225012526224374,2.3710029044114203,2.5325877742028453,False,True,11166,21591,21591,1.9336378291241267,87,1.9336378291241267,527,0.4569286208829508,346,346,0.0309869245925129,2.047470757077259,2.1426478690481496,2.387794474180631,False,True,math_test
pair_a00e8681,3767,6913,6913,1.8351473320945049,56,1.8351473320945049,201,0.4159426012655066,289,289,0.0767188744358906,2.2226701707212007,2.4604117055403556,2.5740514707891533,False,True,4562,8624,8624,1.8903989478298993,61,1.8903989478298993,187,0.4374171891864633,231,231,0.0506356861025865,2.0177466017140384,2.3748621635684684,2.8900662553837058,False,True,olympiads
pair_a10926bc,2315,4302,4302,1.8583153347732184,57,1.8583153347732184,130,0.4224760596558133,146,146,0.0630669546436285,2.079016358944468,2.480758465631408,2.916097795848927,False,True,2861,5387,5387,1.882908074099965,58,1.882908074099965,134,0.4298813271843545,149,149,0.0520796924152394,2.028156349637544,2.5078504273517783,2.9308207232881465,False,True,math_test
pair_a302a9d8,1406,2514,2514,1.7880512091038407,57,1.7880512091038407,64,0.4150368180012697,84,84,0.0597439544807965,2.1230818886758662,2.1157764979942755,2.350380937045828,False,True,987,1736,1736,1.7588652482269505,59,1.7588652482269505,54,0.3997380695586402,77,77,0.0780141843971631,2.011230944413697,2.486321102295114,2.835535041252408,False,True,math_train
pair_a3b6f8e9,4252,8143,8143,1.915098777046096,66,1.915098777046096,248,0.44511515064275,167,167,0.0392756349952963,2.0242926599135114,2.303464024014409,2.73955078530338,False,True,5316,10221,10221,1.922686230248307,70,1.922686230248307,248,0.4482393026823528,192,192,0.0361173814898419,2.021322397673565,2.2728552795683576,2.47421779244971,False,True,aops_forum
pair_a41e71a8,3421,6352,6352,1.8567670271850336,62,1.8567670271850336,205,0.4254464939840384,232,232,0.0678164279450453,2.1662965756494357,2.429406769355265,2.500951671692937,False,True,6133,11782,11782,1.921082667536279,62,1.921082667536279,320,0.4522593073035076,230,230,0.0375020381542475,2.009150199226566,2.1253056542178856,2.429653941775476,False,True,cn_k12
pair_a57e4b7b,3663,6916,6916,1.888069888069888,71,1.888069888069888,180,0.4374888585414901,191,191,0.0521430521430521,2.0376234058031577,2.386749229242873,2.770959261469696,False,True,7323,14195,14195,1.9384132186262464,76,1.9384132186262464,395,0.4549869247215379,207,207,0.0282671036460467,1.9995055695610064,2.203387509017525,2.511739220917188,False,True,olympiads
pair_aa25e669,1056,1838,1838,1.740530303030303,51,1.740530303030303,118,0.3922865763181323,126,126,0.1193181818181818,2.3221427775569703,2.4628604170836397,,False,True,4043,7711,7711,1.9072470937422703,67,1.9072470937422703,222,0.4440459201824454,173,173,0.0427900074202325,2.0469325612942093,2.2259691413238967,2.621098697951993,False,True,olympiads
pair_ab0f093e,1166,2104,2104,1.804459691252144,46,1.804459691252144,56,0.4030516079802255,94,94,0.0806174957118353,2.2792635280776867,2.502379436093791,2.854271232258135,False,True,448,745,745,1.6629464285714286,35,1.6629464285714286,36,0.3636355465004794,61,61,0.1361607142857142,2.2832402854319422,2.6816138224065824,,False,True,amc_aime
pair_acbd062f,4169,7857,7857,1.8846246102182775,72,1.8846246102182775,204,0.4353783339901629,217,217,0.052050851523147,2.047619551113649,2.4328309566066153,2.8025544361527372,False,True,3208,5883,5883,1.833852867830424,66,1.833852867830424,224,0.4217745306121064,239,239,0.074501246882793,2.1563334892636945,2.5068187886238693,2.5009904767320714,False,True,math_train
pair_ad39313c,200,312,312,1.56,34,1.56,19,0.3145192307692308,33,33,0.165,2.5928246009008125,,,False,True,3829,7268,7268,1.898145729955602,192,1.898145729955602,123,0.438727893161895,80,80,0.0208931835988508,2.247303974259249,2.036043828110905,1.9072331733404724,False,True,aops_forum
pair_ae900f0c,6053,11603,11603,1.9169007103915416,65,1.9169007103915416,211,0.4449579577018818,215,215,0.0355195770692218,1.9948965845517608,2.283540670136123,2.8070050298755476,False,True,1186,2052,2052,1.730185497470489,50,1.730185497470489,112,0.383916978130167,137,137,0.1155143338954468,2.246582180265067,2.606275619798251,3.5570253904106925,False,True,olympiads_ref
pair_ae9ff2a1,30446,60010,60010,1.9710306772646653,91,1.9710306772646653,1063,0.4666306869107399,368,368,0.0120869736582802,1.98682873272794,2.266112824720813,2.367546274862673,False,True,13116,25668,25668,1.9569990850869168,90,1.9569990850869168,391,0.4583328937226107,233,233,0.0177645623665751,2.0039529935743574,2.310272257753925,2.4167711852121023,False,True,olympiads_ref
pair_af58b0a0,2715,5038,5038,1.8556169429097609,61,1.8556169429097609,168,0.4267363251078178,184,184,0.0677716390423572,2.1155609324435836,2.347741441280009,2.617448908849415,False,True,3160,5914,5914,1.871518987341772,60,1.871518987341772,173,0.4320846692893498,188,188,0.0594936708860759,2.084135240467334,2.3503993501520855,2.67038495506327,False,True,cn_k12
pair_b0ad8896,10510,20258,20258,1.9274976213130353,77,1.9274976213130353,427,0.4519337463936907,314,314,0.0298763082778306,2.0656984205382907,2.2378962367848683,2.5116680310378587,False,True,8039,15366,15366,1.9114317701206616,79,1.9114317701206616,302,0.4446071075769064,309,309,0.0384376166189824,2.0443865200940365,2.2971563407164144,2.578602460924557,False,True,math_train
pair_b1a1594e,16979,32882,32882,1.936627598798516,80,1.936627598798516,504,0.4511350939497461,463,463,0.0272689793274044,2.0985308620691345,2.259604547867299,2.4173854083317488,False,True,17971,35078,35078,1.9519225418730175,106,1.9519225418730175,686,0.4603684064178393,338,338,0.0188080796839352,2.0117725085952283,2.1951441480506766,2.3121992144530723,False,True,cn_contest
pair_b21abbab,2432,4458,4458,1.8330592105263157,69,1.8330592105263157,160,0.4193274657032891,183,183,0.0752467105263157,2.2500463783676397,2.311943075266435,2.502136430892916,False,True,6565,12723,12723,1.938004569687738,75,1.938004569687738,396,0.4577490052707227,177,177,0.0269611576542269,2.028390499131352,2.086294093857872,2.474632165898398,False,True,olympiads
pair_b39511ce,7189,13919,13919,1.9361524551397968,68,1.9361524551397968,347,0.4545179929451133,219,219,0.0304632076783975,2.025406789266774,2.232943424079509,2.448955163963396,False,True,4686,8914,8914,1.9022620571916349,65,1.9022620571916349,210,0.4429144676532074,219,219,0.0467349551856594,2.048934880367032,2.356582466853175,2.371241142101619,False,True,olympiads
pair_b40cb2db,2038,3605,3605,1.768891069676153,54,1.768891069676153,212,0.4013928152889823,223,223,0.1094210009813542,2.222191596043129,2.60889780616332,2.379126785191535,False,True,2828,5243,5243,1.853960396039604,61,1.853960396039604,174,0.4253749391995955,191,191,0.0675388967468175,2.070743512215154,2.4989821111698225,2.742442283629949,False,True,math_test
pair_b4b63346,1193,2134,2134,1.7887678122380553,50,1.7887678122380553,127,0.4077173075367007,101,101,0.0846605196982397,2.301724601567929,2.320637230896878,2.4218226193106105,False,True,2251,4029,4029,1.7898711683696136,73,1.7898711683696136,137,0.4053232897565506,211,211,0.0937361172812083,2.3047837117981955,2.293958232686246,2.60858903187025,False,True,olympiads
pair_b4b897fd,1084,1862,1862,1.7177121771217712,55,1.7177121771217712,123,0.3831544464746473,137,137,0.1263837638376383,2.345263163182894,2.407216080713259,,False,True,1076,1851,1851,1.720260223048327,56,1.720260223048327,120,0.3839966942414328,133,133,0.1236059479553903,2.3267392581481907,2.426589152623719,,False,True,amc_aime
pair_b4d61cac,4888,9183,9183,1.878682487725041,80,1.878682487725041,258,0.4350112675293224,284,284,0.05810147299509,2.082056983713593,2.4136833677801106,2.588352571945605,False,True,6493,12404,12404,1.9103650084706607,69,1.9103650084706607,283,0.446993693950566,280,280,0.0431233636223625,2.0201356826074517,2.2518137086836543,2.556226148559576,False,True,olympiads
pair_b5dab1a1,1290,2265,2265,1.755813953488372,38,1.755813953488372,96,0.3876266748806407,124,124,0.0961240310077519,2.3220121619883063,2.4088920874230277,3.19281182344927,False,True,930,1571,1571,1.689247311827957,37,1.689247311827957,79,0.3648597222507409,111,111,0.1193548387096774,2.435749728618053,2.610419022972226,,False,True,amc_aime
pair_b7bb3d8e,496,828,828,1.6693548387096775,41,1.6693548387096775,50,0.3661124746766401,62,62,0.125,2.188695109947445,2.821103676825138,,False,True,512,856,856,1.671875,37,1.671875,50,0.3647552205023364,63,63,0.123046875,2.232322887635492,2.9332653602936904,,False,True,math_test
pair_b94f69f4,5234,9961,9961,1.9031333588077952,69,1.9031333588077952,219,0.4406354634047182,234,234,0.0447076805502483,2.052076216103922,2.389070778107768,2.826614311561397,False,True,7892,15220,15220,1.9285352255448556,76,1.9285352255448556,284,0.4519640141915864,254,254,0.0321844906234161,1.9939159884236364,2.2506267849082677,2.639445519961324,False,True,math_train
pair_b9bbcc78,5829,11126,11126,1.9087322010636472,60,1.9087322010636472,201,0.4365960523860456,255,255,0.0437467833247555,2.1055435982126167,2.457926188071018,2.722615381774914,False,True,6809,13094,13094,1.9230430312821265,62,1.9230430312821265,208,0.4413473501578327,250,250,0.0367161110295197,2.0756461713201735,2.406841786219953,2.6644628946619413,False,True,number_theory
pair_ba39d0a3,8165,15676,15676,1.9199020208205757,171,1.9199020208205757,229,0.4478926210446164,258,258,0.03159828536436,2.0456566812103336,2.194961181384623,2.4512051721398116,False,True,5774,10931,10931,1.893141669553169,102,1.893141669553169,164,0.4444151313857555,253,253,0.0438171111880845,2.053267173502892,2.040439355347224,2.4096823539458887,False,True,math_train
pair_babc83eb,7788,14956,14956,1.9203903441191577,73,1.9203903441191577,328,0.4485954039055566,284,284,0.0364663585002568,2.040773995719399,2.2890465553025763,2.5631447185473437,False,True,9560,18515,18515,1.936715481171548,75,1.936715481171548,454,0.4565067281193468,275,275,0.028765690376569,1.9821449929755544,2.165720577538396,2.434921446097859,False,True,olympiads
pair_bb5a8572,2075,3725,3725,1.7951807228915662,63,1.7951807228915662,178,0.4154899975741893,194,194,0.0934939759036144,2.198333325881525,2.198263332761811,2.4454837546838677,False,True,3746,6986,6986,1.8649225840896957,62,1.8649225840896957,171,0.4257268254761372,235,235,0.0627335824879871,2.1733590919379884,2.407568005279315,2.6610841003200045,False,True,olympiads
pair_bc3e9c75,2228,4013,4013,1.8011669658886893,58,1.8011669658886893,171,0.409353734116366,204,204,0.0915619389587073,2.175605468980061,2.5791561332900113,2.467236275930458,False,True,2960,5501,5501,1.858445945945946,62,1.858445945945946,172,0.4262013172052256,189,189,0.0638513513513513,2.091398168220925,2.5366576471035507,2.390949123587633,False,True,cn_k12
pair_bd329034,114601,221182,221182,1.9300180626696104,98,1.9300180626696104,5324,0.4760437614897618,2389,2389,0.0208462404342021,2.1327396098896685,1.86199645441803,2.2053369067422715,False,True,114601,221182,221182,1.9300180626696104,98,1.9300180626696104,5324,0.4760437614897618,2389,2389,0.0208462404342021,2.1327396098896685,1.86199645441803,2.2053369067422715,False,True,olympiads
pair_bde52c9a,21057,41614,41614,1.9762549271026264,98,1.9762549271026264,528,0.4645467163271123,150,150,0.0071235218692121,1.992692152656901,2.343914973791331,2.270316526557761,False,True,8128,15866,15866,1.952017716535433,67,1.952017716535433,310,0.4549154626443313,150,150,0.0184547244094488,1.9705739349456757,2.3026556681134025,2.804345392644793,False,True,math_train
pair_bf349feb,1434,2536,2536,1.7684797768479776,58,1.7684797768479776,141,0.4000595057393891,152,152,0.105997210599721,2.321219512709991,2.308385599666816,2.481660268177613,False,True,3560,6746,6746,1.894943820224719,63,1.894943820224719,215,0.4425261578230295,168,168,0.047191011235955,2.0224237551176607,2.299375626086455,2.643911498646232,False,True,math_train
pair_bf40e969,2598,4810,4810,1.8514241724403384,74,1.8514241724403384,138,0.4280053903610485,147,147,0.056581986143187,2.13997486290796,2.3395217020328327,2.4482542489003505,False,True,7650,14657,14657,1.9159477124183009,71,1.9159477124183009,257,0.4460610268532602,267,267,0.0349019607843137,2.0476477437741925,2.314454799524974,2.608972977905706,False,True,amc_aime
pair_bf419b23,119,193,193,1.6218487394957983,20,1.6218487394957983,19,0.3514607915705142,19,19,0.1596638655462184,2.236316921011495,,,False,True,116,184,184,1.5862068965517242,21,1.5862068965517242,20,0.3444527736131934,20,20,0.1724137931034483,2.2026588387931714,,,False,True,math_train
pair_bf476baa,15069,29700,29700,1.9709337049571969,114,1.9709337049571969,484,0.4606071018321334,199,199,0.0132059194372552,2.032107869056353,2.2806376553087695,2.5282529332317605,False,True,15410,30381,30381,1.971512005191434,117,1.971512005191434,498,0.4606270364211417,199,199,0.0129136924075275,2.03837650506835,2.287930912684799,2.51143704815287,False,True,inequalities
pair_bfdd51b8,2714,4919,4919,1.8124539425202653,58,1.8124539425202653,231,0.4171405059682403,243,243,0.0895357406042741,2.201281149631452,2.369474533971978,2.48982253051577,False,True,8105,15598,15598,1.92449105490438,68,1.92449105490438,366,0.4504704450079373,285,285,0.0351634793337446,2.040078173022196,2.2697277969513747,2.4169416036661535,False,True,olympiads_ref
pair_c021c917,135,208,208,1.5407407407407407,20,1.5407407407407407,27,0.338034188034188,24,24,0.1777777777777777,2.3670391600708527,,,False,True,115,176,176,1.5304347826086957,20,1.5304347826086957,22,0.3307312252964426,20,20,0.1739130434782608,2.4384236689469754,,,False,True,number_theory
pair_c0d3928e,1014,1716,1716,1.6923076923076923,38,1.6923076923076923,119,0.3814809450904125,142,142,0.1400394477317554,2.2269701356786378,2.6113250077308585,,False,True,4544,8599,8599,1.8923855633802815,58,1.8923855633802815,195,0.441594272139407,198,198,0.0435739436619718,2.0145245746742706,2.3178278038295685,2.7511615489257055,False,True,cn_k12
pair_c287c8cc,12938,25423,25423,1.9649868604111915,94,1.9649868604111915,615,0.4613694915512296,208,208,0.0160766733652805,2.071701674373368,2.2718233988133454,2.4429673786700272,False,True,13792,27021,27021,1.959179234338747,102,1.959179234338747,681,0.460208038007905,257,257,0.0186339907192575,2.04167019328255,2.3431020225064714,2.4339358644070455,False,True,olympiads
pair_c3b332ce,1439,2640,2640,1.8346073662265463,98,1.8346073662265463,142,0.4209151978436203,39,39,0.0271021542738012,2.126715285065184,2.864390018621999,,False,True,1294,2372,2372,1.833075734157651,87,1.833075734157651,142,0.4206279598927205,28,28,0.0216383307573415,2.1484755716893673,2.9080757314128283,,False,True,aops_forum
pair_c4fe0db7,10264,20029,20029,1.9513834762275917,77,1.9513834762275917,476,0.4594423189648587,230,230,0.0224084177708495,1.9815100388120008,2.145844470805966,2.4483651054579525,False,True,53990,107179,107179,1.9851639192443045,139,1.9851639192443045,1602,0.4694754210179877,258,258,0.0047786627153176,2.000458058864088,2.3044401409582447,2.405111628233611,False,True,olympiads
pair_c5fb8da2,424,680,680,1.6037735849056605,44,1.6037735849056605,36,0.3423973362930078,66,66,0.1556603773584905,2.453987047658023,,,False,True,601,1012,1012,1.6838602329450916,41,1.6838602329450916,47,0.3705056789408956,75,75,0.124792013311148,2.334235693704008,2.7373049739738384,,False,True,math_train
pair_c7a11f6b,259843,503174,503174,1.9364539356457553,82,1.9364539356457553,17126,0.4798745715276475,8140,8140,0.031326608759905,2.6250787670820435,1.3966818611830103,1.5292330553527689,False,True,5284,10082,10082,1.908024224072672,52,1.908024224072672,202,0.465614512098446,132,132,0.0249810749432248,2.0760390399092223,1.718092446312113,2.460386383625039,False,True,math_train
pair_c84a0169,224,365,365,1.6294642857142858,26,1.6294642857142858,30,0.3483488258317025,27,27,0.1205357142857142,2.3805771234262227,,,False,True,311,535,535,1.720257234726688,34,1.720257234726688,28,0.3683144514229047,29,29,0.0932475884244373,2.236648335845884,,,False,True,olympiads
pair_c8cf6c63,3092,5696,5696,1.8421733505821472,63,1.8421733505821472,198,0.422204774554123,208,208,0.0672703751617076,2.1751195960021485,2.3503406978660246,2.6043665271506677,False,True,308,484,484,1.5714285714285714,26,1.5714285714285714,38,0.3378367500268326,54,54,0.1753246753246753,2.23546681034599,,,False,True,olympiads_ref
pair_c9acf82e,11566,22527,22527,1.947691509597095,99,1.947691509597095,410,0.4570522174934835,288,288,0.0249005706380771,2.01214558622189,2.4096548901992065,2.4707778411989896,False,True,15240,29870,29870,1.95997375328084,115,1.95997375328084,619,0.461175100852601,281,281,0.0184383202099737,2.019314348787241,2.325944239850477,2.4098087233322394,False,True,inequalities
pair_cb3b726a,2215,4057,4057,1.831602708803612,60,1.831602708803612,141,0.4215244281405324,171,171,0.0772009029345372,2.1436771984234775,2.3480435351118243,2.5427716032669947,False,True,2222,4071,4071,1.832133213321332,60,1.832133213321332,140,0.4213669340404932,170,170,0.0765076507650765,2.1469183541754133,2.343022942277667,2.542819492092041,False,True,math_test
pair_cc4ae138,87440,173161,173161,1.9803408051235132,122,1.9803408051235132,3567,0.4668983796198782,248,248,0.0028362305580969,2.0329387151989713,2.3388721580453504,2.376712364215078,False,True,71043,139442,139442,1.9627831031910252,160,1.9627831031910252,2473,0.4728129521368074,626,626,0.0088115648269358,2.5953135626762736,2.074296890438812,1.9762102808994837,False,True,olympiads
pair_cc98e98a,2863,5227,5227,1.8257073000349284,57,1.8257073000349284,137,0.4172047646690078,207,207,0.0723017813482361,2.216483503113224,2.290838901171954,2.725508391027719,False,True,9231,17921,17921,1.9413931318383708,84,1.9413931318383708,369,0.4546047863227838,220,220,0.0238327375148954,2.027979948214209,2.2284560738959147,2.41139781276894,False,True,math_train
pair_ce95c511,12411,24300,24300,1.9579405366207396,95,1.9579405366207396,422,0.4637808952830573,213,213,0.0171621948271694,1.9755363058299305,2.1796344995178014,2.334418682962556,False,True,9118,17739,17739,1.945492432550998,91,1.945492432550998,301,0.4599819102016405,225,225,0.0246764641368721,2.0142806788468732,2.1418063804431524,2.323717462443753,False,True,aops_forum
pair_cffa85ea,8800,16998,16998,1.9315909090909091,83,1.9315909090909091,401,0.4508040785546963,244,244,0.0277272727272727,1.9990191971756883,2.3257690717262345,2.502808866307298,False,True,13241,25711,25711,1.941771769503814,83,1.941771769503814,435,0.4570039143330408,298,298,0.0225058530322483,1.9779023108067788,2.268043107396667,2.350961383357926,False,True,olympiads
pair_d020f221,8682,17092,17092,1.9686708131766877,90,1.9686708131766877,424,0.4656481182125724,108,108,0.0124395300621976,1.948004213559812,2.3474072922509746,2.3285234251247613,False,True,9502,18690,18690,1.9669543254051776,127,1.9669543254051776,424,0.4648911287747819,129,129,0.0135760892443696,1.9586234166406644,2.3372312166845255,2.347524813858211,False,True,olympiads
pair_d0c1af2e,2177,4056,4056,1.863114377583831,71,1.863114377583831,139,0.4307816431239631,105,105,0.0482315112540192,2.2774832295820135,2.240051055940767,2.0492137631496217,False,True,3896,7275,7275,1.867299794661191,96,1.867299794661191,125,0.42854756310111,212,212,0.0544147843942505,2.1282779874724085,2.3907449423378733,2.509231039888382,False,True,amc_aime
pair_d2343074,21651,42840,42840,1.9786614936954416,177,1.9786614936954416,764,0.4640280468260156,194,194,0.0089603251581913,2.000768272640488,2.2384881074288243,2.417592208865303,False,True,8904,17362,17362,1.9499101527403415,105,1.9499101527403415,374,0.4567893390704757,196,196,0.0220125786163522,1.9850624093992024,2.295039037374905,2.5515742925917704,False,True,aops_forum
pair_d339e847,1345,2332,2332,1.733828996282528,51,1.733828996282528,90,0.3818864098656481,163,163,0.1211895910780669,2.330891721545396,2.5873806574523295,,False,True,4289,7922,7922,1.8470505945441829,63,1.8470505945441829,176,0.415197216931296,306,306,0.071345301935183,2.2783353448057793,2.4827997544858107,2.5390251499537535,False,True,olympiads
pair_d43fae54,3394,6312,6312,1.859752504419564,57,1.859752504419564,189,0.4273282344971705,213,213,0.0627578078962875,2.0940125112464507,2.399293125961973,2.8977964521471735,False,True,3905,7329,7329,1.8768245838668376,58,1.8768245838668376,191,0.4324955376087383,213,213,0.0545454545454545,2.0464035289636047,2.393430366845725,2.928442576814848,False,True,olympiads
pair_d71a4f84,3903,7259,7259,1.859851396361773,60,1.859851396361773,198,0.4295591852244735,241,241,0.061747373815014,2.102247298619214,2.333583261881247,2.661219664250642,False,True,5197,9833,9833,1.892053107562055,67,1.892053107562055,262,0.4401192037094522,246,246,0.0473350009620935,2.0698249902853956,2.2561628633345423,2.613464770892957,False,True,math_train
pair_d72cfd93,9994,19320,19320,1.9331598959375624,133,1.9331598959375624,324,0.4539359847792734,255,255,0.0255153091855113,2.019694527685198,2.12380962942985,2.7180359383394856,False,True,10540,20330,20330,1.9288425047438331,155,1.9288425047438331,358,0.453704996588547,284,284,0.0269449715370018,1.994837356073023,2.1333792813529957,2.777665507191812,False,True,olympiads
pair_d746cf8d,29171,57466,57466,1.969970175859587,125,1.969970175859587,1193,0.4656180110156916,397,397,0.0136094066024476,2.040143956060683,2.28538819586854,2.3536636112168012,False,True,9846,19124,19124,1.9423115986187285,86,1.9423115986187285,400,0.4556549337097301,258,258,0.0262035344302254,2.0159951339706472,2.2396224199206456,2.563383817746139,False,True,aops_forum
pair_d869cc1a,1762,3280,3280,1.8615209988649264,71,1.8615209988649264,114,0.4298019157830625,101,101,0.0573212258796821,2.1342336522875556,2.3016046238352477,2.4254423340360924,False,True,2154,4002,4002,1.8579387186629528,77,1.8579387186629528,144,0.4271346221039898,130,130,0.0603528319405756,2.1898007775959885,2.32810237349036,2.3855427350986154,False,True,math_test
pair_d92632b4,4311,8106,8106,1.8803061934585945,67,1.8803061934585945,190,0.4322069736739763,216,216,0.0501043841336116,2.006923108589345,2.5085145437169096,2.71201434669853,False,True,5522,10482,10482,1.8982252806954003,82,1.8982252806954003,223,0.4396270359059158,231,231,0.0418326693227091,2.0081031323185465,2.3900875485324855,2.7151337248466705,False,True,aops_forum
pair_d96197fd,10713,20984,20984,1.9587417156725473,97,1.9587417156725473,348,0.4588880669492767,195,195,0.0182021842621114,1.9859107250480124,2.237670894440879,2.5154711682121764,False,True,14416,28398,28398,1.969894561598224,110,1.969894561598224,428,0.4589352988623185,191,191,0.0132491675915649,2.0333650480973477,2.304733386612285,2.4536030992691167,False,True,inequalities
pair_d9e524cd,209,310,310,1.4832535885167464,23,1.4832535885167464,36,0.3077326747954931,46,46,0.2200956937799043,2.563255542167311,,,False,True,209,310,310,1.4832535885167464,23,1.4832535885167464,36,0.3077326747954931,46,46,0.2200956937799043,2.563255542167311,,,False,True,olympiads
pair_db1d04db,2448,4553,4553,1.8598856209150327,70,1.8598856209150327,130,0.426590006014852,160,160,0.065359477124183,2.089228990361806,2.5035814716233444,2.703250415028438,False,True,3031,5711,5711,1.884196634774002,61,1.884196634774002,159,0.4347173989940289,161,161,0.0531177829099307,2.018027609844019,2.466474071576883,2.8959000426818213,False,True,aops_forum
pair_db881e0a,158,270,270,1.7088607594936709,19,1.7088607594936709,12,0.3698077824660103,13,13,0.0822784810126582,2.31591760866893,,,False,True,425,746,746,1.755294117647059,29,1.755294117647059,23,0.3878189560006308,35,35,0.0823529411764705,1.9754107604885127,3.617380710621464,,False,True,number_theory
pair_dd457978,3370,6333,6333,1.879228486646884,71,1.879228486646884,170,0.4364939244811104,189,189,0.0560830860534124,2.1221058911381987,2.2595185313417856,2.4235747121712303,False,True,2550,4706,4706,1.8454901960784311,64,1.8454901960784311,164,0.4263756739414848,184,184,0.072156862745098,2.140322012474904,2.3316461041231453,2.4637355587130374,False,True,secondary_math
pair_de1e8e19,8065,15368,15368,1.9055176689398636,72,1.9055176689398636,270,0.4389710198856054,338,338,0.0419094854308741,2.1375799610180577,2.3226420027520263,2.655189203855571,False,True,10016,19369,19369,1.933805910543131,72,1.933805910543131,374,0.4529358375352598,280,280,0.0279552715654952,2.029735693775926,2.2679250582770045,2.4211510030576138,False,True,olympiads
pair_de483a80,6169,11813,11813,1.9148970659750364,68,1.9148970659750364,221,0.4479498334648313,246,246,0.0398768033716971,1.9959928026746327,2.245880316283446,2.6822316933472763,False,True,3549,6661,6661,1.8768667230205691,54,1.8768667230205691,174,0.4353259865137268,206,206,0.0580445195829811,2.0504568765064097,2.3099812112584193,2.5501920888123637,False,True,cn_k12
pair_de5a08c0,1008,1768,1768,1.753968253968254,42,1.753968253968254,106,0.388347967392085,105,105,0.1041666666666666,2.2004858722455536,2.8560092135588686,,False,True,171,260,260,1.52046783625731,23,1.52046783625731,29,0.3097165991902834,30,30,0.175438596491228,2.7994202278203124,,,False,True,olympiads
pair_debcd118,931,1659,1659,1.781954887218045,43,1.781954887218045,57,0.3973237148671213,73,73,0.0784103114930182,2.2070255508477885,2.6626133885141225,,False,True,10582,20364,20364,1.9243999243999244,71,1.9243999243999244,841,0.4732127036193035,213,213,0.0201285201285201,1.8504334567782807,2.333467000749801,1.415920684222317,False,True,math_test
pair_df433d2d,4073,7611,7611,1.8686471888043212,63,1.8686471888043212,160,0.4299972486744427,221,221,0.0542597593911122,2.031901133975256,2.3933726706075964,2.8926472237256036,False,True,4383,8130,8130,1.8548939082819984,62,1.8548939082819984,156,0.4361187513312505,251,251,0.0572667122975131,2.051613147821619,2.1970066913268176,2.0727584939236783,False,True,amc_aime
pair_e21630bd,19327,37571,37571,1.9439644021317328,135,1.9439644021317328,659,0.4561321201779146,419,419,0.02167951570342,2.125242968180843,2.2624916958086567,2.270827616786097,False,True,45102,88745,88745,1.967651101946699,125,1.967651101946699,1193,0.4667276351378815,376,376,0.0083366591281983,1.9754214401594083,2.4283810648083586,2.311237936416843,False,True,olympiads
pair_e23940b8,2911,5420,5420,1.8619031260735144,58,1.8619031260735144,137,0.4220859673385466,170,170,0.0583991755410511,2.082657673549128,2.5617067093740227,2.8942309625624505,False,True,321,567,567,1.766355140186916,33,1.766355140186916,23,0.3968638568846253,19,19,0.0591900311526479,2.188198742852576,,,False,True,amc_aime
pair_e24e2569,22808,44972,44972,1.9717642932304456,173,1.9717642932304456,804,0.4647696042555712,298,298,0.0130655910206944,2.0623318097635157,2.1829921775904793,2.326557293522222,False,True,24846,49040,49040,1.9737583514449009,157,1.9737583514449009,1173,0.4645959469221103,303,303,0.0121951219512195,2.017082386724037,2.2219607834362343,2.437424763862644,False,True,olympiads
pair_e289753a,604,1063,1063,1.759933774834437,34,1.759933774834437,25,0.3816248528156598,58,58,0.0960264900662251,2.2026200548881985,2.773418761085698,,False,True,354,574,574,1.6214689265536724,32,1.6214689265536724,20,0.3279592117955078,56,56,0.1581920903954802,2.709708070737948,,,False,True,cn_contest
pair_e38bc8a1,4426,8462,8462,1.9118843199277,67,1.9118843199277,241,0.4495871231244265,186,186,0.0420244012652507,2.036618223736177,2.175454885724742,2.472282053684841,False,True,6120,11816,11816,1.930718954248366,91,1.930718954248366,342,0.4548327901460742,191,191,0.0312091503267973,2.0201728088103894,2.1784660017534847,2.4418205087750384,False,True,olympiads
pair_e39b5195,11955,23540,23540,1.96905060644082,75,1.96905060644082,511,0.4634257039372015,155,155,0.0129652864910079,2.0287380450122727,2.230932813018746,2.4937600795062034,False,True,325,584,584,1.7969230769230768,40,1.7969230769230768,33,0.4099051633298208,16,16,0.0492307692307692,2.1176082608406865,,,False,True,olympiads
pair_e45dd21b,13479,26323,26323,1.9528896802433415,78,1.9528896802433415,444,0.4530905284678461,277,277,0.0205504859410935,2.166917641079401,2.2777112559401766,2.4539901879597803,False,True,14445,28253,28253,1.955901696088612,112,1.955901696088612,391,0.4577165356636298,277,277,0.0191761855313257,2.138682998988533,2.1682463519794686,2.39055143775317,False,True,amc_aime
pair_e4b3d3b7,5626,10883,10883,1.9344116601493069,65,1.9344116601493069,189,0.4526533047314912,156,156,0.0277284038393174,1.9678395865323557,2.29503495541748,2.498094564540919,False,True,3644,6842,6842,1.8776070252469816,54,1.8776070252469816,179,0.4313351126621234,200,200,0.0548847420417124,2.050204212917325,2.4883819329671204,3.06134319886074,False,True,math_test
pair_e5328112,3065,5698,5698,1.8590538336052205,72,1.8590538336052205,181,0.4298916021591388,191,191,0.0623164763458401,2.0700785200692797,2.3474122630145793,2.68611377033279,False,True,3416,6383,6383,1.868559718969555,69,1.868559718969555,185,0.4324579505500009,199,199,0.058255269320843,2.0566000530371955,2.36713434675364,2.7702709233541203,False,True,math_train
pair_e5e14291,416,680,680,1.6346153846153846,36,1.6346153846153846,42,0.3529411764705882,62,62,0.1490384615384615,2.2436984894364937,2.831493712046574,,False,True,238,374,374,1.5714285714285714,26,1.5714285714285714,24,0.3258212375859434,40,40,0.1680672268907563,2.405266850291767,,,False,True,olympiads_ref
pair_e653c233,29939,58820,58820,1.96466147833929,441,1.96466147833929,1364,0.4678212569570367,178,178,0.0059454223587962,2.359221883438225,2.257616280735953,2.4373541206636222,False,True,9651,18497,18497,1.9165889545124857,841,1.9165889545124857,406,0.4516029385549179,179,179,0.0185473007978447,2.1995652181687273,2.429087652591511,1.976445308283759,False,True,olympiads
pair_e662ae99,162,232,232,1.432098765432099,26,1.432098765432099,25,0.2808109833971903,35,35,0.2160493827160493,2.7141873226820854,,,False,True,1365,2370,2370,1.7362637362637363,54,1.7362637362637363,122,0.3855581830265374,166,166,0.1216117216117216,2.3828552620104064,2.580223199402924,,False,True,number_theory
pair_e6f73d93,10173,19624,19624,1.9290278187358696,78,1.9290278187358696,364,0.4505968874628727,332,332,0.032635407451096,2.070184830411431,2.2295625960265166,2.4434415166984964,False,True,10848,21068,21068,1.942109144542773,124,1.942109144542773,482,0.4561969200168242,288,288,0.0265486725663716,2.021332685390969,2.2014346980081045,2.3630473634006797,False,True,math_test
pair_e7575bee,309,571,571,1.8478964401294495,30,1.8478964401294495,25,0.413876750605025,13,13,0.0420711974110032,2.402362331245224,,,False,True,356,678,678,1.904494382022472,27,1.904494382022472,42,0.4316230817672599,10,10,0.0280898876404494,2.3837641074297182,,,False,True,olympiads
pair_e83bd10d,7985,15283,15283,1.9139636819035692,94,1.9139636819035692,222,0.4396008169967645,324,324,0.0405760801502817,2.275712867592273,2.3177745375570353,2.2358188055995702,False,True,10602,20519,20519,1.9353895491416713,95,1.9353895491416713,246,0.4506998537912864,315,315,0.0297113752122241,2.1532400477743625,2.2194415875200075,2.3743268665635724,False,True,math_test
pair_e8903db6,15079,29605,29605,1.9633264805358448,90,1.9633264805358448,572,0.4649372136898234,245,245,0.0162477617879169,2.0482458247802113,2.220590526274933,2.3824877588372737,False,True,10078,19766,19766,1.9613018456042863,82,1.9613018456042863,573,0.4644535649355848,172,172,0.0170668783488787,2.0051550543415004,2.152352432600289,2.4359109550099607,False,True,olympiads_ref
pair_e8d98c67,130,194,194,1.4923076923076923,25,1.4923076923076923,19,0.296193497224425,17,17,0.1307692307692307,2.860465396763866,,,False,True,379,660,660,1.7414248021108178,58,1.7414248021108178,38,0.3845606460382186,27,27,0.0712401055408971,2.1422019755234927,2.8692744661768845,,False,True,olympiads
pair_e970e4c4,5462,10258,10258,1.878066642255584,80,1.878066642255584,231,0.436218788504479,282,282,0.0516294397656536,2.0197987348367006,2.309642021967991,2.6279399062620303,False,True,5968,11316,11316,1.896112600536193,75,1.896112600536193,240,0.4422352523225081,277,277,0.0464142091152815,2.026646363077943,2.2385675461455374,2.687832044930531,False,True,olympiads
pair_eabc1c29,7549,14566,14566,1.9295270896807524,73,1.9295270896807524,165,0.4508451325021621,221,221,0.0292754007153265,2.0720108622740083,2.2431867743152667,2.460845164804228,False,True,7770,14996,14996,1.92998712998713,102,1.92998712998713,664,0.4562631373514275,184,184,0.0236808236808236,2.458585069494909,1.9324243322617631,1.8421257736828305,False,True,math_train
pair_eb63c4a0,3595,6781,6781,1.886230876216968,62,1.886230876216968,202,0.4397453491808803,190,190,0.0528511821974965,2.048038613203035,2.2155179432946417,2.6847168744855123,False,True,2607,4819,4819,1.8484848484848484,65,1.8484848484848484,167,0.4266104641254693,181,181,0.0694284618335251,2.1184674546516247,2.3673911741427713,2.5933854556550786,False,True,math_test
pair_ebc61bc9,9473,18244,18244,1.925894647946796,87,1.925894647946796,252,0.4463873403061814,287,287,0.0302966325345719,2.0681624119979896,2.3509525300510843,2.4782815765050987,False,True,1161,2057,2057,1.7717484926787253,51,1.7717484926787253,66,0.4039239972581597,91,91,0.078380706287683,2.232185205809132,2.3208155878202064,,False,True,olympiads
pair_ec20e9b4,1191,2136,2136,1.7934508816120909,55,1.7934508816120909,99,0.4033174841272087,100,100,0.0839630562552476,2.2755700939820662,2.534809609925539,2.7462829745225577,False,True,7348,14298,14298,1.945835601524224,165,1.945835601524224,345,0.4598938924500977,134,134,0.0182362547632008,2.0357949828715336,2.164613369137701,2.566812918955242,False,True,math_train
pair_ec7f806f,8694,16762,16762,1.927996319300667,74,1.927996319300667,393,0.4524228932932885,298,298,0.0342765125373821,2.0788348749459065,2.2128099071081317,2.5323681663030584,False,True,4284,8065,8065,1.8825863678804855,61,1.8825863678804855,219,0.4378475713492671,242,242,0.0564892623716153,2.0670910323903655,2.341071028895815,2.299324839844008,False,True,math_train
pair_ec8eb018,7156,13685,13685,1.9123812185578537,80,1.9123812185578537,169,0.4441999917083513,248,248,0.0346562325321408,2.083665710091612,2.22683130067457,2.506688065614562,False,True,20356,40006,40006,1.9653173511495383,119,1.9653173511495383,811,0.4637767662616376,264,264,0.0129691491452151,2.0488097805574133,2.216735380488016,2.2210983579203685,False,True,amc_aime
pair_edc1fe33,5499,10392,10392,1.889798145117294,70,1.889798145117294,220,0.4341503550019102,275,275,0.050009092562284,2.142469389221711,2.370257301231705,2.638368833029955,False,True,3691,6941,6941,1.8805201842319157,60,1.8805201842319157,169,0.433445094429259,201,201,0.0544567867786507,2.0994425313737866,2.3893108710495734,2.580689109236274,False,True,math_test
pair_ee1554cd,21422,42199,42199,1.9698907665017271,115,1.9698907665017271,1377,0.4735095918605146,244,244,0.011390159648959,2.192412682518136,1.897301563986599,1.8392499348418112,False,True,7283,13889,13889,1.907043800631608,70,1.907043800631608,266,0.4579281800456567,282,282,0.0387203075655636,2.0182077838768357,1.9119088132275104,2.06808440618752,False,True,unknown
pair_ee294964,5899,11343,11343,1.9228682827597896,75,1.9228682827597896,264,0.4449820830553017,206,206,0.034921173080183,2.044236699491406,2.370627392600084,2.5507431301964596,False,True,7617,14715,14715,1.9318629381646315,93,1.9318629381646315,322,0.450742676339934,239,239,0.0313771826178285,2.0292243471403095,2.2948388490571094,2.527374952966005,False,True,aops_forum
pair_ee52321c,2027,3600,3600,1.7760236803157377,67,1.7760236803157377,112,0.3996335580770707,197,197,0.0971879625061667,2.2501110019028596,2.415346404452671,2.540461456559738,False,True,16382,31361,31361,1.9143572213404956,69,1.9143572213404956,588,0.463131043504781,453,453,0.0276523013063118,2.2676173259004364,1.9188187471493627,2.2085526742167736,False,True,math_train
pair_eeb3bb08,4347,8140,8140,1.872555785599264,63,1.872555785599264,241,0.4337479207044424,260,260,0.0598113641591902,2.0465005955358175,2.3961310195202277,2.779315150149158,False,True,10238,19962,19962,1.949794881812854,75,1.949794881812854,546,0.4596398912964912,250,250,0.0244188318030865,1.9395157960442029,2.2578618795498437,2.463689159879549,False,True,olympiads
pair_eed4f922,1429,2510,2510,1.7564730580825751,52,1.7564730580825751,142,0.3945578079564178,154,154,0.1077676696990902,2.225662917775522,2.552889856747341,2.9526509247915302,False,True,1766,3208,3208,1.8165345413363536,53,1.8165345413363536,139,0.4118825953236953,142,142,0.0804077010192525,2.0942463521041654,2.550071684438997,2.953443174554879,False,True,aops_forum
pair_f0d3d3dd,1524,2690,2690,1.7650918635170605,50,1.7650918635170605,134,0.3960878728448906,160,160,0.1049868766404199,2.2048802246376504,2.7745282025276845,2.9191002968653423,False,True,1283,2222,2222,1.7318784099766174,44,1.7318784099766174,123,0.3811611090961005,151,151,0.117692907248636,2.3492186255972904,2.5494513768920943,3.0008643888402413,False,True,olympiads
pair_f1a813ba,3156,5932,5932,1.879594423320659,139,1.879594423320659,227,0.445812255840805,66,66,0.0209125475285171,2.217202565368414,2.12964547958628,2.201687240606061,False,True,1346,2476,2476,1.839524517087667,51,1.839524517087667,93,0.4158873176551356,80,80,0.0594353640416047,2.172956748741395,2.383062936087214,3.092241350341922,False,True,olympiads
pair_f2ee8d3a,11691,22690,22690,1.9408091694465828,93,1.9408091694465828,402,0.4558318828234561,311,311,0.0266016593961166,2.043041834917849,2.189174208890793,2.4669922131519044,False,True,18218,35813,35813,1.965803051926666,111,1.965803051926666,723,0.4641666945899989,272,272,0.0149302887254363,2.0426051395053957,2.1516861277142576,2.2927393643773977,False,True,olympiads
pair_f39ff433,9370,18299,18299,1.9529348986125936,86,1.9529348986125936,479,0.4616381111039245,169,169,0.0180362860192102,1.9071473773982193,2.245825998739831,2.357715821148029,False,True,2683,4915,4915,1.831904584420425,85,1.831904584420425,148,0.4183038603709957,186,186,0.0693253820350354,2.0852002034288875,2.319813096134045,2.775779292842477,False,True,secondary_math
pair_f46b4569,3953,7362,7362,1.8623830002529724,91,1.8623830002529724,233,0.4324564653422622,254,254,0.0642549962054136,2.0789292352559507,2.377178514325598,2.7753435180947315,False,True,7149,13792,13792,1.9292208700517557,92,1.9292208700517557,333,0.449245635412478,235,235,0.0328717303119317,2.026749278912204,2.3037523043820785,2.6642967684513628,False,True,olympiads
pair_f4b1f0c5,15448,30331,30331,1.9634256861729673,95,1.9634256861729673,898,0.4659310831684954,246,246,0.0159243915069911,2.002921501942366,2.1569771338055523,2.3045144053884385,False,True,9962,19342,19342,1.941577996386268,86,1.941577996386268,547,0.458672082234277,257,257,0.0257980325235896,2.009816857992478,2.1265117401110727,2.4554777409414728,False,True,secondary_math
pair_f508c4f1,660,1122,1122,1.7,40,1.7,97,0.375957435315724,86,86,0.1303030303030303,2.2869552670689264,2.884845710819884,,False,True,2937,5362,5362,1.825672454885938,74,1.825672454885938,228,0.4188947634249362,235,235,0.080013619339462,2.170461629649786,2.3538538579291295,2.4332878752228124,False,True,cn_k12
pair_f54301fd,4155,7705,7705,1.85439229843562,63,1.85439229843562,257,0.4285413303908959,284,284,0.0683513838748495,2.1039860540614255,2.381553195823858,2.6312362104285594,False,True,7262,13788,13788,1.8986505095015147,76,1.8986505095015147,335,0.4432825769329749,344,344,0.0473698705590746,2.0556570820168902,2.330273277524266,2.5385676672904633,False,True,cn_k12
pair_f549052a,1578,2890,2890,1.8314321926489228,44,1.8314321926489228,125,0.4158437161489512,118,118,0.0747782002534854,2.2316448140327765,2.3914557193473667,2.2858736715644388,False,True,4971,9503,9503,1.911687789177228,66,1.911687789177228,232,0.4481217410555038,208,208,0.0418426875880104,2.077069451136577,2.217214705846221,2.400649556089502,False,True,olympiads
pair_f5a9005d,6281,11960,11960,1.904155389269225,81,1.904155389269225,267,0.442585405152983,274,274,0.0436236268110173,2.026655153949086,2.404932816471742,2.6535884066937556,False,True,9204,17816,17816,1.9356801390699696,81,1.9356801390699696,378,0.453033954507587,269,269,0.0292264232942199,1.990194244707653,2.341536614384617,2.4697235768559196,False,True,cn_k12
pair_f5d4e5bf,4664,8797,8797,1.88614922813036,73,1.88614922813036,222,0.4404445486737156,249,249,0.0533876500857632,2.075736971375287,2.329613684314138,2.481235227633538,False,True,2424,4475,4475,1.846122112211221,64,1.846122112211221,145,0.4269816730276379,173,173,0.0713696369636963,2.1084060889004226,2.229466926343888,2.4946770913632204,False,True,cn_k12
pair_f5e39d77,2354,4374,4374,1.8581138487680544,57,1.8581138487680544,133,0.4246736430883194,127,127,0.0539507221750212,2.2599513420837365,2.138511992867306,2.5647062304021047,False,True,8093,15828,15828,1.9557642407018412,934,1.9557642407018412,556,0.4670777552124108,34,34,0.0042011614975905,2.4583932297437063,1.880805399459083,1.4627490835745942,False,True,olympiads
pair_f700873e,730,1237,1237,1.6945205479452057,36,1.6945205479452057,77,0.3742029434889979,92,92,0.1260273972602739,2.22955421947641,2.6135888657204616,,False,True,2021,3683,3683,1.822365165759525,50,1.822365165759525,138,0.4116209611729568,160,160,0.0791687283523008,2.1234439017620907,2.664738029406559,2.909182834262139,False,True,cn_k12
pair_f7ca2998,1393,2439,2439,1.750897343862168,48,1.750897343862168,136,0.387759685206328,158,158,0.113424264178033,2.31813073127179,2.6131674278422343,2.804640404810021,False,True,2164,3955,3955,1.827634011090573,52,1.827634011090573,147,0.4145592396905108,167,167,0.0771719038817005,2.1321710655871846,2.582238130556161,2.720561784754105,False,True,olympiads
pair_f8026f2d,1222,2194,2194,1.795417348608838,58,1.795417348608838,54,0.4093480657708048,105,105,0.085924713584288,2.0594382657588257,2.3572685525164268,2.5589268441584165,False,True,1056,1880,1880,1.7803030303030305,50,1.7803030303030305,33,0.406245970341715,94,94,0.0890151515151515,1.9709860824048355,2.3980123675560874,2.701040433149935,False,True,amc_aime
pair_f827a253,7535,14360,14360,1.9057730590577304,91,1.9057730590577304,259,0.4516219758120415,244,244,0.0323822163238221,2.0774220870294826,2.095480255556697,2.2442694370117833,False,True,7555,14505,14505,1.9199205823957644,93,1.9199205823957644,250,0.4535581263084844,205,205,0.0271343481138318,2.078673094902713,2.058040982909241,2.2106683989994753,False,True,amc_aime
pair_f85a44af,10422,20167,20167,1.9350412588754555,75,1.9350412588754555,453,0.4544407536163421,307,307,0.0294569180579543,2.015036094754078,2.266141016213057,2.4157391447201806,False,True,9472,18420,18420,1.944679054054054,77,1.944679054054054,454,0.4582153331059072,236,236,0.0249155405405405,1.999555779935088,2.2599272886556694,2.4715333347528743,False,True,cn_k12
pair_f9baa4be,2899,5306,5306,1.8302863056226284,60,1.8302863056226284,190,0.4181706339852038,227,227,0.0783028630562262,2.093237268991624,2.6655666203905453,2.8102981452999347,False,True,2767,5082,5082,1.8366461872063609,60,1.8366461872063609,179,0.4217483078737473,211,211,0.0762558727864112,2.0920952781630477,2.456804557007426,2.7373726065378436,False,True,math_train
pair_fc9929da,222,362,362,1.6306306306306306,29,1.6306306306306306,15,0.3419690408640685,18,18,0.081081081081081,2.333637526172157,,,False,True,460,811,811,1.7630434782608695,40,1.7630434782608695,35,0.3919289122393181,26,26,0.0565217391304347,2.216204991602724,2.726676978145866,,False,True,math_test
pair_fccad9e3,3303,6072,6072,1.8383287920072664,70,1.8383287920072664,161,0.4199957757889282,251,251,0.0759915228580078,2.221988119571534,2.4695317557795775,2.434498932462735,False,True,2125,3837,3837,1.8056470588235296,49,1.8056470588235296,115,0.4063228318692606,184,184,0.0865882352941176,2.2405235225952027,2.391448715144673,2.6106739410864854,False,True,olympiads
pair_fd852ae5,12261,23598,23598,1.924639099584047,93,1.924639099584047,405,0.4504551432232492,413,413,0.033684038822282,2.0805847690508545,2.2478647536080567,2.5089706470284145,False,True,7819,15065,15065,1.9267169714797288,80,1.9267169714797288,359,0.4515426034440772,235,235,0.0300549942447883,1.986657893437138,2.227406498312692,2.510405832946537,False,True,cn_contest
pair_fe3e5ba4,2382,4348,4348,1.8253568429890847,61,1.8253568429890847,167,0.4172386505043576,179,179,0.0751469353484466,2.1696473357488024,2.467612796246537,2.742217338209027,False,True,9068,17600,17600,1.940891045434495,68,1.940891045434495,376,0.4536095209929021,233,233,0.0256947507719453,1.974602315748032,2.293675868884945,2.6866660977057153,False,True,olympiads_ref
