uuid,h_n_lines,h_n_tactics,h_n_have,h_n_premise_refs,h_n_distinct_premises,h_vocab_ratio,a_n_lines,a_n_tactics,a_n_have,a_n_premise_refs,a_n_distinct_premises,a_vocab_ratio
b26074ad-3dd5-5eac-9313-9e030fe75aa0,103,45,16,101,29,0.2871287128712871,7,3,0,1,2,2.0
a2599662-2f3e-5f80-9db7-3496890745c4,17,6,4,2,8,4.0,15,6,1,5,4,0.8
45521fff-bad3-5eed-a946-174b357a3df3,8,3,0,1,5,5.0,14,6,0,7,6,0.8571428571428571
6a447572-2ee3-56a4-a412-d5c6a56a5e8b,4,1,0,6,5,0.8333333333333334,6,2,0,6,3,0.5
a678465e-84d5-5b55-8fc5-ce624a72359f,16,8,1,8,8,1.0,9,5,0,3,4,1.3333333333333333
50f65147-64d0-5b1d-89a0-b0ae27003f88,5,4,0,1,2,2.0,16,6,2,5,4,0.8
b4ba605e-866c-5179-b35f-f039fb2950d2,73,38,18,29,17,0.5862068965517241,62,34,24,1,2,2.0
30c4e753-1525-5a50-bbad-fbaa501aa103,8,6,0,18,9,0.5,5,1,0,18,10,0.5555555555555556
b1d15b93-013d-5203-8891-01d5c806ecd0,7,3,0,3,6,2.0,16,6,4,6,3,0.5
0e9a0016-3ff8-590e-8304-070d25bd6532,88,48,15,29,18,0.6206896551724138,76,40,21,11,6,0.5454545454545454
76494dbd-5990-55eb-9407-cff23a7a80d8,9,3,0,2,3,1.5,10,5,0,2,3,1.5
a644e678-1c75-5f50-9a38-bf2520a3bae8,4,2,0,3,5,1.6666666666666667,13,6,0,9,6,0.6666666666666666
df783b78-e5fd-5491-b4c0-9e34d4d8a63f,30,14,4,9,11,1.2222222222222223,17,9,4,2,3,1.5
14c04549-c56e-58ed-8d62-420d5bff04af,3,0,0,2,3,1.5,3,0,0,2,3,1.5
2cad8875-02a0-5807-85dd-f3387690ca60,2,0,0,1,5,5.0,2,0,0,2,2,1.0
3f05e6e5-3236-5bd8-86e2-0f751170ef71,5,1,0,3,3,1.0,5,1,0,3,3,1.0
fe3e5ba4-24a3-5ec9-b9ba-ec46958ab9f4,6,3,0,19,8,0.42105263157894735,17,8,5,26,4,0.15384615384615385
e72752fa-63f8-5538-963f-16bf5b0a408a,2,0,0,1,3,3.0,2,0,0,1,2,2.0
1d5f9f4b-d5bc-5125-b0a5-b85a3cdfdb2f,33,9,1,1,3,3.0,28,10,5,5,5,1.0
9551fce6-5c2d-507d-a35a-7d58e9d52cdc,5,2,0,2,6,3.0,32,9,7,5,4,0.8
1260ffed-624b-5447-88a5-25709ede4697,6,3,1,5,8,1.6,6,2,1,2,2,1.0
7d5098ed-1f1a-5b63-8af1-e2ed7830b4b6,2,0,0,1,2,2.0,2,0,0,1,2,2.0
1bf21e78-6c09-5013-90f3-57ff49952d90,70,36,6,51,28,0.5490196078431373,3,0,0,3,2,0.6666666666666666
9af28884-b469-575f-86e0-9c1c995e5e70,9,3,1,11,7,0.6363636363636364,6,3,0,10,8,0.8
7dd80ef0-711f-54aa-9436-13877c7cb144,8,2,0,2,6,3.0,6,2,1,2,2,1.0
450cb727-9b7d-565b-95d4-3da247b75690,3,0,0,12,11,0.9166666666666666,6,2,1,21,7,0.3333333333333333
4c8a2a5e-233b-5ff3-915c-302608426232,4,2,0,5,7,1.4,18,8,0,11,9,0.8181818181818182
0b668267-474d-535d-b645-696fdd1f21db,2,0,0,8,3,0.375,2,0,0,8,2,0.25
a6a5a919-1599-56fd-8c19-db8c19d0f369,4,0,0,13,11,0.8461538461538461,3,0,0,10,8,0.8
768ae39e-9aa4-5091-be68-61b297065323,2,0,0,2,2,1.0,2,0,0,2,2,1.0
25a9af7d-3994-5872-a103-5f7dd3f78ad7,4,1,0,1,4,4.0,22,9,8,3,3,1.0
e0292b80-c2f7-54f3-89de-bf74c113d701,3,1,0,3,3,1.0,3,0,0,1,2,2.0
f9dd3c48-e376-5023-a13e-14609a3ad555,2,0,0,2,6,3.0,4,0,0,4,3,0.75
4a3a5691-6299-5049-be7d-0d3cd2ccf230,21,12,2,8,4,0.5,6,3,0,5,3,0.6
fed6b037-ba0a-5ddb-9b17-a9b16f08679c,34,22,13,2,3,1.5,14,7,1,11,8,0.7272727272727273
5d6fab9d-d567-5d35-8495-ff93bc5cbe17,11,4,0,3,4,1.3333333333333333,14,6,2,6,4,0.6666666666666666
2ecd6360-01fc-54c3-b518-a02baa353e51,5,0,0,3,9,3.0,11,4,0,12,6,0.5
8ee0fb74-5c61-5e16-b8cc-10efbe28f735,4,1,0,4,4,1.0,4,1,0,4,4,1.0
9faef40c-54cf-555f-9759-755f8556e902,18,6,4,3,3,1.0,18,7,7,3,3,1.0
d203b1a6-153b-56af-a2d3-f6507416bc74,5,2,0,1,3,3.0,16,6,1,5,3,0.6
8e690f90-7595-533a-927c-df79c4af0224,5,1,0,20,8,0.4,5,1,0,20,6,0.3
a0f27c36-ba7a-5121-9a5d-d449b7e6f3d6,4,1,0,3,9,3.0,4,1,0,3,3,1.0
13391edf-eea4-590b-99c3-ab8b3b68b2c2,11,5,1,6,6,1.0,7,2,1,4,4,1.0
3dcb5edd-2d1d-5eca-a81c-56cfb5d8f926,12,4,2,32,9,0.28125,14,4,2,28,6,0.21428571428571427
7ef3ed9d-ef90-5436-8b8f-5dfaf6e56feb,20,8,5,1,2,2.0,23,12,7,1,2,2.0
b153ac58-3aa7-5b44-aede-4dcb26c66eca,2,0,0,1,5,5.0,2,0,0,1,2,2.0
500f70cd-b0b6-57e4-bb7c-7aa550873963,15,9,4,4,6,1.5,16,8,5,4,3,0.75
a11b5771-ed15-570c-9e17-597baba2a7eb,7,2,0,6,9,1.5,13,5,3,11,8,0.7272727272727273
359f2631-afce-56e1-975d-19ab577cbbb6,14,6,3,4,4,1.0,18,6,3,8,7,0.875
26e84fcd-fc50-58c0-b09e-1db5a111afdc,2,0,0,2,6,3.0,2,0,0,2,3,1.5
b3ab6873-5413-570d-ba1b-5263f78ce5c1,8,6,0,9,6,0.6666666666666666,9,7,2,9,3,0.3333333333333333
fb78daff-1758-5d4f-aea8-67a135acd0f5,5,1,0,3,5,1.6666666666666667,13,5,0,4,4,1.0
b00ee37b-d3fe-5a9d-9bff-966db49af3d4,2,0,0,1,5,5.0,2,0,0,2,3,1.5
ead8738b-f73b-50dc-8164-d563f22567e2,4,4,0,1,3,3.0,5,2,0,1,2,2.0
7b35714e-57c5-5e5b-91cd-c50682986ae5,5,0,0,21,9,0.42857142857142855,20,8,3,30,10,0.3333333333333333
fe547a01-4a68-5c67-809e-f85bcc72d615,3,1,0,3,8,2.6666666666666665,4,1,0,3,2,0.6666666666666666
a10a822f-929e-5d48-9a5a-5223f488560a,16,12,3,1,5,5.0,23,11,0,11,11,1.0
221c417d-df6f-5af8-9a92-6854d6ee30e5,49,31,11,11,11,1.0,3,1,0,2,3,1.5
f0dacaa3-7974-5e21-9718-173a30bbbf22,23,1,1,9,10,1.1111111111111112,18,1,1,7,8,1.1428571428571428
95455a42-8402-5c1f-9a80-cdeb39894e03,9,0,0,4,5,1.25,2,0,0,1,2,2.0
ae96c299-dfc8-5d0f-bcee-5f6c2121eeab,2,0,0,2,3,1.5,3,1,0,2,3,1.5
917764ed-7766-5813-a919-c18ff0fce42b,5,2,0,5,14,2.8,5,1,0,4,2,0.5
93cd1c59-50b0-5f8b-9a66-b630cff98911,64,36,7,44,16,0.36363636363636365,7,3,0,13,5,0.38461538461538464
259d8367-7c00-5cce-99ea-78296c56054a,19,8,1,13,10,0.7692307692307693,7,0,0,2,4,2.0
701fe448-aca0-5b5b-a4c0-1665e6eb48a1,50,26,5,37,20,0.5405405405405406,8,4,1,11,5,0.45454545454545453
1b907c78-366c-5708-8d16-b152a98daba9,38,21,3,20,15,0.75,18,10,2,3,3,1.0
7f4054b7-a35d-5f54-9a19-b55cb6f1700b,6,3,0,3,6,2.0,6,2,0,1,2,2.0
d29cd665-b8eb-568f-b7d2-2581e843ebaf,7,4,0,1,3,3.0,16,8,0,7,7,1.0
3e7604ad-5bf5-5706-beac-f4362021da04,8,5,2,3,6,2.0,6,3,2,3,4,1.3333333333333333
ea608f16-0d13-5e69-a225-3f086b2c122a,3,1,0,8,10,1.25,4,1,0,8,7,0.875
22f16324-e228-5b78-a185-f6ac3624ca26,2,0,0,3,4,1.3333333333333333,3,0,0,3,3,1.0
ec40eca0-1945-5805-b8fc-83bf5873067a,11,8,1,3,9,3.0,14,15,3,15,6,0.4
440f2c7c-8bbd-5708-927c-ef053fd35bd3,22,7,1,6,6,1.0,4,1,0,5,5,1.0
9892774a-7294-534e-bd52-6f19e2a40d24,7,3,0,10,12,1.2,7,3,0,10,5,0.5
ad39313c-2ce7-521a-a670-b9df993a8004,6,1,0,8,7,0.875,6,1,0,9,5,0.5555555555555556
d05b855a-4924-51f4-a4bc-80655e723e3a,6,4,0,6,5,0.8333333333333334,8,4,0,8,7,0.875
2d4cb206-5d68-5d7f-92aa-d758a5de180a,6,3,1,2,4,2.0,5,1,0,1,2,2.0
3bf9c531-7ad5-534f-898a-a757cb8516c7,10,1,0,2,5,2.5,9,1,0,2,3,1.5
480d920a-6719-5a94-b6b4-93c69d407630,7,1,0,10,9,0.9,12,4,0,12,9,0.75
6818451c-9272-5a80-b5ad-c1a74c60ed11,13,5,0,7,9,1.2857142857142858,20,10,3,9,7,0.7777777777777778
3ff0af1e-8635-564d-b637-318acfeed9cd,64,34,12,46,19,0.41304347826086957,16,6,0,12,9,0.75
5d156a5d-0bf6-5dc2-8146-7b2418c2bce9,10,4,0,2,4,2.0,14,6,0,6,4,0.6666666666666666
cb9a6fb7-a80f-54bc-8a8f-81167e873d26,22,10,9,10,10,1.0,5,2,0,2,3,1.5
f10413c8-cf96-515f-a362-ca3296fdc00e,32,18,6,13,9,0.6923076923076923,16,7,5,7,4,0.5714285714285714
aa761cbd-938e-59e2-82be-2ce6f5c701c7,2,0,0,1,3,3.0,2,0,0,1,2,2.0
08acb0c8-2768-56e5-9032-c92b0ce67260,2,0,0,2,3,1.5,3,0,0,2,3,1.5
b52b33f4-2b5f-56b4-bc17-9c25755752d7,6,1,1,5,13,2.6,8,2,2,9,7,0.7777777777777778
e68a55a4-1a30-51f6-83e6-190eca097a96,6,2,0,4,6,1.5,14,9,0,3,3,1.0
2ca21479-97c4-5263-aa89-9c4da7ef58ec,17,6,2,4,6,1.5,8,3,0,2,2,1.0
8898bd29-2307-5301-8f95-1efe37c819b3,4,2,0,4,4,1.0,5,1,1,3,3,1.0
4ff58f19-5939-565d-91e2-137ea573db97,1,0,0,3,17,5.666666666666667,3,0,0,4,4,1.0
a79ff5a0-59f8-5464-8bef-fdbe98727dc0,14,9,2,41,23,0.5609756097560976,2,0,0,4,5,1.25
eb63c4a0-47e1-58da-bfd5-65846cfe60b3,19,14,4,2,3,1.5,15,10,1,3,4,1.3333333333333333
f250a4e7-e7c6-5d03-b825-99ef6a00e4f6,9,7,2,5,8,1.6,5,0,0,1,5,5.0
e3a73eb1-a13b-5445-b6f0-85bd223d9d21,22,11,9,1,2,2.0,16,7,5,2,3,1.5
57b2e6ef-c84b-54c8-bebf-356ebbb5a57f,3,1,0,1,3,3.0,2,0,0,1,2,2.0
cbc8b348-1470-57fd-adb8-7436ffa948d4,13,6,1,2,4,2.0,8,2,1,1,2,2.0
740dcefb-0ed5-5589-b8cd-99c00e997a48,15,7,2,1,9,9.0,19,5,0,9,8,0.8888888888888888
d0c4d578-c4af-5760-9aed-dff9829f29f9,13,6,5,14,10,0.7142857142857143,22,14,9,26,11,0.4230769230769231
c267ff2b-9dc8-5dfd-b7fe-e7096d53c54f,6,5,1,11,7,0.6363636363636364,8,3,1,9,6,0.6666666666666666
5e323eec-d402-533d-b892-dfe7b940dfe0,2,0,0,1,2,2.0,2,0,0,1,2,2.0
b2e9f3a3-a7a5-5788-807d-a934ca9df56d,3,1,0,1,3,3.0,2,0,0,2,2,1.0
74e05d44-1e11-5101-b3be-e133b31d5a20,27,11,1,5,4,0.8,15,8,1,10,4,0.4
5a7fc501-05ee-5093-ae1e-f40fa482b2bc,103,106,21,49,22,0.4489795918367347,15,7,0,8,4,0.5
8fbe9093-0fbc-53b0-8e44-74f05c9b22e1,9,1,0,6,4,0.6666666666666666,24,10,0,18,3,0.16666666666666666
5e987250-9d05-56ce-ba34-21dacf0af756,11,10,0,7,9,1.2857142857142858,23,10,3,9,9,1.0
95cc16d3-0dbe-5ea7-8a67-94f493c0292c,8,3,0,1,5,5.0,14,6,0,7,6,0.8571428571428571
a81a9e35-aab0-5029-8b6f-7dd84cc30c7f,7,2,0,5,13,2.6,27,8,7,12,2,0.16666666666666666
c4261dae-ec2c-5083-b3d9-39a9e6d4d650,24,8,4,6,7,1.1666666666666667,20,8,5,2,4,2.0
fd82fe58-d9de-5e42-84ec-fe109199f99e,4,2,0,1,3,3.0,17,9,2,5,5,1.0
6bf8e110-28f3-519d-843e-dae3dea3420e,4,1,0,4,4,1.0,57,15,6,46,4,0.08695652173913043
4260e68a-c655-55b1-b377-10576fb84908,2,0,0,1,5,5.0,2,0,0,2,3,1.5
7031ed4a-6182-5c7d-9d19-55bf96626696,122,56,3,74,30,0.40540540540540543,3,0,0,2,4,2.0
f960eb42-b31d-572e-a814-3d07654fe7f8,46,22,7,45,15,0.3333333333333333,37,21,13,28,8,0.2857142857142857
80de1ec1-dcf4-5b11-b777-080ba54d9e11,15,7,0,5,8,1.6,13,6,2,7,5,0.7142857142857143
7f32ef1d-a2c4-53fb-b747-cff52bc27969,8,5,0,3,6,2.0,14,4,2,9,4,0.4444444444444444
7415487b-4d1c-5225-b41d-187e2103b8a5,16,8,2,9,11,1.2222222222222223,22,9,2,7,5,0.7142857142857143
4bcf9945-b019-5cdd-9740-58d09951f26a,6,3,0,9,15,1.6666666666666667,6,3,0,9,9,1.0
149fe16f-5e4d-586c-aea5-aafc6a7e9dea,20,7,6,9,10,1.1111111111111112,11,5,5,1,2,2.0
c9f61fd9-ba98-5489-85d6-2e802e808586,8,3,1,15,14,0.9333333333333333,2,0,0,2,3,1.5
5c432470-c0d6-54bc-bc96-c692626417f6,9,4,1,5,11,2.2,14,7,3,4,4,1.0
bf349feb-5acc-532b-89b2-db5165c221fe,6,1,0,8,7,0.875,23,8,5,27,5,0.18518518518518517
e2a542d7-80ce-5a8d-9d83-f30dc98bc69e,13,2,4,6,5,0.8333333333333334,19,7,8,8,5,0.625
2f0c61c8-a8f7-54be-8c18-babaa91b1821,27,12,2,26,24,0.9230769230769231,4,0,0,8,5,0.625
7f25083e-d944-547c-bfed-77570ed80ce7,9,3,2,11,12,1.0909090909090908,6,3,2,5,6,1.2
db22416f-edac-53e8-82a2-7cb4430dc165,13,5,0,4,10,2.5,21,12,0,10,6,0.6
e335c305-2d2b-5fdb-be7b-6b5398180927,2,0,0,3,2,0.6666666666666666,2,0,0,3,2,0.6666666666666666
3eaf1908-388c-5c22-b2c2-72920de9783e,171,78,28,149,47,0.31543624161073824,139,69,17,120,31,0.25833333333333336
ff9f44c9-a287-5374-b452-69ecd4cf3aed,14,8,1,9,12,1.3333333333333333,6,2,0,3,5,1.6666666666666667
677749e1-a5df-520c-a393-4d2bc19245e1,25,14,2,3,4,1.3333333333333333,26,12,2,9,8,0.8888888888888888
29b6459c-dddf-570a-a965-389f01da2156,33,16,3,20,13,0.65,2,0,0,1,2,2.0
5bd30240-d09e-587e-b3ea-7f53b65393eb,2,0,0,1,3,3.0,2,0,0,1,2,2.0
c81e61c2-4b24-58c8-9928-a251d33f5abe,9,4,1,9,5,0.5555555555555556,37,30,1,13,11,0.8461538461538461
48881c66-0ff2-5b04-b9b8-7c62ba081dd1,99,56,9,7,13,1.8571428571428572,54,34,8,11,5,0.45454545454545453
6c0af0ff-15d4-5789-a0a7-c75631416239,13,7,0,12,9,0.75,11,3,4,13,12,0.9230769230769231
7b69108e-db63-51a7-b732-891ae946fce7,3,0,0,4,2,0.5,12,4,4,7,2,0.2857142857142857
08a52a63-e01c-5b62-b4b2-a83dd874dfa9,101,51,8,119,56,0.47058823529411764,5,1,0,5,7,1.4
3d18ef8b-e560-53f5-8de5-6c38c0ccf174,4,0,0,2,2,1.0,4,0,0,2,2,1.0
fec805f0-ea96-541a-9f9b-a152d0b61a98,11,4,1,3,9,3.0,17,8,5,1,2,2.0
4e8f58e6-96cc-5d4d-838d-83f64b3cd30f,4,2,0,1,3,3.0,11,6,1,3,3,1.0
08a92869-afe8-5079-8819-d2abb0cfe831,2,0,0,12,4,0.3333333333333333,3,0,0,12,3,0.25
1a0e69c5-b488-5319-9224-e076131bd7d3,103,48,19,44,32,0.7272727272727273,68,34,12,47,13,0.2765957446808511
2bf91739-cd1b-51f9-aad0-044031838c2d,10,5,4,1,2,2.0,11,4,2,3,3,1.0
29059eae-5efb-578b-9535-08ae7d6cec00,40,24,10,3,5,1.6666666666666667,29,9,8,4,4,1.0
f3902d8c-0bdd-530c-885a-7cbdf8d46f7a,2,0,0,2,4,2.0,2,0,0,2,3,1.5
11bdfb8e-3a96-509c-9017-83c0f6e33e4c,6,2,0,13,7,0.5384615384615384,6,1,0,13,7,0.5384615384615384
e30b7cd5-d198-58ac-a032-69902ac9b93f,18,18,3,5,5,1.0,29,12,10,3,4,1.3333333333333333
2ab4acb7-3c90-5b62-976a-a3de7377c93a,2,0,0,1,4,4.0,2,0,0,1,2,2.0
42247153-8d50-5c30-a0bc-af55c78c59a4,4,0,0,2,4,2.0,10,5,0,6,5,0.8333333333333334
76b2f707-94ad-57e7-8217-13d50224eca6,33,15,0,4,9,2.25,33,20,0,14,8,0.5714285714285714
05689e6a-feb5-5ab7-8080-ae5fb555e9ff,18,7,1,1,3,3.0,11,7,1,3,4,1.3333333333333333
1a4c80fd-0ab9-57ec-a6bd-bb7332933b8a,18,9,1,8,11,1.375,24,9,7,1,2,2.0
4974f97a-43db-5f6d-88ca-0e1fa0b27740,11,3,1,8,9,1.125,14,5,1,9,6,0.6666666666666666
f81be4de-616f-53be-8e8f-3f890ec57a8a,32,17,1,19,17,0.8947368421052632,17,10,1,2,3,1.5
affaf94d-a7c6-5bd1-93b5-6244cc6c62b2,8,3,0,4,8,2.0,12,6,5,6,4,0.6666666666666666
07e2be72-abc6-5fd9-9165-52989a54e196,3,1,0,3,8,2.6666666666666665,2,0,0,4,2,0.5
b5ba72ad-797c-5906-b1fb-0387c4190c8b,49,33,9,7,13,1.8571428571428572,53,25,9,12,10,0.8333333333333334
1352702d-c8e1-510e-a3cc-b7504d294706,17,9,2,12,12,1.0,2,0,0,2,3,1.5
68f8a65f-3c07-5e37-9d60-ec0a9737eb87,31,14,5,12,7,0.5833333333333334,19,9,3,10,4,0.4
33f8d99b-271e-5163-8677-f386aa7b6350,36,11,6,8,9,1.125,21,8,6,2,2,1.0
aaefa534-c069-568f-9f61-8b5a7fd86744,21,9,5,28,12,0.42857142857142855,39,19,14,12,3,0.25
d354e6bc-f7e2-5457-8f37-9c99d8779068,12,7,4,19,7,0.3684210526315789,15,9,4,22,8,0.36363636363636365
17a1b79b-a52f-517b-92e4-b4a5fe21a8cc,2,0,0,1,3,3.0,2,0,0,1,3,3.0
af58b0a0-a52a-5f1b-8f06-4365b9fd50c1,11,6,2,6,11,1.8333333333333333,17,5,7,3,6,2.0
02cae9ff-6d99-5d76-8d0f-477155c7d66a,23,13,2,17,18,1.0588235294117647,8,3,1,11,8,0.7272727272727273
4aea7a0a-aace-5627-bf82-81c556a12757,12,4,1,5,9,1.8,18,7,3,4,4,1.0
769dcfbe-fa63-5ae8-aa9e-4f852eae804d,40,9,3,16,9,0.5625,3,0,0,1,3,3.0
8cf171b5-b26c-5e28-9957-1800f8b46855,7,3,0,2,5,2.5,6,2,0,3,4,1.3333333333333333
ba89de36-aa36-5f9a-ac1a-12100409146d,2,0,0,1,4,4.0,2,0,0,1,3,3.0
8b90965a-fcfb-5fc9-a6fe-207def4a2f92,65,21,18,40,15,0.375,44,18,13,18,3,0.16666666666666666
63f93fa4-71cf-5cdc-8320-539cb768009a,6,2,0,5,5,1.0,24,19,1,13,8,0.6153846153846154
8932c016-bf88-506b-9361-c6c4b4a3c9d0,3,0,0,2,4,2.0,3,0,0,2,3,1.5
915d7da0-e5e2-5474-9457-fedd48b00c9d,11,6,0,3,7,2.3333333333333335,15,7,2,11,5,0.45454545454545453
e2d5070d-4907-5623-b29c-1b2ab643ac7c,2,0,0,1,5,5.0,2,0,0,4,4,1.0
1a9098cd-18e8-5aef-a548-aebc56e454b6,2,0,0,1,2,2.0,2,0,0,1,2,2.0
c9e45f55-5b1b-5455-a5e9-ba185a2dfd87,58,29,3,12,10,0.8333333333333334,9,3,1,8,6,0.75
33135e91-c3ff-5973-b403-451b83eb6b49,22,12,4,2,2,1.0,24,13,8,2,2,1.0
621d5eb0-bac3-5995-b943-1be00baefff8,2,0,0,1,3,3.0,2,0,0,1,3,3.0
98b1023d-e275-5354-beb3-7566ac077211,4,1,0,2,9,4.5,4,1,0,2,3,1.5
7f1ef490-96a4-5fb3-bab1-b106f32baabd,3,2,0,3,3,1.0,2,0,0,1,2,2.0
ef15dc4b-c455-55b2-a11d-59eda88ef755,9,5,0,7,14,2.0,9,4,1,4,2,0.5
6978d00d-c8db-55a7-bf28-78b7278438b8,12,4,4,20,4,0.2,13,6,5,25,4,0.16
e6da8a23-9765-57c6-b85f-c9b5dbe04c6e,29,10,5,16,17,1.0625,16,7,0,5,4,0.8
c6b3563e-d1db-5afe-86a1-7abc1d47b177,6,2,0,3,5,1.6666666666666667,14,7,0,7,5,0.7142857142857143
afe2f3a6-debe-504d-86a2-3157b01cd6e1,2,0,0,4,3,0.75,2,0,0,3,2,0.6666666666666666
3d2c868d-040b-5f95-8049-83a435b407a5,74,41,6,72,36,0.5,4,1,1,3,4,1.3333333333333333
6876e834-db51-5bcf-b246-d537b6ccbb59,8,5,1,3,7,2.3333333333333335,19,10,7,3,4,1.3333333333333333
82b4d725-3cbf-516f-bdba-32815d95bc4f,45,28,6,45,31,0.6888888888888889,5,0,0,4,2,0.5
00f46d63-9e6e-568a-bfd1-21907aabf790,15,4,1,8,10,1.25,23,9,5,12,11,0.9166666666666666
f39ff433-69b0-52d9-95dd-0db034f48f7b,50,32,6,3,4,1.3333333333333333,16,9,4,3,3,1.0
3e6b57e9-d5ed-581c-bf46-9306fa9b6806,5,3,0,11,10,0.9090909090909091,3,1,0,9,5,0.5555555555555556
1db80b11-d79d-56d1-9eff-17a111f4b2c5,77,46,4,46,10,0.21739130434782608,78,46,4,48,10,0.20833333333333334
902e152c-0fb1-514b-a043-56e7954f81a2,5,1,0,2,5,2.5,5,1,0,2,3,1.5
31efc93a-e2b5-5cb2-ba5f-f5443a35b62c,10,3,0,5,7,1.4,10,5,1,3,3,1.0
4d68f3d1-8427-5af8-96bf-7d0f58930f1a,6,3,0,5,8,1.6,10,4,1,10,5,0.5
ec2f2451-4ac7-5e28-99c6-967feccc2f70,50,31,3,32,23,0.71875,19,8,1,5,4,0.8
ac854115-e733-5bff-8740-8d36f44ea197,60,24,12,44,37,0.8409090909090909,102,59,29,58,34,0.5862068965517241
869a2011-6291-5312-9a4d-7a9a7c238126,17,8,3,5,7,1.4,8,4,0,1,2,2.0
63a3f3f5-12cc-520c-9f94-005e053459b3,122,59,12,70,25,0.35714285714285715,85,41,25,63,13,0.20634920634920634
a41e71a8-fd09-53bc-b715-24ed0b97d916,14,10,0,4,5,1.25,59,39,21,23,11,0.4782608695652174
a3f82c75-6aad-5392-aea7-01ffe1034571,14,4,0,3,5,1.6666666666666667,14,8,3,7,6,0.8571428571428571
2fe3edb5-e17d-5b26-8aea-b919c490721a,19,5,1,7,7,1.0,4,2,0,5,4,0.8
05d55f6d-3cfc-596d-ad62-4f053cfdacb1,21,9,3,9,9,1.0,30,12,10,17,9,0.5294117647058824
b4c14075-ac1f-5b16-ace5-4fcf92b05cee,12,7,0,5,5,1.0,16,7,0,5,5,1.0
a4b6f46f-d816-5216-931b-58dc887a356e,29,15,1,13,14,1.0769230769230769,12,4,0,6,6,1.0
bf7f9742-ed69-5a7f-a4f8-47e75745393f,5,1,0,1,5,5.0,5,1,0,3,3,1.0
b7f5af11-6fc9-515e-9ec5-d3c0e29c5682,4,1,0,3,8,2.6666666666666665,4,1,0,3,2,0.6666666666666666
81a23aeb-e013-5e29-973e-d2c669e4c4b1,18,7,1,2,8,4.0,3,1,0,2,3,1.5
26741d23-193e-59bf-a84f-53db441ea0e9,39,29,12,7,10,1.4285714285714286,48,27,16,6,7,1.1666666666666667
5351e245-e9aa-58ee-8c9e-d58da6c2e74b,4,1,0,1,4,4.0,9,5,1,3,3,1.0
f17d5666-88ce-5567-9755-abbce07c2c64,3,1,0,2,4,2.0,4,2,0,5,4,0.8
14da2adf-2035-5131-a3e5-58d937ad518b,23,8,3,26,27,1.0384615384615385,2,0,0,2,4,2.0
a60ac2eb-9cef-53a0-b0b7-3271a9457767,5,0,0,6,3,0.5,4,0,0,6,2,0.3333333333333333
f5543c0c-2979-537c-942c-f20ce5d3d87c,12,6,2,4,8,2.0,24,12,4,10,8,0.8
c41a8ca9-da84-5a28-b2ba-3fa6a86d7bee,55,24,16,25,13,0.52,5,2,0,3,2,0.6666666666666666
6301c32d-e390-5f51-88ce-256268ecf562,4,4,0,4,5,1.25,4,1,0,2,3,1.5
94e75697-a907-57b4-a6c7-e6d8cfe3d228,3,1,0,4,5,1.25,3,1,0,5,4,0.8
c41e393b-0307-5ab3-9ee3-63295526c6e3,1,0,0,5,5,1.0,6,4,0,5,3,0.6
4a1db50a-2b22-5907-9299-3aca70b3e6aa,9,3,1,2,2,1.0,8,2,1,2,2,1.0
e4a0a866-2951-5f94-9ab1-de911b4685a8,3,1,0,4,9,2.25,2,0,0,2,3,1.5
651ba6a0-aeda-5043-8b9f-649149fe54ad,2,0,0,2,2,1.0,3,0,0,2,2,1.0
609a472f-a9a2-52f8-935a-afb01dd49234,52,23,6,11,13,1.1818181818181819,50,22,7,11,12,1.0909090909090908
74caf35f-c9a5-5e7c-880c-23b2ac90601d,2,1,0,2,6,3.0,2,0,0,2,3,1.5
759606e4-d3e7-56ba-b04a-22adc1e7f59c,6,4,0,5,4,0.8,7,4,0,5,3,0.6
ba2e53aa-02e4-5629-8f1b-7a69077f5e65,92,48,11,43,31,0.7209302325581395,45,23,7,13,12,0.9230769230769231
e7428422-9cc2-57d8-9e75-d98a368950ea,7,3,0,10,7,0.7,5,2,1,10,5,0.5
2fc6a122-9b2a-5c1a-b1f2-f8138c33c7f6,5,3,0,7,21,3.0,26,15,7,22,3,0.13636363636363635
4a23a011-53d2-5c67-9ccf-207c60633909,31,17,1,14,18,1.2857142857142858,27,14,1,8,8,1.0
a72bc4ae-028c-5e9b-9167-05697171858f,10,4,2,1,2,2.0,9,3,2,1,2,2.0
74d1dc10-e86d-5008-a8ec-94c4b0939cd4,39,18,4,31,24,0.7741935483870968,22,14,2,5,3,0.6
fae7d877-68d3-5946-b35e-6f697ce90f4a,55,27,15,18,28,1.5555555555555556,5,1,0,2,3,1.5
55d03933-c600-5008-8bf5-236bd6f02582,15,6,3,12,10,0.8333333333333334,2,0,0,1,2,2.0
70ad8bd3-342d-595f-b4c5-893be73d694b,63,31,11,29,36,1.2413793103448276,21,12,0,4,4,1.0
6e91ac89-89fa-50ae-b5ab-4c11ec928b58,3,0,0,1,3,3.0,2,0,0,2,3,1.5
a30cb84e-6533-5854-8a1a-5d8e73dd0fec,1,0,0,2,3,1.5,2,0,0,2,3,1.5
332d666d-4fe0-559c-b310-d05ef88def97,8,4,0,4,6,1.5,29,14,3,7,5,0.7142857142857143
44ba9cd0-257e-5975-880d-89794c26320f,36,23,7,2,5,2.5,14,3,2,5,6,1.2
77658e38-bcbf-51d8-a5d4-742c5f8ef622,9,5,0,3,4,1.3333333333333333,25,17,6,8,7,0.875
47b1b03f-b470-5174-bd3b-ca0b19dd717e,9,3,0,2,4,2.0,10,3,2,2,2,1.0
06c49753-805c-56d8-8d25-a0e91b8e9a86,8,4,0,5,4,0.8,10,6,0,11,5,0.45454545454545453
1f31e1b9-79b8-5076-9cb5-ceb79ebc4259,23,13,1,13,10,0.7692307692307693,20,6,4,11,6,0.5454545454545454
328bfced-3dee-54fe-8f37-c72b63d31cc7,2,0,0,2,4,2.0,2,0,0,2,3,1.5
6908990e-494a-53c3-860a-659bf4a9ade1,7,0,0,4,3,0.75,6,0,0,4,2,0.5
d0dfff17-aaff-508a-8a80-d02b26d87eb6,4,1,0,3,6,2.0,4,1,0,5,7,1.4
5f70b34a-b725-5604-8b74-7fe0bf51b7ec,144,59,26,45,15,0.3333333333333333,2,0,0,1,5,5.0
37d880cd-27a6-56c3-bdd1-55a407ebff8d,64,20,5,37,27,0.7297297297297297,32,10,4,31,10,0.3225806451612903
22ff4e26-7949-517b-9c2b-94181380b027,72,50,12,58,33,0.5689655172413793,44,20,6,33,11,0.3333333333333333
e9663c68-2c1c-5d61-957b-e7cd7aae4a1f,1,0,0,2,4,2.0,2,0,0,2,3,1.5
4c110c3c-d97b-56e5-9fd4-fc61340e2e05,2,0,0,2,4,2.0,2,0,0,2,3,1.5
0b123512-03ec-5399-ba14-75ae60065713,50,27,8,29,23,0.7931034482758621,6,1,0,6,7,1.1666666666666667
3599ccac-2cd9-552e-9683-a6a37294ef05,6,2,1,9,12,1.3333333333333333,6,3,1,3,4,1.3333333333333333
beeb44b5-456e-5702-aed8-93e73fe92d98,3,0,0,2,4,2.0,3,0,0,2,3,1.5
0e3ec0d0-15f7-56ee-8ba4-61d55ec33c90,46,20,3,52,21,0.40384615384615385,40,17,2,37,13,0.35135135135135137
db881e0a-2729-5beb-ad50-d04ea7749c88,8,3,0,6,4,0.6666666666666666,20,9,0,15,4,0.26666666666666666
3a8c6217-59dc-56dc-91a4-b9d7d99d1648,5,1,0,1,4,4.0,21,6,6,3,3,1.0
9749d118-2a41-5fb5-ab21-883caf87cf14,5,3,1,10,7,0.7,6,3,1,10,5,0.5
adf94e59-3522-5842-bbe3-a927abfacaae,4,1,0,10,4,0.4,3,0,0,10,3,0.3
49fcb0c0-b9c6-577f-a997-a647ba774111,6,0,0,1,4,4.0,6,0,0,1,2,2.0
c164b95b-cbbc-55e1-9d09-00e71f5114eb,40,21,6,26,17,0.6538461538461539,46,25,2,16,18,1.125
81db3cca-77a8-5444-9280-4a2a7ee440cc,18,11,4,6,7,1.1666666666666667,22,12,6,6,6,1.0
5e9baaee-ab28-5f1c-b48c-070c8c439660,18,10,5,57,18,0.3157894736842105,6,1,0,18,7,0.3888888888888889
12681406-971a-5882-80f9-9da6a98b11d6,4,0,0,5,6,1.2,2,1,0,4,4,1.0
6a121104-e350-534d-9b58-f1c1831bf269,2,0,0,3,3,1.0,2,0,0,1,2,2.0
e1f76310-5152-5377-858b-77c99ba18e6e,12,5,1,9,10,1.1111111111111112,18,8,2,4,4,1.0
7cf415f9-b574-5313-91e8-c0caedd78ad5,47,34,7,26,21,0.8076923076923077,9,3,1,5,4,0.8
3b77b23f-6d08-5aad-891e-8a6389459187,4,1,0,5,4,0.8,3,0,0,3,3,1.0
122f4df2-6217-5df8-bbde-e29e06a22197,30,13,5,17,16,0.9411764705882353,11,8,2,4,4,1.0
b5ae744f-60b7-526a-83f6-920dea3217ee,25,9,5,21,12,0.5714285714285714,20,8,0,16,6,0.375
8694b7be-f6e2-501a-9db2-3dc4ee5e11e5,7,3,0,2,6,3.0,19,9,4,2,3,1.5
3c02fb15-0121-5a85-9dd0-04cdaefb280f,2,0,0,2,6,3.0,2,0,0,3,3,1.0
c38d0acb-7967-590b-9da2-033b9c3e640c,184,101,41,61,31,0.5081967213114754,25,16,11,10,4,0.4
8bc2c620-796e-53ac-b111-86fadc4cf1c4,14,5,1,1,4,4.0,11,5,1,4,4,1.0
9effdc53-2cff-5734-a844-ecbde5ff2689,11,8,1,6,9,1.5,12,5,2,9,10,1.1111111111111112
b9062d69-e41c-5b2f-9602-392c05dd39a5,6,1,0,3,9,3.0,3,0,0,1,7,7.0
4b2c224c-90d5-5494-94be-4200b0e54354,8,1,0,1,3,3.0,15,7,1,4,3,0.75
2650134c-ea25-5263-a054-c5aecb28c5a2,12,1,0,3,5,1.6666666666666667,11,1,0,3,4,1.3333333333333333
feb0f4e2-c8eb-558f-91f0-8df8314144d8,2,0,0,2,4,2.0,2,0,0,2,3,1.5
c32a1626-0aba-5111-85fa-97c2f284af1e,8,3,0,9,12,1.3333333333333333,21,11,3,7,5,0.7142857142857143
e9e4e2ab-91de-5dbf-980b-aa928b768204,9,7,5,13,7,0.5384615384615384,7,1,0,8,5,0.625
6189711d-dda9-5275-8c0d-51252ba0be6f,2,1,0,1,6,6.0,2,0,0,1,3,3.0
3e341530-0307-50df-9ded-9117ac276642,10,7,2,4,3,0.75,9,7,2,10,3,0.3
36d7d304-c615-5a85-8984-996310f9c8cb,2,2,0,1,3,3.0,10,4,1,3,3,1.0
fc3dfe31-9b15-58db-a1db-5ca5b33a2118,18,9,6,24,5,0.20833333333333334,12,5,4,18,5,0.2777777777777778
16bca762-1199-5a06-a2c9-ee899453b2c0,2,0,0,2,7,3.5,2,0,0,2,3,1.5
a8d017ee-5a72-5e9f-8fdc-454f87b084e2,11,9,3,5,8,1.6,20,6,7,1,2,2.0
9d85b82b-1090-542a-ae8b-29cc6b9fb4ec,6,2,0,4,5,1.25,12,6,1,3,3,1.0
95b14d4b-9c07-5408-a79c-c2b6bcd13087,5,1,0,5,5,1.0,9,2,2,12,10,0.8333333333333334
84100d65-97bf-57b3-9e57-3d2cfbbe8dc2,11,4,2,14,17,1.2142857142857142,6,3,0,4,3,0.75
fdcb70c9-9030-5017-835f-a81b001c1120,61,35,7,18,17,0.9444444444444444,41,21,6,14,11,0.7857142857142857
debcd118-56af-5057-bc57-40d4b601497a,36,13,2,23,8,0.34782608695652173,21,9,0,3,3,1.0
79ed8df4-29b9-5cc2-985a-2c28431d6ffe,2,0,0,1,6,6.0,2,0,0,2,2,1.0
f9baa4be-343e-5dfe-9921-de2817ac90d1,10,5,0,1,5,5.0,13,7,0,4,4,1.0
4c8a54a9-84ac-52b2-a3cf-7a9efbf668b5,16,11,2,7,8,1.1428571428571428,27,8,2,15,6,0.4
4aa667b9-3a4b-55f6-9881-db3431a26749,2,3,0,1,3,3.0,6,0,0,2,3,1.5
83141d85-8ebc-5f44-83b1-3eb4e9d322cc,58,27,5,31,22,0.7096774193548387,8,3,1,9,6,0.6666666666666666
b4b897fd-9be8-5b50-bc8f-1048f8abe96d,7,0,0,7,10,1.4285714285714286,12,5,3,8,4,0.5
0f5fdc1f-722c-5eeb-bbe2-396ed66f3188,2,0,0,1,3,3.0,2,0,0,2,3,1.5
cc759748-663f-5452-9bce-52c567db6e8d,4,1,0,4,3,0.75,4,1,0,4,3,0.75
916a65a8-4cb1-5fdd-b98d-0d5a6072ce2a,24,11,1,3,4,1.3333333333333333,24,10,3,2,3,1.5
71bcd48e-00c8-559b-a17d-d3f146fe428d,13,2,0,7,5,0.7142857142857143,9,2,0,2,3,1.5
185bf34b-853f-5afd-a392-675d287adeab,20,16,5,5,7,1.4,29,25,2,8,8,1.0
5b31ad23-3728-5d7e-8971-f26bb0b56192,14,6,2,1,9,9.0,20,9,6,2,3,1.5
4de8eed7-4f87-5bc8-883f-3bca5b72fc48,15,6,3,3,2,0.6666666666666666,19,8,3,3,2,0.6666666666666666
35df5aa4-95f3-56a7-b2da-13ffe8a298fb,23,10,1,7,15,2.142857142857143,26,15,1,8,4,0.5
14f9e83d-2cb6-57b3-a010-1b5a51ad116d,5,3,0,5,6,1.2,7,3,0,4,3,0.75
648874aa-e956-51a6-bbce-e10d185968dc,10,14,4,5,5,1.0,18,9,3,12,5,0.4166666666666667
0f3deadd-cf9d-5cfa-affe-5a3912dfc394,8,4,1,7,4,0.5714285714285714,9,5,1,6,3,0.5
8e2ef668-317e-502b-a4e5-51c914beca25,34,18,3,2,7,3.5,51,25,17,2,5,2.5
05bb3001-34b1-5901-9db8-af96e1bd2673,19,0,0,5,5,1.0,14,4,0,3,3,1.0
1e7eedf0-c19b-58d3-b478-45855c1bcbf3,142,99,18,190,59,0.3105263157894737,2,0,0,3,2,0.6666666666666666
26684fb4-b532-587b-97ec-d2b2c5dbce93,19,11,1,3,11,3.6666666666666665,6,1,0,2,10,5.0
065af37a-0e78-5ec4-9eba-df3f4ae96d47,7,1,0,5,5,1.0,6,0,0,3,3,1.0
3614f10c-84a9-5c8c-a5e2-9f6acc6ac8f4,8,6,0,4,3,0.75,2,0,0,2,2,1.0
5b255c96-d0c0-5ce5-a66a-00e0cf536ce4,21,8,3,20,17,0.85,9,3,1,4,5,1.25
6fb54594-f213-5856-b14a-a19672270e7c,44,21,12,15,14,0.9333333333333333,5,1,0,3,2,0.6666666666666666
7533f3af-bef6-55e9-a22a-bcc5048f734d,111,51,25,25,19,0.76,83,41,33,12,8,0.6666666666666666
b6985933-91eb-5982-9d8b-68245d7d4b41,10,4,2,3,3,1.0,12,5,0,5,3,0.6
7c11a2d3-3a6b-5a27-95b4-a5614a070592,5,2,1,1,2,2.0,8,1,1,1,2,2.0
0deb533d-1cea-5e2d-9526-609486dd5d88,4,1,0,3,7,2.3333333333333335,5,2,1,4,2,0.5
bce59eb5-e724-5378-adad-7d5076c933b3,124,23,7,71,22,0.30985915492957744,118,61,23,32,10,0.3125
0b7ad5b2-8222-57a6-83e2-f4fe8d216583,70,42,14,12,4,0.3333333333333333,21,16,0,9,4,0.4444444444444444
9f1210d3-ea11-5284-8daf-8e509846903b,94,50,9,73,29,0.3972602739726027,2,0,0,2,3,1.5
29026683-4e48-58ed-840c-71287b3a3ac1,2,0,0,1,8,8.0,2,0,0,1,2,2.0
8aab7f32-5447-5f3d-b1db-d112f62fdb13,10,6,1,3,7,2.3333333333333335,22,8,7,3,3,1.0
f12215cf-5978-57e4-ac55-24dc65e43e97,19,7,0,8,11,1.375,20,8,0,8,6,0.75
609a1b34-4380-522d-9ab3-c5660c0d2779,17,8,1,6,9,1.5,11,6,1,4,4,1.0
d3fcaf0c-0cba-5168-b4bf-6c33fcc56024,35,18,7,57,13,0.22807017543859648,28,16,13,57,9,0.15789473684210525
e4f7205e-3b35-525f-bb42-5b305ce8c10c,2,0,0,2,2,1.0,2,0,0,3,2,0.6666666666666666
eadfbd18-fddc-54fa-81e0-adc38c53c441,32,15,3,19,19,1.0,2,0,0,2,3,1.5
7c1274fc-85d5-55a2-83bc-ace5c12a2294,21,7,1,8,8,1.0,26,8,1,9,7,0.7777777777777778
fd0d8c78-811d-537f-8c1d-252b1e1ed502,11,4,4,2,3,1.5,14,7,3,3,3,1.0
4c0ce8f0-3161-5ed9-a6f9-8fb61de0bb90,3,1,0,2,4,2.0,2,0,0,2,3,1.5
d5ffb2e2-6886-5b68-ada9-937bb657a249,12,6,0,4,7,1.75,20,11,1,8,8,1.0
65ad32a7-a1e8-5c84-960f-9212961d6ea5,2,0,0,1,5,5.0,2,0,0,2,3,1.5
f48666ca-df41-5440-8cf4-a51882cb7d81,140,87,29,6,6,1.0,141,88,29,7,7,1.0
296a1974-d85f-5cd9-a75a-e030cb7f8787,9,4,0,3,7,2.3333333333333335,32,16,8,11,10,0.9090909090909091
fa331d22-001c-5299-ac1d-c478dbdfba91,1,0,0,1,10,10.0,2,0,0,1,2,2.0
a51fa557-84dc-5fb9-8e4d-d01dc0d12314,18,11,3,1,4,4.0,2,0,0,1,3,3.0
6effd37a-ec80-542b-81b6-04568545a9db,5,4,0,1,3,3.0,7,1,0,2,3,1.5
2efef0d7-cfbf-55b6-af4d-b5d966ec705f,138,84,24,95,43,0.45263157894736844,2,0,0,2,3,1.5
18eb2038-38d1-5760-bc0e-9337667bbb53,13,6,0,10,11,1.1,8,3,1,6,5,0.8333333333333334
842aefbb-ad1b-58cf-be09-f0d6a93072a2,5,0,0,9,8,0.8888888888888888,6,0,0,6,5,0.8333333333333334
cc9b0c4f-d6a7-516c-9a21-4dcbe84330e4,38,20,2,20,16,0.8,4,1,0,3,3,1.0
74b2ba17-34a7-5424-bd60-4edec5ede5f5,38,21,2,13,12,0.9230769230769231,19,8,0,16,9,0.5625
f1dc3349-6135-55dc-9d0e-f62f9d9eeb70,1,0,0,4,6,1.5,2,0,0,4,4,1.0
57166f31-bc18-5797-8c5c-15148179e898,7,5,4,8,9,1.125,14,7,2,5,5,1.0
ea17ff15-ba37-5ea0-b0be-1d329e30ba90,2,0,0,2,4,2.0,2,0,0,2,3,1.5
696bc1d0-b6ce-500e-bdac-491bd3a2dba7,14,6,2,3,7,2.3333333333333335,10,2,1,1,2,2.0
0eab7de5-29fb-521a-ba8e-4592f8c3bacf,3,0,0,2,4,2.0,3,0,0,2,3,1.5
e8464b73-23b6-56f3-94a4-2703cc6fd3a3,33,16,3,9,13,1.4444444444444444,34,20,6,2,4,2.0
f760c616-446d-56b4-927f-f4d1429d873e,3,0,0,3,4,1.3333333333333333,3,0,0,3,3,1.0
f61e24aa-42d6-530d-a1e9-0ab340f05a81,14,6,2,3,5,1.6666666666666667,18,8,5,3,3,1.0
c172369d-f256-5028-92af-cf0d4b07eb32,9,3,1,4,5,1.25,9,3,1,4,5,1.25
b82b223b-fbda-5b5e-8b7a-e904f83c65b1,22,18,1,14,19,1.3571428571428572,9,4,1,8,6,0.75
691ba0b1-d9c3-5cb6-9c5d-7788f2647561,11,5,4,19,9,0.47368421052631576,31,12,10,32,7,0.21875
564fee0e-8ec5-5425-a349-ccb59a461c42,15,9,3,6,8,1.3333333333333333,17,5,2,3,3,1.0
d45235bd-fa73-53dd-97c7-0dc745a64d54,33,18,5,44,11,0.25,6,1,0,28,7,0.25
33f1151c-0cf3-59e9-86ca-96eb311c395d,5,2,0,2,4,2.0,4,1,0,9,9,1.0
a45da933-d45d-5cbc-82ef-e168a10b5803,28,8,0,9,8,0.8888888888888888,30,13,3,7,4,0.5714285714285714
68883bfd-8b24-5070-9a7a-1a06b4eb171a,6,0,0,5,6,1.2,3,0,0,4,5,1.25
28b4be57-30f7-53a2-bb36-cad7d7f939e0,136,108,21,145,53,0.36551724137931035,13,4,1,24,8,0.3333333333333333
600728af-ec38-574e-9022-bac5eeb70ca5,74,39,19,54,21,0.3888888888888889,61,38,21,55,14,0.2545454545454545
9e4d892a-425a-55cd-873d-02b53662c0b5,4,1,0,4,3,0.75,3,0,0,4,2,0.5
11ab16fb-5d7c-5dfa-ac73-9b1ab72525bb,8,6,0,2,3,1.5,11,4,1,2,2,1.0
f0724d01-97ad-5ccc-90ac-4bb1b413882a,57,24,6,8,6,0.75,39,18,6,6,3,0.5
fdee7e29-9d52-5523-9387-98a4ce6c0600,4,1,0,3,4,1.3333333333333333,4,1,0,3,3,1.0
7f4b31cf-7721-50de-886e-ebffa4615d6d,2,0,0,1,5,5.0,15,8,0,3,3,1.0
d83bc737-dd65-5133-bf2a-65dc4cfe2985,2,1,0,2,5,2.5,4,3,1,2,3,1.5
29060fb9-af53-5509-a093-f5b578de2dbe,3,1,0,1,4,4.0,2,0,0,1,2,2.0
c336ffb4-a34d-5571-844f-f7a18cbd4db0,99,53,12,85,42,0.49411764705882355,2,0,0,2,3,1.5
f8f4192b-4c77-5ab0-bf99-d6f38b1b8f18,17,5,0,11,29,2.6363636363636362,13,3,1,3,24,8.0
d409936d-47ff-584d-9cbe-f704bc55051d,15,9,2,5,8,1.6,21,10,3,7,6,0.8571428571428571
4bf4f101-7b81-5f12-8c2f-8f77833db49a,37,19,5,17,18,1.0588235294117647,37,19,5,17,16,0.9411764705882353
f3e9bb0e-ab20-5311-b684-d6f4513ba438,29,9,7,2,2,1.0,34,18,12,4,3,0.75
74eebded-a2ff-503f-84e2-56b39aea772d,17,5,3,10,7,0.7,6,1,0,6,5,0.8333333333333334
8981f747-abb3-5ce8-90da-aaa947bd8800,10,8,1,7,10,1.4285714285714286,16,9,3,15,9,0.6
5b70613a-80d1-5d44-917b-f34027510f6d,17,10,1,6,9,1.5,18,12,5,2,2,1.0
b4fb9d1e-5404-5cb5-9323-1926e953c335,14,8,4,4,5,1.25,24,6,5,4,3,0.75
5a0a6e05-0bfc-5bfd-b33f-6fd89257231e,4,3,1,3,5,1.6666666666666667,7,3,1,5,5,1.0
f3bc700e-0901-5f5a-8ca5-59135d7f1b27,4,4,0,2,5,2.5,8,4,0,2,2,1.0
7d3c827c-e9e9-5600-a3dd-9b6f45978661,41,21,4,15,14,0.9333333333333333,23,10,2,7,5,0.7142857142857143
c86b48d9-3428-5dec-82a9-188a8a5422b0,2,0,0,3,6,2.0,2,0,0,6,4,0.6666666666666666
6bcfd203-bd33-5742-842e-5d8019ecdec7,9,4,1,1,2,2.0,14,4,1,3,3,1.0
8fbcb9a1-277c-5300-8c51-16ccff806b84,3,1,0,6,13,2.1666666666666665,4,1,0,5,3,0.6
f79e7f16-606e-5892-8c85-c437a2d957e5,6,0,0,3,5,1.6666666666666667,4,0,0,2,4,2.0
a43b3e5b-68aa-5154-9897-6a269446ba28,6,0,0,11,11,1.0,3,0,0,3,6,2.0
15ef13db-ab71-5d2f-8816-f2634449487b,134,147,12,167,69,0.41317365269461076,7,0,0,9,9,1.0
75f5799b-a658-501f-8480-802525a7b3a5,2,0,0,1,3,3.0,2,0,0,1,2,2.0
1c6a86e7-fc52-52bb-b465-6038410b43d8,18,7,2,7,7,1.0,22,10,5,15,14,0.9333333333333333
8d2303ef-8797-5c83-baf9-089ccbdff18e,18,8,0,8,5,0.625,3,0,0,1,2,2.0
be65ab73-394d-5f66-a301-1d6030e79a69,180,107,21,36,16,0.4444444444444444,13,7,0,3,3,1.0
a9e1cd78-ceab-5b60-b8c5-97876914c448,41,23,9,5,6,1.2,16,5,1,8,4,0.5
87d2dbfe-ac93-5a02-8ee3-229041e97d41,15,6,0,10,12,1.2,19,8,0,6,6,1.0
f78955c7-d42d-5ce1-a7d0-db4deec034a6,5,2,0,1,3,3.0,10,3,2,1,2,2.0
13dbafa5-7580-5495-93e3-993a3311203c,6,2,0,1,3,3.0,6,2,1,1,2,2.0
26771bf6-8922-5c05-a170-d34dd4221f50,23,7,2,12,14,1.1666666666666667,21,7,4,4,5,1.25
c51edd14-1a10-59a2-979b-1b34da633365,25,13,0,1,7,7.0,11,4,0,4,4,1.0
52b5b1b8-7014-506d-898a-9d97860ed791,36,15,10,28,24,0.8571428571428571,4,2,0,2,2,1.0
da7686fb-0917-5d86-9461-797d0ce64303,17,12,0,13,11,0.8461538461538461,9,3,0,12,11,0.9166666666666666
8fb15b39-f417-582f-8c8b-233d62244289,4,1,0,5,10,2.0,5,2,0,6,5,0.8333333333333334
3c4fed48-20f0-595c-b0a7-aac6ff352224,3,2,0,4,5,1.25,13,7,2,12,9,0.75
d87771de-f0db-5a17-ad1f-0e09156a6172,10,5,0,7,10,1.4285714285714286,30,9,2,15,12,0.8
2c66820b-32ba-5886-98e3-312c22a395df,9,3,2,18,8,0.4444444444444444,25,9,9,24,4,0.16666666666666666
851043e2-69f4-5d5b-b33a-1eeefc9e2977,3,1,0,5,7,1.4,4,2,0,5,2,0.4
cddc6504-24de-57b7-a3a3-bc0031b31f6a,27,5,2,18,18,1.0,19,4,0,14,14,1.0
0d40dbec-1585-5adf-8b58-f4c9f39cbf18,38,20,4,26,11,0.4230769230769231,6,0,0,5,3,0.6
b03f386a-00fe-5d30-b0ce-86697e61337f,37,20,8,7,8,1.1428571428571428,2,0,0,2,3,1.5
22917dd6-07f1-5cb0-ae1d-d230a34bc284,8,4,0,7,8,1.1428571428571428,14,10,2,14,9,0.6428571428571429
c6a91ecf-b6f4-5514-a5c0-c52f876709e3,13,3,0,1,3,3.0,22,5,3,6,3,0.5
4468d9ff-addb-5e4a-b52b-032f5b05b8fb,81,40,19,32,25,0.78125,65,34,18,17,16,0.9411764705882353
de483a80-1551-5edb-aa55-15c57cc87547,23,15,5,5,6,1.2,19,13,4,4,4,1.0
843fc414-1d93-5e4c-8812-9765d6fadf90,50,27,6,14,10,0.7142857142857143,70,39,12,35,11,0.3142857142857143
a3fa3c73-a4ac-5dfe-a109-fc79b86cd93a,18,9,0,7,8,1.1428571428571428,21,6,2,5,4,0.8
ae579b92-d6d2-5220-8b2d-12dac446fc64,4,1,0,2,4,2.0,8,2,0,2,3,1.5
8c2434f7-454b-5dbb-b305-8569afaab201,43,19,7,18,17,0.9444444444444444,20,7,3,5,4,0.8
7283cf08-4d7f-557d-9afc-d600a9ddee6e,58,30,5,24,28,1.1666666666666667,3,0,0,1,3,3.0
f9daac72-fe58-5a18-90e9-c8b7ade6b618,3,1,0,4,4,1.0,3,0,0,6,4,0.6666666666666666
6f43e4d2-6cd5-5382-8d5a-6d50c1d8ae7f,38,19,2,6,4,0.6666666666666666,41,23,8,9,9,1.0
d78203e9-facb-5a99-b887-fb3db97b8e37,19,10,3,13,6,0.46153846153846156,24,13,1,21,11,0.5238095238095238
02298a7a-a73f-5e3b-864d-91811c7246d1,49,26,15,22,14,0.6363636363636364,19,7,1,16,11,0.6875
c721248b-7863-5b5c-a092-10ec5a4a732a,3,1,0,2,7,3.5,2,0,0,1,2,2.0
b2cfeb89-2074-51b9-b782-bac34450ef86,79,53,10,83,53,0.6385542168674698,8,3,1,6,5,0.8333333333333334
9a6f51a3-b23d-5a53-9b43-56fe8936bcba,2,0,0,1,5,5.0,7,1,1,1,2,2.0
512e1ab2-1cc8-5e11-b432-8b87701f77e3,35,21,6,23,10,0.43478260869565216,99,52,23,202,15,0.07425742574257425
d12f7bbf-847e-5a50-9e2d-6727b8b59530,11,4,1,12,9,0.75,8,3,1,9,5,0.5555555555555556
699b30e3-9ad1-502c-bc57-b13588ac49a5,12,3,1,3,14,4.666666666666667,10,5,1,5,2,0.4
412ad836-deac-59f2-9e53-61c56ceab64f,15,4,0,3,3,1.0,13,3,0,5,3,0.6
1ed8b991-9b89-5f41-a6ef-a1280397c726,31,14,7,1,13,13.0,39,18,10,1,2,2.0
9ec787a9-0a01-5f93-b717-e4c80192feed,3,0,0,4,7,1.75,3,0,0,4,4,1.0
edf6ae3a-4b3f-5c04-84fd-c33c03ed69d9,4,1,0,1,2,2.0,4,1,0,1,2,2.0
52f9db51-bf27-52d2-b197-1086a2adda84,48,27,2,23,21,0.9130434782608695,30,11,2,10,7,0.7
2a792259-0972-5ce0-a1de-0a77dbdfeeaf,55,26,6,11,6,0.5454545454545454,3,1,0,2,3,1.5
007a0fab-2166-505a-99a7-6dff195d77b7,5,1,0,2,7,3.5,5,1,0,2,3,1.5
f7165df8-1501-5b32-8d66-f43623a8ab66,12,9,1,2,4,2.0,21,11,0,2,3,1.5
5e8df97e-4f26-58b1-8e2a-e93b16305534,42,33,10,28,9,0.32142857142857145,33,11,10,13,5,0.38461538461538464
e83bd10d-fae5-5156-8ed2-d732d10adc10,54,27,11,108,15,0.1388888888888889,53,23,12,105,12,0.11428571428571428
8377efb6-4172-5050-bc73-7009dae5e996,22,5,0,24,21,0.875,15,2,0,11,11,1.0
9e97fc60-30a6-5352-8c7a-1c108fabd492,4,0,1,4,4,1.0,8,3,1,6,4,0.6666666666666666
fcae5001-4379-5a0c-9dba-fc37fa12cb1d,89,13,0,41,17,0.4146341463414634,83,12,0,38,15,0.39473684210526316
15ae0940-c749-536c-b69c-a0925512df10,8,3,0,1,5,5.0,14,6,0,9,8,0.8888888888888888
997462a8-0c79-5129-85c6-d78a3bf433ca,6,1,0,3,6,2.0,6,1,0,3,2,0.6666666666666666
f45ae31a-0c13-5cbe-b79e-473e1e4bc71c,7,4,3,6,5,0.8333333333333334,7,3,3,6,3,0.5
3c2e5aec-672d-5358-8bdc-db6e1c84acdd,2,0,0,1,5,5.0,2,0,0,2,3,1.5
755873cc-8d8a-591f-b928-134df28a6483,3,1,0,2,4,2.0,2,0,0,2,3,1.5
901ed9d0-5bcf-5167-92dd-ab7c1a1ff293,68,54,15,42,16,0.38095238095238093,68,54,15,42,13,0.30952380952380953
6b47a422-b5b2-5eda-94a4-f0d8b7f24013,3,3,0,1,3,3.0,2,0,0,3,3,1.0
7944a628-5392-5dd3-88fd-8abeacb17cc0,8,2,0,1,5,5.0,7,1,0,1,2,2.0
44a15c50-ab92-5503-b147-048460ebd6c1,8,3,1,9,6,0.6666666666666666,9,3,1,9,6,0.6666666666666666
c4c5b559-e42b-5b7a-9573-16ceb2e6bf72,33,20,7,28,7,0.25,2,0,0,6,2,0.3333333333333333
e19eace3-6e33-514d-b5d2-94c9a186b7ec,15,10,1,8,9,1.125,12,4,1,3,3,1.0
d5af1b18-9390-5ddb-be66-66e1ea8b50db,6,1,0,5,9,1.8,16,5,0,15,4,0.26666666666666666
15ff0fd4-c7ad-52fe-8478-dbb45317a161,8,3,1,15,7,0.4666666666666667,9,3,1,15,7,0.4666666666666667
96472bfb-0635-5240-ac9a-b0b809f89c80,18,12,4,4,6,1.5,9,5,0,4,4,1.0
f700873e-b101-5349-ad84-b652fb5db8c4,23,11,6,5,8,1.6,17,9,4,2,3,1.5
ee703249-df19-56e8-b4fc-d74ccdc42268,2,0,0,2,7,3.5,2,0,0,3,4,1.3333333333333333
d123ff17-121c-58d7-a154-70472c2a5692,10,7,1,7,8,1.1428571428571428,15,10,0,9,5,0.5555555555555556
5daf2594-3b13-5895-86cb-48f506434f25,24,5,2,3,3,1.0,3,0,0,2,2,1.0
dab6f3ec-2c13-56ee-9487-4182fff81d75,24,12,1,5,8,1.6,58,31,15,5,7,1.4
2459e99b-ffc8-5e0e-9643-56d5420c64ec,4,2,0,3,5,1.6666666666666667,11,6,0,8,7,0.875
25bf8799-b96a-5c32-9988-855fcbfd9b0f,1,0,0,2,5,2.5,2,0,0,2,3,1.5
dbc0412d-e272-58fd-90bf-3c5176722e8f,5,1,0,2,4,2.0,16,6,1,6,5,0.8333333333333334
1b8ebcde-f72f-5db6-803a-cd270bdeda37,4,3,0,2,4,2.0,18,9,4,5,5,1.0
06f4633b-fa3f-5939-b9b9-b2bb6c1e42fc,2,1,0,1,3,3.0,4,1,0,1,2,2.0
cb3b726a-1d5f-5e31-b0d5-91ca3fd1af4d,13,1,0,10,11,1.1,7,4,1,2,2,1.0
3b470502-ad4e-5335-b119-70e5e6d0240d,28,23,5,19,20,1.0526315789473684,34,23,4,20,19,0.95
e560492a-424e-5655-91a3-0af94c83b3a4,26,10,1,2,7,3.5,19,7,4,5,3,0.6
f2aac9a8-4c53-5d02-865a-d173797712f5,45,26,12,17,10,0.5882352941176471,31,19,9,21,13,0.6190476190476191
e6cb680a-5768-58fb-b33e-5e6a961b9e64,20,10,2,8,10,1.25,23,11,6,10,10,1.0
ff284757-4b24-5a26-900e-c9352f9b0713,2,0,0,2,4,2.0,2,0,0,2,3,1.5
1a0125f9-a959-5da9-9955-66acab7b590a,1,0,0,1,6,6.0,2,0,0,2,3,1.5
59e6f943-6ba2-534e-a79a-310cae8a348a,4,0,0,17,13,0.7647058823529411,11,5,2,19,6,0.3157894736842105
fa9133aa-7a62-550d-89a5-586d88ea9df9,4,1,0,2,5,2.5,4,1,0,2,3,1.5
9918808f-921d-59f9-80e9-e1dd375a46d9,39,14,4,2,2,1.0,31,13,8,3,2,0.6666666666666666
06814684-03c8-5fff-b0bc-c02018d05ade,3,0,0,1,3,3.0,3,0,0,1,2,2.0
17767a24-8b99-54e1-9af8-421a8d76c4cb,13,7,1,7,12,1.7142857142857142,12,3,1,3,3,1.0
919a0d3c-db12-53e0-93e7-c157886afe8a,9,7,0,8,12,1.5,15,6,0,12,6,0.5
a663aca4-3834-5ee4-9bc4-22aa9a153402,29,10,6,13,8,0.6153846153846154,21,16,4,21,5,0.23809523809523808
c021c917-3610-57ee-9938-573866b72e02,7,7,0,7,6,0.8571428571428571,10,4,0,10,6,0.6
beb0794d-2df2-57c6-92ff-6ff075cba95d,68,37,21,18,9,0.5,37,25,4,30,11,0.36666666666666664
df693e7a-2409-55e7-b959-98f113bf945a,84,34,22,31,19,0.6129032258064516,74,35,34,17,8,0.47058823529411764
409b71b8-e4a0-5ca0-91ad-88203144fb11,19,11,3,10,10,1.0,31,15,7,4,5,1.25
36f69643-acd7-5e24-ab67-fcabb6253693,52,21,8,9,5,0.5555555555555556,28,17,1,10,6,0.6
1e15b2bc-cc0e-5b01-9ff1-f44cdb92eedb,2,0,0,1,3,3.0,3,0,0,1,2,2.0
9a1b6a88-4660-507b-a1b3-84496503f611,5,3,0,4,6,1.5,10,5,1,3,4,1.3333333333333333
17ae3e10-e513-56e5-94f9-98b4e2e7f48b,63,31,9,54,25,0.46296296296296297,19,10,0,10,6,0.6
bfeaff7b-8ebc-5e89-9039-fcfaad4a119e,2,3,0,4,5,1.25,8,4,2,7,4,0.5714285714285714
e39a58ea-072e-5098-9964-e3f5684dcc2b,10,4,0,8,6,0.75,13,4,0,11,6,0.5454545454545454
2b3de622-062a-58a8-9eac-36ab24f9c023,32,16,7,8,8,1.0,14,6,0,4,5,1.25
54aff7bc-fae2-565a-8e22-305b5abc9b8f,19,13,2,5,6,1.2,16,8,2,2,2,1.0
b84a01f6-6780-5eb8-b76f-469f43cbef3d,16,7,2,9,10,1.1111111111111112,17,7,0,6,3,0.5
7c07d717-a897-56ab-b25d-532cab0bd4ff,50,23,0,10,12,1.2,84,36,29,7,9,1.2857142857142858
ebd7b419-9f31-51b8-bb3a-7636f9f8a5e0,19,14,2,3,7,2.3333333333333335,25,11,2,6,5,0.8333333333333334
9b5a51b7-4f38-5ef7-9805-9de9fecfe3bf,6,1,1,11,12,1.0909090909090908,8,4,1,9,4,0.4444444444444444
1a4ee475-e1dc-5f11-954f-b98fee1485f0,32,16,3,23,28,1.2173913043478262,8,3,1,11,6,0.5454545454545454
3b1172ec-7f68-5bbe-8080-fa8f404ffc3e,7,2,1,15,7,0.4666666666666667,4,1,0,7,4,0.5714285714285714
e0c795d5-9db6-5a05-9834-5a023ec92ec1,57,21,12,19,14,0.7368421052631579,37,11,8,15,11,0.7333333333333333
245c0cd1-b9d5-54f9-83ef-6526c77e062d,15,0,0,15,4,0.26666666666666666,13,0,0,13,3,0.23076923076923078
07a0e438-52d0-58ee-9a14-579f19e0a9f9,13,8,1,3,8,2.6666666666666665,14,7,3,7,9,1.2857142857142858
e1855659-e4e6-52d1-8a31-8aff4d7f26b6,13,5,0,3,14,4.666666666666667,9,4,0,1,3,3.0
6fad3607-ce88-5d1d-8bc8-37d70944c191,5,3,0,4,3,0.75,14,4,1,17,5,0.29411764705882354
c375c459-c4c7-5c18-9c4e-1938bb65c1b3,2,0,0,1,3,3.0,2,0,0,1,2,2.0
f5a8395e-057c-5c55-b705-85ae640c53a5,39,20,7,19,4,0.21052631578947367,49,27,9,20,4,0.2
bb4f993a-5aba-5bbf-8bce-9172d23f81d5,9,6,6,2,3,1.5,9,7,6,2,3,1.5
46e4c8c3-207f-5740-89bb-90e34562174b,2,0,0,1,4,4.0,2,0,0,2,3,1.5
87004c40-9003-5998-8702-6b97b0601571,2,0,0,2,3,1.5,2,0,0,2,3,1.5
fd66b918-ccf0-5ed6-b9ab-8518d618a2a4,40,24,3,15,12,0.8,32,13,15,4,5,1.25
55743e0b-cf24-5472-b854-2f1fdfa6692d,3,3,0,1,3,3.0,10,3,1,3,3,1.0
f2d4a650-1887-5547-b351-c4d83d6e3705,5,1,0,2,4,2.0,3,0,0,1,2,2.0
e63cf3d2-d1eb-50ac-89fc-18e16f88ab5e,14,10,1,4,4,1.0,42,26,9,12,8,0.6666666666666666
13a52021-1750-5184-b1d0-3b8294b114d4,75,49,17,73,36,0.4931506849315068,53,42,21,29,11,0.3793103448275862
7e888b84-2e13-55be-a544-d1ea7987fffa,10,7,0,6,4,0.6666666666666666,7,3,0,5,3,0.6
bd02dcbc-5e3d-5a34-99cf-60a12ddb5e59,7,4,0,3,12,4.0,14,8,1,16,12,0.75
8fa96881-c9d6-5227-b842-acfcc05892d3,6,4,1,3,6,2.0,6,2,0,4,4,1.0
a1af48fa-b4f2-5796-a835-382058eb82f8,17,14,1,4,7,1.75,31,18,0,2,2,1.0
d0617a44-5ccd-5f55-8841-b185a69fd039,6,2,0,1,3,3.0,9,2,0,3,4,1.3333333333333333
8ec7a4c8-9819-5f1a-950e-63e7b5bbf9ad,3,2,0,14,7,0.5,5,1,0,15,7,0.4666666666666667
f1c34ed8-8c09-58cd-ad78-43397130fc2f,3,1,0,2,4,2.0,12,4,0,4,2,0.5
2c90f4a4-29c5-576a-a8e3-98b927f83fb1,38,17,2,22,19,0.8636363636363636,40,19,2,21,14,0.6666666666666666
97854be6-6b58-5873-a2c4-d7106260c9ee,5,2,0,1,3,3.0,14,6,0,5,3,0.6
61612a61-69ff-5d8a-a51d-4320bea41ba1,10,0,0,7,3,0.42857142857142855,5,0,0,5,3,0.6
429c7eec-a714-5251-bafd-44b73b0c0d0e,2,0,0,2,4,2.0,2,0,0,2,3,1.5
0f5088bf-3bd5-567b-934a-7dbfa6747ebf,3,1,0,4,7,1.75,4,1,0,4,2,0.5
5bcf020d-4176-5a7d-9295-e1b25145c76c,30,27,6,26,5,0.19230769230769232,2,0,0,1,2,2.0
b5dab1a1-a4f6-570c-9821-1acde1f1f3b8,25,9,2,23,24,1.0434782608695652,16,3,2,14,9,0.6428571428571429
ed0d99a8-7568-554f-b81b-6f8e8390998b,9,3,1,3,5,1.6666666666666667,6,0,0,2,3,1.5
d6175c27-7395-5b1c-921c-fa519bdba671,2,0,0,1,3,3.0,2,0,0,1,2,2.0
0a0d7ef1-9e0b-5ba7-be60-bcd1ecf81cc2,3,1,0,3,4,1.3333333333333333,2,0,0,3,3,1.0
63ecc0c9-d394-5f27-ada0-adc35c27064d,3,0,0,2,3,1.5,3,0,0,2,3,1.5
efb9dcdd-a55f-570f-a3fd-bae2166cbaf3,15,6,3,9,3,0.3333333333333333,4,1,0,4,3,0.75
3922a27c-14c0-5bc0-92a5-d916e6d5cfcb,21,12,1,10,13,1.3,23,12,2,7,6,0.8571428571428571
f698e7cc-be4d-51c4-9e4c-a97eead7690a,1,0,0,1,6,6.0,2,0,0,1,3,3.0
f17e5d3f-151c-57fc-a5ad-f0e7b82272fa,60,38,8,27,30,1.1111111111111112,58,38,8,26,17,0.6538461538461539
8d6d2aa2-fea8-547e-b64a-678bc4f68b5e,92,27,9,8,5,0.625,27,20,1,18,10,0.5555555555555556
3ea47a65-9a92-5695-aa58-d116c0308bcc,2,0,0,2,4,2.0,6,3,1,8,6,0.75
211377eb-7da0-57e7-a09c-ffb8fa2367fa,12,4,0,5,8,1.6,8,4,0,4,3,0.75
cd912773-27d4-52d8-b60d-ac9fe6c26178,3,1,1,2,5,2.5,19,12,0,10,7,0.7
8c881e19-d0ae-5c4e-95b2-df78930bb2fe,5,1,0,2,3,1.5,5,1,0,3,4,1.3333333333333333
a4ad52ae-27ec-55e9-a981-2c4231a8a387,47,24,9,13,15,1.1538461538461537,11,5,2,3,4,1.3333333333333333
d38db9ee-6f2b-5af4-911e-23d64eb4feb9,9,3,1,3,7,2.3333333333333335,14,6,4,4,3,0.75
26191aed-c3ee-532f-886b-6c5433fa21c2,4,0,0,6,3,0.5,4,0,0,6,2,0.3333333333333333
ec539625-a159-5c65-a057-87fd2cb4e18d,63,33,21,16,11,0.6875,6,1,0,2,2,1.0
496f71fb-28fa-5d2c-8e29-2c03d3443cf1,6,0,0,4,11,2.75,3,0,0,2,9,4.5
f3fdb304-aede-58f5-ad26-88a22ed8d723,17,13,3,6,9,1.5,9,5,0,2,2,1.0
d47d2a35-de0e-5e3d-b723-82c043780997,30,7,1,15,13,0.8666666666666667,47,19,14,2,2,1.0
40ab4619-99c0-5331-8030-8dd8e217d5f6,20,6,0,24,23,0.9583333333333334,8,2,0,9,6,0.6666666666666666
ec4ae80b-b4b4-5913-ac8e-c4c1fa01c201,8,3,0,4,6,1.5,16,8,2,2,2,1.0
42730bdd-73c2-5906-88a4-6d1d23b60086,2,0,0,2,8,4.0,2,0,0,2,2,1.0
5cf7a965-1d39-5ba9-bc17-9e53f9b7ca11,19,10,0,3,5,1.6666666666666667,9,3,0,2,2,1.0
71a09455-3215-5e88-bea4-3d4f2c06e068,11,2,0,5,12,2.4,13,7,3,9,4,0.4444444444444444
5c640246-cf44-5a63-9eb3-76005e1608a0,117,48,10,58,28,0.4827586206896552,2,0,0,2,3,1.5
99e4460d-36d2-5df2-82fb-7bdf8d08fd43,19,4,1,64,7,0.109375,5,2,0,6,3,0.5
31d47f07-774c-5061-b433-4fa42a1d8a33,8,2,2,1,2,2.0,16,5,3,4,4,1.0
201cf86e-6dce-5573-baa9-f20beb2ac92f,4,2,0,1,4,4.0,9,5,0,3,3,1.0
cc98e98a-db07-56f1-b372-5cf925ee87a3,44,27,13,83,13,0.1566265060240964,22,9,8,34,5,0.14705882352941177
189d035f-3e14-5267-b791-b93c5ab1a67c,6,1,0,12,13,1.0833333333333333,6,1,0,12,10,0.8333333333333334
44418174-c1b7-548e-87dd-2868fd01367f,7,4,3,6,6,1.0,6,3,2,6,3,0.5
701e83de-b17a-5786-af0b-6675d02895ea,5,1,0,3,7,2.3333333333333335,7,2,1,3,3,1.0
a302a9d8-bc40-50e4-8683-1687fd2107ec,6,2,0,1,3,3.0,20,8,1,6,4,0.6666666666666666
555f1ee8-a518-5114-8abe-556ba653c059,2,0,0,2,4,2.0,2,0,0,2,3,1.5
2af76d85-e8a2-546c-b1db-4f838cebe6f4,99,55,5,11,12,1.0909090909090908,92,55,11,20,7,0.35
c7a11f6b-780f-598a-aaf5-f17a57957bc0,6,5,0,2,4,2.0,6,3,0,3,3,1.0
242e0eae-6b52-5711-83d2-3623a38445a0,9,2,0,3,5,1.6666666666666667,16,6,0,7,4,0.5714285714285714
55a2ab10-81f6-5bba-ab22-5d4e76bcc0b3,22,12,5,43,23,0.5348837209302325,3,0,0,14,4,0.2857142857142857
32cefb9b-6e44-521f-aeac-0c4fe0ef4e1c,16,13,8,25,8,0.32,26,12,9,24,5,0.20833333333333334
ccafea64-72e4-58ca-9434-825bb5e5508a,16,8,2,10,12,1.2,51,21,11,24,11,0.4583333333333333
3db79af4-0ee5-5831-995a-f8c84d9884b7,28,20,6,8,9,1.125,42,21,6,9,6,0.6666666666666666
744ff6d3-e36a-5ee2-b44e-240cc5006c7a,29,7,1,25,5,0.2,21,7,10,24,4,0.16666666666666666
4cc9ed62-1aad-5d7a-a941-d3b786c905bd,82,47,21,2,8,4.0,46,18,18,1,3,3.0
ab295da2-2f17-54b0-a195-8d346f33d051,10,3,1,3,4,1.3333333333333333,31,20,3,10,9,0.9
5335bf33-265d-5012-b03b-2d50b172518b,23,12,5,27,19,0.7037037037037037,25,13,8,24,7,0.2916666666666667
d77228a4-1d67-58a5-9f96-a778eeda57e7,9,3,2,16,8,0.5,8,5,1,9,6,0.6666666666666666
9a76593a-5e84-5dd8-bb77-725d3e25b9be,22,9,4,16,16,1.0,49,24,21,4,4,1.0
1db3cf23-4aec-5c59-8178-3e366aa63a0c,44,21,4,23,20,0.8695652173913043,31,24,6,5,4,0.8
adb0000f-a5b7-57a4-a7ee-8cf971416489,14,4,0,9,11,1.2222222222222223,21,8,0,14,6,0.42857142857142855
b97018ae-9dd1-5f78-8fef-7d136653f106,93,55,24,66,16,0.24242424242424243,8,3,1,9,5,0.5555555555555556
44450537-c236-58d7-9a40-a1afa0c032d2,27,8,4,81,6,0.07407407407407407,31,14,11,63,5,0.07936507936507936
127f6c92-fcbe-5fa2-aec2-bc9a196cf37c,53,46,10,13,16,1.2307692307692308,140,66,50,16,8,0.5
56d93d1a-a1ca-5208-8d4e-08c01d9938a6,2,0,0,1,3,3.0,2,0,0,1,2,2.0
38902e28-3cc8-5f40-a032-89bdea866710,23,12,12,29,14,0.4827586206896552,18,14,10,17,9,0.5294117647058824
866046fd-6e96-5d8b-b325-0a5d1ab81d75,50,14,1,48,27,0.5625,32,11,1,9,6,0.6666666666666666
688e1b9d-dcde-5d34-8d4e-a73f6864b3ce,2,0,0,3,4,1.3333333333333333,2,0,0,3,4,1.3333333333333333
46ad9487-ce13-5719-9bd1-dd54dea849f9,4,1,0,4,9,2.25,8,2,1,6,5,0.8333333333333334
b65d7ee7-b007-5baa-8008-b1524c8eb154,7,3,0,17,13,0.7647058823529411,22,4,6,18,7,0.3888888888888889
bcfab26d-ba1c-5edf-9967-f41ba03ef21f,15,4,0,32,19,0.59375,7,1,0,17,10,0.5882352941176471
fd008cdf-ddb9-5a5b-85ca-787ac12a9d6c,72,40,18,52,33,0.6346153846153846,45,15,13,18,12,0.6666666666666666
53dc3078-90e9-5694-844c-060e0f8603dc,80,31,10,50,32,0.64,47,20,5,30,21,0.7
53de3d0b-a67a-51e7-bad2-fb1f79e80dd1,60,30,29,40,32,0.8,132,58,51,31,15,0.4838709677419355
f087056e-1781-53ff-abc9-489994d518b5,44,22,10,11,13,1.1818181818181819,35,19,7,4,3,0.75
dfef6f7e-ffb6-576b-bade-1fff956fff8c,54,24,7,18,16,0.8888888888888888,84,32,30,13,8,0.6153846153846154
d23bc2b7-9891-57a8-8d99-a81c5fbb2467,104,49,8,8,9,1.125,16,9,0,7,7,1.0
12664de2-6cd8-5639-b6da-39df96e0876f,19,17,3,4,4,1.0,6,3,1,4,4,1.0
790cfa6a-3a6a-5f83-8596-55bafb5869be,8,0,0,7,7,1.0,7,1,0,5,5,1.0
93c07e39-d155-5b05-9ec5-ab15d2e4b67e,25,9,6,5,6,1.2,30,14,11,9,9,1.0
838494bd-9149-52c1-8fb3-1060493d47d9,52,37,5,2,3,1.5,52,38,6,2,3,1.5
53c93f80-934a-5fb7-a103-6f8260f5edf3,15,6,1,28,23,0.8214285714285714,11,3,1,10,5,0.5
f3da2dcd-75fc-5815-a885-50b688424864,14,8,2,3,12,4.0,28,9,10,2,3,1.5
5b59bc50-d4a2-5679-8adc-74d1e5e5152c,59,50,27,15,11,0.7333333333333333,23,10,4,1,3,3.0
e411bdaf-c709-5bb6-8e18-589ac9573c28,63,36,7,38,24,0.631578947368421,47,32,2,37,22,0.5945945945945946
2ece0bd0-7b91-5bea-8e9a-6a1f1617fb57,24,14,6,9,10,1.1111111111111112,51,20,14,6,6,1.0
10a4b6cd-cf7e-55c8-ac4c-c9785045c01c,16,8,3,4,12,3.0,20,6,4,6,4,0.6666666666666666
06fcc9a3-b6cc-5e46-9c77-99e3a9ff1d58,20,9,0,8,9,1.125,42,21,7,5,3,0.6
62c0890c-9f9e-55da-abc8-7c960c703411,52,22,12,7,15,2.142857142857143,54,20,19,21,12,0.5714285714285714
e42dcbc5-02b5-5edb-8015-d033916be896,16,10,1,9,8,0.8888888888888888,9,4,1,10,7,0.7
84b213ef-7762-51b2-94a9-3a77c66b1cee,38,19,10,31,26,0.8387096774193549,63,28,16,22,14,0.6363636363636364
a6628816-f7eb-5f1f-a598-a5fe8063948d,34,16,3,6,13,2.1666666666666665,33,16,8,1,2,2.0
d4baa9a9-b037-50eb-9a72-e36011c5c7cf,44,9,4,9,17,1.8888888888888888,32,7,0,11,6,0.5454545454545454
6d1978c5-debc-52a3-8663-e9d9ded14b60,4,1,0,9,14,1.5555555555555556,3,0,0,9,3,0.3333333333333333
f139ea4b-3105-5e64-b239-2fc2844e7998,28,25,1,14,19,1.3571428571428572,92,49,23,9,9,1.0
e5328112-bdca-51e1-b91a-bb04d8f7315c,7,3,0,1,3,3.0,13,6,1,5,5,1.0
d82e470e-e509-5f67-8da4-19a05ffc0c91,7,2,1,6,8,1.3333333333333333,12,4,1,9,5,0.5555555555555556
ae38c045-978a-51e5-941b-20c48bcc20cc,5,3,0,9,5,0.5555555555555556,5,2,1,7,3,0.42857142857142855
5ed4c742-12cf-52a4-9a4e-636e5febbf85,77,47,35,164,32,0.1951219512195122,22,10,6,34,9,0.2647058823529412
d4dc0de7-d481-535e-8f65-b2306ed9f14e,31,17,9,12,13,1.0833333333333333,29,12,5,1,2,2.0
73fa1073-4367-51e5-8103-d2c91f075761,41,16,12,5,8,1.6,50,21,18,9,6,0.6666666666666666
6d5587a1-0dc6-5a65-947f-ad42bf9e6ff2,61,32,12,87,36,0.41379310344827586,111,53,30,58,8,0.13793103448275862
6af4bb92-256c-5784-98b5-3b3d38ff7241,35,18,6,11,9,0.8181818181818182,64,25,12,11,7,0.6363636363636364
f827a253-92ee-5190-b74d-627f3f6276a3,74,48,14,10,9,0.9,96,42,44,12,6,0.5
baf84fc2-3f49-5542-8d7a-f7cb3296ec4b,30,16,7,7,10,1.4285714285714286,22,9,8,14,9,0.6428571428571429
677913f7-97db-57ff-8ada-cef2ca50fe2b,95,32,16,2,3,1.5,89,29,24,3,2,0.6666666666666666
1e6ca847-acf1-519f-acb8-1871a57236ae,17,5,1,8,7,0.875,15,5,4,2,2,1.0
369c6536-4614-56ea-baae-fc3a50f54577,27,10,11,33,31,0.9393939393939394,2,0,0,1,2,2.0
b1a1594e-24ec-5a9a-b591-9b707b74a960,72,27,1,32,21,0.65625,47,27,6,18,8,0.4444444444444444
9a5127af-fd09-5290-9e7a-0cdaea2f9ba2,28,12,2,16,12,0.75,21,9,3,3,3,1.0
b025cc8b-a992-5f12-858f-2dfd70a7af9e,45,23,6,34,30,0.8823529411764706,28,14,6,11,11,1.0
f894f36b-163c-5782-96d3-3adf75e52e9e,2,0,0,9,7,0.7777777777777778,3,0,0,9,6,0.6666666666666666
221506da-a00f-5a55-af3b-fa870719105b,28,23,4,20,21,1.05,9,3,1,4,5,1.25
3be0b9ef-47f2-55fe-a80d-1eddc77f96bf,26,23,12,15,11,0.7333333333333333,25,15,9,7,6,0.8571428571428571
4f463b88-293a-5055-a858-cd00c9eb77f4,51,20,11,71,19,0.2676056338028169,27,8,3,18,5,0.2777777777777778
863a2592-3d76-5606-9e45-77f414b5096e,19,3,2,3,6,2.0,4,1,1,3,2,0.6666666666666666
e5f59f18-4415-5d15-9a14-43c2adac9294,62,24,5,11,9,0.8181818181818182,66,31,13,9,5,0.5555555555555556
5aaa488b-4dd7-5908-ae3b-b48e63900169,4,2,1,1,12,12.0,2,1,0,1,3,3.0
cc4ae138-b063-549c-8206-ae055ffdaf38,56,41,16,12,24,2.0,33,23,8,6,7,1.1666666666666667
241e1a29-29a3-5fbd-89e6-e5250cef7d0b,52,22,8,15,14,0.9333333333333333,77,27,22,30,18,0.6
7bfb79d1-a9a6-545c-b4c1-5c13061ea859,97,58,24,63,28,0.4444444444444444,58,31,14,47,19,0.40425531914893614
b7db4fff-b14d-5c5c-bf34-9d3cc3c15cc6,42,26,5,16,14,0.875,60,25,12,12,5,0.4166666666666667
eed06da8-86ea-52b1-aa3d-0fa69dcc87d2,46,18,1,11,12,1.0909090909090908,31,8,6,10,8,0.8
7deb9cc9-21a2-5705-8f59-7b3d7de62c1e,51,18,5,37,22,0.5945945945945946,49,29,12,25,12,0.48
d7559556-8a0f-5219-a389-58b86bdc0a9b,3,0,0,4,7,1.75,10,4,1,15,6,0.4
2d3b184b-82f5-5e5b-b341-54023bfeb9c9,26,10,2,11,11,1.0,3,1,0,1,2,2.0
7faba3f1-a870-5d48-aa20-1d65d498cfff,5,2,0,6,14,2.3333333333333335,8,2,2,3,4,1.3333333333333333
e3dfe832-3d26-561e-adc8-43a22fe95bb5,54,21,18,8,12,1.5,70,20,15,10,8,0.8
70482d7d-b071-5b11-803d-945e657ce984,79,45,15,133,18,0.13533834586466165,88,51,16,45,5,0.1111111111111111
9d27788d-fd99-5a8d-b126-293d217a55b9,25,11,0,14,13,0.9285714285714286,47,22,20,27,6,0.2222222222222222
fed20448-a86c-5b92-a1b5-bc9bb1e236d4,62,19,10,2,4,2.0,32,7,5,1,3,3.0
230b0c47-45f1-50fb-b609-5f7694da17e2,74,40,34,62,18,0.2903225806451613,49,22,20,7,4,0.5714285714285714
fc017bd5-039f-5a5c-ac34-31a02616be89,67,33,7,12,11,0.9166666666666666,85,32,20,70,9,0.12857142857142856
2dafbfa8-1618-51cb-a071-1123c892e9ca,26,6,5,2,5,2.5,26,8,11,17,5,0.29411764705882354
c4537555-15e5-5219-a428-981bae856bf1,80,38,20,53,18,0.33962264150943394,47,21,20,61,9,0.14754098360655737
30944b94-79ea-564d-98d2-452f0dc4dff2,17,13,0,1,5,5.0,23,13,6,17,14,0.8235294117647058
e16eeffb-96cd-56a1-94d2-d6440b009e0e,71,38,6,39,19,0.48717948717948717,69,25,37,3,4,1.3333333333333333
9a76e23c-4202-5c4a-a5da-0d3f17501eed,65,34,21,10,5,0.5,73,39,31,12,7,0.5833333333333334
7e7c02f3-96a1-517c-84be-d8f728d8bbf8,31,11,7,11,13,1.1818181818181819,36,17,18,5,4,0.8
1c5a22ed-fe42-5b89-812c-42fdd63bde93,60,24,3,37,23,0.6216216216216216,59,28,18,2,4,2.0
4729d978-3a80-578a-9a3c-620b5e289261,49,21,16,27,7,0.25925925925925924,36,16,7,23,9,0.391304347826087
340b28b7-bdfc-5bdf-aca8-74f2e7f837a5,40,25,12,12,11,0.9166666666666666,31,12,4,5,3,0.6
5a64a04e-2128-5abd-8d29-20a180e8dd93,41,19,7,21,14,0.6666666666666666,92,42,22,31,6,0.1935483870967742
ce282cda-a30b-53aa-8703-e188b4854ab2,23,15,0,15,17,1.1333333333333333,36,19,5,5,8,1.6
3a0c48ab-09ef-5e77-b347-bc59f3d97072,100,55,15,26,24,0.9230769230769231,12,7,5,1,2,2.0
8a60ff2a-2cbb-5a71-8088-25a4d01b1673,52,33,4,41,21,0.5121951219512195,31,18,4,11,6,0.5454545454545454
c4f00782-4c1e-5869-9a39-825a6a11d1a2,77,36,15,3,4,1.3333333333333333,34,18,2,2,3,1.5
788625c0-e865-5159-b711-bda8e0edcfdb,140,73,21,84,45,0.5357142857142857,56,26,18,26,10,0.38461538461538464
36bb6af2-fb18-5279-918f-d4ff6ad177be,43,19,18,1,2,2.0,55,20,18,10,10,1.0
d72cfd93-56ee-562f-b38a-f72921acce81,18,6,0,3,7,2.3333333333333335,42,26,23,5,4,0.8
ae1d2495-c660-5c94-bfb8-8e448e5fcb33,26,19,6,20,11,0.55,31,22,6,21,12,0.5714285714285714
ecbfeacd-3acf-5f64-a30b-be05e36e7f42,32,11,3,18,18,1.0,37,15,9,4,5,1.25
1414cef2-a767-533f-a099-1de6b7104c49,130,56,31,58,20,0.3448275862068966,100,45,32,41,15,0.36585365853658536
3b35a861-aa93-5b68-b4f3-2d883c4c644d,46,28,8,49,22,0.4489795918367347,66,23,14,32,21,0.65625
b7e62b95-c08c-5ab4-934a-d6fd83a531b1,39,17,1,11,17,1.5454545454545454,79,29,18,22,14,0.6363636363636364
676c2394-93f5-55b2-9a30-10a95976ee36,61,45,3,13,11,0.8461538461538461,16,5,2,2,2,1.0
3ad4b3c6-40b6-5310-95d8-49182d1f3dad,128,61,21,10,8,0.8,25,5,5,4,3,0.75
780392a9-25c8-520e-a65b-adf0af9dedca,6,2,0,4,5,1.25,9,5,1,7,6,0.8571428571428571
4399cf76-6b93-58a2-97ac-ef57eb88b098,64,30,9,57,19,0.3333333333333333,34,17,11,8,4,0.5
3ec30f20-a0c3-5ef2-98b1-bf1a215eed17,44,21,9,9,7,0.7777777777777778,51,22,9,14,6,0.42857142857142855
25bb0f39-b48a-56ee-8145-8eff2ea560d6,4,0,0,4,2,0.5,9,3,2,6,4,0.6666666666666666
b6c77f59-5d20-5e74-9cec-54b01c5280e0,29,31,1,31,12,0.3870967741935484,71,37,12,45,12,0.26666666666666666
8a45bd25-ae39-5254-a4c7-965462adfa8a,105,53,42,116,25,0.21551724137931033,50,25,14,62,14,0.22580645161290322
ac526486-e161-5418-96d5-5562fb976223,14,7,1,13,14,1.0769230769230769,3,0,0,2,2,1.0
93f334f8-17a1-5f56-9e62-027284fba865,25,11,8,10,17,1.7,22,10,4,7,10,1.4285714285714286
55285261-a18b-5990-9a85-455cd306c779,27,15,14,116,22,0.1896551724137931,24,8,15,69,9,0.13043478260869565
816811df-3bb0-59e3-95f8-9c6cf250aeae,41,34,2,11,14,1.2727272727272727,24,9,4,3,4,1.3333333333333333
e37987ec-64a6-5344-a72a-c86216d0d52a,66,34,6,33,18,0.5454545454545454,44,21,5,23,11,0.4782608695652174
10ee3386-00f8-5158-90bf-40dd199fbe9e,76,36,17,32,30,0.9375,25,12,7,2,3,1.5
31971f69-8581-5aa4-b13a-feab1600421a,35,19,9,7,8,1.1428571428571428,38,15,14,2,2,1.0
036e6d88-24e5-537d-9232-e58483ff3464,110,46,3,46,5,0.10869565217391304,124,52,20,78,10,0.1282051282051282
ea506f64-d77b-5edd-be1b-c4437d1a35f8,1,0,0,1,2,2.0,2,0,0,1,2,2.0
e654bce8-eb0d-5c19-93f4-be41eab6f850,59,27,4,11,13,1.1818181818181819,81,41,23,19,8,0.42105263157894735
bab55aa6-302b-538e-ae3a-b5ea4c64b5a8,56,31,9,2,14,7.0,48,30,9,1,2,2.0
78cc3bca-d8b6-5291-b16b-7f7f8665c196,25,13,7,19,18,0.9473684210526315,54,22,14,24,8,0.3333333333333333
9f725006-f7a8-541b-aafe-0ace13122ef4,99,51,20,7,4,0.5714285714285714,106,44,31,6,6,1.0
b9a4078e-5cca-5478-a091-2e884912c511,16,4,1,1,9,9.0,24,7,5,4,5,1.25
75884571-5957-5272-a161-653af2a1e9f9,59,33,12,36,28,0.7777777777777778,45,21,17,14,9,0.6428571428571429
49366beb-df38-5cd5-ba6e-adea1558dec0,14,3,0,10,14,1.4,11,1,1,6,5,0.8333333333333334
51aae4ed-1791-5b64-912a-96a3d575ad2c,64,24,5,47,31,0.6595744680851063,47,21,18,20,7,0.35
769a0ebc-2635-5ae8-af49-fbc5bd56f1db,71,42,23,18,21,1.1666666666666667,83,36,24,23,14,0.6086956521739131
ca0816c0-37bf-50f1-b95d-26de443a51cb,54,31,9,23,17,0.7391304347826086,50,30,10,17,10,0.5882352941176471
e7575bee-87f6-59b5-bd1d-ba46da38ec9b,31,13,4,12,3,0.25,54,16,18,14,6,0.42857142857142855
d64b87ab-201f-5e01-a606-649393d27b95,6,1,1,5,9,1.8,3,0,0,2,7,3.5
3d6ee832-3cfa-5bd4-b914-f8f5368469cf,117,49,20,14,11,0.7857142857142857,24,10,4,3,2,0.6666666666666666
500c46e9-35d3-573a-87b1-5fe067a6aaf7,27,13,2,25,15,0.6,117,63,42,30,6,0.2
2cdc8ae3-e67c-54ec-9bf1-4ee1d5e58b1b,20,6,0,10,7,0.7,23,17,8,15,8,0.5333333333333333
d51aa77f-1868-5aa1-833f-f1f3da8dee56,62,33,3,7,6,0.8571428571428571,58,26,16,12,10,0.8333333333333334
4bc9f98a-1804-5bc1-9726-e66f5a426c8e,71,40,10,14,6,0.42857142857142855,91,33,45,9,3,0.3333333333333333
19a6de8d-a5ae-51a4-a241-bfc1b53d6d3c,18,10,0,5,13,2.6,18,9,0,7,5,0.7142857142857143
e836b428-fe93-56bc-8497-0071799cb7bb,16,7,1,3,6,2.0,32,15,2,10,9,0.9
2d831db5-b375-5aef-a743-36b133e9b871,3,0,0,4,13,3.25,3,0,0,4,5,1.25
0f710546-4a1a-591a-8bab-a747ffca65ed,95,51,28,16,13,0.8125,155,53,6,79,17,0.21518987341772153
42659f89-ab5a-5dd5-86dd-621f984c42fe,37,15,10,21,23,1.0952380952380953,79,38,25,27,7,0.25925925925925924
b8f71f02-b48b-5dea-a2df-4387e860aaec,62,23,22,2,8,4.0,50,23,13,15,10,0.6666666666666666
a5ad8eeb-c460-5dfd-9f6f-41e61e8dc7ec,107,55,6,6,6,1.0,41,20,8,5,6,1.2
f015dd52-a4eb-51a8-ab99-7b9bc6637313,2,0,0,1,2,2.0,2,0,0,1,2,2.0
29fe72f3-d54a-544a-ae57-9d374193adc8,55,33,3,20,17,0.85,59,27,22,17,11,0.6470588235294118
bada1faa-8ce8-5f2e-957d-a22641d117e1,14,3,1,8,10,1.25,65,22,23,27,7,0.25925925925925924
c5ea827c-6f5e-5e2e-a8f1-d744cc1603ec,39,13,6,8,9,1.125,26,10,7,6,5,0.8333333333333334
ad4ad267-bba5-5d15-961a-656d69d64ffe,74,37,19,49,34,0.6938775510204082,86,34,24,20,12,0.6
d828c57b-fe5a-5817-ad0c-80f00a07373f,34,14,1,26,23,0.8846153846153846,119,52,34,10,9,0.9
24adbfdc-769c-56fd-bc66-49c8324255a1,2,0,0,1,2,2.0,2,0,0,1,2,2.0
503577ff-4541-5826-b2ca-54c0d39f9d3c,82,35,11,6,7,1.1666666666666667,70,27,11,19,15,0.7894736842105263
04aeef30-0464-5705-909b-a618782d057c,46,19,4,58,26,0.4482758620689655,12,13,10,53,16,0.3018867924528302
d84df30f-b543-5e8a-937a-56117f59349b,5,2,0,2,4,2.0,16,5,4,14,5,0.35714285714285715
17246a2c-fe3c-50b5-8c6c-22ca25531289,70,46,25,3,4,1.3333333333333333,124,59,31,6,2,0.3333333333333333
f27d99ba-0a02-53ad-9b13-ef03a28e3f35,59,40,0,6,6,1.0,49,20,12,8,5,0.625
18a21115-1b2d-5980-9243-08595bffa79c,1,0,0,2,2,1.0,2,0,0,2,2,1.0
cb821351-aa05-5317-9648-69013df1ebc9,41,21,4,10,12,1.2,39,23,11,2,4,2.0
39df2403-1aaa-560b-ab22-f84b3fa04be0,15,6,0,5,6,1.2,15,6,2,5,5,1.0
0a891d0e-b741-58f3-9d9d-bafbaa29d9cb,8,2,1,1,2,2.0,13,3,2,3,3,1.0
40875815-89ae-5372-87b2-ad615daca738,18,11,4,3,13,4.333333333333333,28,13,9,1,2,2.0
b3e30ae6-329a-5425-b7a9-e161e23aaacc,9,4,0,4,5,1.25,17,5,1,5,4,0.8
4b794509-4d49-5f1e-8ce7-6cebf16a51be,118,69,34,42,29,0.6904761904761905,34,20,14,7,4,0.5714285714285714
9cb87168-beec-5305-ab44-f2bf04508d9a,119,47,28,231,9,0.03896103896103896,25,8,6,2,3,1.5
dd77b7c3-1d93-5a3d-9703-b2dc6817ab56,4,1,0,9,6,0.6666666666666666,3,0,0,8,5,0.625
7fba6209-af5e-5bb0-a197-cd009a2d306e,131,56,5,50,22,0.44,31,21,5,5,5,1.0
06e244fd-2e52-5fbf-801b-7402ec67c0a9,74,44,17,17,9,0.5294117647058824,75,41,13,1,4,4.0
f8c2f987-d607-51bb-b62d-1c0e7e11c9e1,38,20,5,22,20,0.9090909090909091,55,22,21,39,19,0.48717948717948717
e63783ae-224c-5245-ac8c-d1aefa47c720,6,2,0,4,7,1.75,8,3,0,3,3,1.0
3583dfea-380c-56ae-9317-17183ae10b7b,26,6,9,1,3,3.0,24,9,7,2,2,1.0
dd39098e-bb68-5b1a-a4a0-5fefb1ea4d12,47,28,8,9,15,1.6666666666666667,32,10,7,7,7,1.0
6f1ee239-b36a-5196-87ab-2c327d4b6704,11,3,2,3,5,1.6666666666666667,14,5,4,4,3,0.75
534d0f42-9254-5fa5-ae04-f7cedcddbfab,22,16,8,9,13,1.4444444444444444,22,6,6,3,2,0.6666666666666666
5bea964a-72fa-5215-b44f-a62ec9922291,121,41,15,4,5,1.25,95,49,17,43,18,0.4186046511627907
af918e56-cef0-5874-a930-58533edec005,105,51,0,55,7,0.12727272727272726,89,45,5,67,10,0.14925373134328357
81b1126c-7620-500a-b65d-23d7ddb7eff2,88,40,3,5,10,2.0,59,35,14,15,11,0.7333333333333333
71cf0c00-6fec-5b7f-b852-33bbc71ac917,22,7,0,2,13,6.5,7,1,0,1,3,3.0
938a30e4-e8aa-5206-bdda-18c570091b36,38,19,4,13,10,0.7692307692307693,55,27,20,27,8,0.2962962962962963
95974c55-3727-5c41-a0c4-818ff22ad4f7,42,16,4,4,5,1.25,48,18,17,6,5,0.8333333333333334
f77032d5-c410-54b2-8584-dfc55dcec800,43,16,6,17,12,0.7058823529411765,62,27,11,16,5,0.3125
31ed26b4-f003-5af7-a6ba-b606ce191ce2,20,20,2,7,12,1.7142857142857142,74,30,19,14,8,0.5714285714285714
d50973f5-0f75-572c-acad-a2474ec05dd0,86,39,17,1,2,2.0,110,48,37,30,10,0.3333333333333333
bc3c7b15-ba79-5445-8909-9a8fb226e983,2,1,0,2,3,1.5,7,3,2,3,3,1.0
2347fae1-f5c4-5022-bb73-b7d0f0fc2060,45,30,9,23,9,0.391304347826087,25,10,10,11,6,0.5454545454545454
2e51b927-9d65-5076-84f4-4312ff1bc097,51,30,2,8,14,1.75,88,35,21,25,16,0.64
887ceaa9-7371-59ea-bfe4-a980a5f2ff1d,37,15,3,14,28,2.0,24,10,8,3,3,1.0
7100ff31-90a8-5d09-9f51-ba699b25585d,24,6,1,15,10,0.6666666666666666,26,13,0,15,10,0.6666666666666666
d3f04a54-d76c-54ca-af68-cffb23fd9402,113,52,41,68,40,0.5882352941176471,66,32,23,49,16,0.32653061224489793
11ee8f2b-1a69-52d7-a9e7-420388da33f2,62,60,6,17,16,0.9411764705882353,239,108,59,101,20,0.19801980198019803
7ff07600-e55c-58f6-a90d-1e7da4466e42,206,89,54,79,44,0.5569620253164557,122,62,50,17,12,0.7058823529411765
d7118ee1-88f6-569b-a950-9d3b1207a42c,228,126,48,155,57,0.36774193548387096,27,11,5,1,2,2.0
96a6139a-3080-5cc8-a81e-8c5172afb8a1,115,75,17,28,22,0.7857142857142857,15,6,4,2,2,1.0
78180ddf-b449-527b-ab1f-06b4a6e4d399,95,54,32,18,9,0.5,47,20,18,3,6,2.0
5c2c02e7-63ab-5b75-9dc2-139c17ae43aa,51,15,3,18,17,0.9444444444444444,16,4,1,1,2,2.0
0be6507c-31e8-5f01-a412-a7d7b9d17dcc,128,72,32,55,36,0.6545454545454545,14,7,5,11,4,0.36363636363636365
20f6251a-84d0-5bfe-9894-c111eed1647a,31,11,2,14,14,1.0,44,17,8,24,15,0.625
8e41022b-daa7-576e-9e34-0b93ec6ac5f6,10,9,0,11,19,1.7272727272727273,12,5,1,18,10,0.5555555555555556
4453d7a8-ffcb-58df-a3e4-9a5a29b24df4,16,7,0,3,7,2.3333333333333335,32,13,6,9,6,0.6666666666666666
60b591bf-6303-5f42-813d-bcf682a1bda7,135,65,31,176,85,0.48295454545454547,101,52,21,114,73,0.6403508771929824
aea864d0-1204-5050-a334-547dfe21a066,148,67,9,10,9,0.9,196,65,43,66,24,0.36363636363636365
373afca0-a2b1-5efe-bbf8-78877965bf02,31,20,15,53,12,0.22641509433962265,26,14,9,76,6,0.07894736842105263
8a21ac35-8526-5797-8daf-70671bbe0a43,22,8,1,6,12,2.0,28,10,6,8,8,1.0
9cb44684-15f5-59e3-8c4c-d40d54717fbb,63,27,22,4,5,1.25,61,33,22,13,3,0.23076923076923078
00f6f69b-72cf-535d-a302-512f47648dca,88,48,32,70,24,0.34285714285714286,221,84,53,106,18,0.16981132075471697
1f356093-c5fb-5074-aa53-20b1475a7a45,24,17,7,2,5,2.5,83,48,20,6,2,0.3333333333333333
bbe59a8d-2d8c-5d21-9c23-3fd0b92c50df,15,9,4,13,24,1.8461538461538463,57,28,21,7,7,1.0
60b6e95b-649d-54bc-9dfa-aee947c6e108,38,21,8,48,13,0.2708333333333333,63,29,21,64,15,0.234375
afd93506-b1e3-571d-821b-96bcb7baf197,42,10,0,9,6,0.6666666666666666,52,21,17,13,10,0.7692307692307693
1708a5f0-9da6-53e5-aa73-20a292d4d4ef,38,26,7,13,17,1.3076923076923077,52,22,14,8,6,0.75
af0b76ff-55e2-5749-adc0-53b5b08b6c44,49,27,18,34,8,0.23529411764705882,53,30,17,37,9,0.24324324324324326
cd81e053-625a-5c48-9f9d-490999294799,59,49,4,35,35,1.0,19,7,2,4,4,1.0
a2545544-1c54-57c6-8f0f-dcf9c07681b3,9,2,0,21,11,0.5238095238095238,4,1,0,9,4,0.4444444444444444
21eb8339-9e6b-5eb5-919c-057b4043a047,41,16,10,11,9,0.8181818181818182,22,8,5,6,4,0.6666666666666666
7289ddc6-743f-59a7-8b20-b33db07dd7e6,3,1,0,1,2,2.0,3,1,0,2,3,1.5
c7d0193c-ad53-51f1-9240-42eef636bd07,58,31,12,7,13,1.8571428571428572,36,13,6,6,4,0.6666666666666666
aec04599-52f6-5b38-8e79-a84d760c7fd6,3,0,0,3,10,3.3333333333333335,3,0,0,2,2,1.0
f1dca99e-2ebd-5550-b331-f9e00950b59e,19,10,1,5,8,1.6,45,20,16,3,4,1.3333333333333333
bbf38730-9ee5-50ad-b3ec-e2135f4fe635,52,31,17,19,9,0.47368421052631576,73,34,30,8,5,0.625
0593f7aa-5182-564b-b5e1-161cdf7d3d28,21,9,1,3,5,1.6666666666666667,47,26,20,12,8,0.6666666666666666
e91c48ee-e8d7-57eb-bcd8-1ee2c52e4e83,65,32,3,5,14,2.8,49,25,9,13,11,0.8461538461538461
71dcce19-80ca-51db-99dd-0183898192c0,70,34,8,19,15,0.7894736842105263,36,14,11,10,7,0.7
6c09f387-0106-5da6-b042-b09de930f110,54,24,5,4,6,1.5,73,27,30,2,3,1.5
c3d92e3e-8f93-5a2f-911a-2297665ac83c,87,70,33,57,23,0.40350877192982454,8,3,0,9,7,0.7777777777777778
b1947faf-1c05-518a-9de0-f54697637ee0,32,13,7,9,8,0.8888888888888888,38,12,15,22,5,0.22727272727272727
c5e74a2a-63a6-52f9-9de3-7feaa2073499,76,36,16,42,13,0.30952380952380953,29,12,8,19,9,0.47368421052631576
2341777f-9b89-5bb6-a321-60d6e33d9dff,54,27,5,1,3,3.0,64,29,13,7,5,0.7142857142857143
95d85190-bb4d-53fd-8475-23030207d2a8,23,15,2,25,21,0.84,40,16,9,12,6,0.5
91a87727-d3b0-5069-8078-655c40c756d8,17,10,2,2,5,2.5,31,12,14,11,4,0.36363636363636365
c75b3426-d9c3-5302-89f1-db4a6de4a2c0,28,11,2,18,15,0.8333333333333334,24,16,0,20,12,0.6
c00c8fff-4270-5561-80f2-876366c0bda2,91,65,14,13,10,0.7692307692307693,146,82,28,39,11,0.28205128205128205
0490c5e2-22d7-58d0-85c9-e3d695810d49,14,4,0,9,11,1.2222222222222223,17,7,0,14,7,0.5
4be7b59f-2fbe-5d86-9149-9678b74f239d,28,12,3,14,12,0.8571428571428571,66,31,24,13,8,0.6153846153846154
97d1bc37-be52-5922-89eb-457a1a08d06c,34,15,9,11,8,0.7272727272727273,38,18,8,20,9,0.45
80cfd283-05d0-5cbd-9255-b643c6ad1f52,110,45,8,9,9,1.0,177,68,43,51,24,0.47058823529411764
c2aaa2a2-4ba9-5f1d-a7eb-dfee2ff652da,59,25,7,13,11,0.8461538461538461,86,40,25,9,7,0.7777777777777778
0d2ed039-79e8-557b-8fc3-1f56775d79dc,148,83,42,61,44,0.7213114754098361,73,41,17,26,20,0.7692307692307693
3b2bb959-2a39-584c-8882-3cd6abcdf094,110,61,33,60,34,0.5666666666666667,95,54,28,41,23,0.5609756097560976
51eda66a-ce66-5f62-9562-313f221a7c09,43,22,4,43,30,0.6976744186046512,6,3,0,11,6,0.5454545454545454
63189cbe-5d4e-5a58-beb6-c574eb214680,34,12,5,3,6,2.0,25,8,3,2,3,1.5
b73373d1-3778-5b34-9682-189a90e8d9ed,25,18,4,24,17,0.7083333333333334,8,3,1,19,6,0.3157894736842105
2590c3a7-f14d-5a63-b9b2-dadc8089c5db,36,19,3,5,6,1.2,32,16,3,5,4,0.8
2c87b33e-8f31-530e-800a-213ea3e6045d,157,71,18,24,17,0.7083333333333334,83,38,9,15,12,0.8
ec8d7bcc-a778-5811-b212-d60d661b06dd,163,81,22,45,21,0.4666666666666667,143,79,22,40,16,0.4
827702da-2b10-5cbc-848e-b3c15935bfc4,45,26,6,3,8,2.6666666666666665,47,22,18,1,2,2.0
05f39502-4a46-5dee-92e2-a72ab92a59be,58,34,14,7,6,0.8571428571428571,15,7,3,3,3,1.0
6225d4ce-8f8a-5c07-8c9a-67229423154a,26,10,2,20,9,0.45,30,19,9,17,11,0.6470588235294118
8cba6110-c935-5fbc-9249-a260552633b5,43,15,12,11,11,1.0,36,13,12,5,5,1.0
fd4819eb-c0f9-5270-a6a5-e8e67f376564,51,23,1,6,8,1.3333333333333333,116,51,51,15,13,0.8666666666666667
f4021d4c-718c-5bb4-8e8b-d3d4e3a78f56,52,21,10,19,17,0.8947368421052632,64,23,23,25,15,0.6
1bd1b908-1c12-5076-b518-5144f764d12f,104,46,27,10,11,1.1,61,29,19,25,6,0.24
993c52db-b5d2-5745-b13e-fc9e7eac0ee7,89,46,2,5,7,1.4,75,40,10,36,16,0.4444444444444444
28958f55-da2e-5e4f-a534-46451bbd04bc,16,7,0,12,11,0.9166666666666666,20,8,1,6,5,0.8333333333333334
1aeee193-2a31-520b-a0dc-673d59b907ea,34,19,16,24,18,0.75,29,14,10,13,9,0.6923076923076923
22790e68-d6a6-549c-8029-968a615e525b,44,26,13,8,10,1.25,36,27,13,9,5,0.5555555555555556
31f6864c-afe5-5b88-a3f2-cc06843e9ae6,121,73,30,54,22,0.4074074074074074,21,7,5,20,7,0.35
a60fd8a9-60fd-534e-87ca-135dd46ee4b6,42,9,3,34,13,0.38235294117647056,36,13,13,34,8,0.23529411764705882
1863dac1-7bf4-5e2a-babf-a307eec80077,63,30,19,120,22,0.18333333333333332,46,25,14,81,12,0.14814814814814814
2790972b-9c66-59ec-9cdb-21a5f2ec8686,95,51,11,41,36,0.8780487804878049,7,2,1,6,6,1.0
6e54f0b1-509c-5142-a81e-02fe96bf4487,32,19,7,9,12,1.3333333333333333,79,33,24,21,7,0.3333333333333333
04f00bb0-c6b8-5d71-9361-13e15b39101f,21,3,0,14,20,1.4285714285714286,14,1,0,12,19,1.5833333333333333
ccc6b314-e521-5011-9cb9-847d8395f457,66,37,4,5,6,1.2,56,25,12,15,11,0.7333333333333333
6192e886-9083-5dce-bc6f-779f20cc8416,26,13,8,7,12,1.7142857142857142,30,14,8,4,5,1.25
03a1c8d7-e7a3-5673-aee0-5344470d12cf,111,56,18,40,13,0.325,52,19,19,34,14,0.4117647058823529
c49974f8-3384-56ed-bab9-99d236746ce9,26,14,5,9,9,1.0,92,46,26,12,12,1.0
130544de-73e3-5b37-87fd-ecaf3bfa2eb6,160,69,17,12,5,0.4166666666666667,32,13,10,3,2,0.6666666666666666
b15d7ae4-e131-5303-93fb-bc7532d9013d,40,29,9,12,14,1.1666666666666667,57,30,13,13,6,0.46153846153846156
5171d1ad-d080-545d-b15b-90e88f57276d,37,13,1,14,12,0.8571428571428571,32,13,3,5,4,0.8
b430eda9-7b0d-506f-9d45-38c57e56f060,30,11,5,7,4,0.5714285714285714,23,10,3,4,4,1.0
5ae64c30-32c1-5d85-98ca-e586f0af56e0,6,3,1,15,14,0.9333333333333333,9,4,1,10,7,0.7
cd0b97bc-5ec7-5f76-9717-75365c5e0908,4,2,0,5,7,1.4,8,1,0,2,3,1.5
8d6aab62-1493-59a7-bfbc-f6e761f497c9,91,37,7,5,5,1.0,29,9,8,5,5,1.0
c2e37978-39bf-52d9-9b72-ca3f1aeb6ae5,20,10,6,7,14,2.0,30,11,12,2,2,1.0
2d88d3c2-aa9a-5634-8d8e-bb830a975fd4,53,29,12,25,29,1.16,82,31,38,47,10,0.2127659574468085
5c3c855f-03a0-5003-b8d3-d18b80e91c38,37,22,6,1,8,8.0,47,16,16,12,9,0.75
d0c1af2e-20d8-578b-ab03-8d2e498a2d01,19,9,0,57,13,0.22807017543859648,19,9,5,44,11,0.25
f0203dc5-ef11-55ab-b758-de5600e026c5,120,42,20,4,5,1.25,14,3,1,3,3,1.0
a6e9abf8-49ba-5278-94d2-9f26add87202,5,1,0,1,2,2.0,26,11,10,4,4,1.0
14bd707b-57e8-52bf-b964-81ec1e7aac2f,24,15,5,16,15,0.9375,18,14,4,7,6,0.8571428571428571
f8cb7d4c-16e7-525d-b29f-f406da162ea5,132,60,36,47,29,0.6170212765957447,45,21,17,9,6,0.6666666666666666
8956508b-8400-5730-accf-5174a3e40cd0,13,7,0,3,7,2.3333333333333335,9,3,1,3,6,2.0
e72fc59f-1ef0-53b3-adf9-79d037e5db86,16,11,4,6,5,0.8333333333333334,13,3,4,2,2,1.0
2b847ef0-4284-5f59-aa7f-a7be7ea1d200,37,15,17,3,4,1.3333333333333333,36,17,11,1,2,2.0
929bff55-e85a-5e64-a2cd-59609618d801,14,4,2,27,42,1.5555555555555556,88,31,4,32,14,0.4375
f7572090-3458-5c05-be49-1498466f7dac,16,11,2,6,3,0.5,28,12,5,14,6,0.42857142857142855
eb955ac2-e084-5402-b022-a5a483f1172a,29,19,6,25,19,0.76,19,7,7,4,5,1.25
2ab91001-30b7-5faa-9fa9-a9be564a0210,39,24,15,96,19,0.19791666666666666,33,9,7,55,12,0.21818181818181817
1c3ef16b-5db6-5686-aa0a-4f9bd5c0b0c3,17,2,1,6,9,1.5,28,13,6,4,3,0.75
350c3cb5-414c-5eed-8e58-f20bab2be1b6,14,6,0,23,11,0.4782608695652174,41,19,12,43,7,0.16279069767441862
b3c0e9d1-0712-59f8-9d4b-6f53e0593197,44,31,21,8,10,1.25,97,41,39,10,7,0.7
b4e260e0-88ea-5ca0-9fb7-0459d8128261,107,54,17,13,9,0.6923076923076923,57,43,11,15,11,0.7333333333333333
c84a0169-142e-529c-9e76-c1a4b36f4e2f,13,6,4,17,10,0.5882352941176471,21,5,5,13,3,0.23076923076923078
ef64bdf6-5284-50d5-a1c4-8fed1d5ab6a9,15,4,0,10,13,1.3,4,1,1,2,3,1.5
c3c08008-dcf3-5889-a518-ff3c668770da,44,48,7,38,21,0.5526315789473685,15,11,1,7,5,0.7142857142857143
fed1a0a6-72a7-5b2c-8f70-bf72326450fe,44,32,2,15,20,1.3333333333333333,86,37,37,3,7,2.3333333333333335
586c6828-1c08-58b6-9dcd-0dc195aa79a9,27,17,6,62,30,0.4838709677419355,63,20,30,69,4,0.057971014492753624
9d304beb-4259-5ae3-a56c-8d62bfd4fc0a,34,12,8,11,11,1.0,45,22,21,2,2,1.0
80979ea2-cf0e-5d2c-9f58-c0b91b7444fd,70,40,22,12,9,0.75,94,43,21,25,21,0.84
fb35c4cb-3560-5464-af88-33ab23446eb4,28,16,6,10,11,1.1,36,20,8,5,5,1.0
4aa029b3-a2f3-537d-a6e6-fbb790625b48,130,71,19,55,23,0.41818181818181815,66,29,18,25,4,0.16
114ac71c-5133-5782-b1e3-c4f837df69df,48,47,14,43,15,0.3488372093023256,190,84,38,265,21,0.07924528301886792
e209dfac-50f3-5e17-a08e-41cae1cb3392,47,23,6,8,11,1.375,32,11,1,9,3,0.3333333333333333
e6cc80f6-74f3-5251-8015-4dbb9e8e2c2f,43,21,7,25,13,0.52,14,7,2,5,5,1.0
22599b6f-b740-56ef-82ef-b4dba9ab02d3,28,12,0,12,8,0.6666666666666666,24,10,0,25,5,0.2
a79ae900-9843-555a-9cc6-7ba6c222c54b,28,13,1,1,7,7.0,21,12,1,4,6,1.5
b4812999-2325-57e7-88e2-5666cc9c6ffc,27,17,3,7,14,2.0,98,38,39,12,7,0.5833333333333334
51d7f717-a414-5b1c-b825-de57a2588261,68,36,13,18,17,0.9444444444444444,39,13,4,26,10,0.38461538461538464
bfd0e8db-530a-507d-9a53-a3c24ad1d631,3,0,0,1,4,4.0,12,5,3,6,6,1.0
f62429ca-a7e8-50da-b3c0-50d386b2bf83,2,1,0,1,3,3.0,2,0,0,1,2,2.0
419d9520-15c6-5ead-8c13-b3c550aa510b,33,14,6,10,11,1.1,29,16,9,2,3,1.5
ef2f7bfc-4399-5e7a-9df2-f0c556e6cabe,21,15,3,14,19,1.3571428571428572,65,28,19,7,5,0.7142857142857143
0788ec65-89ca-561a-b2c8-91e018c9a176,17,7,1,9,12,1.3333333333333333,60,14,15,2,4,2.0
fe11d3dc-409e-5bfd-9b1c-02943e9c22e1,41,25,4,21,22,1.0476190476190477,38,20,11,6,9,1.5
ee52321c-5ce3-5dee-97c5-3f76072c9950,26,5,4,15,15,1.0,37,12,16,6,6,1.0
075eafcb-51c5-56b9-99ce-581520e76aa4,30,8,1,12,15,1.25,13,6,0,17,8,0.47058823529411764
2ec45937-a0c9-5f56-a3ff-62b6ee01ab00,4,1,0,3,4,1.3333333333333333,5,1,0,3,4,1.3333333333333333
11814e28-8658-545a-b9e1-d9818daf6fa9,24,10,3,10,13,1.3,24,12,6,12,5,0.4166666666666667
12b384bc-fef1-5a0b-bad0-12e836ab9cfb,34,24,6,1,10,10.0,42,20,7,9,5,0.5555555555555556
dacdb551-54d3-5ad4-99bb-df5363e4d7db,15,13,0,9,10,1.1111111111111112,46,12,15,10,5,0.5
5635d329-4a90-5a5b-ba23-53761d9a316c,16,11,6,8,2,0.25,22,5,6,10,2,0.2
11dce336-5df0-523f-9dba-99c7c30f03c4,23,12,3,3,6,2.0,68,26,24,23,8,0.34782608695652173
c6fc953d-108e-5c1c-837b-787641805fea,26,7,4,24,13,0.5416666666666666,2,0,0,2,3,1.5
19f291ba-91a8-5355-8880-dd2a9cb75f44,32,20,8,29,19,0.6551724137931034,33,17,9,21,11,0.5238095238095238
95a674c7-e5c8-5c6b-b7f4-aedd0bc7b547,45,28,13,17,16,0.9411764705882353,33,14,8,38,8,0.21052631578947367
750af393-aef0-5f15-84cb-b781e5469b9d,20,3,2,12,10,0.8333333333333334,5,0,0,1,2,2.0
71437a57-6acd-50fc-829c-b1095d5c6467,45,20,5,11,23,2.090909090909091,72,26,18,4,4,1.0
9058ec43-5e1e-5d82-968b-9cb00c5d644b,7,5,0,3,3,1.0,4,1,1,3,2,0.6666666666666666
6e6563f4-f965-5a21-9960-7726ae45324a,68,38,2,16,9,0.5625,18,8,8,17,3,0.17647058823529413
c8cec76b-c066-5090-9df9-e910221b3bc0,111,49,23,56,43,0.7678571428571429,38,14,10,2,2,1.0
87bd670d-4b77-53e2-b657-2ca75e67e0bd,8,1,2,19,19,1.0,37,13,6,16,9,0.5625
cdbb2c8f-2f2c-53ba-b813-7d8ac2ce5d58,64,26,4,21,12,0.5714285714285714,207,80,52,16,4,0.25
a617c404-cb72-5f49-8548-20e8d3e68061,22,13,1,12,20,1.6666666666666667,40,24,7,20,11,0.55
1bcf1583-f90a-5ab0-95a6-294080766253,37,12,3,15,22,1.4666666666666666,57,36,6,6,5,0.8333333333333334
85e41370-8fd4-5c49-9aaf-89f287664e42,59,25,6,28,23,0.8214285714285714,31,18,6,12,11,0.9166666666666666
36207bfb-029d-5e61-8175-792b77c26f81,12,11,1,36,27,0.75,16,8,8,52,27,0.5192307692307693
3b1c2431-a42a-5149-95aa-b8ee64460e22,8,1,0,16,13,0.8125,4,0,0,4,3,0.75
af20102f-cb38-5e56-b827-9b77a9ba5b2d,103,71,9,23,17,0.7391304347826086,99,55,20,14,7,0.5
3c6f05e4-b9a2-50b2-b1ba-3fca9fcd4e19,36,5,3,13,17,1.3076923076923077,8,3,1,6,7,1.1666666666666667
36d6e5b6-0ea5-572f-9b3e-add19170a659,88,23,9,37,28,0.7567567567567568,111,23,27,94,19,0.20212765957446807
ebc61bc9-28b2-57c4-a906-00f03cdfc50e,118,54,16,57,50,0.8771929824561403,28,16,0,11,7,0.6363636363636364
8b8f3643-1f33-5044-82f6-2bdbaada3c24,94,46,28,5,5,1.0,123,29,19,3,4,1.3333333333333333
e6ebcdab-84f0-503f-b94c-30a64a098afa,60,39,10,36,21,0.5833333333333334,6,2,0,5,4,0.8
bd9a753b-f7c2-5f2d-a983-cbf2a15d2c01,23,10,3,5,6,1.2,11,4,2,5,4,0.8
4d7fd8c6-95c6-5c53-84eb-cae8556c93fe,119,60,29,40,28,0.7,15,6,2,24,8,0.3333333333333333
b3ce2687-d2e2-5109-b30f-29bfdb565481,45,37,0,12,4,0.3333333333333333,50,37,0,12,2,0.16666666666666666
20aff9c6-1a43-590d-95f5-5cbcf0b6a388,27,8,5,13,20,1.5384615384615385,21,9,6,3,7,2.3333333333333335
9829b3f2-f571-55d9-8ec4-1fa1dbf8d509,51,26,8,19,14,0.7368421052631579,44,18,18,22,13,0.5909090909090909
ad923dba-b99d-51b4-91db-51c457dcc370,31,14,12,1,6,6.0,51,21,16,4,4,1.0
150b3df7-f2de-5379-bfbc-30273f7618f7,23,8,8,12,8,0.6666666666666666,39,15,21,14,6,0.42857142857142855
a0cf4dfe-d185-54b5-a1a7-416ea71dafad,63,31,12,19,23,1.2105263157894737,42,27,5,14,14,1.0
3c7de8b2-6840-5fec-b871-93584ef53324,54,25,8,25,12,0.48,15,6,0,7,6,0.8571428571428571
df0ee109-63e4-5ebd-93e8-c7a6eceb5197,19,4,1,6,7,1.1666666666666667,31,8,10,24,11,0.4583333333333333
d09a080e-ac65-52be-819d-28e4c63fb389,16,7,0,9,11,1.2222222222222223,30,15,4,1,2,2.0
33af2aaa-804e-58cd-bb83-2cfce5634b93,43,24,12,14,8,0.5714285714285714,81,28,18,28,5,0.17857142857142858
cb52b24a-22e1-5f3f-9177-4e368c14250b,6,4,0,5,5,1.0,3,0,0,1,2,2.0
2c46f273-4167-559c-8144-33e6009732f6,43,26,12,27,16,0.5925925925925926,30,21,13,5,2,0.4
afa6c7db-d58d-5268-a3b0-69cdb30d1787,111,55,58,76,14,0.18421052631578946,67,28,23,56,9,0.16071428571428573
42df760d-fedb-5cdb-8ef2-476856f4b8a5,19,11,0,5,10,2.0,20,10,0,7,6,0.8571428571428571
691ac865-4c46-544a-9f59-6467b2df4dd0,91,49,12,1,4,4.0,133,83,43,3,3,1.0
37603035-14ba-5fc9-947b-269d8e4b3402,11,5,2,5,4,0.8,10,5,2,3,2,0.6666666666666666
98273f65-40eb-5b2a-9fe0-1bfa1feddce5,21,10,2,7,8,1.1428571428571428,41,11,14,12,6,0.5
ce09405f-b73c-54fc-8982-55654bb210e5,13,7,3,6,9,1.5,9,3,3,5,4,0.8
9d51d67b-762d-5bb5-a89b-f2b4b14fa320,22,5,1,16,17,1.0625,22,11,4,4,3,0.75
ab5b13b0-0a71-54c3-bbf4-c6145aa0bfb7,29,8,9,2,5,2.5,33,13,11,4,5,1.25
1d8bef20-4c0b-5e0b-b0de-39e9b6dc95fc,53,20,14,17,14,0.8235294117647058,37,21,13,2,2,1.0
9e7751c1-a035-56f8-bedd-3566c49cb4e4,9,11,0,5,9,1.8,68,44,0,4,4,1.0
71109bdd-69ab-5737-8c81-35b7d253e326,13,4,0,24,16,0.6666666666666666,9,3,0,17,12,0.7058823529411765
c63e0432-b5f7-54ff-b180-2eef49b18602,47,29,16,55,13,0.23636363636363636,67,27,21,82,17,0.2073170731707317
254a92af-9153-56a0-947b-79c07b3a2d6a,49,26,4,32,18,0.5625,52,20,13,30,9,0.3
d14f424f-e2da-51fc-a67d-8e441c1c04c4,69,19,8,62,8,0.12903225806451613,27,20,8,29,5,0.1724137931034483
b9bbcc78-04e0-50df-b2c2-aa87030be4ad,28,16,4,10,5,0.5,33,15,14,8,5,0.625
ba350347-0450-5447-9d38-fc393291dcfb,23,20,3,9,12,1.3333333333333333,40,14,4,11,7,0.6363636363636364
33eb583f-8efa-5650-8e7e-5b04a0a32fb2,50,34,7,1,2,2.0,43,18,9,9,9,1.0
5ca4bc94-a044-54fe-8163-75859c02babc,22,6,2,12,12,1.0,20,6,0,16,13,0.8125
403d2b33-8ae4-5a44-8cc0-1a6594f8b682,164,72,48,33,19,0.5757575757575758,168,76,57,14,11,0.7857142857142857
e662ae99-be7c-5020-ab24-62f5afd5d08e,36,24,9,51,30,0.5882352941176471,35,24,10,45,27,0.6
edc1fe33-4361-5407-af19-48c8dfc10593,25,17,4,4,7,1.75,25,10,7,5,4,0.8
04c5bf83-7ba8-5d4c-bfcb-ee389e668336,26,18,7,1,5,5.0,15,7,6,1,2,2.0
3a6a2929-9306-5bce-9445-fd64a4a84d74,66,61,1,24,22,0.9166666666666666,124,49,21,19,12,0.631578947368421
ddc717c2-3461-5423-a302-1dc9203b9d23,34,16,2,1,7,7.0,33,14,9,8,9,1.125
13ea55a4-d60b-5f34-9a80-a2834adb9122,26,13,2,7,13,1.8571428571428572,71,39,23,32,16,0.5
e7eb74c3-a10e-5e47-8055-b669df8c910b,34,22,2,3,4,1.3333333333333333,87,40,30,12,10,0.8333333333333334
77cdd95e-f86b-5340-bedd-6181baf98c42,13,5,0,16,21,1.3125,16,7,4,15,3,0.2
ba387b33-165c-5860-9769-67f8f17a8e04,12,7,1,1,5,5.0,28,13,7,7,5,0.7142857142857143
f2481f42-1376-5408-a19a-3919eef685c7,21,9,2,18,17,0.9444444444444444,26,11,8,24,13,0.5416666666666666
c6a13d04-f8b0-545d-8750-a6cbfa66d4f1,29,12,2,15,10,0.6666666666666666,65,22,15,23,9,0.391304347826087
3ae19d99-622d-5357-903f-ef78ff40d834,97,43,10,51,33,0.6470588235294118,25,11,2,6,5,0.8333333333333334
759ab3a2-8527-503c-a362-1eac9d292b97,48,30,10,44,42,0.9545454545454546,46,21,15,9,8,0.8888888888888888
96ac42b9-486e-50ef-a344-56a7dccffdd4,54,25,17,22,18,0.8181818181818182,23,10,10,1,2,2.0
b918b027-f373-56f2-9d2c-75ce3358f618,6,3,1,4,8,2.0,4,1,0,2,3,1.5
a747c5aa-a274-5be2-80e9-e80b0c821e82,49,31,4,2,5,2.5,36,15,4,26,6,0.23076923076923078
57bacd14-6983-5a19-80d0-4cd18c3e9bb8,9,5,1,2,3,1.5,14,6,0,6,4,0.6666666666666666
7b0b98d6-dda1-56eb-a217-0a0b41998fad,18,11,8,1,4,4.0,21,8,7,3,3,1.0
e04e1c44-cdb1-5f82-9bb3-d1c539ce3db4,5,4,0,1,2,2.0,13,5,1,5,4,0.8
c59cf0d7-b0e3-599a-a480-bc4493ef91d3,19,11,1,1,9,9.0,31,12,9,2,3,1.5
af01d427-85ad-54a7-bc79-5d9c09b9c0a6,172,78,41,46,36,0.782608695652174,176,90,46,28,23,0.8214285714285714
540232c9-fedf-57ca-aea9-9a4b4c2f1542,10,5,0,5,5,1.0,21,9,3,1,2,2.0
bcbd6aa6-a098-5889-bb0a-9664a65c4bdb,7,3,1,8,8,1.0,5,2,1,6,7,1.1666666666666667
e20e3985-9e05-53f5-9311-fb534621349f,37,26,4,32,22,0.6875,20,6,1,18,5,0.2777777777777778
31fd7bcb-400d-5b36-b33c-6cb5c2d0fa67,40,14,1,8,12,1.5,35,16,5,6,8,1.3333333333333333
b450657c-f9fb-5bfa-9d97-2a689c521b30,21,10,6,33,12,0.36363636363636365,27,11,10,34,5,0.14705882352941177
070c0d6f-0d72-5ea8-bf6a-c06a042e8e05,52,23,10,10,17,1.7,10,4,2,1,4,4.0
02491ecb-f269-5bb3-8437-e323ce4913c2,3,1,0,6,7,1.1666666666666667,13,5,4,6,4,0.6666666666666666
62b6e279-c59c-5d40-9fff-5ad3b97b4dfc,9,2,1,3,3,1.0,14,6,1,5,4,0.8
d2889c11-b893-5dbc-b5ba-0386d9c9f1fd,48,27,8,10,20,2.0,44,12,17,4,5,1.25
ed6427c7-59e4-5126-9feb-06f38f95f7a6,9,4,2,4,8,2.0,21,7,3,2,2,1.0
11d66911-71b8-5e58-8793-845a30b853f6,59,21,8,5,8,1.6,93,56,41,57,7,0.12280701754385964
72feda01-085f-5baf-8f77-c2bd45f55b1d,9,6,6,9,8,0.8888888888888888,20,9,6,3,2,0.6666666666666666
55b8ecf1-98fa-55cd-91d5-82e64aed1cef,52,30,11,21,16,0.7619047619047619,21,8,3,7,5,0.7142857142857143
19a0748d-4ad0-5462-a1a0-e0d12a040319,6,0,0,8,5,0.625,10,1,0,12,5,0.4166666666666667
e5e14291-5ce3-555d-8bfe-4f597709d932,12,6,0,5,6,1.2,14,7,0,4,4,1.0
480deb3e-25e2-5c82-b31d-42aabe620969,35,19,10,25,6,0.24,12,7,4,12,4,0.3333333333333333
34981a97-6ecb-5d9c-8c0a-441e8d89d4d8,6,2,0,4,7,1.75,25,7,7,13,12,0.9230769230769231
38af1f44-b4a5-5461-8013-fa4b0321ff75,34,12,2,18,18,1.0,82,37,27,80,17,0.2125
8b126f34-1fd4-55c4-9a5b-58ceb7bf7db3,37,18,10,17,16,0.9411764705882353,14,7,0,3,3,1.0
84334dbe-e429-5a58-b1b9-aad6de71abc9,9,3,0,11,6,0.5454545454545454,8,3,0,30,5,0.16666666666666666
885efbee-a771-5db7-ac8e-633b14abdd34,63,24,4,23,15,0.6521739130434783,66,29,16,10,9,0.9
f6e701d4-e50a-5bf4-8b65-f0e6cedeb98d,78,67,6,27,15,0.5555555555555556,28,11,9,17,5,0.29411764705882354
92daf189-2fb1-5578-81fd-3d92bdedc14a,49,28,14,5,6,1.2,33,19,8,4,2,0.5
44448d48-1816-5439-95f8-fd399d92b14d,37,20,7,28,14,0.5,71,26,23,53,9,0.16981132075471697
db92218f-2a88-5dd6-8072-28f60fcba193,96,58,12,64,31,0.484375,16,6,1,6,4,0.6666666666666666
78725416-7487-59ae-a80a-11b7d9f5b17d,2,0,0,1,3,3.0,2,0,0,2,2,1.0
77e88976-0132-509d-87e6-b28661ee06e9,93,61,42,19,13,0.6842105263157895,78,42,36,5,3,0.6
0f905113-3e6d-5563-a4f0-3175eeee9cb5,34,17,3,6,9,1.5,32,19,6,8,6,0.75
ec8eb018-4974-535c-8cc9-13ce963008ea,55,28,15,13,12,0.9230769230769231,100,51,16,5,6,1.2
b71fcd2e-ba82-5588-8711-6dccee113e1e,26,11,7,2,16,8.0,36,11,13,2,3,1.5
51d24969-9a70-5de8-8f19-d88d2818f94b,5,1,0,3,6,2.0,4,1,0,2,3,1.5
2736b02b-adae-5e8a-b584-c3eccb1732c1,43,8,0,35,19,0.5428571428571428,24,15,5,4,3,0.75
477e4f46-9eea-56a0-b284-bf041413d132,74,53,14,21,20,0.9523809523809523,263,86,41,133,24,0.18045112781954886
49737f41-e2bd-52ce-8d64-d97749ec31d2,8,5,3,26,11,0.4230769230769231,21,11,7,32,4,0.125
332060a6-a6d0-5e00-9cf7-b39fc217f186,100,64,14,15,18,1.2,67,39,18,32,16,0.5
12d75d25-337e-5194-8de9-4a36384c911b,46,10,4,27,15,0.5555555555555556,28,7,4,16,12,0.75
2579febe-ac02-543b-ab5b-93ef94fd01f9,32,16,8,4,6,1.5,49,21,15,11,4,0.36363636363636365
f85d0e18-aa6d-57d5-b22d-bb6d15f17340,18,12,0,13,15,1.1538461538461537,65,23,18,85,10,0.11764705882352941
15402011-bf43-57ab-81ec-f24444db1bdc,17,2,1,5,6,1.2,9,4,0,2,3,1.5
13476d2f-5ba4-5e2c-bc92-281c22403344,13,6,0,6,6,1.0,7,5,1,5,4,0.8
8d463b84-445d-5645-9811-cef57295d3fa,101,70,22,38,24,0.631578947368421,18,7,8,5,4,0.8
22d239ab-93da-5c54-bc89-d61f14cfbbd7,46,13,3,24,17,0.7083333333333334,20,8,4,13,7,0.5384615384615384
94b0bbc6-dec6-5bb6-a9b7-71c6565dd1ec,10,3,0,2,6,3.0,29,17,4,8,6,0.75
4ed4bcfa-f8b9-5c09-baf3-fce82ce50938,4,0,0,6,10,1.6666666666666667,8,3,3,5,4,0.8
25e574da-badd-56a8-8c26-bb0b742e85a7,112,56,15,51,15,0.29411764705882354,73,43,21,66,17,0.25757575757575757
121126b4-4545-5299-ad80-581d460a37a7,14,2,1,3,4,1.3333333333333333,28,12,6,4,5,1.25
83a9abf4-aced-5108-9ab0-3edde385f4b3,6,5,0,11,13,1.1818181818181819,22,9,3,8,8,1.0
deb0d50b-8f81-5543-ac7e-b45e54cd6461,44,30,19,34,11,0.3235294117647059,79,38,29,24,4,0.16666666666666666
1082bd51-6ae6-5053-8455-9bb3dcbe0669,36,0,0,52,34,0.6538461538461539,3,0,0,2,5,2.5
0b906ae7-489f-55c6-ba1a-f42bebeb8cf9,4,0,0,8,8,1.0,5,1,0,5,4,0.8
a2e908a9-20cf-5e12-a21a-30764bf167fa,49,26,5,23,14,0.6086956521739131,57,17,13,28,6,0.21428571428571427
f549052a-9fc5-52dc-8504-6532156a9bb0,41,22,1,14,13,0.9285714285714286,97,50,17,8,5,0.625
83d6ce20-35b1-5836-bfce-c759b0236f1e,51,17,2,28,24,0.8571428571428571,51,23,8,19,7,0.3684210526315789
da706e7c-05c1-5c71-86f2-afa103a1e019,64,27,5,35,24,0.6857142857142857,32,9,9,9,5,0.5555555555555556
0841245e-801c-5d95-acea-a4cee18fc322,82,31,13,22,21,0.9545454545454546,58,27,16,32,9,0.28125
83fb36ec-e522-58ca-8430-bb8a65807787,64,47,11,26,18,0.6923076923076923,43,23,13,15,6,0.4
751b4fc1-f31d-570c-a618-a47df74a1089,61,32,6,52,31,0.5961538461538461,119,57,17,71,31,0.43661971830985913
14fce066-aae1-5527-8e6e-95453e8297eb,16,6,2,9,13,1.4444444444444444,37,15,10,15,11,0.7333333333333333
11b127b9-640e-5631-ad2f-3d68645ddb39,26,11,3,8,10,1.25,33,16,8,13,9,0.6923076923076923
9608d18a-6d61-5c55-9c4c-7efd5342b545,31,14,2,18,10,0.5555555555555556,2,0,0,2,3,1.5
771baf7b-029f-5a95-a528-f1c50cc9742c,5,1,0,3,5,1.6666666666666667,2,0,0,3,4,1.3333333333333333
bae4a80c-f918-57e6-96d1-6bc2686d6bdd,23,18,4,11,15,1.3636363636363635,53,31,23,19,14,0.7368421052631579
15da2b5f-bbd8-52ed-8503-ec17235adca3,61,55,19,25,18,0.72,77,36,22,120,18,0.15
4e1a996b-6409-5f34-a634-2c2ab460505c,54,39,1,41,32,0.7804878048780488,61,27,18,26,12,0.46153846153846156
a2242792-7cf1-5504-b5cb-07723d91ae8b,43,16,6,7,10,1.4285714285714286,66,33,9,8,3,0.375
55775cb5-34b1-5f9b-a602-e9cc5116a24c,39,14,2,66,10,0.15151515151515152,29,13,6,30,7,0.23333333333333334
c2ce0366-1ec5-5396-b69d-a4c7877b35ae,99,44,17,23,16,0.6956521739130435,7,2,0,1,2,2.0
19e9fe36-2751-5638-93a9-367d2fcf8eb6,129,87,36,24,15,0.625,44,17,6,5,4,0.8
3c016cd9-04de-5ad0-8e57-617e9bfa0ce7,107,38,37,9,5,0.5555555555555556,88,35,36,3,4,1.3333333333333333
b151469f-cedf-5f68-b544-cf04bf8371b0,145,158,56,38,21,0.5526315789473685,23,13,3,7,6,0.8571428571428571
0f70348d-3ea2-5ab2-a98e-e6125c2cb015,32,19,0,1,3,3.0,24,9,0,5,2,0.4
cb7aba06-fc0c-5470-934c-b040f74b6088,79,37,6,28,19,0.6785714285714286,87,43,16,18,10,0.5555555555555556
59941f32-4b5a-54b0-ab1a-2e10cccff51d,42,22,6,26,18,0.6923076923076923,67,16,12,24,6,0.25
bfdd51b8-bb21-5549-b92c-1e00aabeaa94,44,21,2,15,15,1.0,62,23,11,46,11,0.2391304347826087
599ad920-fad1-51d6-b35e-b05e71818bfb,11,7,0,2,3,1.5,25,15,4,4,4,1.0
5a52ea40-272b-5b87-a8ba-246db05cf848,1,0,0,1,3,3.0,8,3,2,3,3,1.0
04d75ac0-4a4b-596d-bb9e-f870da0eb8d2,79,60,26,19,17,0.8947368421052632,25,12,7,2,3,1.5
3e517a35-e9be-5b30-831b-dd21746ef958,20,10,5,4,9,2.25,36,14,12,7,6,0.8571428571428571
53ed7ca7-7d36-5a1b-8477-70cbdac314f6,27,12,5,2,6,3.0,38,13,15,3,4,1.3333333333333333
95ade813-d70b-5fc8-bbe4-72c751bb61de,7,1,0,10,9,0.9,7,7,0,8,5,0.625
bc7f58d0-15ff-5a6c-94ec-1434849373c3,26,13,7,7,15,2.142857142857143,17,10,4,8,5,0.625
19517b6c-2992-57fa-8544-46b1c24f4246,79,48,12,25,21,0.84,74,27,20,4,3,0.75
659419e1-87d2-5b11-8ef1-d8a4b9debe47,24,9,3,6,9,1.5,48,30,20,3,2,0.6666666666666666
ba39d0a3-cc69-5196-8f26-ee6b7c051140,36,24,9,23,15,0.6521739130434783,31,15,5,10,8,0.8
0b0a9aa2-f7e9-5698-b164-fc3219f6db7b,52,26,4,2,7,3.5,64,24,15,31,14,0.45161290322580644
451e04c8-46bf-5512-9f06-7b5d5e7b1a91,15,4,0,7,10,1.4285714285714286,23,9,6,3,3,1.0
c26388a2-8e46-55eb-9294-0cf12d1140c4,27,10,1,8,12,1.5,13,6,1,9,4,0.4444444444444444
06d63d71-674d-539e-b202-41bdeb9c92c8,37,9,4,26,16,0.6153846153846154,78,41,10,25,17,0.68
ed605034-0be4-5220-810d-73e802f02a77,41,20,7,8,9,1.125,60,32,20,16,7,0.4375
54be38c6-8029-5870-b1d3-21725074ebc3,13,6,0,16,17,1.0625,19,9,1,24,7,0.2916666666666667
4ead6d6f-c589-5709-9eaf-da24d5757ddc,26,9,2,6,8,1.3333333333333333,36,13,10,12,12,1.0
8b5bdc3a-9449-547c-a61c-358fccb88d41,61,34,3,34,24,0.7058823529411765,45,31,7,12,10,0.8333333333333334
163bf276-a418-58ed-8158-8b72950fdded,119,67,4,28,13,0.4642857142857143,43,16,16,9,4,0.4444444444444444
2d7896a8-0f90-553c-86f4-301b01c779f5,2,3,0,3,4,1.3333333333333333,10,0,0,10,4,0.4
b51f543e-38c9-58eb-af18-efa7913e53b1,98,42,44,10,4,0.4,39,15,9,9,9,1.0
e850846a-b509-5cac-ac0a-a1a19ccfbe6d,22,11,3,17,18,1.0588235294117647,62,31,19,2,3,1.5
81b8694f-7e54-548c-b460-304edecc2b1d,25,10,5,10,8,0.8,29,14,10,1,3,3.0
f6bee379-37b1-55c1-a414-910e3a98d9cb,33,15,6,40,17,0.425,23,12,6,20,8,0.4
a1db6502-0277-504d-aa5e-fc925663f487,12,4,3,1,3,3.0,44,19,16,31,7,0.22580645161290322
1b7a9328-cb7f-5513-8dee-3af821fa66d0,37,16,1,22,19,0.8636363636363636,29,18,3,17,11,0.6470588235294118
d19c4bbf-295c-5b59-b0e6-5d795960f1f9,3,1,0,1,2,2.0,9,3,3,4,4,1.0
2a84587a-474d-5a51-96ff-a5cb5ee0b52e,22,9,12,20,8,0.4,19,7,7,9,4,0.4444444444444444
93b47c12-c2b5-5aff-86f8-cf5b004d8ff5,63,29,8,14,10,0.7142857142857143,26,14,0,10,6,0.6
e39b5195-0c44-56b9-b779-f496ed6a8f90,29,12,10,9,12,1.3333333333333333,15,6,8,2,2,1.0
b9df9a69-0ee6-5e51-8134-63a35ac981c2,29,13,8,42,15,0.35714285714285715,8,5,0,8,5,0.625
83065352-fc49-55f6-956c-2f82564df1bc,30,10,0,29,12,0.41379310344827586,26,12,0,30,7,0.23333333333333334
e43c8a3b-8a10-5c23-80ad-3e238d0c08b5,72,38,12,50,25,0.5,33,15,9,25,7,0.28
6c494065-1e2e-5397-b640-dbd0b6b2d432,6,2,0,4,5,1.25,2,0,0,1,2,2.0
09c6790c-3df6-5951-963e-79424577e83d,54,37,6,41,29,0.7073170731707317,41,16,10,17,9,0.5294117647058824
1b5196a9-1002-50ac-b65a-e248ef60a56a,50,23,9,75,27,0.36,37,18,10,50,15,0.3
671bc24a-3111-5bb0-aac7-e94d09431d81,19,11,2,4,6,1.5,39,16,15,3,3,1.0
2c63bd83-9b0f-5e3d-b2da-200d41fa3a9f,20,0,0,22,8,0.36363636363636365,1,0,0,2,3,1.5
cb5536de-be71-5010-86bd-734e044c842e,35,12,5,13,12,0.9230769230769231,70,27,21,2,3,1.5
7187bdc5-2a30-5ae3-b3b1-aecfb3f4dc38,28,14,6,5,17,3.4,38,18,10,4,3,0.75
93ba6d5e-67a8-58a8-90ea-a0e3e22f5a3c,15,9,1,32,9,0.28125,25,11,10,59,6,0.1016949152542373
4f0b4ee5-14fb-500b-a913-291cb1d3d20d,39,16,2,24,23,0.9583333333333334,45,17,8,19,13,0.6842105263157895
a2b414f0-055b-5029-9f17-08672d95802b,21,16,4,22,19,0.8636363636363636,41,20,11,23,10,0.43478260869565216
e7488bba-39f4-5df1-ac06-77cd819536cc,10,6,0,2,3,1.5,14,6,0,2,3,1.5
123bf77e-5585-5ef4-9a46-165d6624f576,20,5,1,9,11,1.2222222222222223,16,5,2,3,3,1.0
c75af119-20c0-527a-8588-f25d765a2fa0,28,11,5,15,14,0.9333333333333333,29,15,11,11,5,0.45454545454545453
3cca9874-53e3-53c2-b609-67ac75f534b3,13,7,2,7,9,1.2857142857142858,66,41,2,10,6,0.6
894f7365-39ca-575c-9a4c-4ed12b8fbd91,105,84,9,53,31,0.5849056603773585,67,32,17,70,21,0.3
2244ac97-ef3c-5284-98a7-22135eae295e,31,9,4,12,12,1.0,17,4,0,4,2,0.5
29444221-40f5-5fea-b410-e195acdc160d,45,21,11,174,20,0.11494252873563218,33,14,14,141,8,0.05673758865248227
b49d9cc8-ac07-5fec-89c1-02530cefd6c8,113,70,32,184,44,0.2391304347826087,129,28,52,14,7,0.5
eccc7305-140c-5fb2-b49d-cda2f577f272,36,11,2,15,14,0.9333333333333333,13,5,0,5,6,1.2
d94804fa-2f70-50d4-95ef-402ee11def62,44,28,11,1,4,4.0,94,33,24,4,2,0.5
a5793150-cb59-5502-bf72-5f2890b71d37,53,26,8,9,14,1.5555555555555556,66,34,13,9,7,0.7777777777777778
f42908ed-b5e8-5ed3-98d7-75de4385943b,2,1,0,3,4,1.3333333333333333,2,0,0,3,2,0.6666666666666666
3af1186e-8dc2-5695-b38a-46ee335552f7,87,55,44,23,17,0.7391304347826086,86,52,41,14,3,0.21428571428571427
a3822ff1-93f4-5ca5-920d-8a433dab5896,51,32,11,48,20,0.4166666666666667,50,19,8,29,14,0.4827586206896552
8e2924c1-f387-5264-99b3-be534ad3ae7c,108,53,10,52,25,0.4807692307692308,9,3,1,9,9,1.0
e83bc1b1-3083-5a17-b96e-b69d0f5523cf,114,51,6,77,38,0.4935064935064935,23,6,8,3,3,1.0
11e0a70c-523a-5810-937a-b8308a0a17ed,44,20,25,18,10,0.5555555555555556,34,14,1,15,7,0.4666666666666667
60775333-a897-59b2-8a73-3d21502c5838,115,72,9,92,48,0.5217391304347826,83,47,5,33,20,0.6060606060606061
843941e8-fc4c-5eb3-9bdb-bc93538324b4,44,20,5,13,11,0.8461538461538461,16,9,6,4,3,0.75
33739d86-2a26-5ec1-bc30-05fd577d1bb7,36,16,8,12,13,1.0833333333333333,66,28,14,32,18,0.5625
2af47d6f-d96d-5b93-b440-a511e1ccffd5,25,14,6,14,9,0.6428571428571429,27,13,3,11,7,0.6363636363636364
a476292c-9504-5957-84e1-8334c53a211e,24,13,6,13,9,0.6923076923076923,12,2,1,6,4,0.6666666666666666
18168733-06ac-5285-88a8-2837f9f6d96f,27,16,6,17,9,0.5294117647058824,11,6,1,13,5,0.38461538461538464
60e97ffa-a6de-53bd-9973-07ae9b26eb1d,19,6,3,15,10,0.6666666666666666,29,10,10,13,5,0.38461538461538464
b9118bc5-e434-5062-be02-b800420f492c,85,38,23,63,30,0.47619047619047616,61,22,17,59,16,0.2711864406779661
c97139ad-f923-560a-b18d-86d398ff4a49,3,1,0,7,8,1.1428571428571428,2,0,0,4,4,1.0
d0640974-f5a2-5e02-989e-e6be1c86184d,26,24,0,7,8,1.1428571428571428,85,36,21,13,7,0.5384615384615384
da17b2ca-7ff9-5650-b7dd-517aeb8fc84c,4,1,0,3,9,3.0,4,1,0,3,2,0.6666666666666666
10650c37-e536-5810-962a-05fa1a5587a8,16,8,1,6,11,1.8333333333333333,57,25,21,7,5,0.7142857142857143
5dffb97b-78a5-53f7-a8a9-df4419c474cb,6,3,1,5,6,1.2,7,3,1,4,5,1.25
32d5762e-0df0-5ad9-98df-964326d3ff0c,14,7,7,18,7,0.3888888888888889,22,1,2,11,4,0.36363636363636365
3f5b1fb7-aa76-5904-9df2-b77d843efa71,79,30,25,21,19,0.9047619047619048,101,40,37,6,6,1.0
2349ac1c-300c-5c13-990d-2ac7b17d29b4,43,19,18,6,8,1.3333333333333333,73,38,26,39,17,0.4358974358974359
1565703f-1366-5b92-a1b1-4b48e5be7a8a,12,6,2,20,10,0.5,5,2,0,13,7,0.5384615384615384
cd8c746f-11ee-5edb-bcc7-2432dc350a34,19,16,0,5,8,1.6,49,12,11,1,2,2.0
6e147c70-bbad-585b-844f-0b9ca1ddadc5,16,5,3,4,4,1.0,19,9,7,7,3,0.42857142857142855
52f16799-a7aa-5d03-84bb-fd4932e4508b,52,17,3,15,12,0.8,44,21,10,13,10,0.7692307692307693
7b4e92f2-e55d-5922-b8c4-8b55b569ce06,48,23,10,6,7,1.1666666666666667,39,23,5,11,7,0.6363636363636364
b7f41f9e-d676-5de9-8d0d-1855c18afde9,4,1,0,2,3,1.5,5,2,1,2,3,1.5
da514e4c-d375-5cc5-b5e3-f6409bcd6619,17,9,2,2,8,4.0,39,18,12,17,11,0.6470588235294118
dc9cb78f-fd03-5778-aaca-132218b533d2,34,19,15,11,9,0.8181818181818182,15,9,5,26,7,0.2692307692307692
3719e144-df13-5f3e-bbb4-7abab9406cb6,22,15,6,21,16,0.7619047619047619,48,17,15,22,5,0.22727272727272727
5aa70a6a-9937-5a70-b238-b6bfd37bd8b2,51,28,15,18,18,1.0,105,53,31,14,10,0.7142857142857143
3b516e7e-a69d-5716-b674-eb9c3fefe447,3,0,0,1,3,3.0,2,0,0,1,2,2.0
16791a9d-1aca-5258-af69-b8d97b9bbb4c,38,16,7,19,13,0.6842105263157895,16,7,3,2,3,1.5
d5b0a5dc-26ed-5c76-8e7f-e2d2c116cf75,69,60,8,59,30,0.5084745762711864,153,69,28,31,13,0.41935483870967744
5252d17a-4b5b-5a8e-8ca9-0b636ee7a894,49,18,15,2,2,1.0,54,18,13,8,6,0.75
bfc71e7a-7d00-56c1-9f8a-f910bab7c159,34,17,5,6,12,2.0,46,21,14,15,13,0.8666666666666667
9b98a189-7e9b-52d8-a1ca-d09fe055f97a,82,47,3,47,37,0.7872340425531915,12,4,1,12,6,0.5
dc4ec2f7-d2bd-5971-a718-52df0de51056,29,23,0,61,22,0.36065573770491804,44,15,7,19,7,0.3684210526315789
0bd33b17-db20-5c09-bbf2-b8fb2711e76c,74,30,22,37,20,0.5405405405405406,16,6,6,6,4,0.6666666666666666
ab87c22d-989c-5f18-a2a8-3aef56040a8b,21,19,0,16,13,0.8125,38,14,9,35,12,0.34285714285714286
ab6f39d6-c009-58d6-be6f-0ad7f1035415,19,10,5,13,13,1.0,39,20,13,9,4,0.4444444444444444
c85dc2aa-bbdd-5c41-b5a6-7e5ae85fc1e1,19,9,7,32,4,0.125,19,10,7,34,4,0.11764705882352941
f404a8e6-2e64-5381-ad88-1b0282705360,64,34,6,23,15,0.6521739130434783,105,55,35,25,6,0.24
f9c16136-d167-5494-bd98-5139ba5c7673,38,17,5,18,19,1.0555555555555556,13,9,8,9,13,1.4444444444444444
3b301d3b-fba3-5c8b-9f9b-369bf6600a25,27,11,6,9,12,1.3333333333333333,118,50,20,15,9,0.6
cc0abb49-9edf-54e7-82d7-46ad37859cfc,3,0,0,4,4,1.0,3,0,0,3,3,1.0
f03967ce-7b12-57d9-99c7-cd0434d59863,11,3,0,2,4,2.0,41,13,14,13,5,0.38461538461538464
8a7b7be2-74a1-526d-a11a-04a32a12ad4d,34,14,6,18,23,1.2777777777777777,56,28,1,22,11,0.5
784704ad-a154-5b3a-b543-3c56c66a95e5,32,12,2,7,4,0.5714285714285714,17,9,6,4,3,0.75
e5a470d2-171e-5728-931a-fd345f824476,16,14,2,15,11,0.7333333333333333,4,1,0,6,7,1.1666666666666667
7dd99596-e82e-5ebc-9606-1a8168c3e0fd,5,2,1,10,13,1.3,8,2,2,10,7,0.7
f5e1cdc2-b369-5684-8336-150ce04b4653,63,25,7,27,22,0.8148148148148148,96,29,38,14,10,0.7142857142857143
665b9998-5521-596a-8b41-d250c8159c87,65,35,1,32,31,0.96875,37,14,0,10,5,0.5
64bde4b6-1e6e-58be-9e02-68235d704111,43,26,10,14,10,0.7142857142857143,32,12,6,3,4,1.3333333333333333
e6a3d274-b331-571e-8ee3-ecc4383d5c30,21,10,0,4,6,1.5,51,28,11,17,4,0.23529411764705882
cce77b30-082e-5baa-8532-03052732f388,35,10,2,2,6,3.0,32,22,14,14,6,0.42857142857142855
333398d6-6078-577d-a450-98805966748e,51,31,16,23,16,0.6956521739130435,17,7,1,10,7,0.7
690438fd-22ad-56cc-a21b-91961fc1e714,25,10,3,2,4,2.0,17,10,0,7,6,0.8571428571428571
2d283418-efbf-5ebb-a989-310c1a6f6386,7,5,0,1,5,5.0,9,5,0,1,5,5.0
4b332858-3fe3-504c-9ba4-4cd3ff3e84b0,16,8,4,9,7,0.7777777777777778,11,4,1,5,4,0.8
fb69cacb-450f-5c0a-920e-f52ab3eaa10b,13,7,3,14,13,0.9285714285714286,19,7,4,16,13,0.8125
539478a6-3e3a-5a49-b534-461ca77de90b,21,9,7,3,7,2.3333333333333335,27,10,9,4,7,1.75
3c635c38-f0df-5873-80f3-d95c03c008fe,6,3,0,8,7,0.875,9,3,1,8,8,1.0
c4fe0db7-72ba-51e1-ad75-9cc860a3d178,20,11,7,2,5,2.5,69,22,22,36,9,0.25
10d34b44-3ded-5e5a-9821-c99fef2f233d,25,30,1,24,19,0.7916666666666666,31,13,7,9,5,0.5555555555555556
0e31e6cf-a00d-55b3-a1ea-e9ad1e67263b,25,14,2,4,5,1.25,5,1,0,3,3,1.0
28dc9b96-05c1-5f47-8b17-263e1612f5da,62,28,16,15,18,1.2,65,30,26,14,13,0.9285714285714286
8793031c-3b32-57ef-affd-4a790849abbb,90,45,20,30,9,0.3,85,41,15,37,9,0.24324324324324326
c7edfa59-d3e5-5d96-bef8-a31a95fa0b06,5,2,0,2,3,1.5,6,2,0,2,3,1.5
1cdb63d0-d28c-548f-ae9d-fd5e4d473639,15,12,1,23,23,1.0,20,9,5,15,10,0.6666666666666666
9bcbf30e-e4b3-5487-ae32-4989ff9a1701,33,8,1,19,18,0.9473684210526315,18,6,2,17,7,0.4117647058823529
6a6f5102-3af0-51d0-ae46-32dc162e7cc1,24,17,2,15,16,1.0666666666666667,31,12,6,14,11,0.7857142857142857
62c57e3d-31b2-5a43-b3f8-dc50e902f846,18,9,1,9,9,1.0,22,10,3,8,7,0.875
06c31283-ec79-58bc-bda0-8b0e4c1a1ccd,9,0,0,5,5,1.0,13,1,0,4,4,1.0
2cc3b9bb-6083-546a-80e7-5d4cb9b6c734,14,5,0,23,32,1.391304347826087,29,8,0,16,22,1.375
de65a5fd-5013-5229-aeff-423b1d7803e0,35,21,6,3,5,1.6666666666666667,34,19,11,2,4,2.0
c394f877-b60b-5520-91fd-43768d460fcf,23,5,2,5,13,2.6,26,12,6,3,4,1.3333333333333333
d60302a3-ef47-53ef-bb01-8a0914c0ba69,38,22,4,13,12,0.9230769230769231,47,25,14,25,8,0.32
f3bd68db-0494-5991-93bb-680e20ceea4d,23,14,8,5,9,1.8,40,17,14,6,8,1.3333333333333333
369d2c1d-748a-5e6f-951b-b1d86f7d58d8,42,28,12,8,6,0.75,47,21,16,6,3,0.5
3b1e549b-b33d-5e4a-a1a6-6ad80d027094,36,21,10,9,17,1.8888888888888888,36,15,10,16,4,0.25
30929670-59e0-5d04-9b11-65554d163300,11,5,1,10,21,2.1,12,5,1,5,5,1.0
3f68a756-382d-5a5b-9f42-ef157ec961fa,35,18,4,34,9,0.2647058823529412,52,23,17,6,3,0.5
0a5fb768-9080-5a0a-a7bd-2248ebf9e23a,100,59,8,10,16,1.6,46,22,9,8,10,1.25
4a8632ea-4804-55e0-9f8a-78ba4aecdcd4,60,32,15,14,13,0.9285714285714286,38,22,0,32,7,0.21875
6e7855e2-5d2f-56e8-be5e-36806cdc4163,30,12,3,12,18,1.5,35,15,11,5,4,0.8
931e08d8-c317-5837-99fc-7878404c81a9,7,4,3,9,6,0.6666666666666666,17,7,6,12,4,0.3333333333333333
a49bd290-9cab-599b-b402-52b503b3f781,32,14,3,19,15,0.7894736842105263,86,48,11,59,11,0.1864406779661017
47d24c12-98c5-50d5-8d6b-dd15ad581c50,21,6,1,18,12,0.6666666666666666,15,6,1,13,6,0.46153846153846156
1de68176-68a2-5d1c-ad2d-5eba3f0ba0bd,13,6,3,5,6,1.2,10,0,0,10,4,0.4
5498eb8e-0959-5bf2-9f76-17a5c6597150,2,0,0,1,2,2.0,2,0,0,1,2,2.0
7ba8821f-1628-5718-8b99-fec8459f201c,37,23,9,21,20,0.9523809523809523,5,2,0,1,2,2.0
cc52901e-c0ca-578a-8c01-8ed391b4bae6,191,60,9,111,32,0.2882882882882883,24,15,10,7,4,0.5714285714285714
f8ca8b1c-c2ec-5e51-8d1f-c17ad4955fbb,53,46,8,43,26,0.6046511627906976,41,22,8,28,12,0.42857142857142855
09fe542e-9fcb-5911-9011-88c8ea32efba,65,27,18,15,14,0.9333333333333333,90,38,25,26,12,0.46153846153846156
cc42ba16-b533-5044-8dd4-178e6ec029c1,13,5,0,26,19,0.7307692307692307,28,14,7,27,9,0.3333333333333333
17725d76-f0a4-5dc1-86a6-1fdd0cf94ef9,111,56,26,88,35,0.3977272727272727,7,1,1,8,5,0.625
99b89cb7-b3e7-5e6b-96d1-f066cb31c5c0,20,13,4,14,13,0.9285714285714286,15,6,2,5,4,0.8
66b87803-405e-5c53-9294-e611ceab4ea4,54,30,12,8,8,1.0,63,25,5,37,13,0.35135135135135137
4b52f8b1-09ef-58ab-991e-e26c398d1736,61,25,10,22,17,0.7727272727272727,50,23,15,7,4,0.5714285714285714
fbf8be88-827c-556f-aa89-7b577e37e799,94,60,15,63,39,0.6190476190476191,33,11,7,18,9,0.5
8ac1dd26-94ba-5634-97b7-ed2963dacac4,3,0,0,10,3,0.3,3,0,0,10,2,0.2
f6f6a22a-d51c-59a5-a298-416488229f83,63,36,10,7,6,0.8571428571428571,58,23,9,13,4,0.3076923076923077
aad72a11-afc6-5fc3-8d34-96afe59b728b,43,21,4,12,13,1.0833333333333333,79,30,13,38,9,0.23684210526315788
8451da5f-41b6-5703-b16d-2a3f57a3a36a,2,0,0,1,2,2.0,2,0,0,1,2,2.0
472153da-16bb-5a6b-b5d8-c1266d562b3a,42,18,6,18,15,0.8333333333333334,28,14,5,3,3,1.0
250f12a2-1ac5-5bde-88f4-c266228d6e38,67,40,6,29,21,0.7241379310344828,104,44,30,82,13,0.15853658536585366
de450765-0077-58f7-bd31-ae85c91ffc28,8,6,2,5,8,1.6,26,18,5,7,8,1.1428571428571428
e04a9da9-4674-5625-8083-b7649c46bbc4,31,17,3,11,10,0.9090909090909091,41,20,10,16,9,0.5625
50792340-404d-5875-869e-10d2ba3afa67,75,39,8,5,5,1.0,139,71,32,29,16,0.5517241379310345
c81c873a-ee91-50f1-b6a4-c2b0e5faaef6,41,16,1,18,18,1.0,21,10,0,6,5,0.8333333333333334
0c27c9ce-1dae-5517-8b7a-f7d35eb83184,6,2,0,13,17,1.3076923076923077,5,2,0,10,9,0.9
c6d53734-58b2-54e6-886d-2797457dfb81,8,2,2,5,7,1.4,12,3,2,2,3,1.5
13027763-160e-5d06-86d5-d59f00174ba2,97,48,27,63,31,0.49206349206349204,47,22,11,30,5,0.16666666666666666
99ea5bb6-c6a7-5f34-b810-6ee8211251f1,38,21,6,13,15,1.1538461538461537,42,19,10,5,4,0.8
268e3447-5628-5e63-8cdd-a39869373b54,13,7,0,3,5,1.6666666666666667,22,11,4,10,7,0.7
4fec34ed-2289-5911-8109-e0e9d8f93515,58,19,1,14,12,0.8571428571428571,57,27,15,3,3,1.0
27dfdba3-2fae-5bc9-a556-3aaa16237858,56,31,7,14,10,0.7142857142857143,75,37,17,15,7,0.4666666666666667
e056ae60-6a50-5ba3-90be-3554850a8f6d,15,5,4,12,11,0.9166666666666666,5,1,0,2,3,1.5
acf0ea64-4949-5d56-9aa9-6137247b48eb,22,11,2,12,12,1.0,34,15,10,6,6,1.0
7b88bf15-8d37-513f-aa03-3986cb49e2b7,48,33,12,18,16,0.8888888888888888,54,26,19,4,4,1.0
ca2ed0ca-51b6-5739-bd67-1dccdba1944c,56,31,3,12,17,1.4166666666666667,78,40,22,6,6,1.0
d19c4998-2415-5656-9e7d-add8680efb33,34,11,2,21,5,0.23809523809523808,51,16,13,66,6,0.09090909090909091
4c7ab903-d067-5c2d-9deb-217c9f69bcaa,33,19,5,9,11,1.2222222222222223,29,10,7,8,8,1.0
67c890a5-bb06-5772-9b96-c7a0180bdf0c,30,21,19,41,17,0.4146341463414634,39,23,23,42,16,0.38095238095238093
bb608080-dd6f-5eb9-b9db-fed5a738625d,11,3,0,6,8,1.3333333333333333,14,5,0,9,4,0.4444444444444444
1d6ed093-b983-525b-b4f3-7ea9d48d1eb5,12,7,2,12,13,1.0833333333333333,4,1,0,1,2,2.0
a732a901-52db-5c50-ab16-a6c00fa40ed7,38,25,7,16,12,0.75,70,26,23,13,10,0.7692307692307693
b5f029c9-b543-5c42-b6c8-4df73522f163,46,25,6,25,21,0.84,66,36,10,14,8,0.5714285714285714
9aafd3b4-560b-59dd-b7a1-e484db180a1c,7,4,0,1,3,3.0,20,9,5,3,3,1.0
007c64c7-fa77-5f6d-aa7b-e1f2ca56d174,33,11,17,6,4,0.6666666666666666,11,0,0,12,4,0.3333333333333333
64aa7d91-062c-5a96-9102-6f1c30ac8bee,28,14,6,13,7,0.5384615384615384,46,22,12,14,9,0.6428571428571429
e32dc9a2-dede-5c26-ba6a-321ca0169e25,22,9,0,16,16,1.0,39,22,12,14,12,0.8571428571428571
28c94c33-a016-5f64-8ebb-a9a61a6ffa95,12,4,1,27,15,0.5555555555555556,12,5,2,19,7,0.3684210526315789
7ae312c7-ad06-50bf-8e73-fecab5440cf4,47,25,9,62,31,0.5,48,18,14,13,7,0.5384615384615384
f8e24a30-a8f3-5039-9f0b-29991d1f9241,32,11,4,21,19,0.9047619047619048,23,11,2,9,5,0.5555555555555556
5c0a77f0-0657-5d16-8c9d-bc7aec0962f0,26,8,5,5,8,1.6,30,11,6,2,4,2.0
fb81c638-f391-52c7-8254-35b2b7c19626,25,16,7,14,14,1.0,45,27,15,37,13,0.35135135135135137
b788f531-37c2-5b2b-8341-2d40cb52778f,42,23,2,30,18,0.6,92,42,28,90,18,0.2
389d9331-e12b-57d8-bbea-efc41460e6de,15,8,2,8,10,1.25,15,7,6,4,4,1.0
7536351c-8c86-5805-8a9d-4ec4a5dfcedb,39,13,2,34,18,0.5294117647058824,38,19,1,28,7,0.25
f441e309-bb55-5cd3-903c-62c834d02fdb,122,68,25,58,44,0.7586206896551724,53,29,15,17,8,0.47058823529411764
f03693d7-e546-5617-a580-23d59d85bb1b,15,9,0,4,5,1.25,57,23,13,34,10,0.29411764705882354
33b83cd5-e12e-5e98-a42d-a7b64d5872be,53,26,23,4,5,1.25,56,30,19,5,5,1.0
d3c86379-7854-5978-895e-0514a8f4d74b,37,14,2,15,11,0.7333333333333333,18,4,0,17,6,0.35294117647058826
b35100f5-12c4-597c-aaf9-28f29d77af44,32,12,3,9,12,1.3333333333333333,37,15,16,6,7,1.1666666666666667
12bcdb4e-2695-54f0-998e-4d65e38b47e0,30,7,6,14,12,0.8571428571428571,31,14,12,2,3,1.5
9d3572bb-2ac2-55b2-95d2-91c54e9ae2f1,4,2,0,1,11,11.0,10,4,2,1,3,3.0
ec81e530-abc7-5bc5-9576-18e3ed899114,22,10,0,43,20,0.46511627906976744,7,2,1,9,4,0.4444444444444444
f54301fd-29ae-5cfe-91c6-127ce4d1bd20,19,9,0,4,7,1.75,51,21,17,6,7,1.1666666666666667
a243cec8-ac2d-554d-9d15-3e0f0fc879ec,46,16,2,21,17,0.8095238095238095,39,21,5,14,11,0.7857142857142857
ecd95c6f-8961-599d-942f-db018ac1805a,23,14,11,4,6,1.5,85,40,22,6,5,0.8333333333333334
31f08342-06b0-5ae4-9315-d25cca120e91,6,2,0,7,9,1.2857142857142858,5,1,0,6,2,0.3333333333333333
44904cd0-bf6e-53c7-9fc1-5fb082f01013,29,19,8,1,3,3.0,21,10,6,2,3,1.5
386498e5-7f79-51e3-a482-3d011a6f6436,61,36,21,34,6,0.17647058823529413,62,27,23,26,5,0.19230769230769232
81596b10-328f-5244-aa07-4622cfa2e2ce,33,22,2,18,18,1.0,9,5,0,5,5,1.0
ed4ea8c0-eac8-50b6-9179-a237cfcf8715,31,18,9,1,6,6.0,31,11,10,18,8,0.4444444444444444
773317d0-aca7-54d8-86dc-f0c08d7d5c05,8,3,2,4,6,1.5,16,7,3,2,2,1.0
88c15796-5d86-5230-8319-d5b9e083baa8,11,9,1,2,6,3.0,30,9,6,9,7,0.7777777777777778
33626920-ea45-51ea-95ae-10e9f5c4a6af,55,18,4,37,22,0.5945945945945946,2,0,0,2,3,1.5
9db0a755-3319-56ae-ba1b-ed60bf401c52,66,33,1,22,20,0.9090909090909091,45,19,18,4,4,1.0
234131ae-ee8e-5e2c-869f-bdf34ddad8f4,29,18,3,15,12,0.8,31,12,12,12,8,0.6666666666666666
05e87a03-b7db-57dd-9233-9284c35f7feb,32,16,1,2,7,3.5,49,18,10,4,7,1.75
a8dc3b47-772e-59db-90b9-5640a6be0ced,25,20,3,17,15,0.8823529411764706,60,38,20,65,15,0.23076923076923078
a38fd99e-3e71-5ae4-b60d-606d83b56d18,14,1,0,5,9,1.8,36,15,15,31,5,0.16129032258064516
23b36b28-7d94-5735-92a1-035d12722e77,4,1,0,3,4,1.3333333333333333,10,1,1,2,3,1.5
76a1697c-2074-53b0-a564-f62839061581,12,1,0,13,11,0.8461538461538461,11,1,0,10,8,0.8
35d37fcc-a9dc-5b8c-997e-d7fbc3e81ba6,88,71,11,72,37,0.5138888888888888,19,9,0,9,5,0.5555555555555556
fa69a0f4-0c3f-50c9-8726-006a979e6a45,24,8,6,9,3,0.3333333333333333,30,15,13,7,4,0.5714285714285714
c3e36722-1dc2-56de-a538-0c89a033c626,21,10,2,10,12,1.2,15,5,1,3,3,1.0
006b5904-fa12-51d3-9554-96db63601486,16,4,2,17,15,0.8823529411764706,8,2,2,5,3,0.6
38240e48-779f-5d1c-b0d7-b7bee5098700,21,10,0,8,8,1.0,29,15,7,2,2,1.0
064daf4b-f9f1-5360-8a32-3aef7f0e6a30,7,2,1,3,3,1.0,8,2,2,5,3,0.6
8a465ac4-75c8-586a-92bc-a0bd3fbc8e7b,7,2,0,11,18,1.6363636363636365,14,2,5,18,15,0.8333333333333334
8b7b4721-108f-5947-ade5-1b581a29ed4f,52,27,18,16,17,1.0625,64,36,16,74,12,0.16216216216216217
385b5403-3748-5b53-9651-86f74d028303,12,4,5,4,11,2.75,15,6,7,7,8,1.1428571428571428
12673f39-4e96-5d2f-a618-c720bcedbcdf,57,30,13,2,10,5.0,61,23,21,1,2,2.0
9b743b7d-cb77-57d8-b653-c6fd09208db0,51,24,4,31,13,0.41935483870967744,26,12,1,3,3,1.0
84aec0d7-43b7-5fdb-8971-7e676133881e,113,64,29,13,16,1.2307692307692308,72,33,19,58,11,0.1896551724137931
98bd6c9e-5e7e-5984-a6d4-a533b676b271,12,7,0,7,7,1.0,64,30,18,45,14,0.3111111111111111
77383006-c4ad-5088-884d-ecbcc9880c7b,189,121,70,204,29,0.14215686274509803,183,117,68,193,28,0.14507772020725387
745791df-6e04-5a4b-9316-c28ebe59440c,132,84,8,109,46,0.42201834862385323,32,7,13,22,15,0.6818181818181818
8427f2ea-2d5b-5921-b45f-bf9ca751c045,3,1,0,2,5,2.5,9,4,2,2,3,1.5
13a7fc5c-5700-5fc2-874f-f1e207c328a1,26,13,1,12,13,1.0833333333333333,32,18,8,13,12,0.9230769230769231
68455911-ca48-5fb8-bdd0-130921e9d559,52,23,6,10,17,1.7,30,12,4,9,10,1.1111111111111112
811f5179-11ae-5fe3-ae63-0d75744785e9,15,12,4,4,5,1.25,29,11,5,6,4,0.6666666666666666
fddef328-c882-50bb-a9a1-98aecde085d7,19,10,2,6,7,1.1666666666666667,51,19,14,13,8,0.6153846153846154
e2a44d8e-d20c-5769-a645-f74869c3f0b5,22,10,0,1,3,3.0,17,7,0,5,4,0.8
273e3ff4-3d9f-5718-b73d-4ed64eb7df95,9,3,0,1,2,2.0,35,11,13,8,3,0.375
7e1ab063-c7da-5306-8bca-62919c263a05,26,11,6,11,14,1.2727272727272727,16,3,1,2,2,1.0
55640786-a6b6-5e96-82ff-529816289754,86,50,2,10,11,1.1,100,36,41,13,6,0.46153846153846156
8ed7f1fe-90d9-5726-972e-6e4e0b328f19,15,8,3,9,11,1.2222222222222223,55,31,24,49,10,0.20408163265306123
8e8abc64-1faf-524f-ada1-023dc59acc82,55,24,0,16,7,0.4375,41,17,11,6,6,1.0
4611e5a2-6355-5bbe-88ca-33e1e9fc3bab,72,40,20,8,11,1.375,41,11,10,6,6,1.0
30869115-24ff-589a-b517-2afd1bf88698,30,12,0,27,15,0.5555555555555556,13,6,0,8,4,0.5
7146d743-a72f-5276-9fa7-6627222a3447,9,1,1,3,3,1.0,9,2,1,3,3,1.0
9baa660d-9133-599a-a55a-ff389b708b40,23,15,1,15,17,1.1333333333333333,20,10,1,13,11,0.8461538461538461
9ad2b87c-f4cc-518f-b728-4ae57739d7ac,148,86,24,88,24,0.2727272727272727,14,6,6,12,3,0.25
f2598319-af70-53b2-984b-845adfe2ae14,3,0,0,15,7,0.4666666666666667,4,0,0,15,4,0.26666666666666666
8adde65e-278b-5a77-b54e-3ff4f3c17b9b,34,15,3,13,11,0.8461538461538461,13,5,1,3,3,1.0
e808ab7c-919f-557f-bdc4-36bdd85c6d80,43,25,12,9,10,1.1111111111111112,11,5,1,2,3,1.5
d91e2dc7-81d7-5e7a-87ba-8bae6f05b473,224,109,32,114,49,0.4298245614035088,187,88,26,41,28,0.6829268292682927
7f850b66-511d-5960-b525-f54fa2c0dc56,36,10,3,23,22,0.9565217391304348,45,19,11,23,8,0.34782608695652173
1f303f65-67fb-5cb4-b9cc-1d33e57b9903,68,35,10,7,9,1.2857142857142858,86,40,21,21,18,0.8571428571428571
3be40421-1699-52d3-a49c-841fa791d267,67,27,4,38,29,0.7631578947368421,8,3,1,9,6,0.6666666666666666
10a79973-923d-56f1-8c6f-fee00661f644,4,0,0,1,4,4.0,11,3,0,7,3,0.42857142857142855
64e59ca1-824f-5b47-aede-ffe3549a5bea,40,19,6,13,7,0.5384615384615384,51,18,10,20,8,0.4
6c2f39cc-3ebc-566f-9c53-671583befcee,41,26,1,26,28,1.0769230769230769,66,32,22,71,10,0.14084507042253522
140b97a1-0c9a-5209-81cf-8327625edcde,33,17,7,11,10,0.9090909090909091,36,12,9,43,10,0.23255813953488372
c9b221ee-212f-58d0-a1b1-764bc02ef89b,9,7,0,10,10,1.0,9,6,2,9,4,0.4444444444444444
22979a0e-b058-54f9-bf80-1c13a30c61ec,57,23,2,11,11,1.0,79,39,20,6,5,0.8333333333333334
bb42b2d7-369d-5cf1-b20e-97daac762be1,7,4,2,3,8,2.6666666666666665,47,17,14,25,10,0.4
18345a84-9e67-5c0a-8ee6-b52be27eaa24,118,56,23,51,17,0.3333333333333333,73,33,20,104,20,0.19230769230769232
acafa5f0-9083-5b9f-a068-3258e2917829,50,17,1,22,16,0.7272727272727273,28,10,7,3,3,1.0
9e84bff3-411f-50f4-a180-16fb2481e00f,31,15,5,14,12,0.8571428571428571,36,23,11,37,9,0.24324324324324326
5993609f-0f8f-596f-99b2-d805c3f99631,26,13,6,12,5,0.4166666666666667,48,23,20,29,4,0.13793103448275862
a8ddbaf5-afe4-53f0-ac54-3aca7d8d8f77,60,29,10,32,12,0.375,41,24,5,23,9,0.391304347826087
99e5d76f-c7c3-5460-b56b-34c10546805e,38,21,3,23,19,0.8260869565217391,40,21,3,26,13,0.5
10df5193-d90d-5c32-a3e0-d558b1f030e0,44,24,7,19,11,0.5789473684210527,41,17,6,57,14,0.24561403508771928
c5526f61-f724-51aa-b1de-92163949b1db,45,13,8,10,12,1.2,8,3,0,4,3,0.75
2ccda707-dc2f-55e0-a755-904264df86d1,9,6,2,1,4,4.0,2,0,0,2,3,1.5
84099beb-7aae-500d-859a-51485127417e,30,13,2,10,13,1.3,64,19,20,37,12,0.32432432432432434
9eff243f-f227-5e9d-8dae-1c776fb00471,25,4,0,25,8,0.32,32,8,8,99,5,0.050505050505050504
965e479d-7ae5-52d9-9c66-c020b044aab7,56,21,12,5,8,1.6,37,10,11,4,5,1.25
1993a2c7-5d65-5a5a-94c0-71c5371f37ed,42,22,15,6,9,1.5,33,13,10,2,2,1.0
b96a8c2f-3f60-57ab-b129-c19a1f43dd21,66,35,11,26,22,0.8461538461538461,36,12,3,24,8,0.3333333333333333
2bca8b37-87df-55f7-8b02-74dc41c390af,4,1,0,7,11,1.5714285714285714,5,1,0,7,6,0.8571428571428571
f85a44af-a8f5-5231-adc3-55fdea169754,40,23,5,16,17,1.0625,76,42,18,44,10,0.22727272727272727
8c6b1d6b-0ee9-53c4-9448-da3d966c2003,41,23,7,3,8,2.6666666666666665,53,27,14,54,8,0.14814814814814814
f508c4f1-b66e-5c40-82c4-ac9cdc8f369b,24,17,1,7,8,1.1428571428571428,39,24,2,12,8,0.6666666666666666
947e9275-b58e-5e3c-a70c-9252d0969b25,51,27,13,1,3,3.0,57,22,15,2,2,1.0
d7695681-9d0a-553a-a395-3d6bbcd97fc4,48,36,3,21,21,1.0,33,22,4,14,11,0.7857142857142857
842f8a3d-3408-56a1-91d5-866ed7508f3d,66,49,8,11,14,1.2727272727272727,109,45,43,134,15,0.11194029850746269
81dfa8e6-7469-59ef-8803-72bb27400974,39,14,4,24,19,0.7916666666666666,37,18,9,19,7,0.3684210526315789
9b24b68f-95ef-5114-9b47-71581f23f4ef,25,12,0,11,13,1.1818181818181819,31,19,8,12,7,0.5833333333333334
322aaa3d-ff6c-536e-91ca-54f93d028a19,46,21,8,17,11,0.6470588235294118,30,16,10,7,4,0.5714285714285714
7580a01f-ddbf-5556-a2dd-2baa756505d6,97,46,7,7,10,1.4285714285714286,36,17,11,20,10,0.5
a0773184-f895-5f36-8854-28c5f7336cd2,58,32,12,16,17,1.0625,30,18,6,25,14,0.56
e867bee0-525f-57cf-a68e-6017ef4f0401,13,5,2,5,12,2.4,47,18,11,3,4,1.3333333333333333
649ec1cf-dbc6-5520-97b3-459c8966bc43,15,8,1,15,14,0.9333333333333333,10,8,0,14,8,0.5714285714285714
35f4411e-6aa2-5b0f-b5de-e5c8fabbb9f9,47,26,0,30,26,0.8666666666666667,16,4,0,4,4,1.0
6ca646a1-4180-5fe7-bc2d-c7629f765d38,27,20,9,5,19,3.8,20,9,4,1,6,6.0
6e7ea283-a58d-5d07-9087-4b50bf221948,30,12,3,10,12,1.2,33,14,5,4,5,1.25
73f7942c-1845-5fbc-a9a3-eec72bab9378,16,16,2,13,12,0.9230769230769231,31,18,2,10,7,0.7
4140d9cb-ab91-5451-b031-4348feb21579,50,31,0,6,5,0.8333333333333334,21,9,2,2,2,1.0
516b1e91-9b1f-5b42-b722-105df4b9d9c6,23,11,2,7,7,1.0,40,21,5,5,3,0.6
afac4b28-eb3c-5bbf-b098-0f81ad465334,8,3,0,14,15,1.0714285714285714,9,3,0,18,12,0.6666666666666666
14df818a-8e21-568d-9943-c6e3c8d4d5f8,15,4,1,8,13,1.625,46,14,11,11,10,0.9090909090909091
1e75253e-1822-58b9-a1c9-bec906d6b3fe,54,12,8,17,11,0.6470588235294118,49,13,8,6,4,0.6666666666666666
2485e288-fc83-5b04-980d-5a9d2dba83d5,24,9,3,13,17,1.3076923076923077,37,15,9,17,10,0.5882352941176471
fb40dc60-5f97-5164-8820-2dc28dcdf553,21,20,12,26,5,0.19230769230769232,14,5,4,23,10,0.43478260869565216
cb04239d-fd65-5ca7-9cf7-c6e96e485d3c,24,12,3,8,9,1.125,40,16,13,15,12,0.8
e3bb7393-56fd-5c62-b74a-95aedf57da18,55,23,17,49,15,0.30612244897959184,128,48,62,102,7,0.06862745098039216
a0095248-0824-57f7-89f8-3f4f28232a19,29,17,3,2,4,2.0,43,22,14,5,4,0.8
f87b20a4-a78a-5fab-8e2f-686ca32443ae,15,10,1,6,4,0.6666666666666666,23,8,1,12,8,0.6666666666666666
99a6edea-0cb4-510b-92a1-f14af5d022fc,45,34,2,27,19,0.7037037037037037,51,17,13,49,14,0.2857142857142857
e492bd2e-cf15-5003-ad9d-f96169375846,17,10,1,4,6,1.5,30,12,9,5,6,1.2
e6e0a67e-a3b8-597e-897a-8a1c75ff1adb,65,37,14,15,14,0.9333333333333333,25,8,3,3,3,1.0
d59a9513-7264-58c8-89ab-271f89cb1246,23,13,3,10,11,1.1,47,25,19,12,10,0.8333333333333334
c0c7a36e-0edf-59f7-8994-ff4b1a001a83,25,15,0,13,18,1.3846153846153846,39,21,9,24,12,0.5
6de1172d-929e-5076-a456-44fa9257b337,67,31,21,2,4,2.0,99,33,26,39,13,0.3333333333333333
47c28704-506b-5bf9-b5e3-570cf5205497,24,8,3,14,10,0.7142857142857143,43,12,7,8,5,0.625
dfae9f87-57ea-53d5-a29b-54dc297d71d6,65,21,12,32,20,0.625,29,11,2,16,7,0.4375
c6caa552-818a-5840-abdd-9e1d8919e561,41,15,5,18,14,0.7777777777777778,51,24,17,14,8,0.5714285714285714
02f18045-4cb7-5510-8b2e-9ed21aeb3e0d,51,34,12,13,15,1.1538461538461537,32,18,12,4,4,1.0
86914820-081d-539f-868d-6fddc5642c89,23,16,7,22,9,0.4090909090909091,5,3,0,2,2,1.0
fc8ce097-0b28-52c6-95a7-134caf6b35e6,10,5,0,11,9,0.8181818181818182,20,7,6,33,18,0.5454545454545454
89abbe54-4c7f-5d95-98f4-11eb6b6e50ac,35,21,1,15,8,0.5333333333333333,58,24,19,3,3,1.0
1a87e145-3743-5c23-b4a1-d9a3d5903873,9,3,1,5,6,1.2,10,3,1,4,5,1.25
9b1e2bdf-9ddb-56ee-8892-e4f98c64381c,64,31,5,40,16,0.4,24,12,7,2,3,1.5
16b9baf3-5bf2-5599-9f6b-5c5dc6ca566f,64,29,21,19,8,0.42105263157894735,44,22,12,31,8,0.25806451612903225
fba502ed-9674-5101-ab4c-31f3feed5fd6,12,5,0,26,16,0.6153846153846154,9,3,3,10,5,0.5
f6b0c526-9421-5b86-9e04-b168f6ded2db,27,19,7,16,8,0.5,14,9,4,8,3,0.375
9216aca3-7ce4-5ada-9a1a-6095e10a01fb,47,28,4,14,12,0.8571428571428571,50,31,6,17,9,0.5294117647058824
10bd73b4-881c-5812-8476-3cfbdced04a5,22,10,4,1,19,19.0,55,21,24,9,8,0.8888888888888888
dc3efc48-5a50-5d4a-b27b-d3b9041a6016,8,2,0,2,2,1.0,7,2,0,2,2,1.0
1f6f597a-b94f-5205-a5a8-9ce3dd461c62,184,99,40,104,34,0.3269230769230769,60,34,11,13,6,0.46153846153846156
f20f3fbd-5824-5725-b953-7e025332ec19,25,10,4,11,12,1.0909090909090908,21,8,4,8,8,1.0
a3d34b33-9582-50f7-82c3-91d769e6c481,80,43,31,28,11,0.39285714285714285,106,47,19,27,9,0.3333333333333333
a3bb836b-8b77-5c14-aa41-da1f954fb4aa,6,3,0,1,4,4.0,6,3,0,1,2,2.0
26a07f50-74a2-57c6-afd0-b9ef9869c294,39,16,2,10,9,0.9,48,13,18,1,2,2.0
2fadaf57-87f0-5cb5-b81d-984e02b8e7a8,14,6,0,13,11,0.8461538461538461,18,8,0,7,5,0.7142857142857143
c287c8cc-ab8d-5dcc-8043-bc73ab4de2c7,24,13,5,52,7,0.1346153846153846,30,12,7,68,11,0.16176470588235295
56fe714b-23c1-5aa8-abce-31f0df00b3e4,62,49,1,16,12,0.75,17,7,0,14,7,0.5
cf04353a-d16a-532a-9815-73c15128d1d7,25,18,0,10,13,1.3,24,8,9,6,7,1.1666666666666667
210eaba6-c82b-5b46-b920-ca170dff0dc7,28,9,4,3,17,5.666666666666667,20,7,4,5,5,1.0
187c2515-5873-51b6-a07a-50cf8128c5bc,25,21,2,28,23,0.8214285714285714,2,0,0,2,2,1.0
0b319a0b-f546-5a2a-9ace-8685ef9e2c95,34,25,4,19,17,0.8947368421052632,53,31,13,18,14,0.7777777777777778
1d8c3d03-d925-5c09-af22-9799cd2e5e0e,37,26,2,39,27,0.6923076923076923,70,32,13,30,19,0.6333333333333333
b1d6496e-b0b3-5d80-9b7c-b1642aaae059,62,37,19,30,27,0.9,76,38,20,20,15,0.75
7c5427fa-34ab-55de-b983-2aede75221d3,57,29,3,47,18,0.3829787234042553,110,53,40,160,22,0.1375
9104a005-ff18-55d7-9e7f-6a70d13c378e,39,23,5,16,16,1.0,22,9,2,15,7,0.4666666666666667
5df7dd97-ce82-5eab-b0b7-9585ff4405ca,88,42,27,48,13,0.2708333333333333,68,36,20,45,8,0.17777777777777778
e6f73d93-e016-559e-9620-44c373eca67d,82,51,15,15,15,1.0,91,39,19,16,9,0.5625
5d0775c5-9cde-5dcb-a83e-e05635becf20,111,56,47,29,11,0.3793103448275862,121,58,46,29,10,0.3448275862068966
f3f84352-f120-52a8-9f52-510912963117,37,25,3,41,15,0.36585365853658536,69,27,11,36,14,0.3888888888888889
592b30d0-ecbf-5c40-9c7c-4db864f97998,25,16,6,7,7,1.0,23,11,4,7,6,0.8571428571428571
e231138c-5f72-5c50-a292-b9cdaaab2276,69,28,20,19,14,0.7368421052631579,59,20,15,13,8,0.6153846153846154
d8b97176-41cb-5a04-9f1c-30624b92a1f4,8,2,1,3,3,1.0,15,8,5,7,4,0.5714285714285714
45469582-7e4a-570c-af76-81b0b1787e2b,23,11,2,10,8,0.8,21,12,1,14,9,0.6428571428571429
307b4a6c-e293-523d-9de7-cb7b6cbc139c,19,14,1,2,4,2.0,45,22,17,67,12,0.1791044776119403
2dec51aa-36ae-531b-98d8-0f63c9030917,12,8,2,11,17,1.5454545454545454,28,12,7,18,10,0.5555555555555556
1ae1b669-22ff-5d11-8ad3-0fff37bb00d4,22,25,0,8,10,1.25,118,54,38,22,11,0.5
6c83a30c-82a6-5060-ad42-546860b1ced8,34,19,8,60,18,0.3,60,29,24,57,5,0.08771929824561403
a6e402d7-7bd7-5e5f-9199-45cbe62aadb7,158,69,49,62,29,0.46774193548387094,78,25,27,2,2,1.0
936422d1-1b1e-5f17-b511-0b17bbb84d30,13,10,1,12,5,0.4166666666666667,22,8,10,15,4,0.26666666666666666
20da7b4c-36e5-5756-a920-437a98f290e4,5,3,0,13,16,1.2307692307692308,4,2,0,14,5,0.35714285714285715
045087bc-da43-55a6-9c62-035e8b970126,33,20,5,8,9,1.125,85,48,29,6,5,0.8333333333333334
da3e1a21-10ae-52b0-bcde-600cada7dd4d,4,2,0,24,9,0.375,18,8,4,48,7,0.14583333333333334
e84b0e4d-e6ce-5d38-aed0-10ea67a22d86,76,44,20,14,16,1.1428571428571428,74,35,26,57,11,0.19298245614035087
da3b17ea-3703-5b40-a2bf-32ff8b4f0907,136,83,49,47,34,0.723404255319149,81,36,34,8,6,0.75
f28120a2-992b-583b-9d32-85ba9ce03e57,18,14,6,12,16,1.3333333333333333,21,9,5,7,8,1.1428571428571428
c3b332ce-4b46-5546-923c-89bafc8d7691,5,2,0,2,14,7.0,18,6,0,7,4,0.5714285714285714
7a31f4fe-730c-54f3-aca1-b9c1f95f7872,72,36,22,81,36,0.4444444444444444,75,43,14,29,15,0.5172413793103449
8fa72092-f99b-593d-9bdb-427a75afbd6f,8,4,0,2,10,5.0,4,2,2,2,3,1.5
aeea59f5-2c95-52a8-97b5-cae174587bb5,40,40,4,14,11,0.7857142857142857,52,17,5,39,7,0.1794871794871795
5bbcb782-3f08-55ea-895c-cc12e3efb171,91,61,5,80,54,0.675,8,5,1,12,6,0.5
446352d0-48fd-5c3c-984c-3cdf45517048,32,18,12,3,6,2.0,35,20,13,4,7,1.75
08063e2d-5cc0-5981-8d49-c1640fb68406,45,15,6,21,16,0.7619047619047619,50,25,18,22,8,0.36363636363636365
896a11b6-5a91-59bc-ba4a-feb262e6c63d,85,57,7,16,7,0.4375,17,4,0,15,9,0.6
8e8fb87c-d922-5946-8771-a15ce5895952,37,15,3,22,13,0.5909090909090909,61,24,16,64,17,0.265625
4d214390-a124-5dac-b878-2884c49c832b,37,18,5,18,12,0.6666666666666666,33,18,7,16,6,0.375
eddf9635-1296-5501-be81-72157d9ea10a,25,13,5,20,11,0.55,23,10,4,16,7,0.4375
93b3229a-ce6c-53c8-a38c-00312f3dc3a5,68,27,5,24,21,0.875,96,35,38,5,7,1.4
f624aeff-9482-51bb-8c47-69563791b46b,33,16,0,6,11,1.8333333333333333,38,19,9,15,11,0.7333333333333333
f59827f2-22d9-5f10-9187-d646d128c19a,9,5,2,12,15,1.25,18,5,8,2,3,1.5
0ab4e485-bfe0-5d71-baa8-74551952447b,69,54,5,24,7,0.2916666666666667,64,22,14,4,4,1.0
68e92791-6d59-520e-9602-538e9b877fe1,62,26,7,2,6,3.0,49,21,14,14,8,0.5714285714285714
3bce5532-7a80-5591-8163-dac6bbced91e,68,48,26,32,9,0.28125,46,25,10,41,11,0.2682926829268293
421b9bfa-05b8-56fe-804e-050e1d2eac88,49,29,7,28,13,0.4642857142857143,22,8,6,7,5,0.7142857142857143
aaed8f40-1d38-50b5-a165-603aae3a6747,8,4,2,9,9,1.0,5,3,2,3,4,1.3333333333333333
55fe8a19-1810-572f-8c3a-ef44ad4680f2,11,6,0,13,14,1.0769230769230769,6,2,0,5,5,1.0
6feb5e2a-c697-5a49-a47f-1e6cf6347937,26,11,5,15,15,1.0,20,8,7,28,19,0.6785714285714286
1191b828-10d7-5e5c-b032-b385d8c2383f,1,0,0,2,3,1.5,2,0,0,2,3,1.5
6c46a906-572e-5053-988b-9dbee49a954c,125,72,23,61,44,0.7213114754098361,18,8,0,7,4,0.5714285714285714
d759159d-f1ce-5b09-a4e2-672269779587,52,24,13,16,13,0.8125,44,21,14,1,2,2.0
6c2f75f1-531b-556e-bc7a-7421796fc6a0,28,16,2,11,16,1.4545454545454546,47,22,14,12,14,1.1666666666666667
82f26bd9-6f81-5479-961f-08d3d6b03fa1,17,14,0,10,14,1.4,11,7,0,4,4,1.0
8a2bb28e-e910-5978-b296-151a1bf9425a,65,37,9,32,19,0.59375,59,26,25,26,11,0.4230769230769231
8e079cb0-da36-524c-8da2-91dd5ac49406,33,22,6,7,8,1.1428571428571428,85,43,26,19,7,0.3684210526315789
529b865b-6aeb-5e07-9d7f-3d738cc11d35,38,12,9,19,18,0.9473684210526315,85,33,33,11,9,0.8181818181818182
4eae2536-a8b0-5d82-ac32-40d6bddfc801,3,0,0,8,13,1.625,8,2,2,16,6,0.375
eeb3bb08-a9d4-5130-9891-9585c5565bf1,16,9,5,5,9,1.8,62,26,24,10,6,0.6
e0e71d23-0809-5691-91a4-f95fa638095a,119,75,7,48,17,0.3541666666666667,3,2,0,3,3,1.0
fb3a976d-053e-519a-9c88-ff742d199035,81,57,19,44,31,0.7045454545454546,81,43,26,46,13,0.2826086956521739
ece7940a-2773-5b62-94af-82dc4527604d,40,32,13,16,13,0.8125,12,6,1,3,3,1.0
5a186a3d-8967-5f75-9753-e3d796759475,49,33,4,15,10,0.6666666666666666,92,37,29,106,12,0.11320754716981132
734d8678-7142-5293-9181-ababa937832c,42,20,8,19,17,0.8947368421052632,64,34,26,11,7,0.6363636363636364
f599feb3-192b-598f-8852-231090b855d1,4,4,0,2,11,5.5,36,15,12,7,9,1.2857142857142858
08f02264-118f-5c79-8ffe-7d48137fc58f,30,16,4,14,10,0.7142857142857143,14,7,1,5,4,0.8
154a2f43-a5cf-5417-8544-597955b06957,54,24,7,32,18,0.5625,7,2,1,10,5,0.5
83330ae9-5ccf-5e02-bfbd-4ce602f2c35a,28,20,9,18,11,0.6111111111111112,43,20,15,15,12,0.8
e2073f3b-7c07-561f-867f-3a670156b5f9,26,12,4,7,14,2.0,60,24,12,4,3,0.75
5a4d9414-e447-5ed4-bb34-ca6539204ad6,65,59,11,66,47,0.7121212121212122,36,30,7,37,26,0.7027027027027027
9b461a0f-fc38-5cf2-8a00-140d1d3dd551,21,12,2,19,13,0.6842105263157895,15,5,4,21,10,0.47619047619047616
a092441a-3a69-5a04-bc73-3ea1fe14fb56,71,41,5,38,31,0.8157894736842105,86,35,25,10,9,0.9
e51bf01c-69ba-5485-8c47-a3ee2734dc5a,66,36,8,6,3,0.5,34,15,2,14,10,0.7142857142857143
78fd69ee-324c-538d-9ee7-b23a8120956f,13,5,3,7,7,1.0,8,3,3,2,3,1.5
f919f46c-3dba-507c-9877-2e932133ae25,35,20,6,11,12,1.0909090909090908,35,19,3,17,10,0.5882352941176471
a6d3d1d1-dc5b-598d-a9cc-80b5699515b5,47,42,4,20,14,0.7,67,38,11,29,11,0.3793103448275862
fd927e09-7003-5ca0-befe-f035a872be5f,130,65,25,15,7,0.4666666666666667,152,61,53,19,5,0.2631578947368421
66307ab0-1a96-5084-8ae0-2e09ef77e7ef,2,0,0,1,3,3.0,2,0,0,1,3,3.0
e21630bd-33bf-5996-897a-cc057d716328,68,33,10,1,6,6.0,48,17,13,47,13,0.2765957446808511
006994c7-6358-5217-b3fd-b210a668dbb4,37,14,2,11,12,1.0909090909090908,39,18,13,9,5,0.5555555555555556
ebe211fd-210b-534c-a961-623ce187c09e,78,49,5,9,9,1.0,52,32,5,10,9,0.9
406dbedc-d8b2-5e72-bd21-4463865e1f9e,11,9,0,24,17,0.7083333333333334,15,7,6,31,6,0.1935483870967742
71ee0538-d0cb-5f76-ac90-8385a1315902,93,40,24,45,16,0.35555555555555557,82,38,24,36,7,0.19444444444444445
d0941621-e35f-5f2f-b340-b1f5f4e6a7e0,29,15,1,54,14,0.25925925925925924,16,4,3,15,4,0.26666666666666666
0156cf6d-2cf6-55ad-9aa9-3a3bb3fae2ce,32,16,2,9,10,1.1111111111111112,13,7,1,3,3,1.0
4675a93e-ed3b-5516-b432-0bb6996d72df,14,3,5,7,6,0.8571428571428571,15,3,5,6,4,0.6666666666666666
39dac66a-30b0-5c5b-8ff1-1a486e407b9a,26,11,2,10,8,0.8,27,8,13,8,9,1.125
ab0f093e-c2bf-5dd4-acc5-a0aab92d5d4d,29,16,2,34,29,0.8529411764705882,13,4,2,9,7,0.7777777777777778
1f151570-7748-5249-8c48-5d2951b50993,16,6,0,15,17,1.1333333333333333,35,20,8,8,9,1.125
669a1192-881f-55f9-911b-791438beb743,45,20,5,20,20,1.0,68,26,16,16,11,0.6875
ebc1acfa-b6af-5d13-a8e9-088d0942299b,259,99,45,36,4,0.1111111111111111,107,40,15,13,3,0.23076923076923078
c6689f42-0a1f-52fe-b2ee-fd4396a3a463,38,16,7,25,14,0.56,25,12,2,20,10,0.5
7948db81-333d-560c-8ec4-5ca012c87b2f,35,3,1,4,16,4.0,65,30,22,15,16,1.0666666666666667
fdbb3b54-1a23-5c54-bb4a-d81042a1412d,88,23,2,76,36,0.47368421052631576,41,4,1,43,11,0.2558139534883721
eb8281ab-886f-5520-a607-a04314795687,8,6,1,1,3,3.0,17,6,8,1,2,2.0
8316b478-86ae-5839-8dfa-f1e4886fb762,17,10,4,14,12,0.8571428571428571,25,10,0,17,8,0.47058823529411764
d3386314-5e74-5bb0-98c3-91192d55a24c,6,2,0,4,7,1.75,21,9,3,5,5,1.0
093e8d88-7b52-5c3b-a947-590f1e25169b,57,25,5,30,18,0.6,92,38,29,9,8,0.8888888888888888
e1820ffe-59f3-565a-b48f-e327cdf093f6,19,9,0,9,6,0.6666666666666666,35,10,4,6,4,0.6666666666666666
849a0a8a-64c4-5ff4-98cf-3cbec13c33b9,55,35,6,2,8,4.0,62,29,11,35,10,0.2857142857142857
e682d4d3-f44a-5361-9194-1ddb8a213f23,76,29,0,17,13,0.7647058823529411,99,56,22,9,6,0.6666666666666666
98599489-3165-555e-b749-778e992439fa,33,17,7,7,13,1.8571428571428572,22,10,5,3,4,1.3333333333333333
0d17e1c3-cf6e-5204-8297-95f6fd36717d,16,3,0,2,3,1.5,23,12,4,6,6,1.0
e0e159b0-9572-5eca-8833-d4ddfa2a8f8c,31,14,6,22,8,0.36363636363636365,3,0,0,8,3,0.375
c8f98e90-0f99-5e6f-b7cd-0760da798c18,25,19,9,31,12,0.3870967741935484,20,9,4,26,16,0.6153846153846154
f31c3661-4be4-513e-91f1-a8b319bacbf7,8,5,0,7,8,1.1428571428571428,3,1,0,6,4,0.6666666666666666
e0f26d7b-0c8a-5dd8-9a37-01d70d721892,95,50,13,52,23,0.4423076923076923,40,16,11,41,6,0.14634146341463414
b042f469-2c60-5d26-865c-fea5bbe9b5e9,70,25,3,21,17,0.8095238095238095,61,25,17,12,9,0.75
47fc5e13-f54a-55e4-85b7-af3dd92660a4,98,39,27,84,33,0.39285714285714285,48,26,18,41,12,0.2926829268292683
9a445e92-7566-5386-8027-2fe62843df17,15,6,4,15,16,1.0666666666666667,48,28,18,14,13,0.9285714285714286
162dda01-0d74-5fb3-a4b8-2eb5abc518b4,11,5,3,4,7,1.75,58,24,27,15,4,0.26666666666666666
180050f6-8bd2-50a0-a9d6-0213b3fe7e49,41,21,6,3,5,1.6666666666666667,19,8,4,3,3,1.0
9a50fe82-d9fe-5cf3-93ff-11d1dcafb209,107,65,11,15,16,1.0666666666666667,54,24,4,12,7,0.5833333333333334
902e2a57-73a8-5021-995c-1e11af9b5a57,9,2,1,5,7,1.4,13,5,3,3,3,1.0
ce9aff5a-6716-586e-9017-f6697dacd46a,66,37,18,84,15,0.17857142857142858,49,21,19,74,17,0.22972972972972974
751b1be4-5849-5ad9-b936-44115a43b5c6,65,36,8,42,33,0.7857142857142857,37,12,3,5,3,0.6
4027aca3-7000-557e-a4f2-62626a090941,18,8,5,6,6,1.0,31,10,9,17,7,0.4117647058823529
4debfe05-d174-5ed1-b8d0-9512ab8c8fed,33,17,12,26,20,0.7692307692307693,47,14,23,6,10,1.6666666666666667
1356d3a6-113b-53dc-bd11-461fe7923419,76,51,13,18,14,0.7777777777777778,67,30,17,22,8,0.36363636363636365
7b176d5c-a696-556d-8bdb-40b6f9f3c224,69,40,9,8,11,1.375,76,29,23,5,3,0.6
8c8a90e0-ea24-5b61-84ee-32ab13167c21,125,46,30,111,32,0.2882882882882883,106,54,31,87,25,0.28735632183908044
88721c33-2052-50ba-b4eb-84f7458532cb,144,75,58,55,12,0.21818181818181817,33,19,3,1,3,3.0
1184f5be-f45e-5dc5-b281-c61eb43afba2,55,30,7,26,13,0.5,63,29,20,11,5,0.45454545454545453
6425fc67-a2f7-57b8-8ac4-de4c44f415b0,30,13,4,18,18,1.0,32,18,15,12,8,0.6666666666666666
ab1eccb3-e1a4-5f94-a199-d3d1e65d2b01,104,47,4,24,15,0.625,32,11,1,7,9,1.2857142857142858
8d2bcfbf-aeb6-5cc9-add2-14dbc7f6c7c5,68,46,9,10,9,0.9,28,5,4,5,3,0.6
7c8c6436-b620-5683-98bc-7421318c6553,56,27,9,4,6,1.5,22,9,4,3,3,1.0
720fc86a-793a-5812-a0da-18eaa29247ca,62,28,5,38,18,0.47368421052631576,75,38,32,52,11,0.21153846153846154
3a87aeb7-343e-57af-9f30-b16aa5d7ef2a,48,20,1,9,9,1.0,37,17,8,4,3,0.75
8016ed30-3a92-51da-87b8-0f753c3dfad1,54,19,7,13,12,0.9230769230769231,32,15,8,5,5,1.0
e74dbedc-088b-5bac-9f92-78c649b00eb3,143,62,38,34,23,0.6764705882352942,125,52,45,8,3,0.375
bc3e9c75-d1bf-55f5-b7ed-9608c63922a0,13,6,2,3,5,1.6666666666666667,62,27,18,9,4,0.4444444444444444
468d362b-50eb-5584-abdb-872f4366a3f0,14,6,4,4,7,1.75,5,1,0,1,2,2.0
a21de4da-2476-5503-8f27-ccb7d8b7895e,48,27,3,9,13,1.4444444444444444,70,35,22,24,7,0.2916666666666667
26838677-79f9-522d-aa75-7b613beedbd0,47,29,10,20,11,0.55,61,31,15,16,14,0.875
99eea8ae-ef0d-5735-8bc3-1ab236f59af4,6,3,1,5,8,1.6,6,1,1,3,4,1.3333333333333333
2f3c178b-f095-5e8c-ada6-88c7d27094c8,145,76,14,11,5,0.45454545454545453,30,11,7,6,6,1.0
b7ca8364-b957-50ea-b3e0-39555d2c5851,11,4,3,5,12,2.4,15,7,4,14,7,0.5
f26ec3c3-0d04-5578-bebb-12b1b4c1e029,12,8,0,2,3,1.5,11,5,1,5,4,0.8
45d4ea87-ea3f-59bc-adc3-bfb73f7721a3,4,1,0,5,5,1.0,4,1,0,5,5,1.0
2365d5ee-baf7-5848-a279-26d30dc76aa5,11,3,0,26,12,0.46153846153846156,6,3,1,12,7,0.5833333333333334
44c80762-fa80-5d98-90e6-c9e3d26547ef,9,4,1,6,3,0.5,8,3,1,5,4,0.8
2e9313e6-3454-5448-9d07-af02fa4924f1,31,13,11,10,5,0.5,40,19,12,15,7,0.4666666666666667
9ea28b25-e45d-5996-bdce-757941189521,22,9,3,17,12,0.7058823529411765,27,17,7,36,13,0.3611111111111111
587bb54c-6ca2-5e00-9f36-ad503760485e,8,5,0,4,9,2.25,18,9,9,3,4,1.3333333333333333
41dc1a27-c293-5319-9279-edddf43947f2,25,14,4,13,17,1.3076923076923077,58,27,18,3,4,1.3333333333333333
84cbeacd-eb58-5269-b4be-ae82406612a6,70,31,33,16,12,0.75,57,27,21,18,8,0.4444444444444444
36288ba9-acbd-56a9-8237-d82a7b1c1f94,6,3,0,4,8,2.0,3,0,0,1,2,2.0
5cbaff2d-6ac2-513f-b718-7d5939a42753,31,18,4,3,5,1.6666666666666667,40,18,7,7,7,1.0
1bb6b6fd-8005-5fc0-a14a-56f76db2e4dd,20,11,3,12,14,1.1666666666666667,3,0,0,1,2,2.0
c4a446c4-072f-5542-94cb-897a96abef3b,70,47,19,2,5,2.5,69,15,14,5,4,0.8
bff7df0b-da06-5014-ade8-05e342845663,95,50,14,109,27,0.24770642201834864,61,35,11,76,7,0.09210526315789473
d1001904-d13d-5cdc-a37e-a1a70657c143,15,5,2,11,16,1.4545454545454546,77,34,32,10,10,1.0
0796f32a-6ad2-5508-9f7a-e9489d101416,41,20,3,17,12,0.7058823529411765,137,53,39,45,12,0.26666666666666666
891d60b6-4af5-51fd-92ab-e9628dcb1b5d,13,6,0,6,7,1.1666666666666667,15,6,0,6,3,0.5
43f39d39-93e8-5d92-bb3c-a704594737de,41,23,4,9,11,1.2222222222222223,58,23,15,21,10,0.47619047619047616
fa8bc173-0865-5744-b6fc-fde4cda0339e,17,3,1,2,17,8.5,37,11,11,2,3,1.5
720612a7-b71a-5492-a522-e7deced31363,37,20,3,11,32,2.909090909090909,42,16,13,8,9,1.125
97ff16f0-a9fa-542f-bd78-9ee0e3dc7d04,32,16,16,13,13,1.0,58,23,17,9,9,1.0
f2c63ad3-f13d-5c3f-9bf7-c55f14c1dd3b,35,29,11,7,10,1.4285714285714286,33,21,10,6,6,1.0
80fe2f92-18ce-5811-812b-29906e8980c8,54,26,7,32,12,0.375,13,2,4,11,5,0.45454545454545453
3b7a87f9-5615-5e14-93c9-ded625f17cd1,19,19,0,23,15,0.6521739130434783,22,9,2,11,7,0.6363636363636364
96e97472-279d-5f89-a4e1-d915043671d5,148,54,27,48,23,0.4791666666666667,178,68,59,15,11,0.7333333333333333
c023c8c2-aec1-5aec-bcf8-5116b081cc24,11,4,2,1,5,5.0,5,0,1,1,5,5.0
7a311e80-e10f-5637-870f-8d591403fbf2,48,28,9,25,20,0.8,44,16,16,10,8,0.8
1e8ca1b2-5c0f-5e8f-8a14-d63043d142bb,22,14,2,7,11,1.5714285714285714,29,12,9,2,3,1.5
f4ca6fb1-9e6d-5530-b61e-79fad4aefe18,6,4,2,4,4,1.0,6,4,0,4,5,1.25
c381a060-4922-55e5-8d5c-127a01f4f4fd,20,13,6,7,5,0.7142857142857143,28,16,10,10,4,0.4
89f14cf3-7563-5b37-a101-a2159af5005a,20,12,3,46,15,0.32608695652173914,47,22,8,51,11,0.21568627450980393
28470d46-2cb3-5717-a232-a7f67a1ef6ee,35,20,4,6,4,0.6666666666666666,23,8,4,15,10,0.6666666666666666
3ff91e3e-bbe8-5d62-8491-2c16c1af2a85,7,2,0,4,7,1.75,18,9,0,4,2,0.5
e1b054ef-e997-579c-982e-89ca99972b99,47,24,15,25,15,0.6,49,22,13,3,4,1.3333333333333333
34d6974b-0750-521b-892b-02fd2fc8b499,77,43,19,6,14,2.3333333333333335,52,20,12,4,2,0.5
f75e4fed-1ffd-5425-b166-7fae42e7f391,13,4,3,27,29,1.0740740740740742,6,3,0,9,9,1.0
e76886ef-5883-5947-ada9-739e3fd43a7b,12,6,2,3,6,2.0,15,5,1,2,2,1.0
67159a0d-a7d7-5cd9-8077-39e426e2d704,53,52,11,41,33,0.8048780487804879,24,8,12,15,5,0.3333333333333333
74042de6-b5cc-53fd-99e2-7cec6891e65c,108,55,12,82,32,0.3902439024390244,36,15,2,4,6,1.5
d1d49554-85e0-53ca-a56a-c3a4345c9194,56,50,26,3,8,2.6666666666666665,136,49,27,1,2,2.0
02214b2f-238b-54c0-b607-5361f1240b56,46,14,11,6,7,1.1666666666666667,43,21,14,1,2,2.0
1479dda3-5799-5e51-a5fb-18ed046e0a72,10,3,2,21,15,0.7142857142857143,12,4,4,4,3,0.75
f41ae11f-bacd-5d66-81ff-62f4eadac98c,49,23,10,74,27,0.36486486486486486,67,26,20,59,17,0.288135593220339
d38422a1-e6fe-56cd-b605-bcf3135d65ba,75,33,21,7,8,1.1428571428571428,33,14,5,3,3,1.0
b7cde79a-83ba-5708-85ac-fad392416179,120,67,13,33,27,0.8181818181818182,29,11,7,5,4,0.8
9016e348-a300-5976-b3eb-1a3079421dbd,33,12,1,7,13,1.8571428571428572,44,18,13,2,5,2.5
0487694f-c317-588e-83c2-a86aee0b0e59,4,0,0,4,5,1.25,10,4,2,8,4,0.5
24a6f600-86a3-5c31-9bb3-ee803cfe01e6,14,7,0,2,5,2.5,21,9,4,8,6,0.75
d1c0f46b-8cde-5317-be6a-f4278c84b33f,38,23,6,20,19,0.95,26,17,10,37,21,0.5675675675675675
36d7a5e7-6749-59b9-a37c-71da1a72ce88,42,21,10,26,20,0.7692307692307693,48,19,16,15,5,0.3333333333333333
d5d88d6a-53cf-5fd2-9fba-41a4f7161554,18,9,1,11,10,0.9090909090909091,13,7,1,6,4,0.6666666666666666
395840e8-542f-506b-ab05-740dc94ba0b2,26,13,7,8,6,0.75,23,11,6,8,8,1.0
2adfff42-7335-56a6-b729-ba5af58a483c,34,17,5,23,20,0.8695652173913043,14,7,0,5,4,0.8
c6402134-45c3-5896-9e40-3036cb8f76f2,57,25,10,11,14,1.2727272727272727,41,15,8,20,18,0.9
9bbc9d06-de63-5035-ad00-1c2569ff5fc7,26,16,5,19,13,0.6842105263157895,29,18,12,18,7,0.3888888888888889
e970e4c4-350c-5a69-8a7b-edea7898a4ea,14,8,0,6,7,1.1666666666666667,37,15,6,15,11,0.7333333333333333
d08b51d3-5a1a-50a4-bfc8-d4ab6594b64f,111,57,10,55,31,0.5636363636363636,42,20,9,17,12,0.7058823529411765
2048479d-06b6-54c0-a9d4-544cc3591473,86,44,14,10,11,1.1,141,47,43,19,9,0.47368421052631576
50f468fb-795c-5ff2-abcf-1dec4268689a,9,3,0,3,5,1.6666666666666667,16,8,4,3,3,1.0
9d04a741-ab20-5f64-8345-a57c86fc1cd5,105,45,12,3,9,3.0,88,39,30,7,9,1.2857142857142858
68ecc999-5c39-52a1-886c-c3a5980005b3,61,26,9,4,5,1.25,27,17,8,10,8,0.8
36d8b6b0-4757-56f8-81f8-55a19f290550,28,14,6,13,15,1.1538461538461537,32,9,6,21,4,0.19047619047619047
341f8a75-e74c-58b5-80d9-312c3c6d4bb9,23,17,8,10,8,0.8,25,12,7,15,7,0.4666666666666667
ebd8f39a-e307-54f5-afbc-232eb198f3f7,44,27,9,12,16,1.3333333333333333,32,11,10,1,6,6.0
d0e7acfa-d4cf-55a6-9eaa-89ca14e1d93b,3,0,0,5,5,1.0,4,1,1,5,5,1.0
c682b8c7-ad9c-5bc0-a040-3023d0747d9d,47,25,5,14,12,0.8571428571428571,15,6,0,4,5,1.25
e3b294bc-8f32-5e97-97f4-5a43b91426e4,65,34,15,68,22,0.3235294117647059,21,13,7,17,9,0.5294117647058824
5e5e1c56-afc7-5089-acc1-b01f1ac5bbec,114,57,10,122,54,0.4426229508196721,28,13,6,18,10,0.5555555555555556
85e853a5-827d-5019-bb3c-51a0d79a8fa4,55,26,8,16,11,0.6875,107,46,28,13,7,0.5384615384615384
75d1d498-3729-51c1-bbe4-6ac6e0b00dd6,24,14,1,15,15,1.0,22,6,4,8,5,0.625
e2cc3f53-c1ed-518a-80ff-396bbfed5f14,44,18,2,25,21,0.84,91,43,37,36,13,0.3611111111111111
45c1121b-86db-5562-9f7a-19c28a89b220,65,31,15,9,7,0.7777777777777778,60,30,14,1,3,3.0
8edfa76b-c145-52f3-bf96-c21da750f574,1,0,0,2,4,2.0,2,0,0,2,3,1.5
77ab7e28-f6a5-5c17-84a8-de5cd31ce9a5,40,21,10,13,10,0.7692307692307693,47,22,10,5,5,1.0
3a9e416c-d6d0-5393-8208-f6cfb40b5031,5,3,0,4,8,2.0,12,1,2,13,12,0.9230769230769231
dcefc2dd-b0ca-5257-a92b-6f255543f5e9,6,2,0,2,7,3.5,51,26,21,54,9,0.16666666666666666
0d56a90b-433f-5619-83ba-5e50bca2202a,10,9,2,3,4,1.3333333333333333,15,6,6,1,2,2.0
d85bf8ed-7893-5167-9e0e-2f03cc68f257,10,3,1,11,8,0.7272727272727273,9,3,1,11,8,0.7272727272727273
ddd8331f-102d-5f1a-ab02-a0f289c11ded,47,26,12,19,17,0.8947368421052632,13,5,0,3,3,1.0
4b7b3d0b-d7e7-5a4b-a832-376b82c5aa9d,56,32,12,45,10,0.2222222222222222,9,5,4,8,4,0.5
0a314fcc-3ae1-53bf-a854-a20fbcce5f4f,27,15,0,5,4,0.8,71,30,20,21,14,0.6666666666666666
9a1fb1f1-eee8-54dc-b0f9-f7f1e60a8c70,15,9,4,3,4,1.3333333333333333,5,2,1,3,3,1.0
b8b5f6f6-2ad7-502f-a3e6-d423169d88ff,23,9,2,37,23,0.6216216216216216,91,41,28,64,13,0.203125
c20fb540-641c-5d9a-a5a4-47e7e8d104f8,42,14,2,16,17,1.0625,22,13,3,2,4,2.0
2d2820e7-8028-5afe-a1f5-ef12f6290beb,11,5,0,11,4,0.36363636363636365,20,8,5,17,5,0.29411764705882354
5803bad4-cb34-5af3-80d2-7dfe5d458d17,61,42,10,10,16,1.6,41,16,10,4,8,2.0
b4a0eac3-6df0-590f-bc58-eccdbcfb9e86,53,19,12,27,20,0.7407407407407407,47,17,15,8,8,1.0
32404f60-aa4c-51ea-b251-b41967211b2d,8,3,2,1,4,4.0,23,11,8,16,9,0.5625
94c78680-3f29-55e1-aad2-fc7c68753b3f,10,3,3,2,2,1.0,28,8,11,7,5,0.7142857142857143
4d0e3e3d-7bae-54ea-b711-4a19bda940d4,69,36,5,15,12,0.8,53,27,18,26,11,0.4230769230769231
c008f440-441a-5fb4-a807-43516d2b4d4b,46,21,4,36,21,0.5833333333333334,68,34,17,35,13,0.37142857142857144
2a951d06-6e0b-50f2-9bc8-a0e721ea62c1,30,18,0,9,8,0.8888888888888888,37,24,6,9,7,0.7777777777777778
93909f26-a91a-527a-ad32-9a7229b6283e,23,11,4,1,7,7.0,35,14,5,3,6,2.0
3269d6e5-13d5-50cf-8ad1-a6869457822d,39,24,7,6,4,0.6666666666666666,48,16,17,3,3,1.0
3ab2ed31-25d7-5e89-8c9e-abcd9274e053,54,20,9,16,11,0.6875,36,13,11,5,6,1.2
acc92eae-6e82-509e-8ced-c36aafe48b40,42,25,11,1,6,6.0,42,19,15,3,5,1.6666666666666667
11a261c0-26af-5d43-b4be-a0feb2a6d199,4,1,0,1,2,2.0,6,4,1,1,2,2.0
4cb68517-8f47-568f-94e8-e9f7fa5d7bca,49,27,4,1,9,9.0,58,29,22,92,13,0.14130434782608695
49e73559-a5b0-5842-9263-0c11d1f5ea41,49,20,7,39,17,0.4358974358974359,62,27,17,46,2,0.043478260869565216
8ceaf3be-e3d2-5bba-b00e-97c6990bff89,67,41,24,79,19,0.24050632911392406,55,24,13,36,14,0.3888888888888889
ad62fc3e-277e-5e45-9586-6df9da065b83,51,20,5,17,11,0.6470588235294118,60,30,20,22,9,0.4090909090909091
e9f49876-79bb-5fc9-9e16-087506a3d00c,77,43,9,101,38,0.37623762376237624,14,4,6,15,13,0.8666666666666667
7c53417b-347f-56ce-b8f5-ff5f0a3c56bc,27,9,2,10,11,1.1,22,11,6,4,4,1.0
b8542067-6ecd-5f6b-b5ff-8eea619946b9,17,5,4,3,5,1.6666666666666667,12,5,5,6,7,1.1666666666666667
34b1fb0d-cdc2-5df4-960c-b7b9ca8f76fe,26,15,2,10,11,1.1,20,9,6,10,5,0.5
df27ee5d-0c18-54d5-a28f-c3677f35fd05,34,12,7,11,10,0.9090909090909091,35,11,15,17,7,0.4117647058823529
29c03238-e83f-536c-b34c-06d232bc8e69,178,80,42,21,6,0.2857142857142857,41,19,13,5,4,0.8
6ba505c0-df8c-5556-8ddd-21906f4c7e54,129,68,26,22,14,0.6363636363636364,73,38,33,26,19,0.7307692307692307
4186e71a-0228-5fd9-b4dc-5e324941a67b,152,118,24,27,16,0.5925925925925926,13,4,3,2,5,2.5
17275427-5c9f-583c-a858-c5a3dfa1bca2,11,3,0,6,13,2.1666666666666665,18,9,0,3,4,1.3333333333333333
1927cbd2-b325-55de-a089-524f978e9712,33,18,1,4,9,2.25,57,26,14,11,9,0.8181818181818182
8710c827-d4d8-58f7-8d45-4d1b88d45116,26,9,4,4,4,1.0,29,10,3,28,9,0.32142857142857145
a42b24c3-d05c-563c-815b-2d8e8b7065b2,20,9,7,1,3,3.0,19,7,7,22,6,0.2727272727272727
450266b0-530d-5044-9dd4-8c9d98982e78,67,30,14,10,12,1.2,105,40,23,33,13,0.3939393939393939
d2f80dc8-4c52-5f86-8bd7-c8b96e8c1a5d,23,12,5,7,12,1.7142857142857142,27,11,6,8,8,1.0
bd0f5d7a-1e60-551d-b600-cdf805d0c689,69,35,30,2,3,1.5,38,15,11,2,4,2.0
d73e9d02-061c-508a-ac10-3dee8cce7b1d,108,59,35,39,22,0.5641025641025641,33,13,10,3,3,1.0
6e09a8ab-0b08-5214-b09d-a5998bb287db,30,14,1,9,10,1.1111111111111112,18,10,1,9,7,0.7777777777777778
26b332d6-572a-5830-beda-356e2bcf24c3,91,34,2,26,14,0.5384615384615384,83,40,19,46,12,0.2608695652173913
8b90dce5-fec0-571a-956b-7ff9835337be,8,4,1,7,7,1.0,12,5,2,7,7,1.0
eab8b4da-f3a6-53de-9339-5c822801b320,12,5,0,3,4,1.3333333333333333,22,5,1,8,7,0.875
9552c201-3998-5451-83a5-d7a23f732a64,36,23,3,52,24,0.46153846153846156,80,27,18,19,8,0.42105263157894735
8b601ce7-6679-5373-84c2-80ca2ca37bd6,28,26,5,28,18,0.6428571428571429,3,0,0,1,3,3.0
63896e5d-acc4-5eaf-bad5-61eb076f9367,107,44,45,64,9,0.140625,102,38,30,28,9,0.32142857142857145
e8ca1e29-d08c-5737-8ae4-cdeddab4a2b2,122,61,22,74,22,0.2972972972972973,29,12,9,6,6,1.0
7361ca04-940c-5074-8914-88b018d8b71b,48,23,10,4,6,1.5,37,16,10,5,4,0.8
b279827a-4183-5702-9fe3-48f4b58d922b,77,51,12,50,12,0.24,66,34,12,87,22,0.25287356321839083
8c795f65-c484-58ab-8a8c-2e983ceefbbf,19,8,1,5,8,1.6,22,9,6,3,4,1.3333333333333333
faafdcfc-be65-5927-8ea9-822678797dd7,65,24,6,5,6,1.2,17,8,2,6,5,0.8333333333333334
71d13815-237a-55ce-b459-1242d572aa2c,31,14,0,12,12,1.0,32,13,1,16,15,0.9375
0fa430d1-d38b-59bb-b768-5c59185ac0c3,86,50,3,2,5,2.5,112,55,21,13,10,0.7692307692307693
ad18a26b-d347-52c8-ab6e-095fe9076a12,119,60,23,33,20,0.6060606060606061,87,49,21,31,12,0.3870967741935484
c93bff65-5c28-5117-86ea-813156e4a4e7,46,24,4,17,18,1.0588235294117647,36,14,8,10,7,0.7
4e5c07d8-dfbd-50d7-a8bc-064c3799ecb2,41,21,7,10,14,1.4,55,23,14,5,6,1.2
6cd1a4b8-609d-5612-85ca-a950bef1b66e,14,5,1,10,11,1.1,39,6,7,1,2,2.0
0f5e4e8b-d13e-5e6b-81a6-7de8678ea5a1,48,9,10,37,20,0.5405405405405406,26,10,7,14,6,0.42857142857142855
20c4644f-6c74-5d0f-9978-d74137221442,45,20,5,28,17,0.6071428571428571,38,12,9,1,2,2.0
1e273c45-62b8-562e-8c47-321243b2b42c,56,31,6,23,11,0.4782608695652174,64,24,17,97,12,0.12371134020618557
5f14eeba-cde9-51f5-b930-55276864dd71,39,28,17,22,14,0.6363636363636364,34,18,12,9,8,0.8888888888888888
ed5d2302-f947-56a5-ac73-45ea3389efc9,33,16,9,30,17,0.5666666666666667,27,15,7,25,9,0.36
d11ec1f8-27b0-5d43-8afd-89b8534500e4,12,4,0,1,8,8.0,49,25,12,7,3,0.42857142857142855
41cfe4cb-c33f-5767-a58d-eac513d48142,63,22,11,2,9,4.5,34,10,14,4,4,1.0
66fa86a6-78f9-51a7-88bf-7f4283e3dded,14,3,3,8,6,0.75,19,3,6,9,5,0.5555555555555556
297dd3e0-57e3-5e75-8b4d-6271c2777b7e,13,6,2,3,6,2.0,39,23,16,11,10,0.9090909090909091
21cefd25-db31-5161-855f-b7bc9bafd691,80,42,14,32,21,0.65625,30,13,11,14,8,0.5714285714285714
40633901-88d4-5c0d-a375-b9a35f03f687,30,13,1,13,12,0.9230769230769231,17,7,5,2,3,1.5
ebc3dd5f-ad7d-573c-bd7f-5307dcd0d5d2,50,30,2,8,6,0.75,42,21,7,13,8,0.6153846153846154
be7b4d91-2ab3-58a8-baf5-13b5a1bc1a08,58,30,3,13,10,0.7692307692307693,71,35,20,10,5,0.5
60a753fd-145d-5ba9-a8f1-9c4835087b04,41,21,17,26,18,0.6923076923076923,32,16,14,34,11,0.3235294117647059
5f2b86ca-a5d3-5a56-8658-4b765ad2d8e4,20,4,1,35,23,0.6571428571428571,41,25,8,68,16,0.23529411764705882
1dcdc082-4bb4-5fce-bd0e-6a518d035de9,24,10,5,5,6,1.2,32,12,8,3,3,1.0
6635624d-aa50-5829-b90b-7501b6617908,20,16,6,6,7,1.1666666666666667,97,49,8,11,10,0.9090909090909091
158c4bd6-8db5-504d-bb0f-59c35b4128ca,43,20,4,21,20,0.9523809523809523,37,18,8,9,5,0.5555555555555556
74d52011-fa21-5382-a6cc-cc45ca9abad8,47,20,9,19,23,1.2105263157894737,53,23,15,2,5,2.5
a774f900-94bd-5854-ad51-a129f4567225,113,54,19,12,12,1.0,70,25,25,9,8,0.8888888888888888
6801c12d-ddfd-5cd5-9dc5-9f48864efefc,73,28,14,40,29,0.725,54,29,19,9,4,0.4444444444444444
515ba40a-bfbe-5c0f-a662-b01c10410c9f,33,21,4,48,24,0.5,56,23,17,25,9,0.36
85d6469b-20f6-5501-bf41-1ca89ef6f99f,6,4,0,6,5,0.8333333333333334,11,2,4,13,12,0.9230769230769231
9e1077c7-756c-5b4f-b157-7b85fbd1a35c,56,26,14,5,7,1.4,14,7,3,2,3,1.5
dc1f6d3a-a9e7-5262-9d0c-889fab2bb39e,11,8,0,13,15,1.1538461538461537,10,7,0,11,4,0.36363636363636365
2730bf34-a424-5453-bf03-3e0faac48fce,17,9,1,3,9,3.0,13,3,3,3,3,1.0
dc87a4bc-1597-5894-8831-8b10863b8d86,26,10,4,10,10,1.0,30,16,9,5,4,0.8
6ede0d35-d877-54e2-8a09-14e6f3181f01,38,26,1,15,7,0.4666666666666667,78,26,16,65,10,0.15384615384615385
21d4e69e-07ec-52ac-8831-84ec4dc586ce,128,84,24,20,7,0.35,150,80,25,23,8,0.34782608695652173
e3aa46d3-79b2-5c52-8182-3c9f2b147ec7,144,63,23,10,11,1.1,64,30,25,14,9,0.6428571428571429
f37afe5f-32f9-5e89-b441-92168047fe65,48,30,18,20,22,1.1,76,32,34,4,4,1.0
9a49a7d5-608d-5fe9-a935-d5eba5e07597,160,58,11,185,54,0.2918918918918919,96,43,25,13,5,0.38461538461538464
f6dab010-593e-53a6-a7d5-bcac7299d1e1,28,18,0,3,9,3.0,28,22,0,3,3,1.0
084c3fd4-e2ca-5bb5-aae2-bd4984e4b1b8,90,63,32,24,19,0.7916666666666666,46,39,10,12,11,0.9166666666666666
4253aca8-caa2-5627-9cfa-56f78dd0510d,78,54,15,30,28,0.9333333333333333,53,23,14,12,9,0.75
0b238266-1f10-5a05-90f3-91a0ee5b95c5,58,30,1,7,17,2.4285714285714284,78,27,19,9,6,0.6666666666666666
b5fda230-4fec-50fa-b23a-bfe34e9c9fe0,26,17,4,106,31,0.29245283018867924,31,13,10,55,9,0.16363636363636364
61901edb-12e3-549b-97e5-5f5288b7fcd4,26,7,0,61,17,0.2786885245901639,32,21,3,45,15,0.3333333333333333
d809415a-24c6-575d-81cb-d67fb8916186,60,29,8,17,14,0.8235294117647058,13,4,3,6,4,0.6666666666666666
efc35467-7f6a-5a7b-8389-d25eeec7e17e,45,32,7,18,15,0.8333333333333334,60,30,20,2,4,2.0
aca67cfc-cb7e-5a1c-9c33-1e7bfd667bc5,7,3,0,1,4,4.0,27,10,8,4,3,0.75
13de3d6e-d421-5e8a-9431-565395363eb5,10,3,0,7,14,2.0,24,8,8,6,5,0.8333333333333334
45fdc974-fd15-5208-9260-2c5e4637edde,5,2,1,2,2,1.0,9,4,0,5,5,1.0
36ca2008-2d50-5ade-b225-138520e9648a,71,30,6,62,46,0.7419354838709677,57,30,23,23,10,0.43478260869565216
b3eacfa5-e098-5d07-8ca9-cc08a6c0064b,59,42,16,74,46,0.6216216216216216,14,6,2,15,6,0.4
8f015a7b-f9a8-5661-8998-8aafca43a3d0,73,46,13,18,18,1.0,142,95,22,24,10,0.4166666666666667
f7c33950-b3e6-5081-9668-b1dd1bccd93a,22,19,0,10,13,1.3,14,10,0,7,9,1.2857142857142858
b2674d55-c4b7-56bc-bb90-b2be76710814,28,14,5,9,8,0.8888888888888888,32,13,8,10,7,0.7
48373f66-efef-5996-8af7-56604028f92f,19,11,0,5,5,1.0,30,12,9,4,2,0.5
5481a021-c6b3-5e81-adc2-f231542e8e11,26,13,5,5,10,2.0,20,11,7,10,10,1.0
4d04e692-6963-5688-b17f-a6bf31615162,100,37,11,15,15,1.0,36,21,10,6,5,0.8333333333333334
c11412a7-a23f-53f4-a597-e304bb278188,38,13,11,17,16,0.9411764705882353,27,8,8,2,3,1.5
98367dff-42dc-51c0-b30d-7f735bbe5eb5,1,0,0,1,5,5.0,2,0,0,1,2,2.0
14263e8d-65e7-5b44-9fab-e013d76f10e9,71,25,14,43,21,0.4883720930232558,25,12,12,73,9,0.1232876712328767
4a8ea74e-ffd0-580f-a427-b7c7ea67e534,6,2,0,6,6,1.0,12,3,2,5,4,0.8
49481085-69f4-5b8d-9363-1cb3d5d3b292,21,5,0,8,9,1.125,82,28,30,2,2,1.0
1ca15334-610c-5fe5-bd90-127c26262974,73,58,17,23,16,0.6956521739130435,103,52,32,74,13,0.17567567567567569
456be9d6-3666-5486-be42-3fad6362bab8,2,0,0,1,2,2.0,2,0,0,1,2,2.0
5db29404-f21b-5b4b-84de-d6456769ccbc,23,7,1,1,8,8.0,17,8,5,3,3,1.0
e289753a-5e54-5fc5-82ef-d5255d80469c,19,8,2,40,10,0.25,9,4,0,28,9,0.32142857142857145
c3a8e335-6fdc-513e-8174-e14be4807686,52,46,2,31,18,0.5806451612903226,176,67,38,31,5,0.16129032258064516
94977ba9-04d4-5544-bda4-cd52a735a520,66,35,19,21,17,0.8095238095238095,17,4,1,2,3,1.5
2234b0d3-b45c-58b1-9cfc-a97e6de37ff9,16,4,0,1,2,2.0,19,7,1,5,3,0.6
24b3bf51-64cb-5520-8e8c-177a3131004c,43,19,6,23,32,1.391304347826087,32,7,6,8,21,2.625
e8c1fa49-d585-5cc4-a247-ec399096e9a9,55,29,16,35,11,0.3142857142857143,107,64,50,79,5,0.06329113924050633
572e960e-22bf-5c2f-a1de-f73455886d00,53,25,13,45,19,0.4222222222222222,46,14,11,62,5,0.08064516129032258
c6fa65a5-4b83-5e16-958d-e4210c04ffe4,12,3,2,4,7,1.75,7,1,0,2,2,1.0
642105aa-cc0a-523f-88f3-7e7c897aa59e,9,3,0,6,8,1.3333333333333333,12,6,0,5,4,0.8
bbc2f83a-1172-5dc1-8db8-3dfb7cf0c82f,47,21,2,18,13,0.7222222222222222,50,17,19,9,9,1.0
72de498a-6f83-5176-987e-bb92815dcf72,66,35,11,38,30,0.7894736842105263,5,2,0,5,4,0.8
5bb138e3-fe9a-58dd-b207-98279a8c499c,6,1,0,10,13,1.3,7,4,0,10,9,0.9
ee0e87ac-fbc7-583a-8c43-027ef2ba99a7,84,46,27,1,4,4.0,99,54,37,12,5,0.4166666666666667
232bf198-412d-5559-ac06-162bcb9370d4,110,63,12,18,16,0.8888888888888888,47,26,4,9,10,1.1111111111111112
bea018ad-e4ac-57f2-a2ca-c0bfca26c5d0,15,5,2,30,8,0.26666666666666666,14,4,2,30,8,0.26666666666666666
99ee27c0-b3c0-5a10-94bf-5859d0ffe4fa,65,31,9,23,13,0.5652173913043478,54,23,12,34,12,0.35294117647058826
def387c6-0909-5c69-8212-0764bcab92aa,35,20,2,19,12,0.631578947368421,57,33,19,62,7,0.11290322580645161
a5626ac7-f79b-5807-8e92-48ff958f855d,38,14,8,14,15,1.0714285714285714,19,4,3,4,4,1.0
8e7faa3b-2469-51be-8680-ffe9a0361550,40,19,10,5,6,1.2,31,13,5,5,4,0.8
db84b241-1f1e-5a2c-a467-0431500c42cb,71,23,10,30,16,0.5333333333333333,32,9,11,6,2,0.3333333333333333
6c1c5a83-67eb-5c67-847c-538dbc6e82a4,20,9,1,20,22,1.1,24,14,2,10,7,0.7
fbe69df8-ccba-58f5-bf85-eb9a2f2ff408,9,1,0,2,5,2.5,15,6,0,5,4,0.8
3c540932-a706-521c-9f82-515749d68b49,88,50,15,15,15,1.0,44,28,13,26,10,0.38461538461538464
1d1189cc-7d7c-5a74-a8b1-3b02c95d997b,48,20,11,6,8,1.3333333333333333,26,13,4,6,5,0.8333333333333334
8dcdc926-878b-5d40-8708-6369aeb59a9d,25,16,4,8,18,2.25,41,20,14,27,5,0.18518518518518517
9b93f1b7-0a9e-5cb2-8e9e-0ec0116b392e,4,4,0,2,5,2.5,18,9,0,9,6,0.6666666666666666
59156dfc-26e7-5c75-be39-c4b2350d34c5,49,30,3,17,10,0.5882352941176471,60,28,19,124,25,0.20161290322580644
108c2b76-9c5f-5d07-b818-7ce9723a60ab,71,33,12,19,22,1.1578947368421053,83,44,24,23,14,0.6086956521739131
d7575e2f-1d30-5cc3-9a93-0625b378d490,51,27,15,37,29,0.7837837837837838,42,20,12,13,8,0.6153846153846154
b7dc794e-d831-5fd1-bd82-613117777a67,48,16,6,8,10,1.25,33,8,6,2,3,1.5
6d0d8f43-03b0-53ea-9597-bcd5609c4461,7,0,0,5,6,1.2,24,15,4,7,4,0.5714285714285714
0159d31f-6038-5c2c-ab82-791f3b3e315a,47,16,5,10,7,0.7,44,19,19,44,6,0.13636363636363635
36da045a-2a1f-51a9-b459-319c7bed33a8,43,19,2,43,21,0.4883720930232558,38,14,14,24,4,0.16666666666666666
37a1e423-c795-52c9-b7f8-0c9dd586fe0d,21,8,4,16,7,0.4375,24,18,7,23,6,0.2608695652173913
07bf7efd-e978-50b0-8ad7-6f28bca0ef43,21,12,2,13,11,0.8461538461538461,39,29,8,13,5,0.38461538461538464
69bfaa08-a0c4-5135-857a-0901c10d675a,19,9,3,10,10,1.0,17,9,0,8,6,0.75
5c42e8b8-8a45-5742-8114-1f7f3897b831,66,34,2,16,15,0.9375,34,22,1,18,9,0.5
f6e643a0-9aa7-5021-91b7-ddee5f9755bd,29,11,4,34,8,0.23529411764705882,30,13,11,58,7,0.1206896551724138
f8026f2d-d7c7-5ce6-95e1-f4454675562b,13,7,0,4,10,2.5,14,7,0,5,4,0.8
21296e1b-39c0-5d0d-96b6-8b95b005a8cc,37,25,6,8,10,1.25,24,4,5,4,4,1.0
3182a3e9-7978-5443-8cfd-e8cff3ae737a,95,61,36,44,5,0.11363636363636363,101,52,33,66,5,0.07575757575757576
0262cdc9-d7e7-5bf4-8eef-3fdfa8dfd041,20,13,3,7,14,2.0,33,13,5,2,2,1.0
8352c8da-589c-54d1-b92a-582dfa557de9,94,63,17,44,20,0.45454545454545453,46,16,18,12,4,0.3333333333333333
7b07d3c2-1be8-5095-a11e-95732e710280,5,2,0,2,3,1.5,32,13,9,29,5,0.1724137931034483
93b8c9cb-5830-5d08-8455-04a554417141,48,20,9,7,4,0.5714285714285714,68,28,16,9,5,0.5555555555555556
00e0db33-1d93-52dc-a87d-ae17b974d735,66,30,17,20,9,0.45,62,22,14,31,6,0.1935483870967742
f09d84fe-c483-5585-9584-f3930aecc7ef,46,19,8,13,15,1.1538461538461537,30,4,3,2,2,1.0
de04a0ae-7666-5e4c-9ad9-1b35c757c823,20,9,0,15,8,0.5333333333333333,21,11,0,14,6,0.42857142857142855
6d4a6a7f-46b5-5094-b1bb-58315e8623ae,10,6,0,5,4,0.8,14,9,0,7,3,0.42857142857142855
807e11c0-dd85-5e4a-9806-4c7ae71e432b,26,10,7,4,10,2.5,26,12,8,2,5,2.5
de09857b-4f6a-5022-8170-bbe64512e0a4,60,26,13,15,18,1.2,36,19,15,18,9,0.5
56562284-be9b-50de-a706-5e16c6e9012a,28,11,11,4,7,1.75,30,9,12,4,5,1.25
b0ad8896-40dd-5053-ba9b-8afb4f70cdf2,75,46,11,24,22,0.9166666666666666,54,33,16,14,9,0.6428571428571429
72c4f9d9-063e-5f6f-b435-942180a823fe,12,4,0,11,6,0.5454545454545454,3,1,0,9,4,0.4444444444444444
4c5644a7-0015-57e6-80cd-d800f8422369,46,24,7,21,23,1.0952380952380953,74,28,24,34,14,0.4117647058823529
e0bf2d65-26df-53e7-8332-fff9581a6387,7,2,0,9,7,0.7777777777777778,10,3,2,40,5,0.125
68f736e1-b6b6-54d9-81d1-e2f8abc3a33e,115,59,49,14,10,0.7142857142857143,52,25,15,16,9,0.5625
aeeb40db-2f0f-589d-aa16-662436ac0792,3,3,0,3,7,2.3333333333333335,14,5,4,13,13,1.0
890f80cf-5ecd-579b-8478-168c4b704eb8,105,40,15,34,22,0.6470588235294118,21,8,5,5,5,1.0
30effa01-b29d-5ea3-955f-9284458ab5d6,19,16,0,2,6,3.0,37,15,7,8,7,0.875
dd910f6b-2968-5e6d-84d0-f022c16bcb5c,10,6,2,5,7,1.4,13,6,4,4,5,1.25
277694b9-644d-58d4-803c-dbb55326c44d,31,13,1,20,22,1.1,54,19,16,63,20,0.31746031746031744
76cdb25e-79cf-5a53-a713-5949ec8b9cf7,20,10,4,2,2,1.0,60,22,16,2,2,1.0
4860e4db-088d-5cf4-af7d-c888837fc1c2,51,28,11,13,13,1.0,40,16,9,6,6,1.0
45b25f4e-2c16-5605-b583-053b42247214,21,9,3,5,6,1.2,13,3,1,4,5,1.25
5a8e9a1a-a196-5457-a9ba-e4d1228b5f4a,91,34,13,46,31,0.6739130434782609,26,12,7,4,3,0.75
ad1c2cc7-d27b-5c96-9bd5-3d3e5e3d59f7,15,6,1,1,5,5.0,25,5,9,1,2,2.0
1eb165a1-7062-5f5a-9a60-87a0b909df9b,15,8,4,8,12,1.5,13,2,0,12,4,0.3333333333333333
87dd3123-6e42-5550-bc24-59c46b922f12,35,15,5,3,5,1.6666666666666667,44,19,13,8,6,0.75
6bd2438d-a61b-5d78-969d-cd45d788229a,30,11,3,13,15,1.1538461538461537,27,2,4,3,3,1.0
172ffd3e-159a-570c-b9a2-97f91c2e9aef,65,28,11,73,28,0.3835616438356164,89,38,27,78,19,0.24358974358974358
dc8dc7cd-f766-5e06-a4c9-d1a184c9619b,11,1,0,5,7,1.4,20,2,2,1,2,2.0
9d8c286c-8b3e-5c1c-a620-48acad04f060,34,14,2,19,23,1.2105263157894737,48,20,20,18,12,0.6666666666666666
9d85a1f2-b6b3-5283-9ea6-93de6a793074,70,33,23,18,7,0.3888888888888889,57,31,22,48,8,0.16666666666666666
f1d192a2-96ed-567b-9b30-c9696b766f0a,23,9,9,23,18,0.782608695652174,89,30,32,66,24,0.36363636363636365
45b076b8-fa76-5103-9ae1-92be3d1b133f,23,12,5,8,7,0.875,34,16,13,5,5,1.0
dd243907-4426-53e2-9eb2-51de6872242c,15,10,4,13,12,0.9230769230769231,48,21,11,9,8,0.8888888888888888
d5f31088-76af-576d-913e-3fdba9ab8fbf,68,29,20,2,10,5.0,71,28,22,12,10,0.8333333333333334
906f8b69-c311-5986-83ab-b6d178da75a9,42,19,6,12,18,1.5,43,20,12,8,9,1.125
8b19bf1f-fdc7-5125-9b80-a99f3683a106,47,20,2,57,22,0.38596491228070173,34,8,8,35,9,0.2571428571428571
226cb42e-65f2-5cc3-9cd0-976f4dd84ffb,16,9,2,7,14,2.0,24,9,7,25,13,0.52
f2a5e7c2-f973-5fa6-bf56-1e7fa6df583a,21,12,6,20,16,0.8,18,7,6,8,5,0.625
8bccc147-9597-5bd5-bfde-3ebeff9827eb,20,12,3,12,14,1.1666666666666667,28,10,7,8,6,0.75
a3a25b5d-5be9-5074-99ee-55047cc90463,6,3,1,4,7,1.75,9,1,2,6,7,1.1666666666666667
249837f1-b965-559d-b280-350a4cddda71,44,24,10,28,21,0.75,17,9,3,8,4,0.5
06ca221d-50c6-5c81-a03b-14e494bf93ab,93,39,10,74,25,0.33783783783783783,85,33,10,14,6,0.42857142857142855
90701cbc-358d-5b64-b3e6-75c0ba74c082,54,31,13,16,21,1.3125,48,19,12,16,9,0.5625
d7b68dc3-f90e-59b3-b8d5-81be37b270c5,84,47,23,14,6,0.42857142857142855,44,23,10,3,4,1.3333333333333333
ac077fd9-0638-5bf9-9714-95669203672c,34,24,7,35,23,0.6571428571428571,34,25,8,41,21,0.5121951219512195
8cef42ab-9827-5b8b-8843-dd4736d4f72b,27,19,7,43,15,0.3488372093023256,19,7,8,26,6,0.23076923076923078
3d298fa2-f5fc-5cac-af43-35fddd221f5e,33,21,5,5,11,2.2,30,14,10,6,4,0.6666666666666666
dd457978-a16d-5bcf-be6a-825bd0fe287c,15,10,1,7,7,1.0,13,5,0,3,3,1.0
0da16687-84c4-5dcb-bc9d-b7b2b7d848c4,18,7,4,13,5,0.38461538461538464,38,16,15,24,5,0.20833333333333334
53290747-aa04-5bb0-a5ee-23c24d40d328,2,0,0,1,3,3.0,14,6,2,3,3,1.0
dc0a3748-341c-531d-a1a4-f30a7898d1ab,37,26,5,12,13,1.0833333333333333,59,28,10,3,3,1.0
c0d0a7f8-6101-5e27-b14c-f237872c7085,12,4,2,4,9,2.25,33,14,5,9,7,0.7777777777777778
0e7d23c7-0c9f-59fd-9210-a9a3fa6355c8,34,21,11,3,5,1.6666666666666667,31,13,12,1,2,2.0
1ea042ec-2381-52b6-97b3-f914aa475ece,46,32,6,16,13,0.8125,38,14,7,9,7,0.7777777777777778
249b2920-0129-5511-84a1-b555e263e124,19,9,3,11,15,1.3636363636363635,33,14,8,4,4,1.0
d761d38d-99c9-59f7-b9fa-8aff99562694,2,1,0,2,5,2.5,2,0,0,2,2,1.0
b32fd6b2-5564-5949-b551-c951638f171f,27,11,4,30,14,0.4666666666666667,6,4,3,4,4,1.0
6c2bd92c-f5bb-58d1-aacc-2d2f3ea4df31,112,57,9,100,64,0.64,75,36,18,21,10,0.47619047619047616
6a1cd1c6-693c-58cf-afc7-e4f04cdd7281,68,40,18,12,14,1.1666666666666667,52,29,11,7,6,0.8571428571428571
c76ace53-7349-5ed5-8f35-012c36aa7613,16,8,0,10,15,1.5,23,10,4,9,4,0.4444444444444444
93fb0c19-47d0-5215-9508-a21d19496cf4,159,74,50,89,33,0.3707865168539326,76,37,21,27,5,0.18518518518518517
759b2a60-49d6-5e78-be53-b830a8f07381,10,4,0,8,5,0.625,6,3,2,6,3,0.5
6a9d783c-e483-5caf-9e24-36ce731fdca5,32,16,3,2,4,2.0,37,15,3,13,6,0.46153846153846156
468a8357-3267-55fb-9a6c-310f306562ca,62,33,19,7,5,0.7142857142857143,53,27,19,9,4,0.4444444444444444
ec7f806f-b2c5-510f-bc50-f161823167f4,42,26,13,27,8,0.2962962962962963,9,3,1,13,7,0.5384615384615384
bd9c709f-1b35-5a0f-a507-7eb08569c3bb,60,26,11,23,21,0.9130434782608695,63,27,14,26,9,0.34615384615384615
1ca8a89b-be81-5d32-971d-5e8b7e3127c9,149,66,16,60,27,0.45,27,7,5,2,2,1.0
4acf0825-8275-51ea-91e5-3beb1dc3577c,4,0,0,8,10,1.25,9,4,0,11,7,0.6363636363636364
e80788b2-a393-5e84-bd1e-6ad2aa5f984f,6,5,0,4,6,1.5,28,12,8,19,5,0.2631578947368421
80935447-2b45-5dfa-b0b3-28424bba5e90,17,7,1,5,15,3.0,11,4,0,4,4,1.0
3cd000e2-b214-5859-a421-607f50ecb140,36,15,2,4,8,2.0,49,15,14,2,6,3.0
ba16553b-38b5-5c64-9832-3a5f919fcf6f,33,16,2,17,15,0.8823529411764706,35,9,10,7,6,0.8571428571428571
72782f96-1023-51ba-8085-bcad669bf33e,42,24,2,12,10,0.8333333333333334,25,8,6,6,2,0.3333333333333333
6709058c-d34a-5053-baa6-b56c6972fd47,42,15,4,19,18,0.9473684210526315,82,40,31,38,7,0.18421052631578946
32e87abf-f0dc-5371-9d25-6f6c12070a9e,35,22,3,7,9,1.2857142857142858,49,31,13,25,10,0.4
a269bca4-d650-5756-90da-e09cd8c64538,109,71,16,85,52,0.611764705882353,21,9,3,4,4,1.0
a00e8681-b17d-5cb5-870b-a36e8aaab6a2,35,17,7,3,11,3.6666666666666665,24,11,6,1,2,2.0
b413011a-9673-52e6-8e6c-38d22e807bd5,36,14,3,31,18,0.5806451612903226,68,31,26,85,15,0.17647058823529413
fcc88f87-3e84-58ee-b8df-0a09c0f8080d,35,20,9,4,9,2.25,53,26,13,14,15,1.0714285714285714
603e953b-3cd2-5bc3-8c86-5e78fa3abe25,10,5,1,2,16,8.0,20,7,5,6,16,2.6666666666666665
7bbce5ab-871b-5bbf-a445-4c4881db0202,59,18,4,19,17,0.8947368421052632,67,27,27,12,11,0.9166666666666666
3e0af63e-a9d6-5f57-b098-407979c4120f,19,9,2,17,16,0.9411764705882353,72,33,36,79,7,0.08860759493670886
f4e30868-376b-5505-b2a4-d48ef8b586eb,26,13,2,8,14,1.75,12,4,3,4,4,1.0
fc8e6bd0-b9c9-57fa-9aad-a15b337d880c,111,53,39,88,9,0.10227272727272728,52,20,12,72,12,0.16666666666666666
91985085-b857-5d05-a0eb-6ad636ad2aa4,16,6,4,7,10,1.4285714285714286,29,16,6,9,10,1.1111111111111112
fd04ceea-43c6-572e-84f5-47c28d1abdbe,33,18,3,13,16,1.2307692307692308,39,26,2,9,8,0.8888888888888888
0246fb93-9689-5b67-9bad-461d483e0965,45,31,13,3,11,3.6666666666666665,29,10,10,1,2,2.0
ae0d18d0-a763-5650-82f0-2eb751eba1a6,70,26,7,7,13,1.8571428571428572,78,28,26,49,9,0.1836734693877551
f7bc8dce-a010-58b3-8120-e5005752006b,42,21,11,9,23,2.5555555555555554,59,34,23,12,19,1.5833333333333333
9444b9df-2ae6-5490-9ba5-4f39f15c3b3a,12,6,0,4,7,1.75,21,11,0,7,4,0.5714285714285714
61ff5813-d2b4-5b88-a064-21685c47bb69,55,23,14,7,11,1.5714285714285714,42,14,18,9,4,0.4444444444444444
3fe9d396-e010-5d75-81dc-292c33925369,39,19,10,1,7,7.0,59,34,22,2,3,1.5
4da765b9-5737-52f4-afcb-0f5a58595966,16,14,1,9,17,1.8888888888888888,25,10,5,4,4,1.0
c22278f1-6491-5fae-b415-05e2035e345e,30,27,3,2,4,2.0,188,89,70,107,26,0.24299065420560748
8298f6ad-46ed-53a9-a3ef-5da635ecfa68,54,33,8,15,12,0.8,55,27,20,40,10,0.25
856882cd-28fc-54eb-b3f2-43beaac75f86,20,12,5,8,10,1.25,14,6,5,18,4,0.2222222222222222
8a69db34-7d87-51e5-96d8-2f01074b65c5,20,8,2,1,4,4.0,13,3,2,3,5,1.6666666666666667
cc27a88c-6e10-5759-9ee5-9ebce8e31b71,41,14,10,6,7,1.1666666666666667,38,16,13,3,3,1.0
383523d4-9b8b-52d3-884e-e3860f28ffde,63,42,19,43,22,0.5116279069767442,79,32,22,59,8,0.13559322033898305
8b8f4767-fe2c-592e-8777-b7f23a545184,51,26,5,25,14,0.56,67,36,23,29,8,0.27586206896551724
3bac32b8-cb0e-5080-96b5-b493364833e0,40,20,10,5,13,2.6,59,22,15,30,7,0.23333333333333334
9b73dac0-e6fa-5b75-8608-36d45c74b33e,19,11,1,1,2,2.0,94,32,23,18,14,0.7777777777777778
8c4315e8-1d4f-5c23-ad8f-377e6475c919,59,31,20,20,12,0.6,42,18,8,15,7,0.4666666666666667
0e5ef78d-8143-5e51-9973-7307fbd6b912,3,0,0,12,5,0.4166666666666667,6,0,0,12,4,0.3333333333333333
49f9b472-7cdd-5c3f-ae1a-61699d99eedf,18,7,2,7,13,1.8571428571428572,17,6,3,6,5,0.8333333333333334
7ffb905b-56e6-53a1-9c35-93f73f8ae75e,31,20,6,5,8,1.6,34,9,8,3,3,1.0
6d6bae0e-8526-51d4-b842-2c487748d8c6,19,8,2,2,12,6.0,20,12,6,4,6,1.5
f55c0357-ad47-56ad-b0e9-c5884510cb78,22,11,1,3,6,2.0,13,6,0,5,4,0.8
4934be8f-e272-57de-bfed-77d9ded473c9,36,25,6,11,16,1.4545454545454546,96,38,28,11,9,0.8181818181818182
c9a08396-650e-570a-92da-2ab2e39fd08e,17,4,0,17,10,0.5882352941176471,18,5,4,22,3,0.13636363636363635
36f63926-9cc1-5392-b7c5-d95902d59d8c,22,9,1,6,5,0.8333333333333334,79,22,22,24,10,0.4166666666666667
b14fcfb8-e145-587c-b8bf-2d90c7cb9983,2,1,0,2,7,3.5,4,1,0,2,2,1.0
684fddf9-e747-5736-9a0a-d1b596adab8f,43,23,6,13,16,1.2307692307692308,25,14,4,5,7,1.4
7248311e-7467-5444-94fb-402669f1e717,29,18,7,8,10,1.25,41,13,14,9,10,1.1111111111111112
90ec6453-29f2-5fee-ad97-ab39c9de5284,42,25,1,31,25,0.8064516129032258,20,6,6,9,7,0.7777777777777778
5eec702b-27ae-51ba-baaa-431893af28ad,10,4,2,2,7,3.5,8,3,2,2,2,1.0
ab6b06c9-ac1a-5014-b8cb-a440e34aad69,2,0,0,2,2,1.0,6,2,0,4,3,0.75
f8f38f64-f35f-5282-b170-8281cb19fe55,41,12,7,1,2,2.0,49,15,12,4,4,1.0
3bb9dd52-a934-5473-bad5-80eb1630034c,81,42,13,28,20,0.7142857142857143,43,16,10,11,8,0.7272727272727273
6bc196c8-beda-544f-9752-34b670f8d0f1,38,10,0,10,7,0.7,28,7,2,29,9,0.3103448275862069
ca4ab9ef-7a76-59d1-8600-6d01dec5cb38,64,38,15,32,21,0.65625,53,20,6,50,9,0.18
9b7f569b-8c1e-5454-a8a6-0c6c8be6a250,35,22,3,5,8,1.6,69,31,17,24,8,0.3333333333333333
bb3c3e38-2a01-5551-9169-0b459cfd58c1,10,4,1,4,6,1.5,21,6,8,2,2,1.0
2e09deed-2839-5ada-b1f8-5a60f8e690d0,69,41,3,28,16,0.5714285714285714,54,22,12,17,7,0.4117647058823529
e8903db6-68a8-5b57-85da-352997aeda4f,47,19,5,23,10,0.43478260869565216,37,15,13,5,3,0.6
a02e1387-1dcd-595f-bea3-51a089130186,13,8,2,14,12,0.8571428571428571,15,5,4,17,7,0.4117647058823529
e653c233-3687-5807-bfe5-3b2fc4f6491b,18,7,4,3,3,1.0,45,19,13,6,4,0.6666666666666666
5cd63bb0-ba05-5c4e-b589-92ef6516bbf4,25,6,1,19,16,0.8421052631578947,24,7,2,13,14,1.0769230769230769
d339e847-d186-5270-afd0-b89a6ea0a505,24,17,3,16,20,1.25,30,9,10,10,7,0.7
bf1dd3dd-a522-582a-b25b-a4e14f43c20f,112,66,20,71,35,0.49295774647887325,9,3,1,7,6,0.8571428571428571
9a43f44e-6ac9-5a52-a733-af7a383a5c86,39,16,1,31,33,1.064516129032258,57,25,19,14,10,0.7142857142857143
e152b88f-0748-5291-8ea9-602383917527,22,11,3,15,10,0.6666666666666666,63,25,30,9,2,0.2222222222222222
12ddfb64-0f4c-582d-8a5b-7e064d545bf9,54,28,24,21,16,0.7619047619047619,29,11,6,9,9,1.0
01d89852-ea0f-5a66-950b-3641fe4ee5d2,50,21,10,10,10,1.0,13,5,0,20,7,0.35
f513d076-6778-5695-9abf-b12b51882a3f,112,70,20,92,51,0.5543478260869565,38,25,8,29,20,0.6896551724137931
1f60568f-c1ce-5ebf-95ee-fe4c9d3656a5,39,21,5,8,8,1.0,10,6,5,20,4,0.2
c8cf6c63-1433-59b8-aba5-1d0a7130526a,32,37,7,8,10,1.25,10,5,0,2,3,1.5
bc9a98ea-6ea2-565f-b852-939c475ad922,41,25,8,20,16,0.8,33,20,8,19,12,0.631578947368421
4648e6ee-cebb-5616-b110-aabd8371d354,22,7,6,2,2,1.0,30,9,7,2,2,1.0
65147308-8c8a-5444-ba28-d9e8dc3043a6,31,9,3,5,9,1.8,49,19,16,4,3,0.75
9dade088-3238-5aad-909a-675a0f4e47f5,19,10,2,7,10,1.4285714285714286,42,14,15,3,5,1.6666666666666667
68b371df-2a16-5de0-8b8b-6fecb903a0e6,14,7,4,5,6,1.2,10,2,0,2,2,1.0
a57e4b7b-9676-5293-8615-38ef0f18b192,16,6,4,16,13,0.8125,41,15,13,24,5,0.20833333333333334
c7ae6c9e-4877-51b5-9285-2362f7c8636d,6,3,0,1,3,3.0,14,6,3,3,3,1.0
7459b7db-fba1-5f0d-91c0-d230561ad2c9,17,6,1,6,10,1.6666666666666667,15,7,3,2,3,1.5
40918b74-eeaf-59eb-a035-992b358599a0,32,22,7,12,11,0.9166666666666666,40,12,16,24,8,0.3333333333333333
a9cebebd-a9b6-5bbc-b8fb-2ce483a86692,57,28,8,27,18,0.6666666666666666,97,50,33,118,27,0.2288135593220339
6e2dc401-e159-594a-bd2f-dd52de27bedb,20,11,8,3,6,2.0,22,12,8,6,7,1.1666666666666667
5d1e3d23-8bb6-580d-8acc-995defc49d6e,5,1,0,5,3,0.6,23,10,5,5,3,0.6
7403e3c1-4633-58d7-bb66-dfb4c263e8cc,37,22,2,14,11,0.7857142857142857,20,11,3,21,13,0.6190476190476191
b175bebe-b3e3-5273-83a1-1b03f8917d6c,33,14,4,5,6,1.2,14,6,0,7,4,0.5714285714285714
38784c8a-b826-5b1b-8ee6-140904c676b6,6,3,0,6,5,0.8333333333333334,20,11,0,12,5,0.4166666666666667
5bc51951-a1b7-5aed-88b2-1e37b5e5dde5,50,19,3,13,12,0.9230769230769231,37,16,15,16,6,0.375
5b7914b9-62b1-5a76-a750-6b77e590fbe2,112,91,20,12,13,1.0833333333333333,94,55,25,48,6,0.125
ca2874ed-6b10-565c-a82e-ffed45231803,21,9,2,10,9,0.9,12,5,2,7,3,0.42857142857142855
88ee2b29-9b93-51ac-aa54-e12ff6b99508,4,1,0,2,5,2.5,4,1,0,5,4,0.8
b493f17a-d026-56cf-b018-2dbbebed98bf,53,32,26,12,5,0.4166666666666667,38,17,16,26,5,0.19230769230769232
87ba057a-7289-5e66-be70-0b90d991b738,18,4,2,7,9,1.2857142857142858,10,1,0,3,3,1.0
d3151173-11bd-5bf0-8df4-564d52ccafab,176,171,41,26,19,0.7307692307692307,157,156,41,21,15,0.7142857142857143
37334f86-c8dc-5d14-8f29-e634e7378475,43,17,3,18,15,0.8333333333333334,58,25,14,8,3,0.375
b2b6ffb1-3b33-53c3-8d3c-a161b4067b51,89,45,6,3,7,2.3333333333333335,138,61,46,11,9,0.8181818181818182
1f76092e-ebc5-5f7e-b74f-704670f7d98e,26,7,1,30,7,0.23333333333333334,34,8,5,52,7,0.1346153846153846
64cde559-14ca-5926-b4e6-7a3050268856,50,32,5,5,5,1.0,24,9,8,17,8,0.47058823529411764
5a6cc050-ab23-5a5e-9272-6135966f3371,27,7,8,16,11,0.6875,9,5,6,12,9,0.75
372c0ff5-3981-58db-8cf7-4335b780a1c1,29,10,0,127,28,0.2204724409448819,20,12,6,64,10,0.15625
8a1fa5e8-0c2f-5eff-a218-547348d2c5a4,44,20,3,20,16,0.8,75,32,23,104,10,0.09615384615384616
aa1b58ca-1850-5004-a691-261b26b5af9c,39,24,18,21,13,0.6190476190476191,21,9,4,3,5,1.6666666666666667
d65c7cb3-0bfc-5159-b102-e69609dc0da9,9,5,0,3,5,1.6666666666666667,11,5,0,7,5,0.7142857142857143
606263d6-1eb6-52bb-b391-136444693c17,67,33,8,14,11,0.7857142857142857,42,26,4,7,5,0.7142857142857143
5328b332-a67b-5cc1-b00d-513a3d792e7e,50,18,4,4,4,1.0,21,7,3,8,5,0.625
873d18a3-79f2-5942-be59-bf0cc35e1643,46,30,7,30,21,0.7,25,15,1,12,7,0.5833333333333334
b6cf8943-34c6-583d-bbfc-b0ecf8062b0e,41,24,7,28,22,0.7857142857142857,33,20,7,17,8,0.47058823529411764
bb053727-eb86-50ea-ae41-94bd6c8fcfd6,33,10,1,18,16,0.8888888888888888,38,19,10,3,3,1.0
589e666d-f937-59d6-bcf1-60cc3869514d,12,3,0,6,4,0.6666666666666666,30,14,4,13,9,0.6923076923076923
f56e7f55-76c4-5aff-aab5-da4d8bd69fbd,135,77,50,65,40,0.6153846153846154,168,67,51,41,16,0.3902439024390244
bb5a8572-d1f3-5ca8-81f8-c3b2379667f5,54,24,3,19,20,1.0526315789473684,34,14,7,14,9,0.6428571428571429
6713064f-bc63-5946-bad9-f334eaf381ba,61,33,12,48,19,0.3958333333333333,33,18,6,43,16,0.37209302325581395
1849fe1f-409c-59b4-adaf-74b2717fe70c,64,41,21,59,36,0.6101694915254238,9,3,3,4,2,0.5
a1bf3c9b-b6f6-59fd-93da-4a0ca446cff9,23,8,1,13,12,0.9230769230769231,44,19,14,9,7,0.7777777777777778
ba472fae-5ef5-5c03-8123-b4e6baa9b01a,144,79,23,7,6,0.8571428571428571,15,4,1,2,3,1.5
9ac7c899-d910-5163-b8ae-052120bbfa9e,4,2,0,3,4,1.3333333333333333,10,0,0,10,4,0.4
d10fa814-ed09-5066-8fcb-fc6dd842b128,20,10,0,1,7,7.0,27,16,6,14,10,0.7142857142857143
99b95cc2-e552-5387-b5df-8ab3218fd0c4,3,0,0,2,2,1.0,3,0,0,2,2,1.0
9e347203-eb44-50f4-83ee-0d24fc34bbe6,4,1,0,6,3,0.5,4,1,0,6,3,0.5
a392540e-6076-52a9-8444-91ca61a34330,53,34,12,26,21,0.8076923076923077,33,19,6,22,9,0.4090909090909091
bdb4b45b-0ccb-5966-92e2-0d8a26851a1a,6,2,0,3,5,1.6666666666666667,12,5,3,12,11,0.9166666666666666
c87e395f-741f-5397-a2fe-8acea07201bd,68,28,11,20,24,1.2,94,41,29,5,3,0.6
de3eff1a-fdca-5a67-8536-24b9d69f829d,20,6,6,10,9,0.9,4,0,0,7,8,1.1428571428571428
df1cba21-ddf9-564f-a188-d7d8eae038b2,43,16,1,24,22,0.9166666666666666,37,10,4,30,19,0.6333333333333333
11ff4653-df64-58a9-a738-7e6d68cf93e9,204,126,56,81,31,0.38271604938271603,19,6,3,4,4,1.0
9a84ead7-2634-5bc0-8895-b0f1f20eacd8,9,3,1,2,5,2.5,12,1,0,3,5,1.6666666666666667
f04e2b35-6342-52de-a8e8-c56d438dc633,52,39,9,5,6,1.2,40,16,11,6,6,1.0
c15fef76-9e05-5917-9dfc-9ed3123b4af5,61,31,2,35,22,0.6285714285714286,50,28,5,43,12,0.27906976744186046
43d40622-558e-54a1-9267-d1c170f2514b,12,9,0,1,3,3.0,28,11,2,21,7,0.3333333333333333
4c655b55-a37a-59f0-9a1e-3e2c620e6ac9,34,21,12,2,4,2.0,38,19,14,2,5,2.5
394974f3-f515-58d7-86ed-afac04819841,38,14,11,6,11,1.8333333333333333,16,18,6,14,5,0.35714285714285715
e1eb0769-040a-547c-903f-f4045f85bfd6,35,16,5,21,15,0.7142857142857143,38,21,13,15,5,0.3333333333333333
6e8bdcad-7c99-5e59-849a-8cf59b8ea59f,113,57,16,32,25,0.78125,28,17,11,7,5,0.7142857142857143
10e275b0-4ce1-5851-b184-8dec8ad693c3,30,13,10,7,12,1.7142857142857142,47,22,14,26,24,0.9230769230769231
705a22a2-1b75-59ef-940c-24e5ecd33f33,52,26,3,8,12,1.5,37,14,11,3,6,2.0
fcf0f18b-e5dd-57d3-b714-0ff239ade8eb,6,3,1,5,6,1.2,25,12,4,10,3,0.3
16b89c57-152d-50fe-b1b8-b13416be5ab3,23,13,0,8,10,1.25,71,36,15,32,20,0.625
c8410060-69de-53a6-a441-c2edc2c8b418,8,3,0,7,11,1.5714285714285714,20,11,4,4,4,1.0
0518d62e-9710-5e99-b0a6-6231e9e7be3a,13,14,0,7,9,1.2857142857142858,35,17,10,57,19,0.3333333333333333
54ac9870-2a9e-59c3-9834-b085f76f5bf1,25,14,5,11,8,0.7272727272727273,8,1,0,5,5,1.0
b21f3236-d5f9-5827-9c69-aa64066f3bc9,35,7,7,16,15,0.9375,16,5,3,3,3,1.0
52b469f2-4a67-5419-bf97-40a98505f426,65,38,4,23,13,0.5652173913043478,34,16,2,16,12,0.75
f07a830b-3e64-5ec7-8afd-475c161df4df,2,0,0,1,6,6.0,2,0,0,2,3,1.5
c3cc3ea9-e3f8-5546-a128-da936797776c,50,37,0,11,13,1.1818181818181819,18,9,2,6,5,0.8333333333333334
849af7a9-c030-550e-840a-d10646486e60,24,17,4,15,20,1.3333333333333333,22,10,6,3,4,1.3333333333333333
7be2480a-9297-5b8a-8892-b3bc3c9a3a50,53,25,1,52,39,0.75,52,27,1,47,33,0.7021276595744681
527c772b-1a9d-5b5f-b126-3f734c0fca8d,9,4,0,1,6,6.0,60,17,7,9,7,0.7777777777777778
87179bc6-eabc-5a30-97f2-4ea746b1aa08,8,3,0,2,4,2.0,10,4,1,5,5,1.0
bcf406a7-3112-5062-ac6d-a4f5e49b7871,68,47,14,47,39,0.8297872340425532,25,7,7,4,3,0.75
24d3c557-13e0-5cc1-8772-8510c5ad0f7b,36,20,4,22,19,0.8636363636363636,9,3,0,4,4,1.0
5f3e048c-ac06-507d-bbe5-1098c2399599,91,42,1,18,10,0.5555555555555556,104,49,16,13,12,0.9230769230769231
ddc40137-c6b3-5bfe-a454-5c151a57ae2d,24,18,4,2,5,2.5,22,11,4,3,3,1.0
3663eb3a-8388-506c-b0d9-92638596d288,11,5,0,1,2,2.0,23,12,5,3,3,1.0
c05c0f3f-df7f-5ec2-9835-17e46bddfc01,31,19,0,14,15,1.0714285714285714,39,19,5,12,7,0.5833333333333334
b535e6de-f9c4-5e0e-88ad-6aa8d825a69e,11,0,0,12,12,1.0,31,20,8,25,5,0.2
3090a705-ad8c-5c9a-86d1-266382124bf2,221,100,29,28,15,0.5357142857142857,19,11,6,4,6,1.5
c25dc050-a35b-518c-8335-74d4251bf660,104,50,30,88,30,0.3409090909090909,60,20,16,66,7,0.10606060606060606
5ccbdde8-ddd0-50c1-a4df-5ef6a967cb17,20,12,2,5,7,1.4,19,7,6,3,3,1.0
df08254f-fe53-53ff-993f-8bd550432e39,22,10,0,12,11,0.9166666666666666,64,24,18,37,7,0.1891891891891892
771a6379-11d8-5799-ae5b-68692c193742,80,48,10,16,17,1.0625,25,16,6,14,10,0.7142857142857143
e59fe251-9afa-5980-bd66-2253077f4a15,153,86,18,118,79,0.6694915254237288,79,38,24,22,11,0.5
9a64ef28-c393-5de8-8f2c-1a929fdae483,31,10,2,17,13,0.7647058823529411,50,27,16,12,3,0.25
04dea9e8-c069-5d3c-b69c-cd1bd30dbc61,16,8,0,3,9,3.0,53,21,23,19,12,0.631578947368421
c5971cb9-3e4e-5443-86f0-0f98cc48e6c8,80,44,0,37,14,0.3783783783783784,262,111,45,133,28,0.21052631578947367
a25858ff-a5b5-557f-a402-93471de7f916,42,17,15,12,4,0.3333333333333333,56,18,22,22,10,0.45454545454545453
81567764-62a2-5040-8b69-bdf70a1d24a3,41,11,2,9,10,1.1111111111111112,22,9,2,22,10,0.45454545454545453
cb601cdf-7d90-5875-ad9a-3ff2111e71cb,24,13,5,23,22,0.9565217391304348,39,23,13,67,27,0.40298507462686567
fccad9e3-387e-5b8a-9e72-4237473a54e4,49,19,7,46,28,0.6086956521739131,28,10,7,17,6,0.35294117647058826
3a370647-3069-53d5-98a1-739dc5f16435,39,16,13,5,4,0.8,23,16,6,5,4,0.8
c68baeaa-ed47-57cf-9c18-6f1b67b9c208,22,5,0,2,15,7.5,19,9,5,1,3,3.0
e9747003-4ee7-50a4-8b7e-053971197faa,41,20,15,23,20,0.8695652173913043,44,20,14,9,9,1.0
c6656936-f9fc-54f6-98ad-1361abd0ea65,138,76,31,51,37,0.7254901960784313,63,30,8,11,7,0.6363636363636364
0860c63c-aa9f-5969-becc-6ba34682e872,12,6,1,18,21,1.1666666666666667,10,2,3,9,9,1.0
83aa2e3a-c50e-57eb-b4de-4f93a4a67ae7,53,27,10,13,13,1.0,56,25,16,4,5,1.25
86496f9f-ee8f-50fe-8388-7f9c160e9c85,14,10,4,8,6,0.75,24,10,8,3,3,1.0
91140f24-7247-50e6-8948-1861567a7915,52,26,18,11,11,1.0,52,29,18,8,7,0.875
adae591a-49c4-587f-98e9-9dd371d5ee53,48,24,7,51,31,0.6078431372549019,35,16,8,10,7,0.7
6e50e7ef-083d-56eb-8fa5-019c4323aef8,106,52,8,16,16,1.0,50,22,16,5,5,1.0
da8e209e-182f-534e-883e-d39b1aa3dbe8,12,5,4,22,12,0.5454545454545454,11,5,0,16,7,0.4375
4d34bb72-7629-52d7-a264-501a314969ae,29,12,9,4,3,0.75,21,12,8,3,4,1.3333333333333333
d51e54ee-e6e8-52b4-8b96-713d4d319706,4,2,0,3,4,1.3333333333333333,23,9,6,9,3,0.3333333333333333
6fdee12b-747b-5921-9369-9d3295ca9222,36,10,3,31,25,0.8064516129032258,35,16,13,21,8,0.38095238095238093
08a1283b-c8e8-5b06-a46c-d309d0cfc4df,33,36,6,58,14,0.2413793103448276,143,86,24,316,16,0.05063291139240506
7bf8165f-b60f-55cd-8f41-e072780baafe,29,14,6,8,11,1.375,37,14,13,1,2,2.0
c42bc5b1-1204-502a-9aff-08f5f2d7ce48,53,19,10,33,17,0.5151515151515151,58,21,13,33,18,0.5454545454545454
0493582a-e390-5333-af2c-0f55efffc9d1,109,50,36,54,9,0.16666666666666666,99,39,35,76,8,0.10526315789473684
ae9ff2a1-3478-5948-b926-e07c014a5581,42,16,9,7,10,1.4285714285714286,11,1,0,2,2,1.0
1ca8a702-a942-5361-8e54-5fd6145eb252,35,20,2,26,19,0.7307692307692307,65,31,20,9,5,0.5555555555555556
c22faa2c-2a01-5304-a685-b9dd72ee17d7,4,1,0,1,2,2.0,4,1,1,1,2,2.0
5cad655a-bbb4-5d43-bd0b-bf09c00aa3e3,25,10,0,14,12,0.8571428571428571,9,4,0,1,2,2.0
5800ca26-aa50-580f-8e81-5a71f13ff458,80,55,35,8,11,1.375,180,84,41,35,6,0.17142857142857143
cb1a9898-3a4c-5a53-8525-ca77df723501,29,10,3,27,11,0.4074074074074074,24,11,6,14,15,1.0714285714285714
3e9bb475-cd34-5046-8131-b0aaab3a7403,36,17,2,2,6,3.0,57,22,13,46,10,0.21739130434782608
39bdbaef-4654-504c-8d97-06824497c772,58,27,6,13,14,1.0769230769230769,32,12,10,2,2,1.0
ab547a8e-3aaa-542e-b74b-27f521fc5c00,4,2,0,7,5,0.7142857142857143,46,8,7,64,4,0.0625
3c52e1f3-b53f-5928-be78-0dbc3117fe7c,24,12,10,13,8,0.6153846153846154,40,19,21,15,7,0.4666666666666667
16cdf305-dd6c-5af7-b756-9973b3c32b6e,18,11,2,7,9,1.2857142857142858,52,25,18,13,8,0.6153846153846154
2f62d825-ba13-5701-bb59-a013a6bc82dd,14,9,1,6,14,2.3333333333333335,35,9,13,2,3,1.5
d8f4a871-17b3-5b95-98eb-78963b89a0de,31,18,1,20,12,0.6,33,14,5,15,6,0.4
ec2dcedf-aff8-5165-b682-35a6838ffe44,35,28,1,9,11,1.2222222222222223,84,31,27,36,19,0.5277777777777778
e300ccc0-c35c-5732-bd89-b31086d1e5e1,37,17,5,5,12,2.4,34,16,8,4,4,1.0
aeeb5cb4-38bc-599e-a790-f8c1f15f4c33,59,46,42,1,2,2.0,59,23,19,7,7,1.0
af19a07d-6781-5e85-b768-77f86ad23628,5,3,0,2,3,1.5,15,5,2,2,3,1.5
b999f6b1-1203-570d-8528-ec7abd9b28ea,80,33,14,31,17,0.5483870967741935,21,9,6,2,3,1.5
3757881d-e225-54f7-9424-89037d3df6ef,73,32,28,16,10,0.625,61,28,21,17,10,0.5882352941176471
90004f80-462f-5120-82a8-0c79377d999e,35,14,2,9,12,1.3333333333333333,20,6,4,4,2,0.5
f6571ba6-9250-5547-86ab-7b530d2324ab,12,5,0,2,18,9.0,10,3,0,2,3,1.5
0a983018-2923-5c8a-a869-241d65609018,44,19,1,7,9,1.2857142857142858,63,34,14,8,6,0.75
d9e524cd-949f-5ef6-a293-fdd46c1ca1df,12,3,0,14,18,1.2857142857142858,8,3,0,2,3,1.5
953d5f07-c8f5-566d-a90c-6d8cd8d095c7,9,3,0,1,3,3.0,16,7,3,1,2,2.0
014f63cf-247f-5feb-8902-a5f6b62da857,38,18,3,37,13,0.35135135135135137,22,8,6,14,6,0.42857142857142855
f0005430-d700-5189-b4cc-19cca2d64081,12,5,3,5,6,1.2,11,5,0,3,3,1.0
1fffe880-eeb3-52de-9568-a0b769109bfb,52,29,7,10,8,0.8,25,5,4,21,12,0.5714285714285714
cbbd6363-4697-50b9-b2c9-f8d86ad36aa8,387,198,61,238,110,0.46218487394957986,31,15,11,41,20,0.4878048780487805
65cdae60-2749-5000-8ff3-d6e88a3f6493,189,133,18,148,42,0.28378378378378377,50,15,13,11,7,0.6363636363636364
337acdd1-22d7-5c1c-98a2-d19c0eadcd23,103,52,16,24,15,0.625,32,17,8,10,9,0.9
69286778-fec8-5655-8340-2fae8ea62ac1,34,14,8,20,18,0.9,30,11,8,4,4,1.0
a542ae57-8ba2-50a7-9671-30e7a3ee0678,16,9,0,6,7,1.1666666666666667,32,17,1,13,8,0.6153846153846154
f52fdc39-4719-5681-9142-fbb74a46ab0d,74,42,6,24,21,0.875,103,40,24,16,8,0.5
e9e61d3f-78f2-581f-9c43-7cab9aed025d,5,2,0,5,8,1.6,5,1,0,3,4,1.3333333333333333
97ce892f-5f6f-5d42-b9d9-77516abd1705,103,47,35,9,10,1.1111111111111112,67,35,19,6,4,0.6666666666666666
3de9a2e0-af87-5c9d-b7df-8cedb966c2c2,68,34,8,8,9,1.125,59,24,13,23,14,0.6086956521739131
1e4638c2-b650-55cf-95b1-589863fef1b7,13,10,4,10,10,1.0,28,10,10,7,5,0.7142857142857143
29a72861-86fd-5266-a867-2e52f95a9cde,7,1,0,7,7,1.0,3,0,0,2,2,1.0
a211999f-920d-523c-ba68-f52236a2b209,69,36,16,32,12,0.375,62,25,27,12,4,0.3333333333333333
55b3a6f1-7da0-520a-b8af-7c86b22c2557,6,1,0,16,12,0.75,23,11,3,37,17,0.4594594594594595
e546038f-58f1-51cc-885c-7445f29b9784,7,3,0,4,5,1.25,11,4,3,9,3,0.3333333333333333
149ec314-638a-5ba1-9499-2822d44dd5cd,67,36,7,4,6,1.5,26,12,7,4,5,1.25
c9d8744b-6cb5-5e00-9351-eb887f677d41,13,10,0,9,11,1.2222222222222223,13,5,1,4,4,1.0
646cd2ed-9371-5dc0-840b-ac7eb57047b2,2,0,0,1,4,4.0,9,4,1,6,3,0.5
ff490b56-7273-559b-8786-33d33e5232f2,49,22,15,5,5,1.0,51,22,15,14,11,0.7857142857142857
0749b78a-7ed5-5845-95b2-444f908258c5,133,72,12,94,58,0.6170212765957447,44,22,12,10,5,0.5
ec75df3a-85a7-5c0d-af8b-3b7817e350fa,66,35,4,6,9,1.5,40,23,16,32,12,0.375
9343459c-f277-53dc-9440-70bf3a627700,8,3,0,11,11,1.0,6,1,0,8,8,1.0
eba4d5df-8d78-5964-9f09-0577088859c9,12,6,0,1,2,2.0,33,11,2,13,6,0.46153846153846156
4d9b42f7-1e85-5d1f-b005-af589db75768,99,54,20,49,28,0.5714285714285714,153,54,26,60,8,0.13333333333333333
63577ea4-d63f-5af2-b154-357c28443c78,86,41,11,6,11,1.8333333333333333,81,33,22,11,10,0.9090909090909091
b4b63346-668f-5b10-af21-4b3fe7ec14fc,53,32,7,4,8,2.0,59,34,10,4,5,1.25
b22c1e47-da81-5b67-a7d7-b2dd0fd947d5,54,27,8,23,19,0.8260869565217391,25,11,2,30,7,0.23333333333333334
c87c42da-13ed-581e-a707-ec69eb12e98a,30,14,7,8,8,1.0,21,5,4,4,4,1.0
3f38a8a8-d691-50bc-b9f2-49393fb74f91,43,28,4,29,21,0.7241379310344828,31,18,1,11,7,0.6363636363636364
79dbdecd-5305-5157-abee-9d2bf9daf56c,32,12,6,5,8,1.6,13,2,0,2,3,1.5
32433cdd-1ab8-564b-a4b6-659528ec2638,34,8,4,1,2,2.0,48,20,14,1,2,2.0
37c40664-678c-5750-bf2e-bd80b4f9bf3b,14,5,3,6,8,1.3333333333333333,21,9,4,3,4,1.3333333333333333
ac4bf753-df59-535c-8c2e-47a057a617f9,21,9,1,9,11,1.2222222222222223,30,12,8,16,9,0.5625
92f85f4b-36bd-5fff-b797-52c8b468967c,15,8,0,10,9,0.9,24,15,2,16,8,0.5
d455fa1e-009e-5a71-acff-ea86eed9b262,159,64,42,31,16,0.5161290322580645,112,55,41,4,3,0.75
57eaa911-d62d-531a-84c8-470366c1eeaf,68,38,9,6,9,1.5,18,5,1,7,4,0.5714285714285714
8a81e6cf-1a17-5bbb-afd9-b4ae2ab61368,76,65,17,24,20,0.8333333333333334,102,67,24,36,8,0.2222222222222222
72ca44d8-86af-543b-8f27-1d59477563c0,57,22,17,31,20,0.6451612903225806,28,11,10,8,6,0.75
526ab436-01e7-51c6-a015-90b1282ad9ae,46,31,17,26,9,0.34615384615384615,78,31,17,34,6,0.17647058823529413
011cd4a8-bdca-5ebd-b1fe-b6d77b15257d,64,41,6,12,15,1.25,7,1,0,3,5,1.6666666666666667
94602a37-ea71-5661-a433-cdb86d32e175,50,29,18,46,9,0.1956521739130435,70,38,31,73,6,0.0821917808219178
49c4d7c8-59d3-59b3-90b3-8ce853e499b5,6,2,2,4,2,0.5,7,2,0,4,3,0.75
cac85e0e-1c5b-5ece-b88b-99cab24a44f6,31,20,8,8,9,1.125,53,24,15,15,6,0.4
e04a626c-a7f9-5590-83c5-126e5ba99ea2,41,30,9,2,7,3.5,14,4,4,2,4,2.0
488843e1-e640-5afe-ba16-d5425fb07678,7,3,0,2,4,2.0,21,12,3,8,6,0.75
3f475e8b-9382-57ef-a562-d1e59b1dae52,38,19,5,13,13,1.0,133,73,39,52,10,0.19230769230769232
1b9f23f3-48d6-533a-9486-cb4e56c42ce4,66,16,2,9,19,2.111111111111111,20,7,4,3,4,1.3333333333333333
f2d9f67a-5471-5448-97cd-abf46efc942e,22,13,4,19,11,0.5789473684210527,29,14,11,17,6,0.35294117647058826
941d18e8-3994-507e-ba6f-a55a456b8b4a,73,39,24,27,5,0.18518518518518517,64,30,18,33,5,0.15151515151515152
cfd687db-a614-5aaa-9a13-a87d54bd8f46,43,24,12,56,6,0.10714285714285714,7,3,0,9,5,0.5555555555555556
41b1c935-99c6-5b8e-b374-9cc764901496,27,18,6,28,30,1.0714285714285714,39,21,17,19,21,1.105263157894737
1df059e2-a84b-5c9e-98fa-f1b3a6e39d9c,10,6,0,1,2,2.0,25,11,4,3,3,1.0
ba3f4bed-e89a-5253-8569-0277df1701ef,52,19,5,11,9,0.8181818181818182,43,18,14,25,18,0.72
e85e8f39-8fc1-5d5e-a583-e84a02c9d37b,126,58,12,57,54,0.9473684210526315,9,2,2,3,4,1.3333333333333333
43f5accc-2f20-5bb0-a957-5579d72fb2c3,7,3,3,3,7,2.3333333333333335,6,2,1,1,5,5.0
c1bb04bb-af65-5257-bf88-da20234d2cad,24,14,6,15,15,1.0,8,3,2,3,2,0.6666666666666666
77fd087d-5af7-58c2-8b26-00b34d5434d9,21,14,1,7,11,1.5714285714285714,57,27,10,10,9,0.9
6f8dd6ba-aa8d-5c09-8465-861500825dc9,46,23,4,17,18,1.0588235294117647,22,11,6,6,3,0.5
9306f294-9f3f-5fae-99f3-af285a061b4c,60,21,12,24,18,0.75,52,17,15,3,3,1.0
4316dbf4-5580-5052-806d-0ed30c617109,25,17,3,1,4,4.0,88,40,18,19,8,0.42105263157894735
9ba9d876-bea8-5244-a343-393c122d9c66,27,4,2,23,14,0.6086956521739131,22,4,2,20,13,0.65
58ff24c2-5c18-5b14-b485-3d738719b20f,88,35,8,35,20,0.5714285714285714,58,26,8,10,9,0.9
541928f4-6d6d-50e9-a8f9-aa9d194d55db,21,10,0,1,14,14.0,22,10,1,2,2,1.0
75f7db76-0fb8-506e-97bd-d1be53e91f87,17,20,0,3,5,1.6666666666666667,77,26,17,10,5,0.5
f255adb6-7edd-5aa1-9ce4-260582afcb67,61,27,7,7,5,0.7142857142857143,35,18,12,12,3,0.25
d84ba343-6065-5559-8706-8288d8b4f0ab,9,5,3,19,2,0.10526315789473684,10,3,3,16,2,0.125
89c0b3d5-faec-53c4-9e6a-8c77ae7f4da1,17,7,0,10,12,1.2,41,26,2,4,3,0.75
cb01d2db-770a-5451-abc3-0bc987411dfd,336,225,47,217,106,0.48847926267281105,11,3,0,7,9,1.2857142857142858
6a5371ad-5cfd-5556-aba1-90e3ab10b585,3,0,0,1,3,3.0,41,15,14,10,10,1.0
62840bad-40df-55ef-b99b-5fa0d0b9760f,4,1,0,5,9,1.8,3,0,0,3,6,2.0
dab0b461-bfe0-54f4-a1ce-de0aa17c9141,14,7,0,7,9,1.2857142857142858,40,23,7,11,5,0.45454545454545453
31c515a5-cf04-5ea7-b1b9-6d76f751555b,4,1,0,2,2,1.0,6,3,1,4,3,0.75
edc9b46d-4760-5b45-b9f5-db506ba129e4,2,0,0,2,7,3.5,2,0,0,2,5,2.5
40400f26-bcec-58ed-874a-7b71b9dc3598,31,23,7,26,24,0.9230769230769231,20,9,2,4,4,1.0
346eca0a-ec1b-55c3-a4df-1212eac88123,68,16,6,2,7,3.5,53,17,9,14,13,0.9285714285714286
4eec1381-8671-5ef2-af4d-861234ba7f3d,48,29,5,31,25,0.8064516129032258,71,24,17,26,18,0.6923076923076923
e05835d9-9d12-50cb-a37b-22912cf24cab,114,57,27,7,7,1.0,113,59,26,7,6,0.8571428571428571
4518cc0a-17a6-5025-8457-207dada98e05,103,47,31,85,19,0.2235294117647059,82,34,32,53,8,0.1509433962264151
32033c3d-6a9b-5ffe-8f8f-9f2d4d446e2b,24,6,2,10,11,1.1,31,17,13,8,6,0.75
878969a1-6f3c-5b1e-851e-c567cbb52a14,96,39,21,38,28,0.7368421052631579,9,6,2,2,3,1.5
052d5199-eccf-5193-a8da-898e228638f6,25,7,5,14,16,1.1428571428571428,49,27,20,13,5,0.38461538461538464
fb9a9d44-3a8c-59b1-9cdc-2c904c119f65,38,20,2,9,9,1.0,55,22,18,40,10,0.25
7ce34886-5b17-567d-9acd-95c830fa21ad,4,2,0,3,4,1.3333333333333333,11,6,3,11,5,0.45454545454545453
39c39f5e-e463-5260-a2ab-b141566ab97d,162,70,20,96,20,0.20833333333333334,20,13,5,2,2,1.0
4c93e16d-f180-5692-82ea-057839d2bcc0,77,32,28,3,3,1.0,109,34,35,4,2,0.5
750e657d-0f82-5ded-968a-a8fc3a784fc2,16,8,1,1,6,6.0,10,4,0,5,7,1.4
21e22d32-4904-5a27-b74d-c98aeaf28165,3,0,0,1,2,2.0,3,0,0,1,2,2.0
5816eda3-e96d-5306-be3d-3c48ffd14b35,108,68,31,23,21,0.9130434782608695,60,17,21,19,10,0.5263157894736842
02f799b6-08c6-5c86-b19c-fd2c1a0bf5bf,42,14,8,10,9,0.9,83,32,35,5,5,1.0
2d9aa016-5f46-5565-adc7-909f153c5351,48,22,7,20,18,0.9,83,42,31,20,8,0.4
9c9103b2-c63d-5459-b5e5-8f477943d7e2,12,0,0,23,26,1.1304347826086956,8,0,0,18,21,1.1666666666666667
9d4bb29e-2eb1-51bd-9b6b-ea86ddea6abc,35,10,4,31,16,0.5161290322580645,37,16,9,25,5,0.2
b12ef43f-5899-5d27-9668-327c3424bf23,36,14,1,6,3,0.5,48,23,3,8,2,0.25
c49205d5-a5ca-544f-b067-4977606dd344,8,3,1,6,6,1.0,42,11,12,10,9,0.9
364be8f1-7c13-5c23-8269-1067ca7f244b,51,20,15,27,21,0.7777777777777778,18,3,6,4,3,0.75
e08383b9-5f32-589a-9f73-6f3043a14285,2,0,0,2,2,1.0,2,0,0,2,2,1.0
991e5429-ad25-5df7-9ac9-563bcabcc7db,28,13,3,9,10,1.1111111111111112,28,13,8,13,11,0.8461538461538461
b2bf4978-1c37-5b5e-bec8-781cedfda949,12,12,2,2,3,1.5,42,23,6,16,11,0.6875
e8f23d54-e489-5656-aea6-bd4ee31875ab,8,2,1,7,4,0.5714285714285714,41,25,1,29,3,0.10344827586206896
d9277ea4-cbe9-5dd2-9b9f-fa9b52cc0ecc,2,0,0,4,4,1.0,2,0,0,4,2,0.5
6369b437-b81a-53a6-b344-94540c67e182,20,7,4,8,7,0.875,16,6,2,10,4,0.4
f9d605e7-fdec-509f-a494-0cebff1d0c8d,45,22,1,16,11,0.6875,25,10,2,55,8,0.14545454545454545
0e1232d6-f4f3-5f1d-b258-74a14713ca77,79,32,6,33,19,0.5757575757575758,104,50,26,17,10,0.5882352941176471
56b9bcff-f33c-59b4-b5f1-e354b873d1b3,252,145,79,178,46,0.25842696629213485,11,10,6,11,9,0.8181818181818182
2f5a0da8-36e2-5c09-a7a9-ab0b8fd39f6c,42,24,5,36,20,0.5555555555555556,27,14,0,29,17,0.5862068965517241
1bc96599-a3e8-5e48-b284-6020110ba92f,108,47,15,17,14,0.8235294117647058,61,31,15,12,9,0.75
567a7178-b99f-52b6-8019-e13ba87f87c6,45,21,13,24,19,0.7916666666666666,28,11,6,19,9,0.47368421052631576
d9b966ca-c914-5552-9409-3e6897543a79,47,29,4,21,17,0.8095238095238095,97,60,24,57,13,0.22807017543859648
24cf7f4e-22d6-5d52-92fc-7c15a745ff60,7,5,2,14,5,0.35714285714285715,18,11,6,28,5,0.17857142857142858
5a7a8a71-cf69-5200-80cf-703dbff51a2e,10,3,3,12,12,1.0,40,19,12,22,16,0.7272727272727273
cf5a1e54-5560-5d0d-988c-8830088382c6,69,47,14,24,27,1.125,58,33,5,17,11,0.6470588235294118
6cd3bbfa-f4cc-5598-94ee-25d942480a87,63,19,13,13,8,0.6153846153846154,50,18,12,11,9,0.8181818181818182
521f4860-27a5-5b9e-9147-decfb7f076a3,4,1,0,4,4,1.0,3,0,0,3,3,1.0
ee37974c-ae8a-5843-8e5c-b524aad04813,99,39,2,32,19,0.59375,87,51,26,10,10,1.0
5467b2a3-47fa-5bc3-9326-b369282edd01,88,36,2,19,14,0.7368421052631579,107,51,31,26,13,0.5
a6f9f388-d18d-54b2-82a9-95bcf894f04d,30,13,0,8,8,1.0,12,5,1,6,5,0.8333333333333334
e50e4ef4-a0f4-525d-b2b0-4603b7f19df8,42,19,1,28,24,0.8571428571428571,25,11,6,4,4,1.0
61c6d911-29f5-58c6-a7be-1ad3920e79b6,58,25,3,13,13,1.0,28,11,5,13,7,0.5384615384615384
a6a4d86e-657b-5b57-ad77-68bbc23651e8,9,2,1,2,3,1.5,19,8,4,5,6,1.2
e45dd21b-5c66-5ed8-93a8-e8e74c15950c,68,31,15,27,9,0.3333333333333333,31,10,0,54,12,0.2222222222222222
26e5f340-53c9-54c5-8d50-7bc6cd1a93a7,77,36,15,3,6,2.0,49,24,8,4,5,1.25
38c594b7-3703-545e-9697-74196f1d59a0,2,0,0,1,3,3.0,2,0,0,1,2,2.0
230ef2df-7978-5cbf-8140-ec3c56f59344,62,40,6,15,15,1.0,122,53,36,21,12,0.5714285714285714
8789b304-8bab-55d5-b34f-24c0037272c6,31,11,3,80,12,0.15,12,15,5,55,6,0.10909090909090909
72211475-f48f-5e79-a5a1-445906af8e8d,5,1,0,1,3,3.0,16,7,1,3,3,1.0
b74058ae-fd78-566e-a16a-ec9b24585f95,8,7,2,4,6,1.5,10,6,3,2,3,1.5
5e1c73b9-73c6-5164-9532-a1671325ba09,30,16,4,6,6,1.0,37,18,14,4,2,0.5
30f6f264-f00e-5839-8214-c526748d6b80,28,13,3,3,5,1.6666666666666667,35,15,10,15,9,0.6
1b782b87-0626-5549-ace2-eddec6db86a8,32,18,1,5,16,3.2,93,33,19,41,9,0.21951219512195122
77c5ce33-d84e-5f53-b6d1-38a20f332dc2,19,7,3,6,7,1.1666666666666667,13,5,1,2,3,1.5
d66b4ef1-0342-5906-bfaf-94e1d81c9101,33,16,1,33,25,0.7575757575757576,30,16,1,29,21,0.7241379310344828
5688be7b-fe29-5461-a9b8-ef84a4763f86,29,9,5,25,9,0.36,23,10,4,11,3,0.2727272727272727
27877b26-4808-5e9a-8fc3-eb2f5cf7d612,32,16,7,13,12,0.9230769230769231,11,5,2,4,3,0.75
cb87f529-25c8-55f5-9566-ed41c27cbec8,2,0,0,1,3,3.0,2,0,0,1,3,3.0
41f0b641-0693-5833-839a-8a28aafdd5c0,89,45,12,12,6,0.5,41,17,12,13,8,0.6153846153846154
0ef9c5ad-b711-503e-82a0-3053eafdba1b,28,15,1,22,18,0.8181818181818182,20,8,0,23,8,0.34782608695652173
19f38ab5-e97a-5add-8c36-10e10809509e,199,89,62,56,13,0.23214285714285715,199,88,62,54,11,0.2037037037037037
337e3166-f998-5008-a3ad-7a0cfcff8b0f,36,22,0,26,19,0.7307692307692307,28,15,1,35,3,0.08571428571428572
45fd0def-3ee8-513f-85c6-87f4d618d6b2,23,15,4,9,13,1.4444444444444444,59,24,24,17,14,0.8235294117647058
517e0184-557b-53bc-a50e-bc8781a9c7f2,26,8,3,9,9,1.0,42,20,19,2,2,1.0
d0bf6a3e-084d-5354-975a-7a115673eb32,5,2,0,2,4,2.0,16,10,0,9,6,0.6666666666666666
2b305d1c-0179-574a-b095-2808725118ec,46,28,0,37,23,0.6216216216216216,37,18,6,37,10,0.2702702702702703
af7858e0-b428-51e8-a847-8fbbc835f3e0,32,10,3,28,28,1.0,71,59,11,39,16,0.41025641025641024
79ce44df-cc29-5581-a83b-c260120263e0,65,34,11,7,9,1.2857142857142858,50,20,11,15,8,0.5333333333333333
1be405c9-6db2-527a-b8b2-da3af2512cda,75,47,8,17,17,1.0,40,19,16,23,11,0.4782608695652174
3b09fc7f-f7ba-5449-b975-631c2f361c12,104,59,17,63,43,0.6825396825396826,38,14,7,24,19,0.7916666666666666
8168de22-611e-510e-b79b-552221a9461d,64,28,11,16,13,0.8125,96,39,45,4,4,1.0
b4d61cac-9148-56de-bb5e-a766a863f015,27,15,6,10,4,0.4,48,19,15,20,8,0.4
ebf13f28-03e0-52d7-a516-d4bacdcdde7c,29,17,0,10,9,0.9,67,25,11,3,3,1.0
46afa51e-346b-5028-b756-10133e427f34,53,26,8,1,3,3.0,33,21,6,9,3,0.3333333333333333
1eaa835f-e998-5a2f-a71b-375efa885b8f,101,57,31,63,11,0.1746031746031746,95,46,20,56,12,0.21428571428571427
aa58b38a-76d9-5db3-aee7-19fd5437fa5b,32,20,5,55,29,0.5272727272727272,30,16,5,42,17,0.40476190476190477
5f299a15-e02c-5b20-8062-29a3c1c5b01f,2,0,0,6,5,0.8333333333333334,7,2,0,8,6,0.75
c2892f29-ba7e-5686-8253-f5dd6c06d102,38,17,7,11,12,1.0909090909090908,158,79,58,130,5,0.038461538461538464
5b95a74a-6fcf-5ee2-86ff-99c1018b642c,36,7,3,16,18,1.125,8,3,2,4,11,2.75
d5d78e79-418d-59d7-b43b-3f5669539e28,11,2,0,19,20,1.0526315789473684,9,0,0,13,15,1.1538461538461537
f3113800-de34-55ea-b776-51c671a764da,24,12,2,16,19,1.1875,39,16,9,4,3,0.75
fbf24db5-af70-57ab-a2a7-d92fa8966a4d,2,3,0,3,4,1.3333333333333333,6,0,0,10,4,0.4
bd880f59-71eb-5b4b-bf14-13bce2505681,37,9,4,31,24,0.7741935483870968,52,20,16,15,6,0.4
d2f8657f-0848-5ebe-a226-f8b6527280d1,2,0,0,1,8,8.0,2,0,0,1,8,8.0
df433d2d-0329-5c4a-a7b5-9e4b6ba56b87,14,8,3,4,11,2.75,17,11,2,3,3,1.0
e4ffaada-04cf-5e8a-8a4f-2f6fbf501d2a,33,24,11,38,23,0.6052631578947368,49,21,18,54,14,0.25925925925925924
0e521150-8938-535d-a732-4f41a28dbb16,25,13,4,5,15,3.0,51,24,18,22,20,0.9090909090909091
287f6f3a-35ca-5436-88c5-56516034029d,90,45,11,19,22,1.1578947368421053,80,40,17,28,12,0.42857142857142855
edf1abe4-f04d-5663-ad28-d06c8446052e,45,19,12,2,3,1.5,38,21,21,1,2,2.0
1374b05a-936a-56bc-ac6d-53064df9bf88,83,29,9,31,17,0.5483870967741935,44,18,12,11,8,0.7272727272727273
61b3fc6d-83a3-508e-8031-1ff39595d71e,11,5,0,6,7,1.1666666666666667,13,5,1,3,4,1.3333333333333333
ba63ea57-fd2d-5327-b0c2-d1e1cac4451e,30,17,8,15,9,0.6,11,6,0,3,4,1.3333333333333333
539d9dbb-88d6-58aa-96cd-af1cfcc553ad,4,1,0,4,5,1.25,3,1,0,5,4,0.8
2aa5eee9-9c1e-5359-b5de-61250ca711b9,18,7,1,7,12,1.7142857142857142,36,11,6,6,4,0.6666666666666666
5c4febf4-c3d5-5c46-9de8-234153cd1f40,32,16,10,6,4,0.6666666666666666,35,19,14,6,3,0.5
e44a2a1b-f3ef-5f4e-bdc0-4065bc03d9ee,21,6,0,15,5,0.3333333333333333,17,5,0,11,4,0.36363636363636365
572f2949-3620-5089-924b-4dd55e743ef8,58,37,4,39,23,0.5897435897435898,73,37,23,71,11,0.15492957746478872
e9b4375e-7957-51c2-951d-614281d080b6,36,17,5,37,18,0.4864864864864865,8,3,0,18,12,0.6666666666666666
9337fb95-890e-5d4b-9f5b-9ed767660280,105,44,11,83,13,0.1566265060240964,36,19,8,6,5,0.8333333333333334
bc971215-fe3c-5765-902b-c3572b2bee02,106,70,13,15,12,0.8,66,48,6,12,10,0.8333333333333334
e20512f8-a5d9-565b-a42e-72e5a70f56c3,10,7,0,29,10,0.3448275862068966,13,9,2,42,11,0.2619047619047619
0bdca338-d809-5293-883c-40679a65e2ab,2,0,0,3,6,2.0,2,0,0,2,3,1.5
c18406c6-f7fe-5961-af51-86b397a06c1a,18,7,4,3,4,1.3333333333333333,21,8,2,4,5,1.25
e1eda743-7fd4-5e23-9676-672618afc37d,37,16,9,16,14,0.875,34,7,7,2,7,3.5
1b51de2d-b7d8-5a69-bffc-9e577845eea6,6,4,0,4,4,1.0,16,5,3,4,3,0.75
36391abe-a96e-50d8-ac80-643dbd8132c7,16,5,1,6,8,1.3333333333333333,37,14,10,6,5,0.8333333333333334
7f8597bd-29c6-5137-901c-669f8161a185,38,16,3,17,11,0.6470588235294118,19,9,9,9,4,0.4444444444444444
4c690fec-772d-5789-9848-20f264be8f4c,46,33,16,24,11,0.4583333333333333,47,22,11,37,8,0.21621621621621623
c27754c1-208f-5266-9953-626d9426642a,100,60,13,97,54,0.5567010309278351,94,58,12,87,43,0.4942528735632184
95ff000b-87a1-502d-91f4-40c785c78ecf,49,17,7,43,14,0.32558139534883723,30,16,5,26,14,0.5384615384615384
cc32986f-39e3-5c0d-9bb1-3cf269779a34,2,0,0,2,3,1.5,2,0,0,2,3,1.5
89553f13-ea71-53bf-9614-a9a26a8b4071,15,7,1,9,14,1.5555555555555556,27,10,11,2,2,1.0
8cd2290d-106f-5a78-b3ea-d71ea75ee1c2,34,17,4,1,6,6.0,32,15,11,5,8,1.6
fc7658d2-c334-5b7b-b86d-1eac42213837,87,38,29,27,20,0.7407407407407407,102,41,34,28,26,0.9285714285714286
83baa99c-83e4-5da3-85f8-4b32a68724fb,20,7,4,13,17,1.3076923076923077,10,6,3,4,4,1.0
52703b5d-87d4-55d0-8241-b9d6c948be85,4,0,0,6,9,1.5,6,0,0,3,5,1.6666666666666667
2093cf85-57d6-562e-bdb8-7ef4dad4edb2,29,13,9,30,10,0.3333333333333333,32,10,5,49,13,0.2653061224489796
d705647f-3dd6-59df-a7a3-8391e274d954,30,24,5,29,22,0.7586206896551724,37,17,11,21,8,0.38095238095238093
565060cc-de23-5041-8bab-042f496f3e5c,13,7,1,3,9,3.0,3,0,0,1,2,2.0
737c1ad8-9a35-5ec7-b98b-e49ae55e3bf0,69,29,29,2,4,2.0,54,26,16,3,3,1.0
cc877ef5-7613-5f44-a12a-b19db99765a2,18,10,4,10,11,1.1,49,22,22,13,10,0.7692307692307693
a25cfb80-09e0-54b5-af1f-fa43b9d786b3,4,0,0,8,12,1.5,20,7,2,11,11,1.0
ce552824-bb84-549c-88fe-269216bffae4,22,11,3,8,10,1.25,35,16,8,24,12,0.5
c7b5048b-2606-5451-b06c-0a96863a198d,68,42,16,92,9,0.09782608695652174,26,8,0,23,5,0.21739130434782608
6c7a6328-6bec-54fb-82c5-c5064ccc55fa,75,12,11,25,10,0.4,72,16,11,22,7,0.3181818181818182
a4f96498-2638-5067-9c33-31692a8c2fb4,44,23,6,21,16,0.7619047619047619,13,9,0,11,18,1.6363636363636365
63713be9-e6b0-5663-93f5-ea336bc500ba,71,29,13,74,15,0.20270270270270271,92,45,34,88,15,0.17045454545454544
e9e4fe91-6387-5f5c-bc5f-b7dc581c8bb2,18,6,0,25,22,0.88,13,3,0,18,17,0.9444444444444444
ea1760b7-7d60-52b8-baf6-c190709e1615,65,29,21,75,12,0.16,54,20,15,135,7,0.05185185185185185
63290a4f-d8e8-5f85-9938-0589fe6a3cd1,17,9,5,1,3,3.0,28,14,11,5,4,0.8
ad809863-429f-5e4d-bd44-a872b79da772,2,0,0,2,6,3.0,2,0,0,2,3,1.5
172df75c-6201-5a57-ad35-1b52b8ff075a,33,17,6,7,11,1.5714285714285714,23,12,4,3,6,2.0
aa25e669-9d20-5617-bf71-5eb311bf46f6,13,12,1,1,6,6.0,35,17,9,5,5,1.0
01eb3f84-9429-5108-934c-65d9f036c591,52,18,4,23,20,0.8695652173913043,61,24,18,5,6,1.2
bf183159-71c7-53bf-8974-9fda0562014f,36,19,2,4,6,1.5,41,32,4,6,5,0.8333333333333334
df588c37-39c7-554e-a890-46d7dbcee217,19,5,0,3,6,2.0,14,8,0,3,3,1.0
4997bb95-eaef-5948-aabe-67e05c06e078,53,30,15,23,10,0.43478260869565216,66,27,16,40,11,0.275
7d83ff1d-0814-5cdd-9bb4-c9cda00ebf8e,51,28,8,36,28,0.7777777777777778,58,24,13,86,26,0.3023255813953488
b5538e9b-64cc-5d8d-a476-eda126b02e90,2,0,0,6,5,0.8333333333333334,2,0,0,5,2,0.4
a407a418-ab1d-5cee-b9ef-3bb0f552f60e,57,31,9,17,11,0.6470588235294118,33,18,6,9,6,0.6666666666666666
ef76b929-47bd-588c-b9f5-11ed59967995,17,5,0,12,6,0.5,11,5,3,12,4,0.3333333333333333
85381100-03ea-5a17-9708-b9d30e5e7770,87,34,29,37,27,0.7297297297297297,71,35,34,54,7,0.12962962962962962
72e7bf79-2556-592f-8560-682ba12651a3,39,25,8,15,7,0.4666666666666667,44,11,18,9,3,0.3333333333333333
81a940c1-afa7-549f-808b-a2c9f5cacff4,21,10,1,8,10,1.25,25,11,4,16,11,0.6875
7287b6df-92f9-5681-b141-fed484e429a2,39,23,1,17,21,1.2352941176470589,46,16,13,10,8,0.8
6dc99514-2030-55db-8c29-55a2915e8ea2,26,12,1,12,11,0.9166666666666666,52,19,13,2,2,1.0
25ca4af7-a6ba-5881-b7e0-c2ed6876a4c5,63,35,9,27,20,0.7407407407407407,39,20,11,53,10,0.18867924528301888
48816beb-a144-5505-bad5-bc71004f50db,69,31,8,24,20,0.8333333333333334,50,22,17,2,4,2.0
56e6aea2-aa37-5b5b-9245-2cd3249392d6,20,11,0,12,9,0.75,8,3,0,4,4,1.0
de44390b-495c-5ba1-9298-29d0ed568297,14,12,1,1,2,2.0,24,11,4,4,5,1.25
d0db9821-de4f-54f9-b4c1-ea820fdaa0bc,16,8,0,6,7,1.1666666666666667,13,5,2,5,4,0.8
35dc14d4-c57a-576e-bc38-9aa8cb7fbdf9,20,7,8,22,11,0.5,19,8,6,21,11,0.5238095238095238
8cb2e961-5582-528e-af48-e1711d168bb0,32,16,5,13,10,0.7692307692307693,27,11,2,15,11,0.7333333333333333
e7a42ae0-dcbe-5fed-9b77-d625f5772e90,8,2,0,2,4,2.0,64,30,28,4,4,1.0
76c28ffc-b626-5c47-94d2-93f5f92d3b6b,78,41,13,28,23,0.8214285714285714,68,30,22,84,12,0.14285714285714285
8ca7e2e9-f736-51c3-b3a3-7ff922c306bd,90,49,17,41,21,0.5121951219512195,42,20,7,47,16,0.3404255319148936
ac3360d3-1a82-5af9-8178-a493376f3af2,29,16,3,9,10,1.1111111111111112,115,45,42,12,12,1.0
d770fbd5-7173-5104-acfb-9f0be3c929a4,21,9,5,6,15,2.5,26,7,6,7,5,0.7142857142857143
1f6c5f2d-fcc4-55e5-8c8a-ad96fb0a68db,5,1,0,2,4,2.0,19,9,3,7,7,1.0
db3a14d0-9e34-56aa-af7d-b728d6b41820,46,17,6,21,13,0.6190476190476191,188,62,65,4,3,0.75
6a3d748b-3523-5b08-b374-6122199b6054,53,28,8,13,12,0.9230769230769231,112,51,37,72,21,0.2916666666666667
10fd318c-80b8-5161-89d9-228d593f3df7,33,8,1,15,16,1.0666666666666667,19,7,6,10,8,0.8
a32d30b1-2c28-5972-909a-8815a095a30c,88,60,33,39,9,0.23076923076923078,102,48,42,27,3,0.1111111111111111
c067e247-40dc-518a-9b06-fc4112f5f9ab,89,53,36,120,15,0.125,70,37,19,96,16,0.16666666666666666
d75ab4ea-8e21-5797-9d41-8be935056143,2,0,0,2,5,2.5,2,0,0,2,3,1.5
0b8d80ab-1b09-5034-a74b-a576ecc6b7a5,6,3,0,1,3,3.0,13,7,3,8,4,0.5
9f8977d0-204c-5c28-ad4e-2029d9710f1b,27,11,3,9,6,0.6666666666666666,63,26,14,6,3,0.5
0aa85a3c-8bc4-56fa-9970-460421dc7c98,37,34,4,16,11,0.6875,88,31,12,39,12,0.3076923076923077
a9dfa195-a06f-5ccc-ac62-e61a28103c0b,23,11,3,41,23,0.5609756097560976,36,17,11,78,18,0.23076923076923078
bf7df48f-ca3b-58f6-abf1-fffa5442683b,122,48,40,136,25,0.18382352941176472,102,52,35,124,19,0.1532258064516129
64c6ccf2-1496-55e9-9b14-0d108278c193,26,16,0,14,9,0.6428571428571429,26,17,0,10,6,0.6
07f20614-5cee-5cc0-9cb4-b5971697fec1,68,32,10,123,18,0.14634146341463414,41,17,8,74,17,0.22972972972972974
2e298ffa-9c5b-58b8-ade2-d8f27687caeb,96,32,14,2,9,4.5,140,55,41,9,7,0.7777777777777778
4a5c28e9-0d74-5534-a0a8-9770615cc475,65,38,14,22,16,0.7272727272727273,68,39,14,24,16,0.6666666666666666
e1feb59f-cbae-5eeb-92c8-d8eae89f2d39,3,0,0,2,3,1.5,3,0,0,2,3,1.5
58969aa7-492b-59a5-a719-bb2859263c9a,25,6,6,2,2,1.0,29,8,7,4,4,1.0
6a7e9054-4c53-522d-aaee-c599b09932cc,16,8,4,6,2,0.3333333333333333,26,10,7,8,3,0.375
4fd720f4-96c7-573e-b9d6-5bc4b84640fd,19,9,0,13,12,0.9230769230769231,53,26,17,24,12,0.5
62307c2b-a632-5e3e-9b68-6769084a2bc3,15,8,0,13,32,2.4615384615384617,18,11,0,1,2,2.0
c1afbf5f-0e87-5587-b6ed-485784a76284,12,1,0,7,9,1.2857142857142858,22,0,0,8,5,0.625
fd852ae5-a422-58cf-a6f8-c2387f94584a,73,38,11,8,9,1.125,37,16,10,3,3,1.0
70195bd4-c3ee-54df-803b-4793cfc6add8,48,31,16,15,10,0.6666666666666666,24,7,7,20,6,0.3
223e36f1-fc9c-5dcd-b2e8-a9e364033736,36,13,0,35,22,0.6285714285714286,46,22,10,21,12,0.5714285714285714
e443cfe2-1699-57e4-92cc-d6e836886a7b,5,1,1,18,16,0.8888888888888888,3,0,0,6,2,0.3333333333333333
73313810-6b36-5098-a73f-1ea71498441c,9,2,0,4,4,1.0,19,7,5,4,5,1.25
8cc7b284-4d18-5cf7-ac87-2dd9865828d8,48,23,9,6,6,1.0,80,39,24,4,4,1.0
46d28f43-0328-51e8-82c7-0def653c3a28,73,26,2,21,17,0.8095238095238095,27,16,9,7,5,0.7142857142857143
706e7c21-afb6-5fb2-a6f6-07a4cab9cfc0,125,65,11,47,21,0.44680851063829785,70,12,41,23,12,0.5217391304347826
9ac36cf5-d77f-5ee5-a4db-8b20a57a82af,33,15,4,11,11,1.0,44,15,8,9,5,0.5555555555555556
caa13ec2-7ff5-5670-9ca2-9bd26ac4328e,41,18,3,5,17,3.4,88,45,32,22,13,0.5909090909090909
bc9756d2-2e2d-5d7a-94ff-808b16bb358e,40,18,3,1,6,6.0,49,17,23,2,4,2.0
2b873165-22d4-52d4-91c2-3cae919911ff,39,16,8,2,2,1.0,41,16,6,2,2,1.0
41624ef7-bd34-56b5-8e75-a6824c5320af,48,19,6,16,15,0.9375,79,32,24,16,8,0.5
8a1fd1b9-dc68-54e6-bb47-6af0e38fea3a,111,77,17,40,26,0.65,5,1,1,2,4,2.0
041cccd6-9a33-58ff-a27d-83530eb0caa0,9,3,0,6,10,1.6666666666666667,16,5,0,3,3,1.0
e5077727-f689-58d3-9804-c5477c9a711f,13,2,0,5,7,1.4,20,7,0,6,2,0.3333333333333333
5e64c515-400e-5a04-bb81-4a5788a79e4f,50,28,8,46,32,0.6956521739130435,46,30,11,49,17,0.3469387755102041
6b705760-2eae-555c-b5f9-c7dd2c5437a9,3,1,0,2,5,2.5,9,5,5,8,5,0.625
490fccaa-aa5a-5846-9229-b765ab90c9bc,31,19,4,23,19,0.8260869565217391,38,19,9,10,8,0.8
30392062-9f49-556c-b4a3-69d99815349c,42,20,7,17,10,0.5882352941176471,44,20,13,7,4,0.5714285714285714
c9acf82e-8747-5609-a022-2352b31c57ae,18,14,1,13,16,1.2307692307692308,44,9,19,2,2,1.0
450ac881-0b82-5304-b287-446ce63abb1d,28,16,3,11,10,0.9090909090909091,39,17,5,17,11,0.6470588235294118
085513ab-357e-5e13-9287-ff8df001f57a,92,51,8,15,13,0.8666666666666667,36,15,8,12,9,0.75
334d1633-8f89-5539-94a0-bd4681429b5e,10,5,0,2,4,2.0,33,11,11,25,11,0.44
4acf6310-719e-5567-8a68-b2b69fa2c867,10,6,0,15,13,0.8666666666666667,18,8,6,12,7,0.5833333333333334
a47efa4f-4f34-58a6-b47b-f0eb4481d4ba,5,0,0,5,8,1.6,11,2,3,5,3,0.6
4cffc8e6-6e3a-5e99-90f5-20f21d66c918,61,50,4,27,21,0.7777777777777778,154,67,59,9,7,0.7777777777777778
2fde2018-13e8-5a55-9145-a1fc443fe9ad,58,41,14,5,8,1.6,65,30,19,12,7,0.5833333333333334
883c85fe-e818-5839-850a-0ad12781b0e0,25,12,1,10,10,1.0,2,0,0,3,4,1.3333333333333333
db0aa3dc-c75e-5c20-80dc-ab469138b9ec,70,30,4,33,7,0.21212121212121213,60,34,10,23,8,0.34782608695652173
7f6de6ca-6c37-580a-a1eb-cbe3677e8086,27,8,5,33,18,0.5454545454545454,14,1,4,15,12,0.8
581f4cd2-4911-536c-8cc9-35b94d65b0d7,4,1,0,5,7,1.4,3,1,0,5,4,0.8
d70377fc-01a5-5bdd-8681-67345659904e,22,11,2,4,6,1.5,15,9,1,4,5,1.25
ffda9ede-db80-5249-a11b-040cd779705e,27,19,10,4,8,2.0,82,38,35,7,3,0.42857142857142855
2000cc20-063d-51b6-826f-84328dd58f8e,27,12,1,14,12,0.8571428571428571,22,7,2,19,8,0.42105263157894735
596cc903-10f5-5996-879e-12b7e033f253,34,16,4,28,22,0.7857142857142857,70,23,19,19,7,0.3684210526315789
2c88138b-a09f-5000-9ebe-4b51ffae6ef8,75,38,8,56,41,0.7321428571428571,20,18,0,9,10,1.1111111111111112
0bc9ff8b-682c-51eb-99ff-48ef15509484,6,3,0,1,3,3.0,13,4,4,1,2,2.0
df05f507-a5c2-53fe-8887-303deef215a2,31,21,8,17,12,0.7058823529411765,65,42,16,12,8,0.6666666666666666
dd06269e-9b6c-577c-92da-2df15593bb02,49,29,7,13,11,0.8461538461538461,65,31,7,21,12,0.5714285714285714
e6737ba8-3dac-5db8-8cd7-84a362025d27,5,2,0,3,7,2.3333333333333335,3,0,0,2,3,1.5
89e16f38-ccfc-5981-8887-00aef4c1ddca,15,10,2,14,25,1.7857142857142858,39,16,9,18,11,0.6111111111111112
c2be43fa-604b-59fe-ad14-e6ab2c62530d,80,40,28,8,9,1.125,53,25,24,25,9,0.36
4a05b004-6232-5f58-b1e3-d159fb02a446,17,7,1,15,15,1.0,19,10,2,5,4,0.8
0a26cff4-3a62-54da-ba9d-ebf7af030a7f,71,55,6,6,11,1.8333333333333333,36,12,14,1,2,2.0
0cbaa3fa-56d5-52b5-889d-7677bc8823ed,15,12,0,1,4,4.0,22,11,2,2,3,1.5
ad661cc8-5d75-55d2-813e-9a170f5f9d02,16,9,0,9,15,1.6666666666666667,22,11,7,8,9,1.125
efc97577-e629-56ab-af63-9eac6d58842b,19,13,2,6,7,1.1666666666666667,25,12,3,4,4,1.0
adb3edef-bf67-58ee-8496-7cf394ecd3fc,7,2,0,3,5,1.6666666666666667,5,2,1,1,2,2.0
84da66e6-2a00-5159-9b04-ad8def6dabe8,86,36,17,25,19,0.76,73,33,36,21,11,0.5238095238095238
9879add4-1b0c-56e1-b911-71e0498a48e2,34,12,6,9,12,1.3333333333333333,33,11,12,1,2,2.0
25bb946c-5a04-5e59-969b-17571069fc26,123,54,32,26,19,0.7307692307692307,84,29,26,101,9,0.0891089108910891
c85a600d-ff7a-591d-b711-ac8ca2e09524,45,20,3,24,19,0.7916666666666666,56,28,12,42,6,0.14285714285714285
9aa8c0c7-79b4-5f74-a729-660b266cedea,142,89,55,49,27,0.5510204081632653,135,83,55,43,19,0.4418604651162791
957fac80-b72e-5f83-b4dc-c98988ee1e1d,5,2,1,6,8,1.3333333333333333,20,10,4,9,5,0.5555555555555556
eac463f2-f4dc-52e0-85b1-b21f00d70fef,40,12,7,36,14,0.3888888888888889,33,15,11,31,8,0.25806451612903225
a32d65bf-270e-59f7-aa60-3c56a801486c,40,25,1,6,12,2.0,109,44,46,22,23,1.0454545454545454
ff074495-8712-5e8b-9d96-26479a5aa830,17,7,3,20,11,0.55,31,11,4,38,13,0.34210526315789475
7bf3d81f-4df5-5f2f-90f3-ab329fa2e714,82,31,4,42,14,0.3333333333333333,60,27,3,44,16,0.36363636363636365
7dc8bfd3-bd7c-5317-bdb2-fe097495ce25,347,223,49,160,70,0.4375,65,40,10,40,29,0.725
79d7166e-bd76-5d41-adaf-e2b75742dd0e,46,17,1,19,14,0.7368421052631579,59,32,18,16,11,0.6875
b3d26daa-9da5-5628-96ec-667d2d66d10a,130,57,48,110,27,0.24545454545454545,38,20,15,45,5,0.1111111111111111
f38173b7-30d3-5ac2-9fd5-bb56fc20148a,50,29,5,8,10,1.25,56,24,16,21,10,0.47619047619047616
4e99ab07-ee1b-5209-8b5c-23d6b22d6f12,9,3,0,10,9,0.9,23,5,3,2,2,1.0
1d10baad-5b84-5dc1-8806-45cde98aad9c,57,31,14,12,11,0.9166666666666666,53,21,22,3,6,2.0
54847d87-c370-55d0-95d4-0d7f36c9a8df,32,18,3,22,17,0.7727272727272727,40,19,5,24,12,0.5
c1c852d0-6982-5479-ade9-04e50fd6f09a,51,32,6,2,6,3.0,51,25,15,2,3,1.5
2baa102a-e03d-5725-9b33-c1a3815ce613,24,10,0,6,11,1.8333333333333333,42,20,12,8,8,1.0
699637bb-8cca-5ab6-ad31-8c6f60317f30,27,12,1,15,18,1.2,76,39,24,6,7,1.1666666666666667
040b5261-9bd4-5690-99b6-fa5e0c11c66d,10,4,1,8,7,0.875,3,1,0,5,4,0.8
58136e83-ef46-5f8e-b19c-d265303d420c,60,26,7,47,27,0.574468085106383,170,90,46,46,19,0.41304347826086957
738253dc-0827-5064-b2da-8ffc4df7a218,43,19,8,10,13,1.3,24,6,3,3,3,1.0
04759e39-eeca-5f5a-92d5-09717c17a012,31,15,12,27,6,0.2222222222222222,33,15,10,27,6,0.2222222222222222
7423cb44-0150-5f13-bc17-f061641dfbc7,12,5,0,4,3,0.75,13,7,0,2,3,1.5
cbd01167-f501-5c66-92c7-b8c27375720d,35,13,5,8,9,1.125,38,18,17,4,5,1.25
7f63deea-82aa-583e-9508-b8b227411df5,81,30,12,47,16,0.3404255319148936,41,19,8,10,6,0.6
d659df40-37de-5c09-88a0-274f0af0a5ae,33,15,3,39,34,0.8717948717948718,2,0,0,3,4,1.3333333333333333
7c52ccdb-67dd-515a-aefd-1be0cf319ecc,19,9,5,16,7,0.4375,29,10,6,23,8,0.34782608695652173
a6d289a6-cb75-55f6-80fb-324e283d4863,35,26,5,14,10,0.7142857142857143,36,18,8,17,8,0.47058823529411764
3a591bd8-75ac-52e4-ab96-b370137deecd,12,3,0,6,12,2.0,11,0,0,5,2,0.4
9bb103eb-6504-5283-8435-ed7a59d0afaa,50,20,5,18,14,0.7777777777777778,46,16,17,3,4,1.3333333333333333
a5d24f60-f55f-5ac0-b8e1-60147512ae99,10,3,0,10,12,1.2,15,5,0,5,6,1.2
8c5c1285-2622-5f8f-bc00-4734a3a6f1e2,34,17,5,79,19,0.24050632911392406,38,20,13,55,6,0.10909090909090909
f3bf23d2-2c2f-5034-be93-0c9edcf3f110,30,17,4,11,13,1.1818181818181819,54,18,8,13,10,0.7692307692307693
be2a3319-4d04-5fda-9136-fe6e167225e8,24,15,8,3,2,0.6666666666666666,24,14,10,6,5,0.8333333333333334
e49e6a3a-d15a-5e8c-af78-f2d18301d3ab,12,5,2,3,3,1.0,8,2,0,2,2,1.0
7d4722bc-f626-5449-b7cf-dd51253a8b57,34,16,2,25,34,1.36,71,32,22,14,12,0.8571428571428571
c1fd196b-880d-53cd-8335-f3782efa174c,11,7,1,12,14,1.1666666666666667,14,6,0,7,4,0.5714285714285714
c4b7fa3a-44dc-53e4-bdb5-4682b1bde6e0,20,8,1,29,12,0.41379310344827586,35,14,8,29,10,0.3448275862068966
ca684afa-336b-5332-adfd-c92b47670cdb,84,31,9,8,7,0.875,31,14,11,11,8,0.7272727272727273
6fd1c393-4334-5a1e-8338-3d1c4537bda7,33,14,4,8,7,0.875,23,11,6,21,13,0.6190476190476191
80cc6869-d3ab-5495-8ac8-896726ca8aac,21,7,1,2,6,3.0,27,10,4,5,5,1.0
e65dff79-16a0-5b8f-b954-78c902affcaa,17,10,0,8,8,1.0,58,33,17,22,13,0.5909090909090909
51dfb6ee-fb2b-5ec1-98f8-414eaff45303,17,10,0,4,8,2.0,32,13,6,11,12,1.0909090909090908
358e95d5-5c70-5e90-b7c4-80b915daa4b5,43,26,7,26,14,0.5384615384615384,56,22,11,15,6,0.4
622d6e5c-56a4-529a-b0dd-97f1ec5e8962,38,18,4,17,20,1.1764705882352942,26,12,3,9,8,0.8888888888888888
a39ff5f8-8541-502e-91b0-b43731b0ee76,33,25,3,15,13,0.8666666666666667,28,10,9,16,8,0.5
67c6f010-8c04-5e2f-bce3-df51cb65b7e2,39,27,14,2,5,2.5,47,27,16,7,4,0.5714285714285714
feaf5a17-7171-57f1-ade5-430082adf740,28,11,6,9,8,0.8888888888888888,8,3,0,5,5,1.0
e326dce2-e87a-5890-8e14-a346e2cbcfe0,9,6,1,1,9,9.0,4,3,0,1,2,2.0
46a70709-0680-5d59-aec3-d4e2542016f1,25,15,4,11,17,1.5454545454545454,32,12,9,6,8,1.3333333333333333
4beb2458-d0b9-5c56-a6e9-0dcf3eea6313,65,32,15,12,10,0.8333333333333334,56,26,16,11,7,0.6363636363636364
a295936f-81f1-50ad-b445-e2d0079c5929,7,5,1,5,7,1.4,21,10,7,4,4,1.0
3bf62fff-d116-5e6d-ac19-aeaaa75b46d8,49,29,12,30,5,0.16666666666666666,36,12,10,46,4,0.08695652173913043
cb88e366-0808-58c8-bb86-46739ff4168b,64,37,15,1,8,8.0,73,36,25,1,2,2.0
00029a23-638f-5103-8ea9-42ca8caaf9bd,48,24,6,19,9,0.47368421052631576,66,34,24,127,7,0.05511811023622047
21fcbab0-0b1a-5e23-846b-2e1d9727a35b,84,51,17,73,38,0.5205479452054794,32,15,10,1,3,3.0
877062a7-91af-5a93-bb41-4d9f1629396e,24,9,3,13,14,1.0769230769230769,31,12,10,6,6,1.0
de5a08c0-220c-5c73-accd-cfa8b69cc11a,16,8,0,2,8,4.0,6,3,0,2,2,1.0
1162749d-5ab2-5191-90c8-2b926789dac6,28,13,4,16,5,0.3125,30,12,11,22,5,0.22727272727272727
0ef6f461-a363-523b-baa3-d0517ff4f032,31,20,2,5,14,2.8,40,20,15,3,3,1.0
ff6c1a3a-8a56-5fb2-b962-431d3f8e975a,68,36,15,45,29,0.6444444444444445,174,77,21,8,8,1.0
c43fbc84-f407-5505-bfb7-35386e7bd873,79,38,32,12,9,0.75,38,21,12,11,5,0.45454545454545453
19bb24e8-9558-5fe8-aa64-51c5d42d5fd1,25,10,5,9,10,1.1111111111111112,16,4,1,9,4,0.4444444444444444
475a0eac-8d1d-5fd0-985c-9a1607084da6,30,17,5,8,13,1.625,38,15,6,8,4,0.5
ee1554cd-693d-55ec-ae58-6d4d4600ae19,27,19,14,17,15,0.8823529411764706,34,14,12,15,15,1.0
4c81206a-e3b3-5898-8b00-e418003fabc2,23,8,4,24,7,0.2916666666666667,36,16,8,24,9,0.375
52033936-7e93-5b38-ba92-6ea721d3601e,25,13,1,5,13,2.6,30,16,9,13,6,0.46153846153846156
ed7fa82c-bcf5-5827-a860-da361c94b6e5,15,8,0,5,7,1.4,22,10,6,9,7,0.7777777777777778
81d394ec-2086-51de-a134-472825b73d22,6,2,0,2,3,1.5,8,2,0,8,6,0.75
6a0c7ef7-221e-5dd3-81c8-f0b31cab0408,52,14,7,16,16,1.0,17,9,2,5,6,1.2
d6143792-0f1c-5002-983d-7c823fd99c7e,60,39,8,12,7,0.5833333333333334,116,84,18,53,10,0.18867924528301888
ac1b7473-05dd-50c4-a23f-4b6b8c6ec5c4,21,9,0,19,17,0.8947368421052632,39,13,2,12,9,0.75
81a906eb-0ca5-5780-9a4a-7523c9362cf3,28,13,0,3,10,3.3333333333333335,43,19,12,3,3,1.0
f5a9005d-81d1-5d28-9d10-aff0606b1c5a,93,45,3,44,27,0.6136363636363636,104,52,14,54,28,0.5185185185185185
f36f9831-a20e-5fe0-b563-f34688717b1a,117,73,19,63,32,0.5079365079365079,13,5,0,4,5,1.25
7fda4fb2-b924-582c-a5a6-7b37ef381fae,32,19,3,7,9,1.2857142857142858,14,4,4,7,5,0.7142857142857143
677e1a17-ba9d-5562-a2e0-7f9249e7b32f,50,23,8,39,30,0.7692307692307693,57,20,17,14,7,0.5
c45d86ca-4916-558f-8357-5c1d30e54d0a,51,18,12,46,8,0.17391304347826086,20,9,2,24,8,0.3333333333333333
abd31864-ba28-5f9b-b12d-e05881f43c48,106,69,29,45,16,0.35555555555555557,130,80,32,51,16,0.3137254901960784
babc83eb-adf3-54a1-8c24-2f3afdbbaf9b,18,9,5,1,3,3.0,29,13,9,11,7,0.6363636363636364
3dea4c52-d934-5e84-8df6-0d90873b9e3a,26,12,9,7,8,1.1428571428571428,24,12,7,3,3,1.0
b530e653-d4e4-58ab-95f8-896c56a21ee2,36,22,17,8,10,1.25,35,15,15,8,8,1.0
5cd784d8-594c-5c1f-a552-674ce9a444c9,43,20,10,32,24,0.75,32,16,4,15,10,0.6666666666666666
1b0aac1f-56bb-56e5-8215-c8c136156f09,22,10,5,26,10,0.38461538461538464,29,10,2,29,8,0.27586206896551724
d0f4e71a-a9fb-54a1-998a-f346ee4daaa3,53,22,3,22,18,0.8181818181818182,39,21,14,26,11,0.4230769230769231
7562a6c8-f10f-5a54-b8d2-2fa2c5a3fcc6,36,22,8,8,6,0.75,27,7,5,6,2,0.3333333333333333
22cbf133-4acf-51b9-b104-0b115ba1c4d2,2,0,0,1,2,2.0,2,0,0,1,2,2.0
c297fd04-50ba-53a4-846c-eecd4abfd173,39,25,10,10,4,0.4,22,10,0,6,3,0.5
e3dfd2fa-9c8f-5352-a7d8-430377762e57,37,13,3,26,18,0.6923076923076923,72,38,24,91,24,0.26373626373626374
60ef2d32-e4c4-55d7-850d-9176ec311ae8,74,36,2,99,55,0.5555555555555556,8,1,0,7,4,0.5714285714285714
68858a6d-ab44-570e-8b14-de82dd58fc5e,27,15,5,5,7,1.4,30,10,9,3,3,1.0
d5eb0957-677d-5159-af3c-dfef9610d2d5,75,32,19,3,6,2.0,30,15,4,14,9,0.6428571428571429
812bbef8-f380-5172-9304-4eee4eedac12,65,64,16,39,23,0.5897435897435898,44,19,8,41,24,0.5853658536585366
e1d055fa-57fe-5502-a143-10aa24cb29dd,31,19,6,7,7,1.0,55,23,18,6,3,0.5
44c4e680-19f0-5085-8351-662a4727122e,55,13,5,90,14,0.15555555555555556,47,24,23,16,6,0.375
02c12297-41dd-5e28-b8be-28a958ce5972,68,40,18,17,16,0.9411764705882353,29,18,7,2,2,1.0
a175bec8-3dda-5d32-b0ac-bbfea3237c26,32,15,9,2,6,3.0,32,14,7,6,6,1.0
6060cb9a-ba0a-5a48-abac-89720aa6fca3,196,82,30,187,39,0.20855614973262032,65,33,26,18,12,0.6666666666666666
a1746494-bf9e-5894-82aa-68a4eb98af51,77,40,26,33,21,0.6363636363636364,72,29,24,10,4,0.4
74ca5f06-039a-5fba-a06a-c1161ea30dc7,7,2,0,2,5,2.5,10,5,2,1,2,2.0
e7b037a3-12d9-5b7f-ba5b-56dcac5b11a7,24,11,2,32,9,0.28125,61,25,12,88,6,0.06818181818181818
e868a33f-362e-55f5-ae8b-c2602f2da59e,66,32,3,19,8,0.42105263157894735,61,32,3,15,7,0.4666666666666667
4d25cb85-8218-554a-9534-588457bb35c8,72,23,0,18,15,0.8333333333333334,114,52,38,13,6,0.46153846153846156
fb1cee34-64f2-5744-bd08-5d3a9fc6bb69,24,15,2,18,10,0.5555555555555556,27,14,4,7,6,0.8571428571428571
488f82c8-bc6b-547d-aac2-81f4306d42b8,53,36,6,25,19,0.76,71,27,33,63,13,0.20634920634920634
dafdedc0-51a1-54e6-8754-a8d08f6e8d1c,19,9,0,9,11,1.2222222222222223,27,11,5,3,3,1.0
2088139e-5e11-5c76-bd89-1afb9db15c8b,16,7,0,5,7,1.4,19,9,2,11,7,0.6363636363636364
9e367d1c-da92-59ac-a849-c3d22665bd77,63,44,11,40,23,0.575,85,42,28,52,17,0.3269230769230769
6221e29f-c54f-52af-8965-e66661411267,23,15,0,15,14,0.9333333333333333,50,23,12,27,13,0.48148148148148145
4a2c5fbe-f996-5362-9563-86ee5a61fe51,136,53,24,7,5,0.7142857142857143,106,54,23,14,5,0.35714285714285715
ce57feac-db51-5aee-9e7c-94dbbfaf5298,69,27,5,18,11,0.6111111111111112,57,24,18,28,15,0.5357142857142857
d7f14a59-7834-5c9f-9975-0628e83b06c0,16,4,2,8,13,1.625,39,18,12,8,9,1.125
daf50f9f-06ef-5aea-9fbd-20b0945b5154,34,23,5,27,19,0.7037037037037037,65,17,16,18,10,0.5555555555555556
42f5ee46-7d9a-5521-a1c6-756b0cd140e8,82,43,9,30,19,0.6333333333333333,30,13,7,14,12,0.8571428571428571
f2ee8d3a-eec0-58dd-8c40-f7afa5380312,59,24,3,11,12,1.0909090909090908,89,41,26,18,13,0.7222222222222222
1d2ee71a-e9a3-50dd-b703-2fdf58db03d7,223,120,23,29,9,0.3103448275862069,158,86,37,33,15,0.45454545454545453
3fa78c24-13f5-51f0-ac7c-5c10075d141f,81,21,2,3,5,1.6666666666666667,47,36,0,7,6,0.8571428571428571
572dc7d4-ad2e-5d9f-8916-ef9ccc093b92,9,6,4,6,5,0.8333333333333334,22,7,6,9,4,0.4444444444444444
637c5664-3836-55cf-806c-530123061c62,2,0,0,2,2,1.0,6,2,0,5,3,0.6
0f59ff94-c01f-5e8e-b8e7-600795769948,22,13,2,11,14,1.2727272727272727,24,6,1,7,5,0.7142857142857143
c2e706ca-83a1-5ebf-beb6-3b0c3b5dc5a6,51,17,2,11,14,1.2727272727272727,92,48,26,14,5,0.35714285714285715
50fab0e3-c2e5-5cac-b019-e56c2c335951,81,57,13,36,20,0.5555555555555556,80,57,13,35,19,0.5428571428571428
e465e991-5d44-5382-867f-80936e91101d,76,44,20,9,7,0.7777777777777778,68,32,17,11,8,0.7272727272727273
fd4d972b-78ac-52e4-b560-8a7326eabab7,53,24,2,27,17,0.6296296296296297,25,12,5,7,8,1.1428571428571428
68e74a3f-8837-55db-b2be-274368cf9760,15,17,1,5,16,3.2,25,11,4,6,14,2.3333333333333335
93216ac7-f994-58d1-82c3-9f5ce3ff029e,46,13,20,6,13,2.1666666666666665,25,13,13,3,4,1.3333333333333333
b436ba17-0371-5945-aa16-d0635abc0f59,29,21,5,22,14,0.6363636363636364,130,54,53,80,11,0.1375
0fc81044-f7a7-517d-9bb2-ebaae9db4958,70,36,7,4,11,2.75,18,6,4,3,3,1.0
860f8b61-f904-5c99-ae68-dfab43f37d14,7,4,0,5,5,1.0,14,7,1,5,4,0.8
8738a831-47cb-5a59-a30f-cc0988eedcdf,106,32,27,42,33,0.7857142857142857,50,20,16,11,14,1.2727272727272727
fe5dc206-f47b-571d-85ae-c49f60799763,110,66,14,20,17,0.85,111,57,31,152,26,0.17105263157894737
84f2f9d6-c43b-597a-8b74-982463a41474,20,13,2,10,11,1.1,20,8,4,3,4,1.3333333333333333
669795ae-b860-5b3e-8b45-6a4c2d0f9bd3,66,36,19,17,18,1.0588235294117647,12,4,3,5,6,1.2
f0d63a08-697e-5c54-9ced-a518041128fd,15,8,3,12,12,1.0,35,14,13,26,12,0.46153846153846156
1eac5349-0eb3-512c-a4d5-d281a14f97d7,38,15,0,7,10,1.4285714285714286,46,23,9,16,8,0.5
4f35c0f5-e4a7-53c3-9820-bcca2726cc37,102,34,8,27,23,0.8518518518518519,41,14,4,2,3,1.5
e7fd21d0-26f2-58af-a724-c9f828f8f060,13,6,0,19,25,1.3157894736842106,10,6,0,19,22,1.1578947368421053
6d779213-7ee0-59ea-befe-a47b15485174,50,26,4,31,20,0.6451612903225806,88,26,36,13,10,0.7692307692307693
9fe07ea2-1fd6-5e1f-8489-287fe5fa2cae,21,7,0,4,6,1.5,28,11,3,2,3,1.5
8b9edf95-7cf4-5e84-99e5-b6c425cc941c,26,6,0,20,9,0.45,25,7,0,16,6,0.375
a4fd0d21-c7ce-580b-8086-7d6f2b7677e1,44,26,11,1,4,4.0,14,6,4,2,4,2.0
5b7cf76b-4592-5c94-a634-7f6d1ab412e5,27,14,4,4,8,2.0,29,12,9,5,4,0.8
3a20ed0b-a725-5d76-8be2-d1da2cc4d410,27,6,3,2,4,2.0,47,25,2,14,5,0.35714285714285715
2f8f4d5e-66e8-5ff4-8d62-ee5bcf8c2ccc,41,22,10,27,24,0.8888888888888888,43,17,11,13,9,0.6923076923076923
91fe7774-092c-5962-bac1-1c3d54e7fb69,37,14,4,13,14,1.0769230769230769,46,21,15,21,14,0.6666666666666666
dce6bbbe-b913-5d0a-a144-5464a1d7e963,97,72,10,34,8,0.23529411764705882,23,11,5,8,3,0.375
37cb176c-8ed7-5639-a193-420c9dcef4cb,22,16,6,3,6,2.0,59,28,20,3,4,1.3333333333333333
1f306cf6-4c53-5579-95b3-46811efb4dc5,17,9,2,5,5,1.0,55,28,12,10,7,0.7
10db0ca7-0500-5b38-8e0c-5cc5a5cfb987,33,15,3,7,8,1.1428571428571428,27,11,3,6,8,1.3333333333333333
27a41389-cd3c-5aef-aa28-05cc8542ee58,9,3,1,7,6,0.8571428571428571,59,44,1,24,10,0.4166666666666667
31692a4f-93d7-5712-a9e5-a1b0e38571da,9,2,0,4,15,3.75,23,10,8,3,3,1.0
e38bc8a1-e8ce-556e-98a8-8f534652d58e,63,38,27,1,3,3.0,48,28,23,1,2,2.0
1fd113f9-4158-53a9-92d6-7a5c0ac5c6bf,17,9,3,9,8,0.8888888888888888,40,21,4,13,7,0.5384615384615384
8e1aeab1-c3b1-5211-8f9a-3dd0f752ffa7,53,27,25,65,18,0.27692307692307694,47,24,14,61,16,0.26229508196721313
bc195e47-e08c-5aa7-bb7e-9b645a939cd9,14,7,0,1,5,5.0,17,9,0,3,6,2.0
fc2786b4-ca9c-5321-9e5c-bf991cda2e59,9,2,0,5,14,2.8,23,8,4,9,4,0.4444444444444444
a2697392-afc1-5762-84da-c434a5d5ef5f,72,32,3,22,10,0.45454545454545453,8,5,0,6,5,0.8333333333333334
57d1642d-fef8-515e-bf6d-3e3d2890793c,236,148,19,132,44,0.3333333333333333,52,28,12,32,9,0.28125
17f687cb-e7dd-57c9-9e86-324e266427d8,56,44,12,5,9,1.8,51,40,12,5,7,1.4
f1f5de69-3c48-5c28-ae22-b468f664713f,164,86,22,23,12,0.5217391304347826,88,35,29,25,10,0.4
ec7d4dc8-d4ac-56b3-92e9-fb601054a931,70,43,9,55,41,0.7454545454545455,7,4,0,2,3,1.5
5702a23c-41b6-50e1-b8d6-b8f94d7479b8,77,41,4,40,23,0.575,53,27,16,54,8,0.14814814814814814
edfc7430-5cc1-5702-9b0f-b9545a220724,20,5,4,8,5,0.625,14,1,2,9,4,0.4444444444444444
dd19603f-7291-529e-85b6-0255a2960d9a,9,11,0,11,10,0.9090909090909091,19,8,4,31,18,0.5806451612903226
63780cf1-a4d3-55da-9f19-b7e066a4400c,62,25,11,138,15,0.10869565217391304,38,6,8,73,5,0.0684931506849315
f7c42624-d602-5467-946a-cb66bfa880fe,29,11,3,11,8,0.7272727272727273,41,24,4,14,4,0.2857142857142857
ce354bfd-d243-551d-8c03-0a4c5b25860c,57,25,3,47,25,0.5319148936170213,55,33,10,24,10,0.4166666666666667
2c06ebcc-902c-5ef7-a746-dff2baedf651,9,2,0,12,13,1.0833333333333333,10,0,1,6,4,0.6666666666666666
fde35d75-c860-541a-ad65-cf8757c97788,7,2,0,7,14,2.0,3,1,0,1,2,2.0
db1d04db-9f7d-5d73-a4ff-b66980a779f2,8,5,4,8,5,0.625,23,12,10,14,4,0.2857142857142857
090e1b97-2872-549b-a7c8-85b85ed04f39,45,26,1,36,24,0.6666666666666666,105,44,30,36,18,0.5
0b56228b-698a-5479-9ddb-5bb72668f070,60,34,9,21,21,1.0,67,30,17,15,9,0.6
55ff870c-9eaa-5d1c-86a0-bf607ce45b1c,156,70,43,32,13,0.40625,102,40,23,27,14,0.5185185185185185
00c3ecd5-5bd9-5220-a379-835548ee6890,30,16,2,40,22,0.55,51,27,5,52,16,0.3076923076923077
413c39fe-ccec-56ff-a349-a85ce6ffbc3e,25,14,1,15,18,1.2,45,21,10,12,8,0.6666666666666666
cac3003e-c18b-5548-b66a-2b4c9b1b033d,9,4,1,19,7,0.3684210526315789,9,4,1,20,8,0.4
f1d5add7-4b1e-5273-9ed7-770854649b1b,13,6,1,15,14,0.9333333333333333,2,0,0,2,5,2.5
1435e660-8ff9-51e5-82d7-5bf15133c1ed,45,23,9,15,15,1.0,50,26,17,4,10,2.5
545734f8-5cf6-5879-9caa-cd07cce6c661,49,25,12,26,25,0.9615384615384616,25,9,10,10,4,0.4
35fa6fbf-75b5-501a-b536-6a0ef83f4888,38,24,3,33,24,0.7272727272727273,65,28,20,35,23,0.6571428571428571
496aea54-6560-5649-899f-6ce56782d91d,20,2,0,9,4,0.4444444444444444,19,2,0,8,3,0.375
78adfd7a-27b8-52d1-bebe-593285686e31,23,17,10,11,14,1.2727272727272727,61,28,28,7,7,1.0
53c8fe31-c62c-59a8-995d-3ccd1535d0f1,52,28,9,5,8,1.6,85,39,24,13,14,1.0769230769230769
6920c5e4-9a16-5dc5-8904-99739b6708c8,36,15,8,7,8,1.1428571428571428,85,33,33,6,3,0.5
ca95be8a-0be7-5228-8d22-08eb7dace93b,22,10,0,13,9,0.6923076923076923,55,21,16,16,12,0.75
59164349-6ccf-5600-a693-4acd8c791cf8,85,49,18,24,22,0.9166666666666666,73,31,24,10,9,0.9
553274a5-bf88-560c-ba0d-0ceacc5a32d3,5,3,0,3,3,1.0,7,3,0,2,2,1.0
5716b25c-46d9-5224-9185-81e4a4f0dd15,58,27,3,1,5,5.0,50,21,13,13,9,0.6923076923076923
51d5ae20-3178-5943-9a6c-82e9980d8043,39,21,6,6,10,1.6666666666666667,51,20,13,5,5,1.0
3eb459a8-cc97-5a8b-aff3-7de562e7ba7f,162,70,18,79,35,0.4430379746835443,48,13,13,16,4,0.25
95f6ebd4-392d-5585-8930-c66629714f32,59,34,5,18,17,0.9444444444444444,72,35,6,22,19,0.8636363636363636
6321443a-4258-5ec0-b6a1-0bd8c48c2fa5,27,18,9,32,17,0.53125,13,6,0,4,4,1.0
11fd7bac-3e3f-5421-8605-3993ee37de72,25,14,0,12,4,0.3333333333333333,24,14,0,12,4,0.3333333333333333
cc62a034-07cb-5731-840b-cbffb5d778c7,40,15,5,2,7,3.5,27,12,8,7,7,1.0
28a22216-4c54-5de2-853c-b40542b9fea6,62,28,7,65,27,0.4153846153846154,64,35,11,28,7,0.25
f3be9113-8517-5292-a82f-26b1c43644be,51,23,10,19,15,0.7894736842105263,40,16,15,3,3,1.0
e2613b27-f626-543a-ad37-91e873759f47,54,22,8,34,9,0.2647058823529412,2,0,0,2,2,1.0
5a4c90a1-b451-5bb5-b494-984e6192aa11,71,50,10,15,16,1.0666666666666667,140,51,36,43,11,0.2558139534883721
b9b42076-5e49-57c9-b437-c3aa70c58ad1,9,4,0,3,7,2.3333333333333335,34,17,8,12,11,0.9166666666666666
f4b1f0c5-6441-50d5-8f50-466ada95b77a,82,37,29,20,10,0.5,58,26,15,30,8,0.26666666666666666
f776e1b3-eb22-51b8-b2e0-590ed6ff1db0,65,27,4,14,12,0.8571428571428571,96,49,23,9,9,1.0
32d44a7f-27d3-5e78-9e32-3100a27777bb,27,8,3,11,11,1.0,28,16,8,5,3,0.6
8dc0b943-9f7b-5ef7-8233-d1edd713b547,124,65,24,17,18,1.0588235294117647,90,46,22,17,15,0.8823529411764706
9fccba47-3997-58e2-9ea3-c34ce6ddeda4,57,30,11,8,13,1.625,21,12,2,4,3,0.75
36a4c8b8-7dfe-5eca-a8db-e8790ea8da21,10,5,1,3,4,1.3333333333333333,42,16,8,12,7,0.5833333333333334
a0e4b1be-7b74-5c22-a838-e6c3f2d74ed2,27,15,5,12,9,0.75,10,7,3,10,3,0.3
a9f36aa2-03f5-54fe-b339-49470cf1c50c,22,11,4,6,8,1.3333333333333333,47,23,8,9,8,0.8888888888888888
28bb1bc1-edb5-5d1b-9629-277c7263b8e1,40,17,6,17,16,0.9411764705882353,7,2,0,5,6,1.2
5f2e06a9-27a1-5845-95a8-e70091b5d6b9,28,7,2,14,11,0.7857142857142857,10,0,0,12,2,0.16666666666666666
fc46994b-c554-5158-9f3c-649e41c3f435,5,3,0,13,13,1.0,13,4,4,24,16,0.6666666666666666
c7e34a60-d592-5873-ae99-2f3c98abf1c5,75,37,1,45,20,0.4444444444444444,56,30,12,80,9,0.1125
ce1f2017-b7a4-57b1-b712-b4929182c112,64,60,11,50,39,0.78,67,58,11,50,37,0.74
fa0bec2a-2818-5f17-b852-2eb17e3e53af,33,15,9,13,10,0.7692307692307693,54,29,12,23,9,0.391304347826087
b06aa000-482e-54a7-9a63-bfbcdd4bbad3,15,9,5,12,11,0.9166666666666666,33,13,10,28,11,0.39285714285714285
b6b59986-be68-552c-90cd-d66d65379778,9,3,0,3,6,2.0,29,15,4,10,8,0.8
5fac4612-b9bb-5205-a3b0-f51de9fa515c,3,1,0,3,5,1.6666666666666667,21,7,0,10,4,0.4
a31ae240-404b-5f7c-8121-a9ab06c072a3,20,11,0,7,9,1.2857142857142858,37,18,11,7,7,1.0
41a14c6c-4b9a-50b1-b55a-f3e85d67d88e,98,66,21,62,34,0.5483870967741935,118,44,28,24,13,0.5416666666666666
219b6cbe-fc2b-525b-9a40-7f316aeb51d2,33,24,6,18,16,0.8888888888888888,46,25,16,3,4,1.3333333333333333
890df15b-a6ae-5f3c-aa88-af32eec29147,36,11,1,8,9,1.125,48,28,12,21,6,0.2857142857142857
f7ccc7ae-1a13-522f-a162-602b9199298b,40,14,3,17,15,0.8823529411764706,12,3,2,5,4,0.8
631baaf3-aff9-52a6-9c2b-ba8bea7b0c43,73,33,18,20,7,0.35,67,32,15,12,7,0.5833333333333334
8b811b71-387e-5953-8076-892741e4209a,44,24,8,53,39,0.7358490566037735,42,18,11,7,6,0.8571428571428571
c674a3aa-5e49-5007-a756-029ea1518ab4,24,10,2,7,10,1.4285714285714286,11,6,1,15,4,0.26666666666666666
a152fcb1-ac4d-58a6-83a7-381a1857f013,13,7,6,1,2,2.0,22,9,11,1,2,2.0
0d8074dd-6411-56bd-b3b8-ea28bc019e60,2,0,0,1,2,2.0,2,0,0,1,2,2.0
38baa893-72c3-5f05-8397-4e5cff4e6326,59,53,3,26,14,0.5384615384615384,112,57,18,78,8,0.10256410256410256
dedba2e1-2d5c-5b3a-aa7e-dd2462749f11,62,28,12,31,15,0.4838709677419355,66,28,15,29,13,0.4482758620689655
2c4edb5a-7b94-5ee1-9fc0-a4717b29c4ef,16,7,0,8,18,2.25,9,3,1,3,3,1.0
cc90a56e-7b2f-515d-a4f1-0593659e1ce9,33,14,7,15,7,0.4666666666666667,35,13,8,10,10,1.0
cd6e37be-c228-50e3-a3df-83bd08545119,29,17,8,33,10,0.30303030303030304,21,14,2,19,7,0.3684210526315789
a84ef6f9-77c9-577c-8fe2-7e240d777c80,38,29,1,14,11,0.7857142857142857,57,30,12,13,8,0.6153846153846154
cea6b339-ce75-58b3-9a68-0862063105f5,17,13,2,4,7,1.75,25,11,7,17,11,0.6470588235294118
15a94d79-2f68-5179-ac48-84ebcce56f84,122,68,26,40,35,0.875,49,24,16,21,11,0.5238095238095238
eabc1c29-88cc-5548-b9f2-76cb45cc13b8,71,35,6,7,7,1.0,20,9,6,8,8,1.0
5eff9412-5648-5084-8980-293f9eed71fe,120,132,22,104,22,0.21153846153846154,47,22,1,28,14,0.5
1d99af92-c32d-5a57-ab23-507128ff5989,49,31,11,11,9,0.8181818181818182,28,11,6,16,7,0.4375
5eff96a2-a0a9-5050-9c38-25d4e744c770,30,18,3,10,10,1.0,96,45,32,12,8,0.6666666666666666
4d17ca63-4a60-54fa-b409-de1dba397032,23,10,7,11,17,1.5454545454545454,2,0,0,1,3,3.0
326a8dc3-3e58-5de0-a14f-93c07d3900a3,61,26,25,19,10,0.5263157894736842,37,12,9,24,15,0.625
eca058c6-7f02-5a0a-bb9f-33c2aaa9ce00,41,23,3,22,17,0.7727272727272727,59,25,13,12,10,0.8333333333333334
f6743d4f-3593-510f-8826-408c9897826a,17,14,2,7,15,2.142857142857143,23,10,8,17,6,0.35294117647058826
70d2a8c0-76c0-5c9b-a44e-11b5e1db3e17,19,8,1,17,17,1.0,2,0,0,2,3,1.5
41e91fd1-7790-52c3-b8da-27cfbf560b9c,55,29,10,115,28,0.24347826086956523,26,17,3,43,9,0.20930232558139536
9cb39085-0f00-5035-9b2d-bda7ae27ffdf,22,8,3,12,14,1.1666666666666667,23,8,8,2,5,2.5
ac19db89-c18b-5376-a7c1-366175805691,26,13,2,18,16,0.8888888888888888,15,6,2,18,8,0.4444444444444444
8c6573c6-a785-5e57-8c73-d78b71e79baa,34,19,8,1,4,4.0,63,27,12,13,8,0.6153846153846154
8bea0ba4-b6ed-5781-845d-b2a3689182d2,3,1,0,6,6,1.0,2,0,0,3,3,1.0
c09884b9-3626-531d-846c-ceec0cf01312,26,4,2,7,9,1.2857142857142858,25,8,6,2,2,1.0
ff426e34-a777-5f0f-8858-fce4a2d88704,3,1,0,7,7,1.0,2,0,0,3,3,1.0
