uuid,source,h_n_lines,h_n_tactics,h_n_have,h_n_premise_refs,h_premises_loose,h_premises_strict,a_n_lines,a_n_tactics,a_n_have,a_n_premise_refs,a_premises_loose,a_premises_strict
b26074ad-3dd5-5eac-9313-9e030fe75aa0,math_test,86,41,16,101,27,26,7,3,0,1,2,1
a2599662-2f3e-5f80-9db7-3496890745c4,math_test,15,7,4,2,3,1,15,5,1,1,2,0
45521fff-bad3-5eed-a946-174b357a3df3,math_test,8,3,0,1,2,1,14,7,0,3,4,3
6a447572-2ee3-56a4-a412-d5c6a56a5e8b,math_test,4,1,0,6,3,0,6,2,0,6,3,0
a678465e-84d5-5b55-8fc5-ce624a72359f,olympiads_ref,11,6,1,1,2,0,9,4,0,1,2,0
50f65147-64d0-5b1d-89a0-b0ae27003f88,olympiads,5,4,0,1,2,1,16,6,2,2,3,2
b4ba605e-866c-5179-b35f-f039fb2950d2,olympiads,51,34,18,17,7,6,62,34,24,1,2,1
30c4e753-1525-5a50-bbad-fbaa501aa103,math_test,7,5,0,17,7,2,5,1,0,18,10,5
b1d15b93-013d-5203-8891-01d5c806ecd0,math_test,7,3,0,3,3,2,16,6,4,6,3,2
0e9a0016-3ff8-590e-8304-070d25bd6532,secondary_math,72,38,15,9,5,4,74,38,21,9,5,4
76494dbd-5990-55eb-9407-cff23a7a80d8,olympiads,9,3,0,2,3,2,10,5,0,2,3,2
a644e678-1c75-5f50-9a38-bf2520a3bae8,math_test,4,2,0,3,4,1,13,6,0,4,4,1
14c04549-c56e-58ed-8d62-420d5bff04af,math_test,3,0,0,2,3,2,3,0,0,2,3,2
2cad8875-02a0-5807-85dd-f3387690ca60,math_test,2,0,0,1,2,1,2,0,0,2,2,1
3f05e6e5-3236-5bd8-86e2-0f751170ef71,olympiads,5,1,0,3,3,1,5,1,0,3,3,1
fe3e5ba4-24a3-5ec9-b9ba-ec46958ab9f4,olympiads_ref,5,3,0,12,4,0,17,8,5,26,4,0
e72752fa-63f8-5538-963f-16bf5b0a408a,math_test,2,0,0,1,2,1,2,0,0,1,2,1
1d5f9f4b-d5bc-5125-b0a5-b85a3cdfdb2f,math_train,24,11,1,1,2,1,28,11,5,1,2,1
9551fce6-5c2d-507d-a35a-7d58e9d52cdc,math_train,5,2,0,2,3,2,32,9,7,5,4,3
1260ffed-624b-5447-88a5-25709ede4697,math_test,5,2,1,2,2,1,6,2,1,2,2,1
7d5098ed-1f1a-5b63-8af1-e2ed7830b4b6,olympiads,2,0,0,1,2,1,2,0,0,1,2,1
1bf21e78-6c09-5013-90f3-57ff49952d90,olympiads_ref,63,29,6,38,16,15,3,0,0,3,2,1
9af28884-b469-575f-86e0-9c1c995e5e70,math_train,6,2,1,10,4,2,6,3,0,10,8,6
7dd80ef0-711f-54aa-9436-13877c7cb144,math_test,5,2,0,2,2,1,6,2,1,2,2,1
450cb727-9b7d-565b-95d4-3da247b75690,math_train,3,0,0,12,7,3,6,2,1,21,7,3
4c8a2a5e-233b-5ff3-915c-302608426232,math_train,4,2,0,5,6,3,18,8,0,6,7,4
0b668267-474d-535d-b645-696fdd1f21db,math_train,2,0,0,8,2,0,2,0,0,8,2,0
a6a5a919-1599-56fd-8c19-db8c19d0f369,number_theory,3,0,0,11,8,3,3,0,0,10,8,3
768ae39e-9aa4-5091-be68-61b297065323,olympiads,2,0,0,2,2,1,2,0,0,2,2,1
25a9af7d-3994-5872-a103-5f7dd3f78ad7,math_train,4,1,0,1,2,1,22,9,8,1,2,1
e0292b80-c2f7-54f3-89de-bf74c113d701,number_theory,2,0,0,1,2,1,3,0,0,1,2,1
f9dd3c48-e376-5023-a13e-14609a3ad555,math_train,2,0,0,2,3,2,4,0,0,4,3,2
4a3a5691-6299-5049-be7d-0d3cd2ccf230,math_train,17,9,2,8,2,1,6,3,0,5,3,2
fed6b037-ba0a-5ddb-9b17-a9b16f08679c,math_train,28,20,13,2,2,0,13,7,1,6,4,2
5d6fab9d-d567-5d35-8495-ff93bc5cbe17,olympiads,11,4,0,1,2,0,11,3,0,1,2,0
2ecd6360-01fc-54c3-b518-a02baa353e51,number_theory,4,0,0,3,2,0,11,4,0,6,3,1
8ee0fb74-5c61-5e16-b8cc-10efbe28f735,math_test,4,1,0,4,4,0,4,1,0,4,4,0
9faef40c-54cf-555f-9759-755f8556e902,olympiads,18,6,4,3,3,2,18,7,7,3,3,2
d203b1a6-153b-56af-a2d3-f6507416bc74,math_train,5,2,0,1,2,0,16,6,1,1,2,0
8e690f90-7595-533a-927c-df79c4af0224,math_train,5,1,0,20,6,0,5,1,0,20,6,0
a0f27c36-ba7a-5121-9a5d-d449b7e6f3d6,aops_forum,4,1,0,3,3,2,4,1,0,3,3,2
13391edf-eea4-590b-99c3-ab8b3b68b2c2,math_test,7,4,1,5,5,1,7,2,1,4,4,1
3dcb5edd-2d1d-5eca-a81c-56cfb5d8f926,olympiads,12,4,2,32,9,8,14,4,2,28,6,5
7ef3ed9d-ef90-5436-8b8f-5dfaf6e56feb,olympiads,20,8,5,1,2,1,23,10,7,1,2,1
b153ac58-3aa7-5b44-aede-4dcb26c66eca,math_train,2,0,0,1,2,1,2,0,0,1,2,1
500f70cd-b0b6-57e4-bb7c-7aa550873963,aops_forum,15,9,4,4,5,4,16,8,5,4,3,2
a11b5771-ed15-570c-9e17-597baba2a7eb,math_train,7,2,0,6,7,5,13,5,3,11,8,6
26e84fcd-fc50-58c0-b09e-1db5a111afdc,math_train,2,0,0,2,3,2,2,0,0,2,3,2
b3ab6873-5413-570d-ba1b-5263f78ce5c1,math_train,8,6,0,9,3,2,9,7,2,9,3,2
fb78daff-1758-5d4f-aea8-67a135acd0f5,math_train,5,1,0,3,4,2,13,5,0,2,3,1
b00ee37b-d3fe-5a9d-9bff-966db49af3d4,math_train,2,0,0,1,2,0,2,0,0,2,3,1
ead8738b-f73b-50dc-8164-d563f22567e2,math_train,4,4,0,1,2,1,5,2,0,1,2,1
7b35714e-57c5-5e5b-91cd-c50682986ae5,math_test,5,0,0,21,6,1,16,8,3,25,6,1
fe547a01-4a68-5c67-809e-f85bcc72d615,math_test,3,1,0,3,2,0,4,1,0,3,2,0
a10a822f-929e-5d48-9a5a-5223f488560a,olympiads,16,12,3,1,5,0,23,11,0,1,5,0
221c417d-df6f-5af8-9a92-6854d6ee30e5,olympiads_ref,45,28,11,7,5,4,3,1,0,2,3,2
f0dacaa3-7974-5e21-9718-173a30bbbf22,number_theory,17,1,1,7,7,4,17,1,1,7,7,4
95455a42-8402-5c1f-9a80-cdeb39894e03,number_theory,1,0,0,1,2,1,1,0,0,1,2,1
ae96c299-dfc8-5d0f-bcee-5f6c2121eeab,olympiads,2,0,0,2,3,1,3,1,0,2,3,1
917764ed-7766-5813-a919-c18ff0fce42b,math_train,4,1,0,4,2,0,5,1,0,4,2,0
93cd1c59-50b0-5f8b-9a66-b630cff98911,math_test,54,29,7,36,15,12,7,3,0,13,5,2
259d8367-7c00-5cce-99ea-78296c56054a,amc_aime,14,5,1,6,5,0,7,0,0,2,4,0
701fe448-aca0-5b5b-a4c0-1665e6eb48a1,math_train,39,22,4,26,12,8,8,4,1,11,5,3
1b907c78-366c-5708-8d16-b152a98daba9,cn_k12,31,18,3,7,6,5,18,10,2,1,2,1
7f4054b7-a35d-5f54-9a19-b55cb6f1700b,aops_forum,4,2,0,1,2,0,6,2,0,1,2,0
d29cd665-b8eb-568f-b7d2-2581e843ebaf,math_train,7,4,0,1,2,0,15,5,0,1,2,0
3e7604ad-5bf5-5706-beac-f4362021da04,aops_forum,8,5,2,3,4,2,6,3,2,3,4,2
ea608f16-0d13-5e69-a225-3f086b2c122a,math_train,3,1,0,8,7,4,4,1,0,8,7,4
22f16324-e228-5b78-a185-f6ac3624ca26,aops_forum,2,0,0,3,3,1,3,0,0,3,3,1
ec40eca0-1945-5805-b8fc-83bf5873067a,amc_aime,6,4,1,3,3,1,14,15,3,15,6,4
440f2c7c-8bbd-5708-927c-ef053fd35bd3,math_train,20,7,1,6,5,2,4,1,0,5,5,2
9892774a-7294-534e-bd52-6f19e2a40d24,math_train,7,3,0,10,5,0,7,3,0,10,5,0
ad39313c-2ce7-521a-a670-b9df993a8004,aops_forum,6,1,0,8,4,1,6,1,0,9,5,2
d05b855a-4924-51f4-a4bc-80655e723e3a,olympiads,6,4,0,6,5,2,8,4,0,6,5,2
3bf9c531-7ad5-534f-898a-a757cb8516c7,number_theory,9,1,0,2,3,2,9,1,0,2,3,2
480d920a-6719-5a94-b6b4-93c69d407630,number_theory,5,1,0,8,5,1,11,4,0,9,5,1
6818451c-9272-5a80-b5ad-c1a74c60ed11,math_train,11,5,0,2,3,1,20,8,3,5,5,3
3ff0af1e-8635-564d-b637-318acfeed9cd,math_train,53,31,12,37,13,11,16,6,0,10,8,6
5d156a5d-0bf6-5dc2-8146-7b2418c2bce9,math_test,10,4,0,2,3,1,14,5,0,3,3,1
cb9a6fb7-a80f-54bc-8a8f-81167e873d26,math_train,17,9,8,10,9,7,5,2,0,2,3,1
f10413c8-cf96-515f-a362-ca3296fdc00e,olympiads_ref,30,16,6,12,7,5,16,6,5,5,3,1
aa761cbd-938e-59e2-82be-2ce6f5c701c7,math_train,2,0,0,1,2,1,2,0,0,1,2,1
08acb0c8-2768-56e5-9032-c92b0ce67260,olympiads,2,0,0,2,3,2,3,0,0,2,3,2
b52b33f4-2b5f-56b4-bc17-9c25755752d7,aops_forum,5,0,1,3,4,3,8,2,2,9,7,6
e68a55a4-1a30-51f6-83e6-190eca097a96,aops_forum,4,2,0,1,2,0,14,7,0,1,2,0
2ca21479-97c4-5263-aa89-9c4da7ef58ec,olympiads,12,3,1,1,2,1,8,3,0,2,2,1
8898bd29-2307-5301-8f95-1efe37c819b3,number_theory,3,1,0,3,3,1,5,1,1,3,3,1
4ff58f19-5939-565d-91e2-137ea573db97,math_train,1,0,0,3,3,1,3,0,0,4,4,2
a79ff5a0-59f8-5464-8bef-fdbe98727dc0,number_theory,9,8,2,30,17,9,2,0,0,4,5,1
eb63c4a0-47e1-58da-bfd5-65846cfe60b3,math_test,14,12,4,2,2,0,15,9,1,1,2,0
f250a4e7-e7c6-5d03-b825-99ef6a00e4f6,math_test,8,7,2,1,3,1,5,0,0,1,3,1
e3a73eb1-a13b-5445-b6f0-85bd223d9d21,math_train,22,11,9,1,2,1,16,7,5,1,2,1
57b2e6ef-c84b-54c8-bebf-356ebbb5a57f,math_train,3,1,0,1,2,1,2,0,0,1,2,1
cbc8b348-1470-57fd-adb8-7436ffa948d4,cn_k12,11,6,1,1,2,1,8,2,1,1,2,1
740dcefb-0ed5-5589-b8cd-99c00e997a48,math_test,13,7,2,1,2,0,15,5,0,1,2,0
d0c4d578-c4af-5760-9aed-dff9829f29f9,olympiads,13,6,5,14,9,8,22,14,9,26,11,10
c267ff2b-9dc8-5dfd-b7fe-e7096d53c54f,math_train,6,5,1,11,6,4,8,3,1,9,6,4
5e323eec-d402-533d-b892-dfe7b940dfe0,olympiads,2,0,0,1,2,1,2,0,0,1,2,1
b2e9f3a3-a7a5-5788-807d-a934ca9df56d,math_train,3,1,0,1,2,1,2,0,0,2,2,1
74e05d44-1e11-5101-b3be-e133b31d5a20,olympiads_ref,23,10,1,5,3,2,15,8,1,10,4,3
5a7fc501-05ee-5093-ae1e-f40fa482b2bc,amc_aime,89,99,19,49,20,18,15,6,0,3,3,1
8fbe9093-0fbc-53b0-8e44-74f05c9b22e1,number_theory,8,1,0,6,2,1,24,10,0,12,2,1
5e987250-9d05-56ce-ba34-21dacf0af756,cn_k12,9,9,0,5,6,5,19,12,3,3,4,3
95cc16d3-0dbe-5ea7-8a67-94f493c0292c,math_train,8,3,0,1,2,1,14,7,0,3,4,3
a81a9e35-aab0-5029-8b6f-7dd84cc30c7f,amc_aime,7,2,0,5,2,0,27,8,7,12,2,0
c4261dae-ec2c-5083-b3d9-39a9e6d4d650,cn_k12,16,6,4,1,2,1,17,8,5,1,2,1
fd82fe58-d9de-5e42-84ec-fe109199f99e,math_train,4,2,0,1,2,0,16,9,2,1,2,0
6bf8e110-28f3-519d-843e-dae3dea3420e,math_train,4,1,0,4,3,2,56,15,6,44,4,3
4260e68a-c655-55b1-b377-10576fb84908,math_train,2,0,0,1,2,0,2,0,0,2,3,1
7031ed4a-6182-5c7d-9d19-55bf96626696,olympiads_ref,94,45,3,40,19,12,3,0,0,2,4,1
f960eb42-b31d-572e-a814-3d07654fe7f8,math_test,43,24,6,27,8,5,37,21,13,28,8,5
80de1ec1-dcf4-5b11-b777-080ba54d9e11,cn_k12,12,6,0,1,2,1,13,6,2,3,4,3
7f32ef1d-a2c4-53fb-b747-cff52bc27969,math_train,8,5,0,3,3,2,14,4,2,9,4,3
4bcf9945-b019-5cdd-9740-58d09951f26a,amc_aime,6,3,0,9,9,4,6,3,0,9,9,4
149fe16f-5e4d-586c-aea5-aafc6a7e9dea,olympiads_ref,12,5,5,1,2,0,11,5,5,1,2,0
c9f61fd9-ba98-5489-85d6-2e802e808586,math_train,6,3,1,10,9,8,2,0,0,2,3,2
5c432470-c0d6-54bc-bc96-c692626417f6,math_train,8,4,1,2,3,1,14,6,3,1,2,0
bf349feb-5acc-532b-89b2-db5165c221fe,math_train,6,1,0,8,3,0,20,7,5,22,4,1
e2a542d7-80ce-5a8d-9d83-f30dc98bc69e,cn_contest,13,2,4,6,5,4,19,7,8,8,5,4
2f0c61c8-a8f7-54be-8c18-babaa91b1821,math_test,21,13,2,25,18,14,4,0,0,8,5,3
7f25083e-d944-547c-bfed-77570ed80ce7,number_theory,5,2,1,9,9,8,6,3,2,5,6,5
db22416f-edac-53e8-82a2-7cb4430dc165,math_train,11,4,0,1,2,0,21,11,0,5,4,2
e335c305-2d2b-5fdb-be7b-6b5398180927,math_train,2,0,0,3,2,0,2,0,0,3,2,0
3eaf1908-388c-5c22-b2c2-72920de9783e,math_train,154,76,28,103,40,23,128,61,17,87,30,13
ff9f44c9-a287-5374-b452-69ecd4cf3aed,math_test,9,7,1,3,5,1,6,2,0,3,5,1
677749e1-a5df-520c-a393-4d2bc19245e1,math_train,25,14,2,3,4,3,26,12,2,5,6,5
29b6459c-dddf-570a-a965-389f01da2156,math_test,24,11,3,13,7,3,2,0,0,1,2,1
5bd30240-d09e-587e-b3ea-7f53b65393eb,math_test,2,0,0,1,2,1,2,0,0,1,2,1
c81e61c2-4b24-58c8-9928-a251d33f5abe,olympiads,9,4,1,9,5,3,37,33,1,11,10,8
48881c66-0ff2-5b04-b9b8-7c62ba081dd1,amc_aime,88,54,8,6,4,2,54,30,8,8,5,3
6c0af0ff-15d4-5789-a0a7-c75631416239,math_train,10,6,0,9,4,3,11,3,4,13,12,11
7b69108e-db63-51a7-b732-891ae946fce7,olympiads,3,0,0,4,2,0,12,4,4,7,2,0
08a52a63-e01c-5b62-b4b2-a83dd874dfa9,amc_aime,73,44,8,71,27,19,5,1,0,5,7,2
3d18ef8b-e560-53f5-8de5-6c38c0ccf174,olympiads,4,0,0,2,2,1,4,0,0,2,2,1
fec805f0-ea96-541a-9f9b-a152d0b61a98,math_test,10,4,1,2,3,2,17,8,5,1,2,1
4e8f58e6-96cc-5d4d-838d-83f64b3cd30f,math_train,4,2,0,1,2,0,11,5,1,1,2,0
08a92869-afe8-5079-8819-d2abb0cfe831,math_train,2,0,0,12,3,0,3,0,0,12,3,0
1a0e69c5-b488-5319-9224-e076131bd7d3,olympiads,78,40,19,10,10,5,68,34,12,40,10,5
2bf91739-cd1b-51f9-aad0-044031838c2d,olympiads,10,5,4,1,2,1,11,2,2,1,2,1
29059eae-5efb-578b-9535-08ae7d6cec00,math_train,35,21,10,3,4,3,29,11,8,2,3,2
f3902d8c-0bdd-530c-885a-7cbdf8d46f7a,math_train,2,0,0,2,3,1,2,0,0,2,3,1
11bdfb8e-3a96-509c-9017-83c0f6e33e4c,math_test,6,2,0,13,7,2,6,1,0,13,7,2
2ab4acb7-3c90-5b62-976a-a3de7377c93a,math_test,2,0,0,1,2,1,2,0,0,1,2,1
42247153-8d50-5c30-a0bc-af55c78c59a4,math_train,4,0,0,2,3,1,10,5,0,4,4,2
76b2f707-94ad-57e7-8217-13d50224eca6,math_test,25,13,0,4,6,0,33,20,0,4,6,0
05689e6a-feb5-5ab7-8080-ae5fb555e9ff,math_test,11,6,1,1,2,0,11,5,1,1,2,0
4974f97a-43db-5f6d-88ca-0e1fa0b27740,cn_k12,8,4,1,5,5,4,14,5,1,7,5,4
f81be4de-616f-53be-8e8f-3f890ec57a8a,math_train,23,16,1,15,9,7,17,10,1,2,3,1
affaf94d-a7c6-5bd1-93b5-6244cc6c62b2,math_test,8,3,0,4,5,4,12,6,5,6,4,3
07e2be72-abc6-5fd9-9165-52989a54e196,amc_aime,2,1,0,3,2,1,2,0,0,4,2,1
b5ba72ad-797c-5906-b1fb-0387c4190c8b,math_train,39,26,7,1,5,1,53,25,9,4,8,4
1352702d-c8e1-510e-a3cc-b7504d294706,number_theory,13,7,2,7,8,5,2,0,0,2,3,1
68f8a65f-3c07-5e37-9d60-ec0a9737eb87,math_train,26,11,5,12,5,4,19,9,3,10,4,3
aaefa534-c069-568f-9f61-8b5a7fd86744,amc_aime,14,7,5,12,3,0,39,19,14,12,3,0
d354e6bc-f7e2-5457-8f37-9c99d8779068,math_train,12,7,4,19,7,6,15,9,4,22,8,7
af58b0a0-a52a-5f1b-8f06-4365b9fd50c1,cn_k12,8,6,2,3,6,2,17,5,7,3,6,2
02cae9ff-6d99-5d76-8d0f-477155c7d66a,math_train,22,12,1,11,12,10,8,3,1,11,8,6
4aea7a0a-aace-5627-bf82-81c556a12757,math_train,9,2,1,3,4,3,18,7,3,2,3,2
769dcfbe-fa63-5ae8-aa9e-4f852eae804d,amc_aime,35,4,1,8,3,0,3,0,0,1,3,0
8cf171b5-b26c-5e28-9957-1800f8b46855,math_train,5,3,0,1,2,1,6,2,0,1,2,1
ba89de36-aa36-5f9a-ac1a-12100409146d,math_train,2,0,0,1,3,2,2,0,0,1,3,2
8b90965a-fcfb-5fc9-a6fe-207def4a2f92,cn_contest,53,21,18,21,3,1,44,17,13,18,3,1
63f93fa4-71cf-5cdc-8320-539cb768009a,math_test,6,2,0,5,4,1,22,20,0,7,4,1
8932c016-bf88-506b-9361-c6c4b4a3c9d0,math_train,3,0,0,2,3,1,3,0,0,2,3,1
915d7da0-e5e2-5474-9457-fedd48b00c9d,math_train,8,5,0,3,4,3,15,7,2,5,4,3
e2d5070d-4907-5623-b29c-1b2ab643ac7c,math_train,2,0,0,1,2,1,2,0,0,1,2,1
1a9098cd-18e8-5aef-a548-aebc56e454b6,cn_contest,2,0,0,1,2,1,2,0,0,1,2,1
c9e45f55-5b1b-5455-a5e9-ba185a2dfd87,number_theory,46,29,3,10,7,5,9,3,1,8,6,4
621d5eb0-bac3-5995-b943-1be00baefff8,olympiads,2,0,0,1,3,1,2,0,0,1,3,1
98b1023d-e275-5354-beb3-7566ac077211,math_train,4,1,0,2,3,1,4,1,0,2,3,1
7f1ef490-96a4-5fb3-bab1-b106f32baabd,number_theory,2,0,0,1,2,1,2,0,0,1,2,1
ef15dc4b-c455-55b2-a11d-59eda88ef755,math_train,8,4,0,4,2,0,9,4,1,4,2,0
6978d00d-c8db-55a7-bf28-78b7278438b8,olympiads,12,4,4,20,4,3,13,6,5,25,4,3
e6da8a23-9765-57c6-b85f-c9b5dbe04c6e,math_train,20,10,3,6,6,4,16,7,0,1,2,0
c6b3563e-d1db-5afe-86a1-7abc1d47b177,math_test,6,2,0,3,4,1,14,7,0,5,4,1
afe2f3a6-debe-504d-86a2-3157b01cd6e1,math_test,2,0,0,4,2,1,2,0,0,3,2,1
3d2c868d-040b-5f95-8049-83a435b407a5,olympiads_ref,66,38,6,36,20,15,4,1,1,3,4,2
6876e834-db51-5bcf-b246-d537b6ccbb59,cn_k12,6,4,1,1,2,1,19,10,7,3,4,3
82b4d725-3cbf-516f-bdba-32815d95bc4f,olympiads,34,24,4,30,17,14,5,0,0,4,2,1
00f46d63-9e6e-568a-bfd1-21907aabf790,cn_k12,10,3,0,3,4,2,23,9,5,12,11,9
f39ff433-69b0-52d9-95dd-0db034f48f7b,secondary_math,50,31,6,1,2,0,16,8,4,1,2,0
3e6b57e9-d5ed-581c-bf46-9306fa9b6806,amc_aime,4,1,0,8,4,1,3,1,0,9,5,2
1db80b11-d79d-56d1-9eff-17a111f4b2c5,number_theory,77,46,4,44,10,4,78,46,4,44,10,4
902e152c-0fb1-514b-a043-56e7954f81a2,math_test,5,1,0,2,3,1,5,1,0,2,3,1
31efc93a-e2b5-5cb2-ba5f-f5443a35b62c,cn_k12,7,2,0,1,2,0,10,4,1,1,2,0
4d68f3d1-8427-5af8-96bf-7d0f58930f1a,math_train,6,3,0,5,4,2,10,4,1,10,5,3
ec2f2451-4ac7-5e28-99c6-967feccc2f70,math_train,34,30,3,22,16,14,19,8,1,3,3,1
ac854115-e733-5bff-8740-8d36f44ea197,math_test,53,23,11,42,32,28,98,59,28,52,30,26
869a2011-6291-5312-9a4d-7a9a7c238126,cn_k12,12,8,3,1,2,0,8,4,0,1,2,0
63a3f3f5-12cc-520c-9f94-005e053459b3,olympiads_ref,107,51,10,36,10,9,85,43,25,55,11,10
a41e71a8-fd09-53bc-b715-24ed0b97d916,cn_k12,14,10,0,4,4,3,57,39,21,13,9,8
a3f82c75-6aad-5392-aea7-01ffe1034571,aops_forum,12,5,0,1,3,0,14,8,3,3,5,2
2fe3edb5-e17d-5b26-8aea-b919c490721a,olympiads_ref,6,3,1,3,3,2,4,2,0,5,4,3
05d55f6d-3cfc-596d-ad62-4f053cfdacb1,cn_k12,20,9,3,9,6,5,30,12,10,15,7,6
a4b6f46f-d816-5216-931b-58dc887a356e,math_train,22,14,1,4,3,0,10,5,0,1,2,0
bf7f9742-ed69-5a7f-a4f8-47e75745393f,math_train,5,1,0,1,2,1,5,1,0,3,3,2
b7f5af11-6fc9-515e-9ec5-d3c0e29c5682,math_train,4,1,0,3,2,0,4,1,0,3,2,0
81a23aeb-e013-5e29-973e-d2c669e4c4b1,math_train,16,6,1,2,3,1,3,1,0,2,3,1
26741d23-193e-59bf-a84f-53db441ea0e9,math_test,32,22,11,3,4,3,42,22,16,4,5,4
5351e245-e9aa-58ee-8c9e-d58da6c2e74b,math_test,4,1,0,1,2,0,9,3,1,1,2,0
f17d5666-88ce-5567-9755-abbce07c2c64,aops_forum,3,1,0,2,3,2,4,2,0,5,4,3
14da2adf-2035-5131-a3e5-58d937ad518b,number_theory,19,7,2,13,14,12,2,0,0,2,4,2
a60ac2eb-9cef-53a0-b0b7-3271a9457767,number_theory,4,0,0,6,2,1,4,0,0,6,2,1
f5543c0c-2979-537c-942c-f20ce5d3d87c,math_train,12,6,2,4,5,4,24,12,4,6,5,4
c41a8ca9-da84-5a28-b2ba-3fa6a86d7bee,olympiads_ref,44,23,16,10,3,0,5,2,0,3,2,0
6301c32d-e390-5f51-88ce-256268ecf562,number_theory,3,2,0,3,4,3,4,1,0,2,3,2
94e75697-a907-57b4-a6c7-e6d8cfe3d228,math_train,3,1,0,4,3,2,3,1,0,5,4,3
c41e393b-0307-5ab3-9ee3-63295526c6e3,math_test,1,0,0,5,3,0,6,4,0,5,3,0
4a1db50a-2b22-5907-9299-3aca70b3e6aa,secondary_math,9,3,1,2,2,1,8,2,1,2,2,1
e4a0a866-2951-5f94-9ab1-de911b4685a8,math_test,2,0,0,2,3,1,2,0,0,2,3,1
651ba6a0-aeda-5043-8b9f-649149fe54ad,olympiads,2,0,0,2,2,0,3,0,0,2,2,0
609a472f-a9a2-52f8-935a-afb01dd49234,olympiads_ref,45,23,6,3,5,3,46,24,7,3,5,3
74caf35f-c9a5-5e7c-880c-23b2ac90601d,math_test,2,1,0,2,3,1,2,0,0,2,3,1
759606e4-d3e7-56ba-b04a-22adc1e7f59c,math_train,6,4,0,5,3,1,7,4,0,5,3,1
ba2e53aa-02e4-5629-8f1b-7a69077f5e65,math_train,75,42,10,31,22,16,39,23,6,12,11,8
e7428422-9cc2-57d8-9e75-d98a368950ea,math_test,6,2,0,10,5,4,5,2,1,10,5,4
2fc6a122-9b2a-5c1a-b1f2-f8138c33c7f6,amc_aime,4,1,0,7,3,0,26,15,7,22,3,0
4a23a011-53d2-5c67-9ccf-207c60633909,number_theory,25,16,1,14,14,13,21,14,1,8,8,7
a72bc4ae-028c-5e9b-9167-05697171858f,olympiads,10,4,2,1,2,1,9,3,2,1,2,1
74d1dc10-e86d-5008-a8ec-94c4b0939cd4,math_train,24,14,3,9,8,5,22,14,2,1,2,0
55d03933-c600-5008-8bf5-236bd6f02582,number_theory,6,3,3,6,6,3,2,0,0,1,2,0
70ad8bd3-342d-595f-b4c5-893be73d694b,amc_aime,43,25,11,7,6,3,21,13,0,2,3,0
6e91ac89-89fa-50ae-b5ab-4c11ec928b58,number_theory,2,0,0,1,2,0,2,0,0,2,3,1
a30cb84e-6533-5854-8a1a-5d8e73dd0fec,olympiads,1,0,0,2,3,2,2,0,0,2,3,2
44ba9cd0-257e-5975-880d-89794c26320f,cn_k12,34,23,7,2,3,2,14,7,2,3,4,3
47b1b03f-b470-5174-bd3b-ca0b19dd717e,math_train,9,3,0,2,2,0,10,3,2,2,2,0
06c49753-805c-56d8-8d25-a0e91b8e9a86,math_test,8,4,0,5,4,2,10,6,0,5,4,2
1f31e1b9-79b8-5076-9cb5-ceb79ebc4259,math_train,19,13,1,5,5,2,19,7,4,10,5,2
328bfced-3dee-54fe-8f37-c72b63d31cc7,math_train,2,0,0,2,3,1,2,0,0,2,3,1
6908990e-494a-53c3-860a-659bf4a9ade1,number_theory,6,0,0,4,2,1,6,0,0,4,2,1
d0dfff17-aaff-508a-8a80-d02b26d87eb6,math_train,4,1,0,3,5,2,4,1,0,5,7,4
5f70b34a-b725-5604-8b74-7fe0bf51b7ec,olympiads_ref,139,57,26,44,13,7,2,0,0,1,5,0
37d880cd-27a6-56c3-bdd1-55a407ebff8d,number_theory,30,16,4,15,12,9,27,11,3,18,5,2
22ff4e26-7949-517b-9c2b-94181380b027,number_theory,55,47,12,34,21,18,38,18,6,24,3,2
e9663c68-2c1c-5d61-957b-e7cd7aae4a1f,aops_forum,1,0,0,2,3,1,2,0,0,2,3,1
4c110c3c-d97b-56e5-9fd4-fc61340e2e05,math_train,2,0,0,2,3,2,2,0,0,2,3,2
0b123512-03ec-5399-ba14-75ae60065713,math_train,46,25,8,25,18,14,6,1,0,6,7,4
3599ccac-2cd9-552e-9683-a6a37294ef05,math_test,6,2,1,9,10,8,6,3,1,3,4,2
beeb44b5-456e-5702-aed8-93e73fe92d98,math_train,3,0,0,2,3,1,3,0,0,2,3,1
0e3ec0d0-15f7-56ee-8ba4-61d55ec33c90,olympiads,31,17,2,18,9,4,34,15,2,22,10,5
db881e0a-2729-5beb-ad50-d04ea7749c88,number_theory,7,0,0,5,2,0,20,9,0,10,3,1
3a8c6217-59dc-56dc-91a4-b9d7d99d1648,math_train,5,1,0,1,2,1,21,5,6,1,2,1
9749d118-2a41-5fb5-ab21-883caf87cf14,math_train,5,3,1,10,5,4,6,3,1,10,5,4
adf94e59-3522-5842-bbe3-a927abfacaae,math_train,4,1,0,10,3,0,3,0,0,10,3,0
49fcb0c0-b9c6-577f-a997-a647ba774111,math_train,6,0,0,1,2,0,6,0,0,1,2,0
c164b95b-cbbc-55e1-9d09-00e71f5114eb,math_train,33,19,5,24,11,2,46,27,1,10,15,7
81db3cca-77a8-5444-9280-4a2a7ee440cc,cn_k12,16,9,4,3,3,2,22,12,6,1,2,1
5e9baaee-ab28-5f1c-b48c-070c8c439660,amc_aime,13,6,3,40,10,3,6,1,0,18,7,1
12681406-971a-5882-80f9-9da6a98b11d6,cn_k12,4,0,0,5,4,3,2,1,0,4,4,3
6a121104-e350-534d-9b58-f1c1831bf269,math_train,2,0,0,3,3,2,2,0,0,1,2,1
e1f76310-5152-5377-858b-77c99ba18e6e,number_theory,8,4,1,5,6,3,18,8,2,2,3,0
7cf415f9-b574-5313-91e8-c0caedd78ad5,math_train,42,32,7,16,10,8,9,3,1,5,4,3
3b77b23f-6d08-5aad-891e-8a6389459187,number_theory,3,1,0,4,3,2,3,0,0,3,3,2
122f4df2-6217-5df8-bbde-e29e06a22197,math_test,26,13,5,15,13,10,11,8,2,4,4,1
b5ae744f-60b7-526a-83f6-920dea3217ee,number_theory,18,9,5,19,10,9,20,8,0,11,5,4
8694b7be-f6e2-501a-9db2-3dc4ee5e11e5,math_test,7,2,0,2,3,2,19,9,4,2,3,2
3c02fb15-0121-5a85-9dd0-04cdaefb280f,math_train,2,0,0,2,3,1,2,0,0,3,3,1
c38d0acb-7967-590b-9da2-033b9c3e640c,olympiads,171,91,40,37,13,9,25,16,11,10,4,2
8bc2c620-796e-53ac-b111-86fadc4cf1c4,math_test,13,7,1,1,2,0,11,6,1,1,2,0
9effdc53-2cff-5734-a844-ecbde5ff2689,cn_k12,10,7,1,2,4,0,12,5,2,5,8,4
4b2c224c-90d5-5494-94be-4200b0e54354,math_train,8,1,0,1,2,0,15,6,1,1,2,0
2650134c-ea25-5263-a054-c5aecb28c5a2,number_theory,11,1,0,3,4,2,11,1,0,3,4,2
feb0f4e2-c8eb-558f-91f0-8df8314144d8,math_train,2,0,0,2,3,1,2,0,0,2,3,1
c32a1626-0aba-5111-85fa-97c2f284af1e,math_train,8,3,0,9,9,7,21,11,3,3,4,2
e9e4e2ab-91de-5dbf-980b-aa928b768204,math_train,8,6,5,12,3,2,7,2,0,6,3,2
6189711d-dda9-5275-8c0d-51252ba0be6f,math_test,2,1,0,1,3,1,2,0,0,1,3,1
3e341530-0307-50df-9ded-9117ac276642,math_train,8,5,2,4,2,1,9,7,2,10,3,2
36d7d304-c615-5a85-8984-996310f9c8cb,math_train,2,2,0,1,2,0,10,4,1,1,2,0
fc3dfe31-9b15-58db-a1db-5ca5b33a2118,cn_contest,18,9,6,24,5,4,12,5,4,18,5,4
16bca762-1199-5a06-a2c9-ee899453b2c0,olympiads_ref,2,0,0,2,3,2,2,0,0,2,3,2
9d85b82b-1090-542a-ae8b-29cc6b9fb4ec,math_train,5,1,0,2,2,0,12,6,1,1,2,0
95b14d4b-9c07-5408-a79c-c2b6bcd13087,math_train,5,1,0,5,3,2,9,2,2,12,10,9
84100d65-97bf-57b3-9e57-3d2cfbbe8dc2,amc_aime,6,2,2,4,3,2,6,3,0,4,3,2
fdcb70c9-9030-5017-835f-a81b001c1120,olympiads,53,33,7,18,13,11,36,19,6,14,11,9
debcd118-56af-5057-bc57-40d4b601497a,math_test,30,12,2,22,7,4,21,9,0,1,2,0
79ed8df4-29b9-5cc2-985a-2c28431d6ffe,math_train,2,0,0,1,2,1,2,0,0,2,2,1
4c8a54a9-84ac-52b2-a3cf-7a9efbf668b5,cn_k12,12,10,2,3,3,1,27,8,2,11,4,2
4aa667b9-3a4b-55f6-9881-db3431a26749,math_train,2,3,0,1,2,1,6,0,0,2,3,2
83141d85-8ebc-5f44-83b1-3eb4e9d322cc,math_train,56,26,5,25,16,14,8,3,1,9,6,5
b4b897fd-9be8-5b50-bc8f-1048f8abe96d,amc_aime,6,0,0,7,4,3,12,6,3,6,4,3
0f5fdc1f-722c-5eeb-bbe2-396ed66f3188,math_train,2,0,0,1,2,1,2,0,0,2,3,2
cc759748-663f-5452-9bce-52c567db6e8d,number_theory,4,1,0,4,3,1,4,1,0,4,3,1
185bf34b-853f-5afd-a392-675d287adeab,math_train,17,14,5,4,5,3,29,23,2,6,7,6
5b31ad23-3728-5d7e-8971-f26bb0b56192,math_train,14,6,2,1,2,1,19,9,5,1,2,1
4de8eed7-4f87-5bc8-883f-3bca5b72fc48,cn_contest,15,6,3,3,2,1,19,8,3,3,2,1
14f9e83d-2cb6-57b3-a010-1b5a51ad116d,math_train,4,2,0,2,2,1,7,3,0,2,2,1
648874aa-e956-51a6-bbce-e10d185968dc,math_train,7,13,4,5,3,2,18,9,3,12,5,4
0f3deadd-cf9d-5cfa-affe-5a3912dfc394,math_train,8,4,1,6,3,2,9,5,1,6,3,2
8e2ef668-317e-502b-a4e5-51c914beca25,olympiads,30,14,2,2,5,2,48,23,15,2,5,2
05bb3001-34b1-5901-9db8-af96e1bd2673,number_theory,12,0,0,3,3,1,14,4,0,3,3,1
1e7eedf0-c19b-58d3-b478-45855c1bcbf3,olympiads_ref,132,91,14,162,44,38,2,0,0,3,2,1
065af37a-0e78-5ec4-9eba-df3f4ae96d47,number_theory,6,0,0,3,3,2,6,0,0,3,3,2
3614f10c-84a9-5c8c-a5e2-9f6acc6ac8f4,olympiads_ref,6,4,0,4,2,1,2,0,0,2,2,1
5b255c96-d0c0-5ce5-a66a-00e0cf536ce4,math_train,14,6,3,12,8,4,9,3,1,4,5,4
6fb54594-f213-5856-b14a-a19672270e7c,math_test,38,20,12,14,5,2,5,1,0,3,2,0
7533f3af-bef6-55e9-a22a-bcc5048f734d,olympiads,99,44,24,25,17,15,83,41,33,10,7,6
b6985933-91eb-5982-9d8b-68245d7d4b41,olympiads,10,3,2,1,2,0,12,5,0,1,2,0
7c11a2d3-3a6b-5a27-95b4-a5614a070592,amc_aime,5,2,1,1,2,0,8,1,1,1,2,0
0deb533d-1cea-5e2d-9526-609486dd5d88,math_train,4,1,0,3,2,0,5,2,1,4,2,0
bce59eb5-e724-5378-adad-7d5076c933b3,olympiads_ref,71,33,6,18,8,7,118,63,23,20,7,6
0b7ad5b2-8222-57a6-83e2-f4fe8d216583,math_train,68,41,14,12,3,2,21,16,0,6,2,1
9f1210d3-ea11-5284-8daf-8e509846903b,olympiads_ref,75,44,9,39,19,14,2,0,0,2,3,1
29026683-4e48-58ed-840c-71287b3a3ac1,math_train,2,0,0,1,2,1,2,0,0,1,2,1
8aab7f32-5447-5f3d-b1db-d112f62fdb13,math_train,10,6,1,3,4,3,22,8,7,3,3,2
f12215cf-5978-57e4-ac55-24dc65e43e97,math_train,17,7,0,3,3,1,18,6,0,2,3,1
609a1b34-4380-522d-9ab3-c5660c0d2779,math_test,16,7,1,2,3,1,10,5,1,1,2,0
d3fcaf0c-0cba-5168-b4bf-6c33fcc56024,amc_aime,27,14,7,41,10,1,28,16,13,57,9,0
e4f7205e-3b35-525f-bb42-5b305ce8c10c,olympiads,2,0,0,2,2,1,2,0,0,3,2,1
eadfbd18-fddc-54fa-81e0-adc38c53c441,olympiads_ref,22,14,3,8,7,4,2,0,0,2,3,2
7c1274fc-85d5-55a2-83bc-ace5c12a2294,cn_k12,9,7,0,1,2,1,26,10,1,1,2,1
fd0d8c78-811d-537f-8c1d-252b1e1ed502,cn_k12,9,4,4,2,2,1,14,7,3,3,3,2
4c0ce8f0-3161-5ed9-a6f9-8fb61de0bb90,math_train,2,0,0,1,2,1,2,0,0,2,3,2
d5ffb2e2-6886-5b68-ada9-937bb657a249,cn_k12,10,6,0,3,5,0,20,11,1,4,6,1
65ad32a7-a1e8-5c84-960f-9212961d6ea5,math_train,2,0,0,1,2,0,2,0,0,2,3,1
f48666ca-df41-5440-8cf4-a51882cb7d81,olympiads_ref,131,84,29,6,5,3,133,86,29,7,6,4
296a1974-d85f-5cd9-a75a-e030cb7f8787,math_train,9,4,0,3,4,3,32,16,8,7,8,7
fa331d22-001c-5299-ac1d-c478dbdfba91,math_test,1,0,0,1,2,1,2,0,0,1,2,1
a51fa557-84dc-5fb9-8e4d-d01dc0d12314,olympiads_ref,18,7,3,1,3,1,2,0,0,1,3,1
6effd37a-ec80-542b-81b6-04568545a9db,math_train,5,4,0,1,2,1,7,1,0,2,3,2
2efef0d7-cfbf-55b6-af4d-b5d966ec705f,math_train,134,83,22,85,38,33,2,0,0,2,3,2
18eb2038-38d1-5760-bc0e-9337667bbb53,math_train,11,5,0,3,4,3,8,3,1,6,5,4
842aefbb-ad1b-58cf-be09-f0d6a93072a2,number_theory,4,0,0,7,5,3,6,0,0,6,5,3
cc9b0c4f-d6a7-516c-9a21-4dcbe84330e4,olympiads,33,19,2,14,10,7,4,1,0,3,3,0
74b2ba17-34a7-5424-bd60-4edec5ede5f5,cn_k12,26,19,2,5,4,1,19,8,0,8,5,3
f1dc3349-6135-55dc-9d0e-f62f9d9eeb70,aops_forum,1,0,0,4,4,2,2,0,0,4,4,2
57166f31-bc18-5797-8c5c-15148179e898,math_train,7,5,4,8,8,6,14,6,2,3,4,2
ea17ff15-ba37-5ea0-b0be-1d329e30ba90,math_train,2,0,0,2,3,1,2,0,0,2,3,1
0eab7de5-29fb-521a-ba8e-4592f8c3bacf,math_test,3,0,0,2,3,2,3,0,0,2,3,2
e8464b73-23b6-56f3-94a4-2703cc6fd3a3,math_train,26,15,2,1,3,1,34,20,6,2,4,2
f760c616-446d-56b4-927f-f4d1429d873e,math_train,3,0,0,3,3,2,3,0,0,3,3,2
c172369d-f256-5028-92af-cf0d4b07eb32,cn_contest,9,3,1,4,5,4,9,3,1,4,5,4
b82b223b-fbda-5b5e-8b7a-e904f83c65b1,amc_aime,16,16,1,6,5,4,9,4,1,8,6,5
691ba0b1-d9c3-5cb6-9c5d-7788f2647561,math_train,11,5,4,19,7,6,31,12,10,32,7,6
564fee0e-8ec5-5425-a349-ccb59a461c42,cn_k12,11,8,3,2,3,2,17,7,2,1,2,1
d45235bd-fa73-53dd-97c7-0dc745a64d54,amc_aime,30,15,5,41,8,1,6,1,0,28,7,0
33f1151c-0cf3-59e9-86ca-96eb311c395d,math_train,5,2,0,2,2,0,4,1,0,9,9,7
a45da933-d45d-5cbc-82ef-e168a10b5803,math_test,23,7,0,2,2,0,30,13,3,1,2,1
68883bfd-8b24-5070-9a7a-1a06b4eb171a,number_theory,3,0,0,4,5,3,3,0,0,4,5,3
28b4be57-30f7-53a2-bb36-cad7d7f939e0,olympiads,124,104,21,133,41,38,13,4,1,24,8,7
600728af-ec38-574e-9022-bac5eeb70ca5,math_train,59,38,19,44,13,7,61,38,21,55,14,7
9e4d892a-425a-55cd-873d-02b53662c0b5,math_train,4,1,0,4,2,0,3,0,0,4,2,0
f0724d01-97ad-5ccc-90ac-4bb1b413882a,olympiads,47,22,6,8,3,2,39,18,6,6,3,2
fdee7e29-9d52-5523-9387-98a4ce6c0600,math_train,4,1,0,3,3,1,4,1,0,3,3,1
7f4b31cf-7721-50de-886e-ebffa4615d6d,math_train,2,0,0,1,2,0,15,8,0,1,2,0
d83bc737-dd65-5133-bf2a-65dc4cfe2985,math_train,2,1,0,2,3,2,4,3,1,2,3,2
c336ffb4-a34d-5571-844f-f7a18cbd4db0,olympiads,69,50,12,54,16,13,2,0,0,2,3,2
f8f4192b-4c77-5ab0-bf99-d6f38b1b8f18,amc_aime,13,5,0,1,3,0,13,3,1,1,3,0
d409936d-47ff-584d-9cbe-f704bc55051d,cn_k12,13,8,1,1,2,1,21,10,3,1,2,1
4bf4f101-7b81-5f12-8c2f-8f77833db49a,cn_k12,30,16,5,11,11,2,30,16,5,11,11,2
f3e9bb0e-ab20-5311-b684-d6f4513ba438,aops_forum,29,12,7,2,2,1,34,18,12,2,2,1
74eebded-a2ff-503f-84e2-56b39aea772d,cn_k12,16,5,3,8,5,2,6,1,0,6,5,2
8981f747-abb3-5ce8-90da-aaa947bd8800,cn_k12,8,7,1,5,7,3,16,9,3,15,9,5
b4fb9d1e-5404-5cb5-9323-1926e953c335,math_train,14,8,4,4,3,2,24,6,5,4,3,2
5a0a6e05-0bfc-5bfd-b33f-6fd89257231e,aops_forum,4,3,1,3,4,3,7,3,1,5,5,4
7d3c827c-e9e9-5600-a3dd-9b6f45978661,cn_k12,25,17,4,3,3,1,23,10,2,1,2,1
c86b48d9-3428-5dec-82a9-188a8a5422b0,math_train,2,0,0,3,3,2,2,0,0,6,4,3
6bcfd203-bd33-5742-842e-5d8019ecdec7,math_train,9,4,1,1,2,0,14,3,1,1,2,0
8fbcb9a1-277c-5300-8c51-16ccff806b84,math_train,3,1,0,6,4,2,4,1,0,5,3,1
f79e7f16-606e-5892-8c85-c437a2d957e5,unknown,4,0,0,2,4,1,4,0,0,2,4,1
a43b3e5b-68aa-5154-9897-6a269446ba28,unknown,2,0,0,3,4,3,3,0,0,3,4,3
15ef13db-ab71-5d2f-8816-f2634449487b,olympiads_ref,114,142,12,143,57,44,7,0,0,9,9,5
75f5799b-a658-501f-8480-802525a7b3a5,math_train,2,0,0,1,2,1,2,0,0,1,2,1
1c6a86e7-fc52-52bb-b465-6038410b43d8,cn_k12,15,7,2,6,5,4,22,10,5,15,14,13
8d2303ef-8797-5c83-baf9-089ccbdff18e,number_theory,15,8,0,5,2,1,3,0,0,1,2,1
be65ab73-394d-5f66-a301-1d6030e79a69,amc_aime,175,107,19,31,12,10,13,6,0,1,2,0
a9e1cd78-ceab-5b60-b8c5-97876914c448,math_train,28,16,9,5,3,0,16,5,1,6,3,0
87d2dbfe-ac93-5a02-8ee3-229041e97d41,math_test,14,6,0,10,9,7,19,7,0,3,4,2
f78955c7-d42d-5ce1-a7d0-db4deec034a6,math_train,3,1,0,1,2,1,10,3,2,1,2,1
13dbafa5-7580-5495-93e3-993a3311203c,math_train,4,2,0,1,2,1,6,2,1,1,2,1
c51edd14-1a10-59a2-979b-1b34da633365,amc_aime,22,10,0,1,2,0,10,4,0,1,2,0
52b5b1b8-7014-506d-898a-9d97860ed791,olympiads,26,13,10,17,12,3,4,2,0,2,2,1
da7686fb-0917-5d86-9461-797d0ce64303,math_test,16,11,0,10,7,6,9,3,0,12,11,10
8fb15b39-f417-582f-8c8b-233d62244289,math_test,4,1,0,5,4,1,5,2,0,6,5,2
3c4fed48-20f0-595c-b0a7-aac6ff352224,math_train,3,2,0,4,4,1,13,7,2,7,6,3
d87771de-f0db-5a17-ad1f-0e09156a6172,cn_k12,9,5,0,6,7,6,28,11,2,7,8,7
2c66820b-32ba-5886-98e3-312c22a395df,math_test,9,3,2,18,6,0,25,9,9,24,4,0
851043e2-69f4-5d5b-b33a-1eeefc9e2977,math_train,2,0,0,4,2,1,4,2,0,5,2,1
cddc6504-24de-57b7-a3a3-bc0031b31f6a,cn_k12,16,4,1,10,10,6,15,4,0,10,9,5
0d40dbec-1585-5adf-8b58-f4c9f39cbf18,olympiads,33,19,4,26,8,7,6,0,0,5,3,2
b03f386a-00fe-5d30-b0ce-86697e61337f,math_train,27,16,8,6,4,3,2,0,0,2,3,2
22917dd6-07f1-5cb0-ae1d-d230a34bc284,math_train,8,4,0,7,7,6,14,10,2,14,9,8
c6a91ecf-b6f4-5514-a5c0-c52f876709e3,math_train,11,4,0,1,2,1,22,5,3,6,3,2
4468d9ff-addb-5e4a-b52b-032f5b05b8fb,olympiads,73,36,19,21,16,14,64,33,18,16,15,14
de483a80-1551-5edb-aa55-15c57cc87547,cn_k12,20,13,5,4,3,2,19,13,4,1,2,1
843fc414-1d93-5e4c-8812-9765d6fadf90,cn_k12,39,22,6,2,2,1,62,37,12,20,4,3
a3fa3c73-a4ac-5dfe-a109-fc79b86cd93a,cn_k12,12,9,0,1,2,1,21,10,2,1,2,1
ae579b92-d6d2-5220-8b2d-12dac446fc64,cn_k12,4,1,0,2,3,2,5,1,0,2,3,2
8c2434f7-454b-5dbb-b305-8569afaab201,cn_k12,34,18,7,8,5,4,20,7,3,2,2,1
7283cf08-4d7f-557d-9afc-d600a9ddee6e,amc_aime,43,24,5,7,8,5,3,0,0,1,3,1
f9daac72-fe58-5a18-90e9-c8b7ade6b618,math_train,3,1,0,4,3,2,3,0,0,6,4,3
6f43e4d2-6cd5-5382-8d5a-6d50c1d8ae7f,olympiads,38,20,2,2,2,1,41,24,8,5,5,4
d78203e9-facb-5a99-b887-fb3db97b8e37,olympiads,19,10,3,10,5,2,24,14,0,6,4,1
02298a7a-a73f-5e3b-864d-91811c7246d1,math_train,38,21,15,20,11,8,14,6,0,4,4,1
c721248b-7863-5b5c-a092-10ec5a4a732a,math_train,3,1,0,2,3,2,2,0,0,1,2,1
b2cfeb89-2074-51b9-b782-bac34450ef86,math_train,74,40,9,58,35,28,8,3,1,6,5,4
9a6f51a3-b23d-5a53-9b43-56fe8936bcba,math_train,2,0,0,1,2,0,7,1,1,1,2,0
512e1ab2-1cc8-5e11-b432-8b87701f77e3,olympiads,22,13,3,12,4,2,99,52,23,200,13,11
d12f7bbf-847e-5a50-9e2d-6727b8b59530,aops_forum,9,3,1,9,4,3,8,3,1,9,5,4
412ad836-deac-59f2-9e53-61c56ceab64f,number_theory,10,2,0,3,2,1,12,2,0,3,2,1
1ed8b991-9b89-5f41-a6ef-a1280397c726,amc_aime,27,13,7,1,2,1,35,17,10,1,2,1
9ec787a9-0a01-5f93-b717-e4c80192feed,math_train,3,0,0,4,4,3,3,0,0,4,4,3
edf6ae3a-4b3f-5c04-84fd-c33c03ed69d9,cn_contest,4,1,0,1,2,1,4,1,0,1,2,1
52f9db51-bf27-52d2-b197-1086a2adda84,math_train,37,19,2,3,4,3,27,11,2,4,5,4
2a792259-0972-5ce0-a1de-0a77dbdfeeaf,olympiads_ref,48,24,5,11,5,4,3,1,0,2,3,2
007a0fab-2166-505a-99a7-6dff195d77b7,math_train,5,1,0,2,3,2,5,1,0,2,3,2
f7165df8-1501-5b32-8d66-f43623a8ab66,number_theory,8,4,1,2,3,2,21,11,0,2,3,2
5e8df97e-4f26-58b1-8e2a-e93b16305534,olympiads,42,33,10,28,9,7,33,11,10,9,4,3
e83bd10d-fae5-5156-8ed2-d732d10adc10,math_test,42,24,11,86,10,5,42,22,12,83,11,6
8377efb6-4172-5050-bc73-7009dae5e996,math_train,16,5,0,9,9,5,15,2,0,11,11,7
9e97fc60-30a6-5352-8c7a-1c108fabd492,math_train,4,0,1,4,2,0,8,3,1,6,4,2
15ae0940-c749-536c-b69c-a0925512df10,math_train,8,3,0,1,2,1,14,7,0,3,4,3
997462a8-0c79-5129-85c6-d78a3bf433ca,math_train,6,1,0,3,2,0,6,1,0,3,2,0
f45ae31a-0c13-5cbe-b79e-473e1e4bc71c,math_train,7,4,3,6,3,0,7,3,3,6,3,0
3c2e5aec-672d-5358-8bdc-db6e1c84acdd,math_train,2,0,0,1,2,0,2,0,0,2,3,1
755873cc-8d8a-591f-b928-134df28a6483,math_train,2,1,0,1,2,1,2,0,0,2,3,2
901ed9d0-5bcf-5167-92dd-ab7c1a1ff293,amc_aime,62,50,15,36,8,6,62,50,15,36,8,6
6b47a422-b5b2-5eda-94a4-f0d8b7f24013,math_train,2,0,0,1,2,1,2,0,0,3,3,2
7944a628-5392-5dd3-88fd-8abeacb17cc0,amc_aime,8,2,0,1,2,0,7,1,0,1,2,0
44a15c50-ab92-5503-b147-048460ebd6c1,olympiads,8,3,1,9,6,5,9,3,1,9,6,5
c4c5b559-e42b-5b7a-9573-16ceb2e6bf72,math_train,29,20,7,25,3,1,2,0,0,6,2,0
e19eace3-6e33-514d-b5d2-94c9a186b7ec,math_test,14,9,1,2,2,0,12,5,1,1,2,0
d5af1b18-9390-5ddb-be66-66e1ea8b50db,amc_aime,4,1,0,5,3,1,16,5,0,5,3,1
15ff0fd4-c7ad-52fe-8478-dbb45317a161,olympiads,8,3,1,15,7,6,9,3,1,15,7,6
f700873e-b101-5349-ad84-b652fb5db8c4,cn_k12,20,10,6,2,2,1,17,9,4,2,3,2
ee703249-df19-56e8-b4fc-d74ccdc42268,olympiads_ref,2,0,0,2,3,2,2,0,0,2,3,2
d123ff17-121c-58d7-a154-70472c2a5692,math_train,7,7,1,3,4,2,15,9,0,3,3,1
5daf2594-3b13-5895-86cb-48f506434f25,olympiads_ref,24,5,2,3,3,1,3,0,0,2,2,0
dab6f3ec-2c13-56ee-9487-4182fff81d75,cn_k12,16,11,1,1,4,0,57,30,15,2,5,1
2459e99b-ffc8-5e0e-9643-56d5420c64ec,math_train,4,2,0,3,4,1,11,6,0,4,4,1
25bf8799-b96a-5c32-9988-855fcbfd9b0f,math_train,1,0,0,2,3,2,2,0,0,2,3,2
dbc0412d-e272-58fd-90bf-3c5176722e8f,math_train,5,1,0,2,3,1,16,7,1,2,3,1
06f4633b-fa3f-5939-b9b9-b2bb6c1e42fc,math_test,2,1,0,1,2,1,4,1,0,1,2,1
cb3b726a-1d5f-5e31-b0d5-91ca3fd1af4d,math_test,5,2,0,2,2,1,7,4,1,2,2,1
3b470502-ad4e-5335-b119-70e5e6d0240d,math_train,26,21,5,13,13,10,32,21,4,10,10,7
e560492a-424e-5655-91a3-0af94c83b3a4,math_test,16,7,1,2,3,2,19,7,4,5,3,2
f2aac9a8-4c53-5d02-865a-d173797712f5,math_test,34,22,12,17,8,7,31,19,9,21,13,12
e6cb680a-5768-58fb-b33e-5e6a961b9e64,math_train,15,8,2,4,5,4,16,9,5,2,3,2
ff284757-4b24-5a26-900e-c9352f9b0713,math_train,2,0,0,2,3,1,2,0,0,2,3,1
1a0125f9-a959-5da9-9955-66acab7b590a,math_train,1,0,0,1,2,1,2,0,0,2,3,2
59e6f943-6ba2-534e-a79a-310cae8a348a,math_test,4,0,0,17,6,0,11,5,2,19,6,0
fa9133aa-7a62-550d-89a5-586d88ea9df9,math_test,4,1,0,2,3,2,4,1,0,2,3,2
9918808f-921d-59f9-80e9-e1dd375a46d9,math_test,39,14,4,2,2,1,31,13,8,3,2,1
06814684-03c8-5fff-b0bc-c02018d05ade,number_theory,3,0,0,1,2,0,3,0,0,1,2,0
17767a24-8b99-54e1-9af8-421a8d76c4cb,math_train,11,5,1,6,5,3,12,6,1,1,2,0
919a0d3c-db12-53e0-93e7-c157886afe8a,number_theory,9,7,0,8,4,2,15,6,0,9,5,3
a663aca4-3834-5ee4-9bc4-22aa9a153402,math_train,25,9,6,11,5,4,21,16,4,21,5,4
c021c917-3610-57ee-9938-573866b72e02,number_theory,7,7,0,7,5,3,10,4,0,7,5,3
beb0794d-2df2-57c6-92ff-6ff075cba95d,cn_k12,64,37,21,17,6,3,37,25,4,22,10,7
df693e7a-2409-55e7-b959-98f113bf945a,olympiads,63,25,22,10,10,9,74,35,34,17,8,7
409b71b8-e4a0-5ca0-91ad-88203144fb11,cn_k12,14,8,2,4,4,1,31,15,7,1,3,0
36f69643-acd7-5e24-ab67-fcabb6253693,cn_k12,51,23,8,9,4,3,28,17,1,2,3,2
1e15b2bc-cc0e-5b01-9ff1-f44cdb92eedb,aops_forum,2,0,0,1,2,1,3,0,0,1,2,1
9a1b6a88-4660-507b-a1b3-84496503f611,cn_k12,4,2,0,2,2,0,10,5,1,1,2,0
17ae3e10-e513-56e5-94f9-98b4e2e7f48b,math_train,54,29,8,38,10,7,19,10,0,8,4,1
bfeaff7b-8ebc-5e89-9039-fcfaad4a119e,math_train,2,3,0,4,4,3,8,4,2,7,4,3
e39a58ea-072e-5098-9964-e3f5684dcc2b,number_theory,10,4,0,8,5,3,13,4,0,8,5,3
2b3de622-062a-58a8-9eac-36ab24f9c023,cn_k12,26,13,7,2,3,1,1,0,0,1,2,0
7c07d717-a897-56ab-b25d-532cab0bd4ff,olympiads,46,24,0,10,10,6,84,36,29,3,6,2
ebd7b419-9f31-51b8-bb3a-7636f9f8a5e0,math_train,14,12,2,2,2,0,25,12,2,1,2,0
9b5a51b7-4f38-5ef7-9805-9de9fecfe3bf,olympiads_ref,2,0,0,2,3,2,8,4,1,9,4,3
1a4ee475-e1dc-5f11-954f-b98fee1485f0,math_train,30,16,3,15,12,9,8,3,1,11,6,3
3b1172ec-7f68-5bbe-8080-fa8f404ffc3e,cn_k12,5,1,1,13,4,1,4,1,0,7,4,1
e0c795d5-9db6-5a05-9834-5a023ec92ec1,olympiads_ref,49,21,12,9,6,4,29,14,8,5,4,2
245c0cd1-b9d5-54f9-83ef-6526c77e062d,number_theory,10,0,0,10,2,1,10,0,0,10,2,1
6fad3607-ce88-5d1d-8bc8-37d70944c191,cn_k12,4,3,0,4,2,1,14,4,1,15,3,2
c375c459-c4c7-5c18-9c4e-1938bb65c1b3,math_train,2,0,0,1,2,1,2,0,0,1,2,1
f5a8395e-057c-5c55-b705-85ae640c53a5,olympiads,39,20,7,19,4,1,49,27,9,20,4,1
bb4f993a-5aba-5bbf-8bce-9172d23f81d5,cn_contest,9,6,6,2,3,2,9,7,6,2,3,2
46e4c8c3-207f-5740-89bb-90e34562174b,math_train,2,0,0,1,2,0,2,0,0,2,3,1
87004c40-9003-5998-8702-6b97b0601571,cn_contest,2,0,0,2,3,2,2,0,0,2,3,2
fd66b918-ccf0-5ed6-b9ab-8518d618a2a4,olympiads,36,23,3,10,8,6,32,13,15,4,5,3
f2d4a650-1887-5547-b351-c4d83d6e3705,cn_k12,2,0,0,1,2,1,3,0,0,1,2,1
e63cf3d2-d1eb-50ac-89fc-18e16f88ab5e,cn_k12,11,9,1,4,3,2,40,26,9,4,4,3
13a52021-1750-5184-b1d0-3b8294b114d4,math_test,62,46,17,70,32,22,47,40,21,28,11,6
7e888b84-2e13-55be-a544-d1ea7987fffa,olympiads,10,5,0,4,3,2,7,3,0,5,3,2
bd02dcbc-5e3d-5a34-99cf-60a12ddb5e59,math_train,7,4,0,3,4,2,12,5,1,9,5,3
8fa96881-c9d6-5227-b842-acfcc05892d3,math_test,6,4,1,3,2,1,6,2,0,2,2,1
d0617a44-5ccd-5f55-8841-b185a69fd039,math_train,6,2,0,1,2,0,9,2,0,1,2,0
8ec7a4c8-9819-5f1a-950e-63e7b5bbf9ad,math_train,3,2,0,14,6,1,5,1,0,15,7,2
2c90f4a4-29c5-576a-a8e3-98b927f83fb1,olympiads,26,14,1,8,7,5,30,16,2,9,7,5
97854be6-6b58-5873-a2c4-d7106260c9ee,math_train,5,2,0,1,2,0,14,6,0,1,2,0
61612a61-69ff-5d8a-a51d-4320bea41ba1,number_theory,4,0,0,4,2,0,5,0,0,5,3,1
429c7eec-a714-5251-bafd-44b73b0c0d0e,math_train,2,0,0,2,3,2,2,0,0,2,3,2
0f5088bf-3bd5-567b-934a-7dbfa6747ebf,math_train,3,1,0,4,2,0,4,1,0,4,2,0
5bcf020d-4176-5a7d-9295-e1b25145c76c,secondary_math,30,27,6,26,5,4,2,0,0,1,2,1
b5dab1a1-a4f6-570c-9821-1acde1f1f3b8,amc_aime,20,5,2,16,10,8,16,3,2,14,9,7
d6175c27-7395-5b1c-921c-fa519bdba671,math_test,2,0,0,1,2,1,2,0,0,1,2,1
0a0d7ef1-9e0b-5ba7-be60-bcd1ecf81cc2,math_train,3,1,0,3,3,2,2,0,0,3,3,2
63ecc0c9-d394-5f27-ada0-adc35c27064d,number_theory,3,0,0,2,3,2,3,0,0,2,3,2
efb9dcdd-a55f-570f-a3fd-bae2166cbaf3,amc_aime,15,6,3,9,3,2,4,1,0,4,3,2
3922a27c-14c0-5bc0-92a5-d916e6d5cfcb,cn_k12,19,12,1,5,6,5,23,13,2,3,4,3
f698e7cc-be4d-51c4-9e4c-a97eead7690a,aops_forum,1,0,0,1,3,1,2,0,0,1,3,1
f17e5d3f-151c-57fc-a5ad-f0e7b82272fa,amc_aime,52,37,8,17,12,10,51,37,8,17,12,10
8d6d2aa2-fea8-547e-b64a-678bc4f68b5e,olympiads_ref,84,27,9,7,3,2,27,20,1,16,9,8
3ea47a65-9a92-5695-aa58-d116c0308bcc,cn_k12,2,0,0,2,3,2,6,3,1,8,6,5
cd912773-27d4-52d8-b60d-ac9fe6c26178,cn_k12,3,1,1,2,3,1,19,12,0,3,4,3
8c881e19-d0ae-5c4e-95b2-df78930bb2fe,math_train,5,1,0,2,3,1,5,1,0,3,4,2
a4ad52ae-27ec-55e9-a981-2c4231a8a387,cn_k12,38,19,9,1,2,1,11,5,2,3,4,3
d38db9ee-6f2b-5af4-911e-23d64eb4feb9,cn_k12,7,2,1,2,3,2,14,6,4,4,3,2
26191aed-c3ee-532f-886b-6c5433fa21c2,math_test,4,0,0,6,2,1,4,0,0,6,2,1
ec539625-a159-5c65-a057-87fd2cb4e18d,math_test,54,30,21,15,9,7,6,1,0,2,2,1
d47d2a35-de0e-5e3d-b723-82c043780997,math_test,17,6,1,5,2,0,47,19,14,2,2,1
40ab4619-99c0-5331-8030-8dd8e217d5f6,cn_k12,7,3,0,9,8,7,8,2,0,9,6,5
42730bdd-73c2-5906-88a4-6d1d23b60086,amc_aime,2,0,0,2,2,1,2,0,0,2,2,1
71a09455-3215-5e88-bea4-3d4f2c06e068,math_test,11,2,0,5,4,1,13,7,3,9,4,1
5c640246-cf44-5a63-9eb3-76005e1608a0,olympiads_ref,95,52,10,32,14,11,2,0,0,2,3,1
99e4460d-36d2-5df2-82fb-7bdf8d08fd43,math_train,16,3,1,60,3,0,5,2,0,6,3,0
31d47f07-774c-5061-b433-4fa42a1d8a33,math_train,8,2,2,1,2,1,15,5,3,1,2,1
201cf86e-6dce-5573-baa9-f20beb2ac92f,math_test,4,2,0,1,2,0,9,5,0,2,3,1
cc98e98a-db07-56f1-b372-5cf925ee87a3,math_train,38,25,12,56,9,4,22,9,8,34,5,0
189d035f-3e14-5267-b791-b93c5ab1a67c,math_train,6,1,0,12,10,6,6,1,0,12,10,6
44418174-c1b7-548e-87dd-2868fd01367f,math_train,7,4,3,6,3,0,6,3,2,6,3,0
701e83de-b17a-5786-af0b-6675d02895ea,math_train,5,1,0,3,3,1,7,2,1,3,3,1
a302a9d8-bc40-50e4-8683-1687fd2107ec,math_train,6,2,0,1,2,0,18,7,1,1,2,0
555f1ee8-a518-5114-8abe-556ba653c059,math_train,2,0,0,2,3,1,2,0,0,2,3,1
2af76d85-e8a2-546c-b1db-4f838cebe6f4,unknown,88,53,5,2,3,1,92,55,11,20,7,5
c7a11f6b-780f-598a-aaf5-f17a57957bc0,math_train,6,5,0,2,2,1,6,3,0,3,3,2
242e0eae-6b52-5711-83d2-3623a38445a0,math_train,9,2,0,3,4,1,16,6,0,3,3,1
55a2ab10-81f6-5bba-ab22-5d4e76bcc0b3,amc_aime,19,10,5,29,4,0,3,0,0,14,4,0
32cefb9b-6e44-521f-aeac-0c4fe0ef4e1c,math_test,14,10,7,18,4,0,26,10,9,22,5,1
ccafea64-72e4-58ca-9434-825bb5e5508a,math_test,16,8,2,8,8,5,51,21,11,20,9,5
3db79af4-0ee5-5831-995a-f8c84d9884b7,cn_contest,28,18,6,1,2,0,42,20,6,1,2,0
744ff6d3-e36a-5ee2-b44e-240cc5006c7a,math_test,21,5,1,25,4,3,21,7,10,24,4,3
4cc9ed62-1aad-5d7a-a941-d3b786c905bd,olympiads_ref,82,47,21,2,4,2,46,18,18,1,3,1
ab295da2-2f17-54b0-a195-8d346f33d051,math_test,10,3,1,3,4,3,31,22,3,8,8,5
5335bf33-265d-5012-b03b-2d50b172518b,math_test,16,10,4,14,9,5,25,13,8,24,7,4
d77228a4-1d67-58a5-9f96-a778eeda57e7,olympiads_ref,9,3,2,16,8,5,8,5,1,9,6,4
9a76593a-5e84-5dd8-bb77-725d3e25b9be,math_test,15,6,4,3,5,3,49,24,21,4,4,2
1db3cf23-4aec-5c59-8178-3e366aa63a0c,math_test,33,16,3,9,6,3,31,24,6,1,2,1
adb0000f-a5b7-57a4-a7ee-8cf971416489,olympiads_ref,12,3,0,5,4,1,21,8,0,6,5,2
b97018ae-9dd1-5f78-8fef-7d136653f106,math_test,86,53,24,57,12,9,7,3,1,7,4,1
44450537-c236-58d7-9a40-a1afa0c032d2,math_test,21,8,4,75,5,0,31,14,11,63,5,0
127f6c92-fcbe-5fa2-aec2-bc9a196cf37c,math_test,50,45,9,6,9,5,140,66,50,14,7,3
56d93d1a-a1ca-5208-8d4e-08c01d9938a6,math_test,2,0,0,1,2,1,2,0,0,1,2,1
38902e28-3cc8-5f40-a032-89bdea866710,number_theory,17,14,12,17,7,6,18,14,10,17,9,8
866046fd-6e96-5d8b-b325-0a5d1ab81d75,olympiads_ref,32,11,1,9,6,2,32,11,1,9,6,2
688e1b9d-dcde-5d34-8d4e-a73f6864b3ce,cn_contest,2,0,0,3,4,2,2,0,0,3,4,2
46ad9487-ce13-5719-9bd1-dd54dea849f9,olympiads_ref,3,0,0,2,5,2,8,2,1,6,5,2
b65d7ee7-b007-5baa-8008-b1524c8eb154,olympiads_ref,5,0,0,6,7,4,22,4,6,18,7,4
bcfab26d-ba1c-5edf-9967-f41ba03ef21f,olympiads_ref,7,1,0,20,10,7,7,1,0,17,9,6
fd008cdf-ddb9-5a5b-85ca-787ac12a9d6c,olympiads,65,37,18,34,19,12,45,15,13,11,11,4
53dc3078-90e9-5694-844c-060e0f8603dc,olympiads,69,27,10,44,28,25,47,21,5,26,20,17
53de3d0b-a67a-51e7-bad2-fb1f79e80dd1,olympiads,57,28,25,36,25,21,132,58,51,24,13,12
dfef6f7e-ffb6-576b-bade-1fff956fff8c,cn_contest,47,22,7,5,6,3,81,32,30,8,6,3
d23bc2b7-9891-57a8-8d99-a81c5fbb2467,olympiads,99,47,8,8,4,3,16,9,0,3,4,3
12664de2-6cd8-5639-b6da-39df96e0876f,number_theory,16,15,3,3,4,3,6,3,1,4,4,3
790cfa6a-3a6a-5f83-8596-55bafb5869be,unknown,6,0,0,3,4,1,7,1,0,5,5,2
93c07e39-d155-5b05-9ec5-ab15d2e4b67e,cn_contest,25,9,6,5,6,4,30,14,11,9,9,7
838494bd-9149-52c1-8fb3-1060493d47d9,olympiads_ref,52,37,5,2,3,2,52,38,6,2,3,2
53c93f80-934a-5fb7-a103-6f8260f5edf3,number_theory,8,5,0,12,10,7,11,3,1,10,5,4
f3da2dcd-75fc-5815-a885-50b688424864,olympiads,14,8,2,3,4,3,28,9,10,2,3,2
5b59bc50-d4a2-5679-8adc-74d1e5e5152c,olympiads_ref,57,48,27,13,7,4,23,10,4,1,3,1
e411bdaf-c709-5bb6-8e18-589ac9573c28,number_theory,56,34,7,35,20,18,47,32,2,31,21,19
2ece0bd0-7b91-5bea-8e9a-6a1f1617fb57,cn_k12,20,12,6,1,2,1,51,20,14,1,2,1
10a4b6cd-cf7e-55c8-ac4c-c9785045c01c,amc_aime,14,6,3,3,3,0,20,6,4,4,3,0
06fcc9a3-b6cc-5e46-9c77-99e3a9ff1d58,olympiads_ref,17,9,0,4,3,1,36,24,7,3,2,0
62c0890c-9f9e-55da-abc8-7c960c703411,olympiads_ref,47,22,12,2,4,2,49,20,19,16,9,7
e42dcbc5-02b5-5edb-8015-d033916be896,olympiads_ref,12,7,1,5,5,1,9,4,1,10,7,5
84b213ef-7762-51b2-94a9-3a77c66b1cee,cn_k12,27,15,10,20,17,13,59,27,15,10,10,6
a6628816-f7eb-5f1f-a598-a5fe8063948d,olympiads,31,15,3,3,3,2,33,16,8,1,2,1
6d1978c5-debc-52a3-8663-e9d9ded14b60,amc_aime,3,0,0,9,3,0,3,0,0,9,3,0
f139ea4b-3105-5e64-b239-2fc2844e7998,olympiads,23,21,1,5,5,3,92,49,23,5,5,4
e5328112-bdca-51e1-b91a-bb04d8f7315c,math_train,7,3,0,1,2,0,13,6,1,1,2,0
d82e470e-e509-5f67-8da4-19a05ffc0c91,olympiads_ref,5,0,0,2,3,2,12,4,1,9,4,3
ae38c045-978a-51e5-941b-20c48bcc20cc,math_train,4,2,0,6,3,0,5,2,1,7,3,0
5ed4c742-12cf-52a4-9a4e-636e5febbf85,math_train,74,46,35,146,28,20,22,10,6,34,8,5
d4dc0de7-d481-535e-8f65-b2306ed9f14e,olympiads,29,15,9,9,6,2,29,12,5,1,2,1
6d5587a1-0dc6-5a65-947f-ad42bf9e6ff2,amc_aime,46,27,12,54,16,5,111,53,30,54,7,1
6af4bb92-256c-5784-98b5-3b3d38ff7241,olympiads_ref,34,18,6,9,5,4,64,25,12,6,2,1
f827a253-92ee-5190-b74d-627f3f6276a3,amc_aime,64,46,14,4,4,2,96,42,44,12,6,4
baf84fc2-3f49-5542-8d7a-f7cb3296ec4b,olympiads_ref,27,14,6,3,4,1,22,9,8,11,7,4
369c6536-4614-56ea-baae-fc3a50f54577,olympiads,15,9,9,13,13,3,2,0,0,1,2,1
b1a1594e-24ec-5a9a-b591-9b707b74a960,cn_contest,54,24,1,10,5,2,47,27,6,10,5,2
9a5127af-fd09-5290-9e7a-0cdaea2f9ba2,olympiads,19,6,1,4,4,2,21,9,3,1,2,0
b025cc8b-a992-5f12-858f-2dfd70a7af9e,amc_aime,37,18,6,11,11,7,27,13,6,9,9,5
f894f36b-163c-5782-96d3-3adf75e52e9e,olympiads_ref,2,0,0,9,6,2,3,0,0,9,6,2
221506da-a00f-5a55-af3b-fa870719105b,amc_aime,20,18,4,9,10,8,9,3,1,4,5,4
3be0b9ef-47f2-55fe-a80d-1eddc77f96bf,math_train,23,23,11,10,6,4,25,15,9,2,3,1
4f463b88-293a-5055-a858-cd00c9eb77f4,math_train,42,17,11,39,6,1,27,8,3,18,5,0
863a2592-3d76-5606-9e45-77f414b5096e,amc_aime,18,4,2,3,2,0,4,1,1,3,2,0
e5f59f18-4415-5d15-9a14-43c2adac9294,cn_contest,54,24,5,7,5,2,65,31,13,6,4,1
5aaa488b-4dd7-5908-ae3b-b48e63900169,amc_aime,2,1,0,1,3,1,2,1,0,1,3,1
241e1a29-29a3-5fbd-89e6-e5250cef7d0b,amc_aime,48,18,8,15,10,9,65,20,22,18,11,10
7bfb79d1-a9a6-545c-b4c1-5c13061ea859,olympiads_ref,91,48,24,49,20,11,56,29,14,45,17,8
b7db4fff-b14d-5c5c-bf34-9d3cc3c15cc6,olympiads_ref,36,22,5,2,3,1,60,25,12,2,2,1
eed06da8-86ea-52b1-aa3d-0fa69dcc87d2,olympiads,37,16,1,2,4,0,31,8,6,10,8,4
7deb9cc9-21a2-5705-8f59-7b3d7de62c1e,olympiads_ref,43,19,5,27,12,11,49,29,12,17,10,9
d7559556-8a0f-5219-a389-58b86bdc0a9b,olympiads_ref,3,0,0,4,5,4,10,4,1,15,6,5
2d3b184b-82f5-5e5b-b341-54023bfeb9c9,olympiads_ref,19,8,2,3,3,2,3,1,0,1,2,1
7faba3f1-a870-5d48-aa20-1d65d498cfff,amc_aime,4,1,0,3,4,2,8,2,2,3,4,2
e3dfe832-3d26-561e-adc8-43a22fe95bb5,olympiads_ref,54,21,18,4,6,0,70,22,15,4,6,0
70482d7d-b071-5b11-803d-945e657ce984,amc_aime,64,34,13,88,8,4,88,51,16,45,5,1
9d27788d-fd99-5a8d-b126-293d217a55b9,olympiads_ref,17,8,0,5,5,2,45,19,20,22,4,2
230b0c47-45f1-50fb-b609-5f7694da17e2,olympiads,68,37,34,42,7,4,49,22,20,7,4,3
fc017bd5-039f-5a5c-ac34-31a02616be89,olympiads_ref,56,30,7,1,2,0,81,32,20,63,6,4
2dafbfa8-1618-51cb-a071-1123c892e9ca,olympiads,20,8,5,2,2,1,23,7,11,14,4,3
c4537555-15e5-5219-a428-981bae856bf1,math_test,70,34,20,42,8,5,47,21,20,61,9,6
30944b94-79ea-564d-98d2-452f0dc4dff2,olympiads,15,11,0,1,4,0,23,13,6,15,11,7
e16eeffb-96cd-56a1-94d2-d6440b009e0e,cn_contest,57,35,6,24,7,4,69,25,37,3,4,2
9a76e23c-4202-5c4a-a5da-0d3f17501eed,cn_contest,65,34,21,4,2,1,73,39,31,4,2,1
7e7c02f3-96a1-517c-84be-d8f728d8bbf8,cn_contest,22,10,7,2,2,0,34,17,18,3,2,0
4729d978-3a80-578a-9a3c-620b5e289261,cn_contest,49,21,16,19,5,2,36,16,7,17,7,4
5a64a04e-2128-5abd-8d29-20a180e8dd93,olympiads,34,17,5,13,6,4,92,44,22,20,4,3
3a0c48ab-09ef-5e77-b347-bc59f3d97072,olympiads,91,53,15,16,15,12,12,7,5,1,2,1
8a60ff2a-2cbb-5a71-8088-25a4d01b1673,cn_contest,52,33,4,41,21,19,31,15,4,6,5,3
788625c0-e865-5159-b711-bda8e0edcfdb,olympiads,118,65,18,43,20,18,52,22,18,22,9,7
36bb6af2-fb18-5279-918f-d4ff6ad177be,cn_contest,43,19,18,1,2,1,51,20,17,1,2,1
d72cfd93-56ee-562f-b38a-f72921acce81,olympiads,16,6,0,3,3,1,42,26,23,3,3,1
ae1d2495-c660-5c94-bfb8-8e448e5fcb33,olympiads,26,19,6,20,11,7,31,22,6,21,12,8
ecbfeacd-3acf-5f64-a30b-be05e36e7f42,cn_contest,19,9,3,5,6,3,37,15,9,2,4,2
1414cef2-a767-533f-a099-1de6b7104c49,cn_contest,104,49,31,26,7,5,90,43,32,29,8,6
3b35a861-aa93-5b68-b4f3-2d883c4c644d,olympiads,41,25,8,47,15,7,57,22,14,28,13,8
b7e62b95-c08c-5ab4-934a-d6fd83a531b1,olympiads_ref,31,14,1,1,2,1,73,28,18,3,4,3
3ad4b3c6-40b6-5310-95d8-49182d1f3dad,olympiads,102,55,19,6,5,4,25,5,5,4,3,2
780392a9-25c8-520e-a65b-adf0af9dedca,olympiads,5,1,0,3,3,2,9,5,1,7,6,5
4399cf76-6b93-58a2-97ac-ef57eb88b098,olympiads,62,29,9,53,12,7,34,17,11,8,4,0
3ec30f20-a0c3-5ef2-98b1-bf1a215eed17,cn_contest,44,22,9,3,3,2,51,23,9,11,4,3
25bb0f39-b48a-56ee-8145-8eff2ea560d6,olympiads,4,0,0,4,2,0,9,3,2,6,4,2
b6c77f59-5d20-5e74-9cec-54b01c5280e0,olympiads,29,31,1,31,12,7,69,30,12,29,7,4
8a45bd25-ae39-5254-a4c7-965462adfa8a,cn_contest,98,49,42,110,15,14,49,25,14,61,13,12
ac526486-e161-5418-96d5-5562fb976223,olympiads_ref,11,8,1,9,7,6,3,0,0,2,2,1
93f334f8-17a1-5f56-9e62-027284fba865,cn_contest,25,13,8,7,8,2,22,10,4,7,10,4
55285261-a18b-5990-9a85-455cd306c779,olympiads,27,15,14,116,16,0,24,8,15,69,9,0
816811df-3bb0-59e3-95f8-9c6cf250aeae,olympiads,38,35,2,9,8,5,24,9,4,1,3,0
e37987ec-64a6-5344-a72a-c86216d0d52a,olympiads_ref,49,32,6,1,2,0,44,21,5,12,9,7
10ee3386-00f8-5158-90bf-40dd199fbe9e,olympiads,61,29,17,17,17,14,25,12,7,2,3,2
036e6d88-24e5-537d-9232-e58483ff3464,olympiads,90,38,3,26,3,1,124,52,20,56,8,6
ea506f64-d77b-5edd-be1b-c4437d1a35f8,cn_contest,1,0,0,1,2,1,2,0,0,1,2,1
e654bce8-eb0d-5c19-93f4-be41eab6f850,olympiads,41,21,3,5,5,3,81,41,23,17,7,5
bab55aa6-302b-538e-ae3a-b5ea4c64b5a8,olympiads,49,30,9,1,2,1,48,30,9,1,2,1
78cc3bca-d8b6-5291-b16b-7f7f8665c196,cn_contest,21,12,7,15,14,13,54,22,14,24,8,7
9f725006-f7a8-541b-aafe-0ace13122ef4,olympiads,93,44,20,6,3,2,106,46,31,2,2,1
b9a4078e-5cca-5478-a091-2e884912c511,olympiads,12,2,0,1,3,0,23,6,5,1,3,0
75884571-5957-5272-a161-653af2a1e9f9,olympiads,48,27,11,22,12,8,45,21,17,14,9,5
49366beb-df38-5cd5-ba6e-adea1558dec0,cn_contest,10,0,0,6,5,0,11,1,1,6,5,0
51aae4ed-1791-5b64-912a-96a3d575ad2c,aops_forum,43,21,5,26,9,7,47,21,18,20,7,5
769a0ebc-2635-5ae8-af49-fbc5bd56f1db,olympiads,67,40,23,10,11,8,81,36,24,16,9,7
e7575bee-87f6-59b5-bd1d-ba46da38ec9b,olympiads,31,13,4,12,3,1,54,22,18,8,2,0
d64b87ab-201f-5e01-a606-649393d27b95,cn_contest,5,1,1,4,7,2,3,0,0,2,7,2
3d6ee832-3cfa-5bd4-b914-f8f5368469cf,aops_forum,103,47,19,14,9,5,24,10,4,3,2,0
500c46e9-35d3-573a-87b1-5fe067a6aaf7,cn_contest,22,13,0,15,7,5,115,63,42,18,4,3
2cdc8ae3-e67c-54ec-9bf1-4ee1d5e58b1b,olympiads,17,6,0,7,3,2,23,17,8,13,6,5
d51aa77f-1868-5aa1-833f-f1f3da8dee56,cn_contest,58,31,3,7,5,4,58,26,16,10,8,7
4bc9f98a-1804-5bc1-9726-e66f5a426c8e,cn_contest,65,36,10,14,5,4,91,33,45,9,3,2
19a6de8d-a5ae-51a4-a241-bfc1b53d6d3c,olympiads,16,11,0,2,2,1,18,9,0,1,2,1
e836b428-fe93-56bc-8497-0071799cb7bb,cn_contest,16,9,1,3,6,0,32,17,2,3,6,0
2d831db5-b375-5aef-a743-36b133e9b871,cn_contest,3,0,0,4,5,2,3,0,0,4,5,2
0f710546-4a1a-591a-8bab-a747ffca65ed,olympiads,94,51,28,16,13,11,146,67,6,15,11,9
42659f89-ab5a-5dd5-86dd-621f984c42fe,olympiads,26,12,9,7,5,3,79,38,25,27,7,5
a5ad8eeb-c460-5dfd-9f6f-41e61e8dc7ec,olympiads,93,54,6,6,3,2,41,21,8,3,4,3
f015dd52-a4eb-51a8-ab99-7b9bc6637313,cn_contest,2,0,0,1,2,1,2,0,0,1,2,1
29fe72f3-d54a-544a-ae57-9d374193adc8,olympiads,39,28,3,5,5,3,59,27,22,13,10,8
bada1faa-8ce8-5f2e-957d-a22641d117e1,cn_contest,9,2,1,4,5,3,61,22,23,3,3,2
ad4ad267-bba5-5d15-961a-656d69d64ffe,olympiads,62,32,19,33,21,6,83,35,24,7,6,5
d828c57b-fe5a-5817-ad0c-80f00a07373f,cn_contest,27,11,1,13,11,8,119,54,34,8,7,5
24adbfdc-769c-56fd-bc66-49c8324255a1,cn_contest,2,0,0,1,2,1,2,0,0,1,2,1
503577ff-4541-5826-b2ca-54c0d39f9d3c,cn_contest,78,33,11,4,5,3,66,29,11,5,6,5
04aeef30-0464-5705-909b-a618782d057c,cn_contest,33,17,4,43,8,2,12,13,10,53,16,10
d84df30f-b543-5e8a-937a-56117f59349b,olympiads,4,1,0,2,3,2,16,5,4,14,5,4
f27d99ba-0a02-53ad-9b13-ef03a28e3f35,olympiads,53,34,0,6,4,1,49,20,12,2,3,0
18a21115-1b2d-5980-9243-08595bffa79c,cn_contest,1,0,0,2,2,1,2,0,0,2,2,1
39df2403-1aaa-560b-ab22-f84b3fa04be0,cn_contest,15,5,0,1,2,0,15,6,2,1,2,0
0a891d0e-b741-58f3-9d9d-bafbaa29d9cb,cn_contest,8,2,1,1,2,1,13,3,2,1,2,1
40875815-89ae-5372-87b2-ad615daca738,olympiads,17,11,4,1,2,1,28,13,9,1,2,1
b3e30ae6-329a-5425-b7a9-e161e23aaacc,olympiads,9,4,0,2,3,1,17,5,1,3,3,1
4b794509-4d49-5f1e-8ce7-6cebf16a51be,olympiads,96,57,33,10,8,6,34,20,14,7,4,3
dd77b7c3-1d93-5a3d-9703-b2dc6817ab56,olympiads,3,0,0,8,5,4,3,0,0,8,5,4
7fba6209-af5e-5bb0-a197-cd009a2d306e,olympiads,108,47,4,25,6,2,31,21,5,3,4,3
06e244fd-2e52-5fbf-801b-7402ec67c0a9,olympiads,74,45,15,1,4,0,75,41,13,1,4,0
f8c2f987-d607-51bb-b62d-1c0e7e11c9e1,olympiads,34,19,5,13,11,7,44,17,19,21,10,6
e63783ae-224c-5245-ac8c-d1aefa47c720,olympiads,4,1,0,1,2,0,8,3,0,1,2,0
6f1ee239-b36a-5196-87ab-2c327d4b6704,olympiads,10,3,2,2,3,2,14,5,4,4,3,2
534d0f42-9254-5fa5-ae04-f7cedcddbfab,olympiads,20,15,7,7,3,2,22,6,6,3,2,1
5bea964a-72fa-5215-b44f-a62ec9922291,olympiads,96,36,14,3,4,3,95,48,16,6,7,6
af918e56-cef0-5874-a930-58533edec005,olympiads,94,50,0,39,7,2,89,46,5,27,7,2
81b1126c-7620-500a-b65d-23d7ddb7eff2,olympiads,81,38,3,5,3,2,59,33,14,11,8,7
938a30e4-e8aa-5206-bdda-18c570091b36,olympiads,33,17,4,13,7,5,55,27,20,25,7,5
95974c55-3727-5c41-a0c4-818ff22ad4f7,aops_forum,35,14,4,4,3,2,48,18,17,6,5,4
f77032d5-c410-54b2-8584-dfc55dcec800,olympiads,37,16,6,17,8,6,62,27,11,8,4,2
31ed26b4-f003-5af7-a6ba-b606ce191ce2,olympiads,17,18,2,5,5,2,73,30,19,4,4,2
d50973f5-0f75-572c-acad-a2474ec05dd0,olympiads,86,39,17,1,2,1,104,48,37,21,8,7
bc3c7b15-ba79-5445-8909-9a8fb226e983,olympiads,2,1,0,2,3,2,7,3,2,3,3,2
2347fae1-f5c4-5022-bb73-b7d0f0fc2060,olympiads,40,30,9,12,4,0,23,10,10,9,5,3
2e51b927-9d65-5076-84f4-4312ff1bc097,olympiads,48,29,2,8,6,3,88,37,21,23,14,11
887ceaa9-7371-59ea-bfe4-a980a5f2ff1d,olympiads,27,14,3,3,3,1,24,10,8,3,3,1
7100ff31-90a8-5d09-9f51-ba699b25585d,olympiads,24,8,1,9,7,5,25,10,0,8,6,4
d3f04a54-d76c-54ca-af68-cffb23fd9402,olympiads,97,45,41,40,20,14,66,32,23,39,14,9
11ee8f2b-1a69-52d7-a9e7-420388da33f2,olympiads,53,55,6,8,7,4,239,118,59,41,16,13
7ff07600-e55c-58f6-a90d-1e7da4466e42,olympiads,186,75,54,40,17,13,122,58,50,6,3,1
d7118ee1-88f6-569b-a950-9d3b1207a42c,olympiads,222,120,47,142,43,38,27,11,5,1,2,1
78180ddf-b449-527b-ab1f-06b4a6e4d399,aops_forum,95,54,32,15,8,4,47,20,18,2,5,1
0be6507c-31e8-5f01-a412-a7d7b9d17dcc,olympiads,112,69,31,36,24,22,14,7,5,11,4,3
20f6251a-84d0-5bfe-9894-c111eed1647a,olympiads,22,7,2,6,5,3,40,15,8,17,9,7
8e41022b-daa7-576e-9e34-0b93ec6ac5f6,olympiads,10,9,0,11,7,6,12,5,1,18,10,9
60b591bf-6303-5f42-813d-bcf682a1bda7,amc_aime,89,54,27,61,35,27,70,45,21,53,36,27
aea864d0-1204-5050-a334-547dfe21a066,secondary_math,140,67,9,10,6,4,156,72,43,12,9,7
373afca0-a2b1-5efe-bbf8-78877965bf02,olympiads_ref,28,19,15,46,5,0,26,14,9,76,6,1
9cb44684-15f5-59e3-8c4c-d40d54717fbb,secondary_math,63,27,22,4,5,4,61,33,22,1,2,1
00f6f69b-72cf-535d-a302-512f47648dca,inequalities,82,47,32,59,15,12,221,82,53,83,15,12
bbe59a8d-2d8c-5d21-9c23-3fd0b92c50df,olympiads,12,6,4,8,6,2,57,28,21,7,7,6
60b6e95b-649d-54bc-9dfa-aee947c6e108,aops_forum,35,20,7,37,8,3,61,33,21,55,8,4
afd93506-b1e3-571d-821b-96bcb7baf197,secondary_math,42,10,0,9,3,1,44,18,16,5,2,0
1708a5f0-9da6-53e5-aa73-20a292d4d4ef,olympiads,33,20,6,5,4,2,52,22,14,6,5,3
af0b76ff-55e2-5749-adc0-53b5b08b6c44,olympiads,49,27,18,33,7,5,53,30,17,24,6,4
cd81e053-625a-5c48-9f9d-490999294799,secondary_math,48,48,4,20,18,16,19,7,2,2,3,1
a2545544-1c54-57c6-8f0f-dcf9c07681b3,olympiads,4,1,0,9,4,1,4,1,0,9,4,1
21eb8339-9e6b-5eb5-919c-057b4043a047,secondary_math,34,14,10,4,3,0,22,9,5,4,3,0
7289ddc6-743f-59a7-8b20-b33db07dd7e6,secondary_math,3,1,0,1,2,1,3,1,0,2,3,2
c7d0193c-ad53-51f1-9240-42eef636bd07,secondary_math,56,29,11,3,3,1,36,13,6,1,2,0
aec04599-52f6-5b38-8e79-a84d760c7fd6,olympiads,3,0,0,3,3,2,3,0,0,2,2,1
f1dca99e-2ebd-5550-b331-f9e00950b59e,olympiads,15,7,1,3,3,2,45,20,16,3,4,3
bbf38730-9ee5-50ad-b3ec-e2135f4fe635,olympiads,44,27,16,11,2,0,73,34,30,4,4,3
0593f7aa-5182-564b-b5e1-161cdf7d3d28,secondary_math,19,9,1,3,5,3,47,26,20,12,8,6
e91c48ee-e8d7-57eb-bcd8-1ee2c52e4e83,secondary_math,58,32,3,5,6,5,49,25,9,8,9,8
71dcce19-80ca-51db-99dd-0183898192c0,olympiads,70,34,8,19,9,5,36,14,11,10,7,4
6c09f387-0106-5da6-b042-b09de930f110,secondary_math,50,25,5,4,5,4,73,27,30,2,3,2
c3d92e3e-8f93-5a2f-911a-2297665ac83c,olympiads,84,67,32,51,7,4,8,3,0,7,6,3
b1947faf-1c05-518a-9de0-f54697637ee0,secondary_math,32,13,7,9,8,4,38,12,15,22,5,1
c5e74a2a-63a6-52f9-9de3-7feaa2073499,olympiads,65,26,14,23,5,4,29,12,8,19,9,8
2341777f-9b89-5bb6-a321-60d6e33d9dff,aops_forum,50,27,5,1,2,1,64,29,13,1,2,1
95d85190-bb4d-53fd-8475-23030207d2a8,olympiads,20,15,2,17,11,10,40,16,9,9,5,4
c75b3426-d9c3-5302-89f1-db4a6de4a2c0,olympiads,20,10,1,5,6,2,24,16,0,17,11,7
c00c8fff-4270-5561-80f2-876366c0bda2,secondary_math,91,65,14,13,10,9,144,85,28,13,8,7
0490c5e2-22d7-58d0-85c9-e3d695810d49,olympiads,12,3,0,5,4,1,17,7,0,6,5,2
4be7b59f-2fbe-5d86-9149-9678b74f239d,olympiads,15,6,2,5,5,3,66,31,24,11,7,5
97d1bc37-be52-5922-89eb-457a1a08d06c,olympiads,34,15,8,6,5,1,38,18,8,15,8,4
80cfd283-05d0-5cbd-9255-b643c6ad1f52,olympiads,105,45,8,9,9,7,167,68,42,15,9,7
c2aaa2a2-4ba9-5f1d-a7eb-dfee2ff652da,inequalities,51,24,7,5,4,3,86,40,25,7,6,5
0d2ed039-79e8-557b-8fc3-1f56775d79dc,olympiads,138,81,42,43,28,23,72,41,17,24,18,13
3b2bb959-2a39-584c-8882-3cd6abcdf094,olympiads,103,59,33,45,24,19,95,54,28,41,23,18
51eda66a-ce66-5f62-9562-313f221a7c09,amc_aime,33,21,4,23,13,10,6,3,0,11,6,3
63189cbe-5d4e-5a58-beb6-c574eb214680,olympiads,24,9,5,3,4,3,23,10,3,2,3,2
b73373d1-3778-5b34-9682-189a90e8d9ed,olympiads,25,18,4,24,14,10,8,3,1,19,6,3
2590c3a7-f14d-5a63-b9b2-dadc8089c5db,olympiads,34,18,3,5,4,3,32,16,3,5,4,3
2c87b33e-8f31-530e-800a-213ea3e6045d,olympiads,143,68,17,20,13,9,80,38,9,13,11,7
ec8d7bcc-a778-5811-b212-d60d661b06dd,olympiads,143,79,22,40,16,13,143,79,22,40,16,13
827702da-2b10-5cbc-848e-b3c15935bfc4,olympiads,37,25,6,3,4,3,47,22,18,1,2,1
05f39502-4a46-5dee-92e2-a72ab92a59be,olympiads,56,31,13,2,2,0,15,7,3,1,2,0
6225d4ce-8f8a-5c07-8c9a-67229423154a,cn_contest,23,10,2,10,4,3,30,19,9,11,8,7
8cba6110-c935-5fbc-9249-a260552633b5,cn_contest,36,14,11,7,6,3,36,13,12,5,5,3
fd4819eb-c0f9-5270-a6a5-e8e67f376564,olympiads,43,21,1,5,6,4,112,46,51,6,6,4
f4021d4c-718c-5bb4-8e8b-d3d4e3a78f56,olympiads,50,20,10,15,9,6,63,24,23,24,10,7
1bd1b908-1c12-5076-b518-5144f764d12f,olympiads,71,36,22,9,8,7,60,28,19,25,6,5
993c52db-b5d2-5745-b13e-fc9e7eac0ee7,cn_contest,85,45,2,5,3,2,75,38,10,32,12,11
28958f55-da2e-5e4f-a534-46451bbd04bc,olympiads_ref,13,3,0,7,5,1,20,8,1,6,5,3
1aeee193-2a31-520b-a0dc-673d59b907ea,olympiads,31,17,16,21,12,10,26,14,10,11,7,5
22790e68-d6a6-549c-8029-968a615e525b,amc_aime,32,26,13,6,3,1,36,26,13,6,3,1
31f6864c-afe5-5b88-a3f2-cc06843e9ae6,olympiads,101,67,29,22,4,1,21,7,5,20,7,4
a60fd8a9-60fd-534e-87ca-135dd46ee4b6,amc_aime,38,9,3,34,5,4,36,13,13,34,8,6
1863dac1-7bf4-5e2a-babf-a307eec80077,olympiads,49,24,19,103,11,10,46,25,14,81,12,11
2790972b-9c66-59ec-9cdb-21a5f2ec8686,amc_aime,76,46,11,37,26,24,7,2,1,6,6,4
6e54f0b1-509c-5142-a81e-02fe96bf4487,olympiads,27,20,7,9,9,7,79,33,24,21,7,5
04f00bb0-c6b8-5d71-9361-13e15b39101f,olympiads_ref,1,0,0,2,6,2,1,0,0,2,6,2
ccc6b314-e521-5011-9cb9-847d8395f457,olympiads,62,36,4,5,5,4,56,26,12,11,7,5
6192e886-9083-5dce-bc6f-779f20cc8416,olympiads,25,12,8,4,4,3,28,13,8,1,2,1
03a1c8d7-e7a3-5673-aee0-5344470d12cf,olympiads,111,56,18,40,13,8,49,18,18,28,10,6
c49974f8-3384-56ed-bab9-99d236746ce9,aops_forum,23,12,5,3,4,1,92,46,26,4,10,2
130544de-73e3-5b37-87fd-ecaf3bfa2eb6,olympiads,151,70,17,12,2,1,32,13,10,3,2,1
b15d7ae4-e131-5303-93fb-bc7532d9013d,olympiads,36,27,7,8,8,6,57,31,13,3,4,3
5171d1ad-d080-545d-b15b-90e88f57276d,olympiads_ref,29,13,1,6,4,3,32,13,3,3,3,2
b430eda9-7b0d-506f-9d45-38c57e56f060,olympiads,30,11,5,7,4,2,23,10,3,4,4,2
5ae64c30-32c1-5d85-98ca-e586f0af56e0,olympiads_ref,6,3,1,15,11,9,9,4,1,10,7,5
cd0b97bc-5ec7-5f76-9717-75365c5e0908,olympiads_ref,3,1,0,4,5,4,8,1,0,2,3,2
8d6aab62-1493-59a7-bfbc-f6e761f497c9,olympiads,84,37,7,4,4,3,29,11,8,3,3,2
c2e37978-39bf-52d9-9b72-ca3f1aeb6ae5,amc_aime,15,9,6,7,7,5,30,11,12,2,2,1
2d88d3c2-aa9a-5634-8d8e-bb830a975fd4,amc_aime,39,24,10,15,14,13,75,31,38,33,8,7
5c3c855f-03a0-5003-b8d3-d18b80e91c38,amc_aime,29,18,6,1,3,1,47,16,16,12,9,7
d0c1af2e-20d8-578b-ab03-8d2e498a2d01,amc_aime,17,9,0,34,7,0,19,9,5,42,7,0
f0203dc5-ef11-55ab-b758-de5600e026c5,olympiads_ref,109,40,18,4,3,1,14,3,1,1,2,0
a6e9abf8-49ba-5278-94d2-9f26add87202,amc_aime,5,1,0,1,2,1,26,11,10,1,2,1
14bd707b-57e8-52bf-b964-81ec1e7aac2f,amc_aime,20,14,5,7,6,3,18,14,4,7,6,3
f8cb7d4c-16e7-525d-b29f-f406da162ea5,olympiads,110,54,36,17,6,5,45,21,17,9,6,5
8956508b-8400-5730-accf-5174a3e40cd0,math_test,11,5,0,3,6,3,9,3,1,1,5,2
e72fc59f-1ef0-53b3-adf9-79d037e5db86,math_test,14,9,3,2,2,1,13,3,4,2,2,1
929bff55-e85a-5e64-a2cd-59609618d801,olympiads,11,3,2,19,10,3,88,31,4,32,14,6
f7572090-3458-5c05-be49-1498466f7dac,math_train,16,11,2,6,3,0,28,11,5,10,5,3
eb955ac2-e084-5402-b022-a5a483f1172a,math_train,26,19,5,2,3,2,17,5,7,2,3,2
2ab91001-30b7-5faa-9fa9-a9be564a0210,aops_forum,33,22,15,84,10,0,33,13,7,53,10,0
1c3ef16b-5db6-5686-aa0a-4f9bd5c0b0c3,olympiads,13,1,0,4,3,2,28,13,6,4,3,2
350c3cb5-414c-5eed-8e58-f20bab2be1b6,number_theory,12,6,0,19,6,2,41,19,12,37,4,0
b4e260e0-88ea-5ca0-9fb7-0459d8128261,olympiads,107,54,17,5,6,5,57,43,11,8,7,6
c84a0169-142e-529c-9e76-c1a4b36f4e2f,olympiads,11,4,4,12,3,0,21,5,5,13,3,0
ef64bdf6-5284-50d5-a1c4-8fed1d5ab6a9,number_theory,10,6,0,10,11,10,4,1,1,2,3,2
c3c08008-dcf3-5889-a518-ff3c668770da,math_train,37,47,7,30,16,14,15,10,1,5,4,2
fed1a0a6-72a7-5b2c-8f70-bf72326450fe,cn_k12,39,31,2,11,14,8,86,37,37,3,7,1
586c6828-1c08-58b6-9dcd-0dc195aa79a9,math_test,24,16,6,47,15,5,63,20,30,69,4,0
80979ea2-cf0e-5d2c-9f58-c0b91b7444fd,olympiads,67,40,22,8,6,5,84,41,21,10,10,9
fb35c4cb-3560-5464-af88-33ab23446eb4,math_test,26,14,5,3,4,3,36,20,8,3,4,3
4aa029b3-a2f3-537d-a6e6-fbb790625b48,olympiads,117,70,19,34,11,5,66,29,18,25,4,0
114ac71c-5133-5782-b1e3-c4f837df69df,amc_aime,42,45,14,35,8,1,190,86,38,257,18,10
e209dfac-50f3-5e17-a08e-41cae1cb3392,olympiads_ref,34,18,6,1,2,1,32,11,1,4,2,1
e6cc80f6-74f3-5251-8015-4dbb9e8e2c2f,math_train,40,20,7,23,9,8,14,7,2,3,3,2
22599b6f-b740-56ef-82ef-b4dba9ab02d3,olympiads_ref,28,12,0,12,4,0,24,10,0,12,4,0
a79ae900-9843-555a-9cc6-7ba6c222c54b,math_test,24,10,1,1,5,0,21,12,1,1,5,0
b4812999-2325-57e7-88e2-5666cc9c6ffc,amc_aime,23,15,3,3,6,4,98,38,39,4,6,4
51d7f717-a414-5b1c-b825-de57a2588261,math_train,65,35,13,12,10,4,39,13,4,23,8,4
bfd0e8db-530a-507d-9a53-a3c24ad1d631,olympiads,3,0,0,1,4,0,12,5,3,6,6,2
f62429ca-a7e8-50da-b3c0-50d386b2bf83,math_test,2,1,0,1,2,1,2,0,0,1,2,1
ef2f7bfc-4399-5e7a-9df2-f0c556e6cabe,olympiads,17,14,2,10,9,7,65,28,19,7,5,4
0788ec65-89ca-561a-b2c8-91e018c9a176,olympiads,9,5,1,1,4,1,54,13,15,2,4,1
fe11d3dc-409e-5bfd-9b1c-02943e9c22e1,cn_k12,24,15,3,6,9,5,38,20,11,6,9,5
ee52321c-5ce3-5dee-97c5-3f76072c9950,math_train,14,6,2,2,3,2,37,12,16,6,6,5
075eafcb-51c5-56b9-99ce-581520e76aa4,math_train,22,9,1,2,3,1,13,6,0,11,5,3
2ec45937-a0c9-5f56-a3ff-62b6ee01ab00,olympiads,4,1,0,3,4,3,5,1,0,3,4,3
11814e28-8658-545a-b9e1-d9818daf6fa9,cn_k12,16,10,3,3,5,3,24,12,6,12,5,3
12b384bc-fef1-5a0b-bad0-12e836ab9cfb,amc_aime,28,19,6,1,2,1,42,22,7,1,2,1
dacdb551-54d3-5ad4-99bb-df5363e4d7db,cn_k12,11,13,0,4,3,2,46,16,15,6,3,2
5635d329-4a90-5a5b-ba23-53761d9a316c,secondary_math,16,11,6,8,2,0,22,5,6,10,2,0
11dce336-5df0-523f-9dba-99c7c30f03c4,olympiads_ref,19,11,3,1,3,1,68,26,24,21,6,4
c6fc953d-108e-5c1c-837b-787641805fea,olympiads_ref,14,10,4,12,7,6,2,0,0,2,3,2
19f291ba-91a8-5355-8880-dd2a9cb75f44,math_test,29,17,8,27,14,12,33,17,9,21,11,9
95a674c7-e5c8-5c6b-b7f4-aedd0bc7b547,cn_k12,40,26,13,13,9,5,33,14,8,36,7,3
71437a57-6acd-50fc-829c-b1095d5c6467,amc_aime,33,16,3,2,3,2,70,27,18,1,2,1
9058ec43-5e1e-5d82-968b-9cb00c5d644b,olympiads_ref,4,1,0,3,2,0,4,1,1,3,2,0
6e6563f4-f965-5a21-9960-7726ae45324a,olympiads,57,35,2,16,9,7,18,8,8,17,3,1
87bd670d-4b77-53e2-b657-2ca75e67e0bd,number_theory,4,0,0,6,7,3,37,13,6,14,8,4
a617c404-cb72-5f49-8548-20e8d3e68061,olympiads,20,11,1,10,8,3,37,24,7,15,8,5
85e41370-8fd4-5c49-9aaf-89f287664e42,olympiads_ref,48,18,6,8,8,6,31,16,6,7,6,4
36207bfb-029d-5e61-8175-792b77c26f81,math_test,11,11,1,29,13,0,16,8,8,52,16,3
3b1c2431-a42a-5149-95aa-b8ee64460e22,amc_aime,4,1,0,4,3,1,4,0,0,4,3,1
af20102f-cb38-5e56-b827-9b77a9ba5b2d,math_test,96,70,7,17,10,7,96,56,20,7,5,2
3c6f05e4-b9a2-50b2-b1ba-3fca9fcd4e19,number_theory,6,2,0,3,4,2,8,3,1,6,4,2
36d6e5b6-0ea5-572f-9b3e-add19170a659,amc_aime,75,20,9,24,16,12,111,29,27,88,18,14
ebc61bc9-28b2-57c4-a906-00f03cdfc50e,olympiads,104,53,15,53,36,31,27,16,0,7,6,2
8b8f3643-1f33-5044-82f6-2bdbaada3c24,olympiads,94,46,28,1,3,1,123,32,19,1,3,1
e6ebcdab-84f0-503f-b94c-30a64a098afa,amc_aime,57,36,10,31,16,11,6,2,0,5,4,0
bd9a753b-f7c2-5f2d-a983-cbf2a15d2c01,olympiads,15,7,3,5,5,4,11,4,2,3,3,2
4d7fd8c6-95c6-5c53-84eb-cae8556c93fe,math_test,106,56,29,40,24,21,15,6,2,24,8,7
b3ce2687-d2e2-5109-b30f-29bfdb565481,number_theory,44,37,0,12,2,1,50,37,0,12,2,1
20aff9c6-1a43-590d-95f5-5cbcf0b6a388,inequalities,17,8,5,3,7,2,21,9,6,3,7,2
9829b3f2-f571-55d9-8ec4-1fa1dbf8d509,olympiads,38,23,8,6,4,3,36,15,17,9,4,3
150b3df7-f2de-5379-bfbc-30273f7618f7,number_theory,14,6,6,10,5,4,39,15,21,14,6,5
a0cf4dfe-d185-54b5-a1a7-416ea71dafad,amc_aime,56,26,11,10,9,7,42,28,5,7,4,2
3c7de8b2-6840-5fec-b871-93584ef53324,math_test,43,21,6,25,10,8,15,6,0,3,3,1
df0ee109-63e4-5ebd-93e8-c7a6eceb5197,olympiads,15,5,1,6,6,4,28,9,10,20,8,6
d09a080e-ac65-52be-819d-28e4c63fb389,olympiads,13,6,0,3,4,3,30,15,4,1,2,1
33af2aaa-804e-58cd-bb83-2cfce5634b93,math_test,35,18,11,12,4,3,81,28,18,28,5,4
cb52b24a-22e1-5f3f-9177-4e368c14250b,number_theory,5,3,0,3,4,3,3,0,0,1,2,1
2c46f273-4167-559c-8144-33e6009732f6,olympiads_ref,23,23,12,7,4,2,30,21,13,5,2,0
afa6c7db-d58d-5268-a3b0-69cdb30d1787,olympiads,109,50,58,74,7,6,67,28,23,47,7,6
42df760d-fedb-5cdb-8ef2-476856f4b8a5,olympiads,18,10,0,5,5,3,20,10,0,4,5,3
691ac865-4c46-544a-9f59-6467b2df4dd0,cn_contest,86,48,12,1,2,1,133,83,43,3,3,2
37603035-14ba-5fc9-947b-269d8e4b3402,number_theory,8,4,2,3,2,1,8,4,2,3,2,1
ce09405f-b73c-54fc-8982-55654bb210e5,math_test,11,6,3,4,5,4,9,3,3,5,4,3
9d51d67b-762d-5bb5-a89b-f2b4b14fa320,number_theory,7,5,0,1,2,0,22,11,4,2,2,0
ab5b13b0-0a71-54c3-bbf4-c6145aa0bfb7,inequalities,29,8,9,2,5,2,33,13,11,4,5,2
9e7751c1-a035-56f8-bedd-3566c49cb4e4,math_test,9,11,0,5,6,3,68,44,0,2,3,0
71109bdd-69ab-5737-8c81-35b7d253e326,number_theory,7,2,0,14,10,8,8,2,0,14,10,8
c63e0432-b5f7-54ff-b180-2eef49b18602,math_train,47,29,16,50,11,7,67,28,21,74,13,9
254a92af-9153-56a0-947b-79c07b3a2d6a,olympiads_ref,37,22,4,15,5,3,52,19,13,27,7,5
d14f424f-e2da-51fc-a67d-8e441c1c04c4,math_test,64,18,8,60,6,5,27,20,8,29,5,4
b9bbcc78-04e0-50df-b2c2-aa87030be4ad,number_theory,20,15,4,10,4,3,33,15,14,6,4,3
ba350347-0450-5447-9d38-fc393291dcfb,olympiads_ref,21,15,3,1,5,1,40,16,4,2,5,1
33eb583f-8efa-5650-8e7e-5b04a0a32fb2,math_train,50,34,7,1,2,1,43,20,9,5,6,5
5ca4bc94-a044-54fe-8163-75859c02babc,olympiads,22,6,2,12,12,0,20,6,0,12,12,0
403d2b33-8ae4-5a44-8cc0-1a6594f8b682,secondary_math,152,69,47,6,5,1,168,76,57,10,8,4
e662ae99-be7c-5020-ab24-62f5afd5d08e,number_theory,31,20,9,42,27,21,32,20,10,42,27,21
04c5bf83-7ba8-5d4c-bfcb-ee389e668336,olympiads,17,17,7,1,2,0,15,7,6,1,2,0
3a6a2929-9306-5bce-9445-fd64a4a84d74,cn_contest,54,61,1,8,7,3,124,51,21,3,5,1
ddc717c2-3461-5423-a302-1dc9203b9d23,math_test,28,11,2,1,4,1,32,13,9,1,4,1
13ea55a4-d60b-5f34-9a80-a2834adb9122,olympiads,21,12,2,2,5,2,71,38,23,26,11,8
e7eb74c3-a10e-5e47-8055-b669df8c910b,secondary_math,31,20,2,3,3,2,87,41,30,2,3,2
77cdd95e-f86b-5340-bedd-6181baf98c42,amc_aime,8,4,0,6,5,3,16,7,4,15,3,1
ba387b33-165c-5860-9769-67f8f17a8e04,olympiads,11,6,1,1,2,1,28,13,7,2,3,2
f2481f42-1376-5408-a19a-3919eef685c7,cn_k12,16,9,2,10,8,6,26,11,8,24,13,11
c6a13d04-f8b0-545d-8750-a6cbfa66d4f1,olympiads,15,7,2,1,2,1,62,22,15,18,5,4
3ae19d99-622d-5357-903f-ef78ff40d834,cn_contest,81,39,10,25,13,9,25,11,2,3,4,2
759ab3a2-8527-503c-a362-1eac9d292b97,amc_aime,37,26,10,29,20,19,46,21,15,9,8,7
96ac42b9-486e-50ef-a344-56a7dccffdd4,olympiads,46,20,17,14,12,11,23,10,10,1,2,1
b918b027-f373-56f2-9d2c-75ce3358f618,amc_aime,4,1,0,2,3,2,4,1,0,2,3,2
a747c5aa-a274-5be2-80e9-e80b0c821e82,math_test,40,23,4,2,2,0,36,17,4,17,4,2
57bacd14-6983-5a19-80d0-4cd18c3e9bb8,olympiads,9,5,1,2,3,1,14,6,0,2,3,1
e04e1c44-cdb1-5f82-9bb3-d1c539ce3db4,olympiads,5,4,0,1,2,0,13,5,1,1,2,0
af01d427-85ad-54a7-bc79-5d9c09b9c0a6,amc_aime,156,77,41,29,19,18,167,89,46,23,18,17
540232c9-fedf-57ca-aea9-9a4b4c2f1542,olympiads,10,5,0,5,5,3,21,9,3,1,2,1
bcbd6aa6-a098-5889-bb0a-9664a65c4bdb,number_theory,6,2,1,6,7,4,5,2,1,6,7,4
e20e3985-9e05-53f5-9311-fb534621349f,amc_aime,29,24,4,32,19,17,20,6,1,7,4,2
31fd7bcb-400d-5b36-b33c-6cb5c2d0fa67,olympiads,31,11,1,2,6,0,35,16,5,2,6,0
b450657c-f9fb-5bfa-9d97-2a689c521b30,olympiads_ref,18,7,5,21,6,3,27,11,10,34,5,2
070c0d6f-0d72-5ea8-bf6a-c06a042e8e05,amc_aime,49,25,10,7,7,4,10,4,2,1,4,1
02491ecb-f269-5bb3-8437-e323ce4913c2,number_theory,2,0,0,4,5,2,13,5,4,6,4,1
62b6e279-c59c-5d40-9fff-5ad3b97b4dfc,math_test,9,2,1,1,2,0,14,6,1,1,2,0
d2889c11-b893-5dbc-b5ba-0386d9c9f1fd,olympiads,42,24,7,10,10,6,44,12,17,4,5,3
11d66911-71b8-5e58-8793-845a30b853f6,math_test,52,19,8,5,5,2,93,56,41,55,6,3
72feda01-085f-5baf-8f77-c2bd45f55b1d,inequalities,9,6,6,9,8,7,20,9,6,3,2,1
55b8ecf1-98fa-55cd-91d5-82e64aed1cef,math_test,46,29,11,21,14,12,21,8,3,5,4,2
19a0748d-4ad0-5462-a1a0-e0d12a040319,secondary_math,6,0,0,8,4,3,10,1,0,12,5,4
e5e14291-5ce3-555d-8bfe-4f597709d932,olympiads_ref,11,5,0,1,2,1,14,7,0,2,3,2
480deb3e-25e2-5c82-b31d-42aabe620969,math_test,30,16,10,19,3,0,12,7,4,6,3,0
34981a97-6ecb-5d9c-8c0a-441e8d89d4d8,math_train,6,2,0,4,3,2,25,9,7,11,10,9
38af1f44-b4a5-5461-8013-fa4b0321ff75,cn_k12,27,11,2,7,6,2,82,38,27,72,15,11
8b126f34-1fd4-55c4-9a5b-58ceb7bf7db3,math_test,25,13,7,5,3,1,14,7,0,1,2,0
84334dbe-e429-5a58-b1b9-aad6de71abc9,olympiads,9,3,0,9,4,3,8,3,0,26,4,3
885efbee-a771-5db7-ac8e-633b14abdd34,math_train,48,22,4,8,3,0,66,30,16,4,6,4
f6e701d4-e50a-5bf4-8b65-f0e6cedeb98d,olympiads,73,61,6,26,11,10,28,11,9,17,5,4
44448d48-1816-5439-95f8-fd399d92b14d,cn_k12,32,19,6,23,9,7,71,26,23,53,9,7
db92218f-2a88-5dd6-8072-28f60fcba193,olympiads_ref,83,48,7,29,15,13,16,6,1,2,3,1
78725416-7487-59ae-a80a-11b7d9f5b17d,math_test,2,0,0,1,2,1,2,0,0,2,2,1
77e88976-0132-509d-87e6-b28661ee06e9,aops_forum,83,62,42,3,2,1,78,42,36,3,2,1
0f905113-3e6d-5563-a4f0-3175eeee9cb5,math_test,27,12,3,6,7,2,32,17,6,1,4,0
ec8eb018-4974-535c-8cc9-13ce963008ea,amc_aime,54,25,15,11,5,4,100,51,16,2,3,2
b71fcd2e-ba82-5588-8711-6dccee113e1e,math_test,16,7,7,2,3,2,36,11,13,2,3,2
51d24969-9a70-5de8-8f19-d88d2818f94b,cn_k12,4,1,0,2,3,1,4,1,0,2,3,1
2736b02b-adae-5e8a-b584-c3eccb1732c1,olympiads_ref,22,11,0,14,5,3,24,17,5,2,2,1
477e4f46-9eea-56a0-b284-bf041413d132,amc_aime,67,51,14,14,12,6,259,92,41,119,19,13
49737f41-e2bd-52ce-8d64-d97749ec31d2,math_test,7,4,3,20,4,1,21,11,7,32,4,1
332060a6-a6d0-5e00-9cf7-b39fc217f186,math_train,96,61,14,11,12,7,67,39,18,25,14,9
12d75d25-337e-5194-8de9-4a36384c911b,number_theory,13,5,4,12,7,4,12,4,4,10,6,4
f85d0e18-aa6d-57d5-b22d-bb6d15f17340,amc_aime,13,9,0,9,5,4,65,25,18,83,9,8
15402011-bf43-57ab-81ec-f24444db1bdc,number_theory,4,2,1,2,3,1,9,4,0,2,3,1
8d463b84-445d-5645-9811-cef57295d3fa,olympiads,83,61,20,15,7,5,18,7,8,5,4,3
22d239ab-93da-5c54-bc89-d61f14cfbbd7,math_test,24,12,3,17,9,8,20,8,4,13,7,6
94b0bbc6-dec6-5bb6-a9b7-71c6565dd1ec,aops_forum,10,3,0,2,3,2,28,17,4,3,4,3
4ed4bcfa-f8b9-5c09-baf3-fce82ce50938,number_theory,3,0,0,3,4,3,8,3,3,5,4,3
25e574da-badd-56a8-8c26-bb0b742e85a7,olympiads_ref,102,55,15,37,6,2,72,43,21,58,15,12
121126b4-4545-5299-ad80-581d460a37a7,math_train,11,4,1,3,3,1,28,10,6,2,3,1
83a9abf4-aced-5108-9ab0-3edde385f4b3,number_theory,5,4,0,8,9,7,22,9,3,8,8,6
deb0d50b-8f81-5543-ac7e-b45e54cd6461,olympiads,42,27,19,27,4,3,79,38,29,24,4,3
1082bd51-6ae6-5053-8455-9bb3dcbe0669,olympiads_ref,3,0,0,2,5,0,3,0,0,2,5,0
0b906ae7-489f-55c6-ba1a-f42bebeb8cf9,number_theory,3,0,0,5,4,3,5,1,0,5,4,3
a2e908a9-20cf-5e12-a21a-30764bf167fa,math_test,42,23,5,18,10,8,57,17,13,22,5,3
f549052a-9fc5-52dc-8504-6532156a9bb0,olympiads,37,22,1,2,3,2,97,50,17,3,3,2
83d6ce20-35b1-5836-bfce-c759b0236f1e,olympiads,36,16,2,9,5,2,51,20,8,13,5,3
da706e7c-05c1-5c71-86f2-afa103a1e019,olympiads_ref,44,25,5,14,5,3,32,14,9,6,3,1
0841245e-801c-5d95-acea-a4cee18fc322,cn_k12,73,29,13,6,7,5,58,26,16,17,7,5
83fb36ec-e522-58ca-8430-bb8a65807787,olympiads_ref,59,42,11,16,7,4,43,23,13,9,5,2
751b4fc1-f31d-570c-a618-a47df74a1089,olympiads,51,27,6,37,21,10,113,54,17,52,24,12
11b127b9-640e-5631-ad2f-3d68645ddb39,cn_k12,19,9,3,3,4,3,33,16,8,9,7,6
9608d18a-6d61-5c55-9c4c-7efd5342b545,olympiads_ref,25,12,2,9,4,3,2,0,0,2,3,2
771baf7b-029f-5a95-a528-f1c50cc9742c,olympiads_ref,3,1,0,1,2,0,2,0,0,3,4,2
bae4a80c-f918-57e6-96d1-6bc2686d6bdd,math_test,23,16,2,2,6,2,53,31,23,14,12,8
15da2b5f-bbd8-52ed-8503-ec17235adca3,cn_k12,51,48,19,22,13,7,70,31,22,98,10,4
4e1a996b-6409-5f34-a634-2c2ab460505c,amc_aime,46,35,1,30,24,21,60,26,18,16,7,4
55775cb5-34b1-5f9b-a602-e9cc5116a24c,math_test,31,9,2,59,8,7,29,13,6,30,7,6
19e9fe36-2751-5638-93a9-367d2fcf8eb6,cn_k12,119,83,36,17,9,6,44,17,6,3,3,2
3c016cd9-04de-5ad0-8e57-617e9bfa0ce7,olympiads,101,38,37,7,4,3,88,35,36,3,4,3
b151469f-cedf-5f68-b544-cf04bf8371b0,olympiads_ref,136,158,55,21,8,5,23,16,3,3,3,2
cb7aba06-fc0c-5470-934c-b040f74b6088,math_test,58,29,5,3,4,2,87,39,16,4,4,2
59941f32-4b5a-54b0-ab1a-2e10cccff51d,math_train,36,18,5,18,7,6,67,16,12,16,4,3
bfdd51b8-bb21-5549-b92c-1e00aabeaa94,olympiads_ref,38,18,2,4,5,1,62,23,11,42,9,5
599ad920-fad1-51d6-b35e-b05e71818bfb,olympiads,11,7,0,2,3,2,25,15,4,2,3,2
5a52ea40-272b-5b87-a8ba-246db05cf848,math_test,1,0,0,1,2,1,8,3,2,3,3,2
3e517a35-e9be-5b30-831b-dd21746ef958,math_test,17,8,5,4,5,2,36,14,12,7,6,5
53ed7ca7-7d36-5a1b-8477-70cbdac314f6,math_train,24,13,5,2,3,0,38,13,15,1,3,0
95ade813-d70b-5fc8-bbe4-72c751bb61de,cn_contest,5,0,0,6,4,1,7,7,0,8,5,2
bc7f58d0-15ff-5a6c-94ec-1434849373c3,math_train,26,13,7,7,7,6,17,10,4,6,4,3
19517b6c-2992-57fa-8544-46b1c24f4246,olympiads,70,42,12,25,18,15,74,31,20,4,3,1
659419e1-87d2-5b11-8ef1-d8a4b9debe47,olympiads,20,7,3,2,3,1,48,30,20,3,2,1
ba39d0a3-cc69-5196-8f26-ee6b7c051140,math_train,31,23,9,18,9,7,31,15,5,3,4,2
0b0a9aa2-f7e9-5698-b164-fc3219f6db7b,olympiads,45,25,4,2,5,0,64,24,15,24,11,6
451e04c8-46bf-5512-9f06-7b5d5e7b1a91,math_test,9,3,0,1,2,0,23,9,6,1,2,1
c26388a2-8e46-55eb-9294-0cf12d1140c4,olympiads,24,10,1,7,3,0,13,6,1,5,3,0
06d63d71-674d-539e-b202-41bdeb9c92c8,cn_k12,37,9,4,26,16,13,78,41,10,23,16,13
ed605034-0be4-5220-810d-73e802f02a77,olympiads,37,22,7,5,6,4,60,33,20,12,5,3
54be38c6-8029-5870-b1d3-21725074ebc3,math_test,12,6,0,15,8,3,19,8,1,14,5,0
4ead6d6f-c589-5709-9eaf-da24d5757ddc,math_train,25,9,2,1,4,1,35,13,10,6,6,3
8b5bdc3a-9449-547c-a61c-358fccb88d41,math_train,40,27,1,11,6,2,45,31,7,7,7,6
163bf276-a418-58ed-8158-8b72950fdded,olympiads,107,64,3,27,8,5,43,16,16,7,3,1
2d7896a8-0f90-553c-86f4-301b01c779f5,math_train,2,3,0,3,3,2,10,0,0,10,4,3
b51f543e-38c9-58eb-af18-efa7913e53b1,aops_forum,98,42,44,2,2,1,35,13,8,4,4,3
e850846a-b509-5cac-ac0a-a1a19ccfbe6d,math_test,15,7,3,4,5,4,62,31,19,2,3,2
81b8694f-7e54-548c-b460-304edecc2b1d,amc_aime,15,7,5,1,3,1,29,14,10,1,3,1
f6bee379-37b1-55c1-a414-910e3a98d9cb,aops_forum,29,13,6,27,11,10,23,12,6,20,8,7
a1db6502-0277-504d-aa5e-fc925663f487,cn_k12,12,4,3,1,3,0,44,19,16,31,7,4
1b7a9328-cb7f-5513-8dee-3af821fa66d0,math_train,30,11,1,10,9,7,29,17,3,9,8,7
d19c4bbf-295c-5b59-b0e6-5d795960f1f9,olympiads,3,1,0,1,2,1,9,3,3,4,4,3
2a84587a-474d-5a51-96ff-a5cb5ee0b52e,number_theory,19,9,12,20,7,5,19,7,7,9,4,3
93b47c12-c2b5-5aff-86f8-cf5b004d8ff5,math_test,58,32,8,6,4,2,26,14,0,1,2,0
e39b5195-0c44-56b9-b779-f496ed6a8f90,olympiads,16,11,10,2,2,0,15,6,8,2,2,0
b9df9a69-0ee6-5e51-8134-63a35ac981c2,math_train,20,12,6,24,7,3,8,5,0,8,5,2
83065352-fc49-55f6-956c-2f82564df1bc,olympiads_ref,22,10,0,13,6,2,26,11,0,13,6,2
e43c8a3b-8a10-5c23-80ad-3e238d0c08b5,math_test,60,37,12,41,18,16,32,14,9,20,5,3
6c494065-1e2e-5397-b640-dbd0b6b2d432,olympiads_ref,4,1,0,2,2,1,2,0,0,1,2,1
09c6790c-3df6-5951-963e-79424577e83d,amc_aime,47,33,3,30,14,12,36,15,9,11,5,4
1b5196a9-1002-50ac-b65a-e248ef60a56a,cn_k12,37,17,9,41,14,11,37,18,10,43,11,8
671bc24a-3111-5bb0-aac7-e94d09431d81,olympiads_ref,16,9,2,2,3,1,39,16,15,1,2,0
2c63bd83-9b0f-5e3d-b2da-200d41fa3a9f,number_theory,1,0,0,2,3,1,1,0,0,2,3,1
7187bdc5-2a30-5ae3-b3b1-aecfb3f4dc38,amc_aime,21,13,6,5,4,2,38,18,10,4,3,1
93ba6d5e-67a8-58a8-90ea-a0e3e22f5a3c,olympiads,11,4,1,25,5,2,25,11,10,59,6,3
4f0b4ee5-14fb-500b-a913-291cb1d3d20d,number_theory,29,15,2,14,13,12,42,15,7,16,11,10
a2b414f0-055b-5029-9f17-08672d95802b,amc_aime,18,14,4,22,11,8,41,20,11,23,10,7
e7488bba-39f4-5df1-ac06-77cd819536cc,olympiads,10,6,0,2,3,2,14,6,0,2,3,2
123bf77e-5585-5ef4-9a46-165d6624f576,number_theory,16,7,1,5,6,5,16,5,2,3,3,2
c75af119-20c0-527a-8588-f25d765a2fa0,olympiads_ref,19,11,5,6,4,3,29,15,11,11,5,4
3cca9874-53e3-53c2-b609-67ac75f534b3,math_train,12,6,2,6,4,3,66,40,2,8,5,4
894f7365-39ca-575c-9a4c-4ed12b8fbd91,olympiads_ref,96,84,9,43,25,13,64,32,17,57,16,10
29444221-40f5-5fea-b410-e195acdc160d,olympiads,32,21,11,157,8,2,33,14,14,141,8,3
b49d9cc8-ac07-5fec-89c1-02530cefd6c8,amc_aime,95,58,27,123,17,1,129,28,52,14,7,4
eccc7305-140c-5fb2-b49d-cda2f577f272,olympiads_ref,27,9,2,1,2,0,13,3,0,1,2,0
d94804fa-2f70-50d4-95ef-402ee11def62,math_train,38,26,11,1,2,1,94,33,24,4,2,1
f42908ed-b5e8-5ed3-98d7-75de4385943b,math_test,2,1,0,3,2,1,2,0,0,3,2,1
3af1186e-8dc2-5695-b38a-46ee335552f7,olympiads,82,53,44,16,5,2,86,52,41,14,3,0
a3822ff1-93f4-5ca5-920d-8a433dab5896,math_test,44,30,11,38,14,11,50,18,8,27,13,10
8e2924c1-f387-5264-99b3-be534ad3ae7c,olympiads_ref,107,53,10,51,23,11,9,3,1,9,9,4
e83bc1b1-3083-5a17-b96e-b69d0f5523cf,olympiads_ref,92,46,6,56,24,20,23,6,8,1,2,0
11e0a70c-523a-5810-937a-b8308a0a17ed,olympiads,44,18,25,16,8,6,34,13,1,6,6,4
60775333-a897-59b2-8a73-3d21502c5838,amc_aime,108,70,9,80,38,37,83,47,5,33,20,19
843941e8-fc4c-5eb3-9bdb-bc93538324b4,olympiads,38,19,4,5,4,3,16,9,6,4,3,2
33739d86-2a26-5ec1-bc30-05fd577d1bb7,aops_forum,36,17,8,8,6,4,61,24,14,26,13,11
2af47d6f-d96d-5b93-b440-a511e1ccffd5,olympiads,25,14,6,12,7,5,27,14,3,7,6,4
a476292c-9504-5957-84e1-8334c53a211e,math_test,21,12,6,12,7,4,12,2,1,6,4,1
18168733-06ac-5285-88a8-2837f9f6d96f,olympiads,25,15,6,13,5,1,11,6,1,13,5,1
60e97ffa-a6de-53bd-9973-07ae9b26eb1d,math_test,13,5,1,9,5,3,29,10,10,13,5,4
b9118bc5-e434-5062-be02-b800420f492c,cn_contest,60,32,23,36,7,5,57,23,17,40,6,4
c97139ad-f923-560a-b18d-86d398ff4a49,math_test,3,1,0,7,7,6,2,0,0,4,4,3
d0640974-f5a2-5e02-989e-e6be1c86184d,cn_k12,26,24,0,7,8,6,83,36,21,9,4,2
da17b2ca-7ff9-5650-b7dd-517aeb8fc84c,math_test,4,1,0,3,2,0,4,1,0,3,2,0
10650c37-e536-5810-962a-05fa1a5587a8,math_train,13,8,1,3,5,3,57,25,21,5,4,2
5dffb97b-78a5-53f7-a8a9-df4419c474cb,olympiads,6,3,1,5,6,4,7,3,1,4,5,3
32d5762e-0df0-5ad9-98df-964326d3ff0c,aops_forum,14,7,7,18,6,5,22,1,2,11,4,3
3f5b1fb7-aa76-5904-9df2-b77d843efa71,olympiads,68,31,25,1,3,1,98,44,36,1,3,1
2349ac1c-300c-5c13-990d-2ac7b17d29b4,cn_contest,43,19,18,6,8,4,71,37,26,38,16,12
1565703f-1366-5b92-a1b1-4b48e5be7a8a,cn_k12,10,4,2,20,8,1,5,2,0,13,7,1
cd8c746f-11ee-5edb-bcc7-2432dc350a34,olympiads_ref,16,13,0,1,2,1,49,12,11,1,2,1
6e147c70-bbad-585b-844f-0b9ca1ddadc5,cn_contest,16,5,3,4,4,2,19,9,7,7,3,1
52f16799-a7aa-5d03-84bb-fd4932e4508b,cn_k12,34,14,3,1,2,1,42,20,10,2,3,2
7b4e92f2-e55d-5922-b8c4-8b55b569ce06,math_train,48,23,10,6,6,4,39,19,5,6,5,3
b7f41f9e-d676-5de9-8d0d-1855c18afde9,aops_forum,4,1,0,2,3,2,5,2,1,2,3,2
da514e4c-d375-5cc5-b5e3-f6409bcd6619,olympiads,15,9,2,2,4,0,39,18,12,17,11,7
dc9cb78f-fd03-5778-aaca-132218b533d2,cn_contest,34,19,15,11,8,6,15,9,5,26,7,5
3719e144-df13-5f3e-bbb4-7abab9406cb6,amc_aime,16,11,6,15,5,4,48,17,15,22,5,3
5aa70a6a-9937-5a70-b238-b6bfd37bd8b2,cn_k12,47,23,9,16,14,10,105,54,30,9,8,5
3b516e7e-a69d-5716-b674-eb9c3fefe447,math_test,2,0,0,1,2,1,2,0,0,1,2,1
d5b0a5dc-26ed-5c76-8e7f-e2d2c116cf75,olympiads_ref,57,56,8,41,23,21,149,67,28,18,6,5
5252d17a-4b5b-5a8e-8ca9-0b636ee7a894,olympiads,49,18,15,2,2,1,49,17,13,2,2,1
bfc71e7a-7d00-56c1-9f8a-f910bab7c159,cn_k12,29,14,5,3,7,3,46,25,14,11,11,6
9b98a189-7e9b-52d8-a1ca-d09fe055f97a,amc_aime,56,33,3,15,9,8,12,4,1,12,6,5
dc4ec2f7-d2bd-5971-a718-52df0de51056,olympiads,26,21,0,54,13,10,44,15,7,19,7,4
0bd33b17-db20-5c09-bbf2-b8fb2711e76c,olympiads,48,25,20,2,3,2,16,6,6,6,4,3
ab87c22d-989c-5f18-a2a8-3aef56040a8b,cn_k12,14,19,0,9,7,3,34,14,9,23,7,3
ab6f39d6-c009-58d6-be6f-0ad7f1035415,math_test,12,6,3,4,4,2,39,20,13,9,4,2
c85dc2aa-bbdd-5c41-b5a6-7e5ae85fc1e1,olympiads,19,9,7,32,4,3,19,10,7,34,4,3
f404a8e6-2e64-5381-ad88-1b0282705360,olympiads,55,32,5,18,14,12,103,57,35,20,3,2
f9c16136-d167-5494-bd98-5139ba5c7673,cn_k12,33,15,5,17,17,8,13,9,8,9,13,6
3b301d3b-fba3-5c8b-9f9b-369bf6600a25,olympiads,25,10,6,7,7,1,118,50,20,15,9,3
cc0abb49-9edf-54e7-82d7-46ad37859cfc,olympiads,3,0,0,4,4,3,3,0,0,3,3,2
f03967ce-7b12-57d9-99c7-cd0434d59863,number_theory,9,2,0,2,3,1,41,13,14,9,4,2
8a7b7be2-74a1-526d-a11a-04a32a12ad4d,olympiads,25,11,6,7,8,2,56,28,1,7,8,2
784704ad-a154-5b3a-b543-3c56c66a95e5,olympiads,28,11,2,7,2,0,17,9,6,4,3,2
e5a470d2-171e-5728-931a-fd345f824476,number_theory,13,12,2,14,10,6,4,1,0,6,7,4
7dd99596-e82e-5ebc-9606-1a8168c3e0fd,number_theory,4,1,1,8,8,5,8,2,2,10,7,4
665b9998-5521-596a-8b41-d250c8159c87,olympiads,59,34,1,22,22,18,37,14,0,10,5,2
64bde4b6-1e6e-58be-9e02-68235d704111,math_test,39,25,10,4,4,1,32,12,6,1,3,0
e6a3d274-b331-571e-8ee3-ecc4383d5c30,number_theory,19,8,0,4,5,2,51,28,11,17,4,2
cce77b30-082e-5baa-8532-03052732f388,olympiads,33,10,2,2,2,0,32,22,14,10,4,3
333398d6-6078-577d-a450-98805966748e,math_train,44,30,16,14,8,6,17,7,1,3,4,2
690438fd-22ad-56cc-a21b-91961fc1e714,math_test,18,11,3,2,3,1,17,11,0,5,5,3
2d283418-efbf-5ebb-a989-310c1a6f6386,olympiads,7,5,0,1,5,1,9,5,0,1,5,1
4b332858-3fe3-504c-9ba4-4cd3ff3e84b0,math_train,16,8,4,1,2,0,11,4,1,1,2,0
fb69cacb-450f-5c0a-920e-f52ab3eaa10b,number_theory,12,7,3,13,11,9,16,7,4,13,10,8
539478a6-3e3a-5a49-b534-461ca77de90b,olympiads,20,8,7,2,6,2,27,10,9,4,7,3
3c635c38-f0df-5873-80f3-d95c03c008fe,number_theory,5,2,0,7,6,3,9,3,1,8,8,5
c4fe0db7-72ba-51e1-ad75-9cc860a3d178,olympiads,15,11,7,1,2,1,49,18,12,6,2,1
10d34b44-3ded-5e5a-9821-c99fef2f233d,amc_aime,19,24,1,20,9,7,31,14,7,5,4,2
0e31e6cf-a00d-55b3-a1ea-e9ad1e67263b,math_test,19,8,2,4,3,2,5,1,0,3,3,2
28dc9b96-05c1-5f47-8b17-263e1612f5da,olympiads_ref,54,23,14,4,5,3,65,30,26,3,5,3
8793031c-3b32-57ef-affd-4a790849abbb,olympiads,90,45,20,16,6,4,85,41,15,19,6,4
c7edfa59-d3e5-5d96-bef8-a31a95fa0b06,olympiads,5,2,0,2,3,2,6,2,0,2,3,2
1cdb63d0-d28c-548f-ae9d-fd5e4d473639,amc_aime,11,10,1,15,10,6,20,9,5,15,10,6
9bcbf30e-e4b3-5487-ae32-4989ff9a1701,math_test,20,7,1,3,3,0,18,6,2,14,5,3
6a6f5102-3af0-51d0-ae46-32dc162e7cc1,cn_k12,20,14,2,6,6,0,31,12,6,12,10,5
62c57e3d-31b2-5a43-b3f8-dc50e902f846,olympiads,18,8,1,4,4,2,22,10,3,4,5,3
06c31283-ec79-58bc-bda0-8b0e4c1a1ccd,aops_forum,9,0,0,5,3,2,13,1,0,4,4,3
2cc3b9bb-6083-546a-80e7-5d4cb9b6c734,olympiads_ref,12,4,0,18,18,16,29,8,0,9,9,7
de65a5fd-5013-5229-aeff-423b1d7803e0,olympiads,34,19,6,2,4,2,34,19,11,2,4,2
c394f877-b60b-5520-91fd-43768d460fcf,amc_aime,20,5,2,5,6,5,26,12,6,3,4,3
d60302a3-ef47-53ef-bb01-8a0914c0ba69,math_train,37,21,3,9,7,5,47,25,14,23,7,5
f3bd68db-0494-5991-93bb-680e20ceea4d,cn_k12,20,13,8,3,5,2,40,17,14,6,8,5
369d2c1d-748a-5e6f-951b-b1d86f7d58d8,math_test,42,29,12,1,2,1,47,21,16,2,2,1
3b1e549b-b33d-5e4a-a1a6-6ad80d027094,olympiads,35,20,10,9,3,2,36,15,10,9,3,2
30929670-59e0-5d04-9b11-65554d163300,amc_aime,9,5,0,4,4,2,12,6,1,1,2,0
0a5fb768-9080-5a0a-a7bd-2248ebf9e23a,math_train,91,57,8,1,5,1,46,22,9,3,7,3
4a8632ea-4804-55e0-9f8a-78ba4aecdcd4,math_test,50,28,14,6,5,3,38,22,0,25,6,4
6e7855e2-5d2f-56e8-be5e-36806cdc4163,math_train,22,11,3,5,4,1,35,15,11,1,2,0
931e08d8-c317-5837-99fc-7878404c81a9,math_train,7,4,3,9,4,0,17,7,6,12,4,0
a49bd290-9cab-599b-b402-52b503b3f781,olympiads,24,14,3,9,4,3,86,55,11,49,5,4
47d24c12-98c5-50d5-8d6b-dd15ad581c50,olympiads_ref,14,5,0,5,4,1,15,6,1,5,4,2
1de68176-68a2-5d1c-ad2d-5eba3f0ba0bd,math_test,8,4,3,3,3,2,10,0,0,10,4,3
5498eb8e-0959-5bf2-9f76-17a5c6597150,olympiads_ref,2,0,0,1,2,1,2,0,0,1,2,1
7ba8821f-1628-5718-8b99-fec8459f201c,olympiads,29,21,9,8,7,5,5,2,0,1,2,0
cc52901e-c0ca-578a-8c01-8ed391b4bae6,olympiads,171,59,9,89,20,16,24,15,10,7,4,2
f8ca8b1c-c2ec-5e51-8d1f-c17ad4955fbb,math_test,47,42,8,28,18,15,41,21,8,14,9,6
09fe542e-9fcb-5911-9011-88c8ea32efba,math_train,61,29,18,9,9,5,90,38,25,18,7,3
cc42ba16-b533-5044-8dd4-178e6ec029c1,math_test,9,5,0,14,10,9,28,14,7,27,9,8
17725d76-f0a4-5dc1-86a6-1fdd0cf94ef9,amc_aime,79,45,23,27,6,1,7,1,1,8,5,0
99b89cb7-b3e7-5e6b-96d1-f066cb31c5c0,olympiads,13,8,2,8,8,6,15,6,2,5,4,3
66b87803-405e-5c53-9294-e611ceab4ea4,cn_k12,54,30,12,8,7,2,63,28,5,22,10,7
4b52f8b1-09ef-58ab-991e-e26c398d1736,olympiads,48,21,9,9,4,3,50,23,15,7,4,3
fbf8be88-827c-556f-aa89-7b577e37e799,math_test,83,57,15,59,35,33,27,7,7,5,3,1
8ac1dd26-94ba-5634-97b7-ed2963dacac4,math_test,3,0,0,10,2,0,3,0,0,10,2,0
f6f6a22a-d51c-59a5-a298-416488229f83,olympiads,63,29,9,3,2,1,58,26,9,3,2,1
aad72a11-afc6-5fc3-8d34-96afe59b728b,olympiads_ref,36,19,4,3,4,2,79,30,13,34,7,5
8451da5f-41b6-5703-b16d-2a3f57a3a36a,olympiads,2,0,0,1,2,1,2,0,0,1,2,1
250f12a2-1ac5-5bde-88f4-c266228d6e38,cn_k12,60,39,6,25,16,9,104,44,30,78,12,6
de450765-0077-58f7-bd31-ae85c91ffc28,math_train,8,6,2,5,7,0,26,18,5,3,6,0
e04a9da9-4674-5625-8083-b7649c46bbc4,olympiads_ref,22,14,3,4,5,2,41,20,10,11,6,4
50792340-404d-5875-869e-10d2ba3afa67,olympiads,61,37,7,5,4,3,137,71,32,10,4,3
c81c873a-ee91-50f1-b6a4-c2b0e5faaef6,amc_aime,36,14,1,12,8,5,21,9,0,1,3,0
0c27c9ce-1dae-5517-8b7a-f7d35eb83184,math_test,6,2,0,13,12,9,5,2,0,10,9,6
c6d53734-58b2-54e6-886d-2797457dfb81,cn_k12,5,1,0,2,3,2,12,3,2,2,3,2
13027763-160e-5d06-86d5-d59f00174ba2,olympiads,91,48,27,55,23,20,47,22,11,30,5,3
99ea5bb6-c6a7-5f34-b810-6ee8211251f1,math_train,35,20,6,7,7,5,42,19,10,1,2,0
4fec34ed-2289-5911-8109-e0e9d8f93515,olympiads_ref,48,16,1,4,2,0,57,27,15,3,3,2
27dfdba3-2fae-5bc9-a556-3aaa16237858,math_train,53,32,7,13,8,7,75,37,17,13,6,5
e056ae60-6a50-5ba3-90be-3554850a8f6d,cn_k12,12,5,4,8,6,4,5,1,0,2,3,2
acf0ea64-4949-5d56-9aa9-6137247b48eb,olympiads,20,12,2,8,7,5,33,14,10,3,4,2
7b88bf15-8d37-513f-aa03-3986cb49e2b7,olympiads,32,29,12,5,4,3,54,26,19,3,3,2
ca2ed0ca-51b6-5739-bd67-1dccdba1944c,olympiads,47,28,3,10,8,4,78,40,22,1,4,0
d19c4998-2415-5656-9e7d-add8680efb33,math_test,28,9,2,21,4,3,51,16,13,66,6,5
4c7ab903-d067-5c2d-9deb-217c9f69bcaa,cn_k12,30,18,5,2,5,1,29,10,7,2,5,2
67c890a5-bb06-5772-9b96-c7a0180bdf0c,secondary_math,30,21,19,38,6,3,39,23,23,40,6,3
bb608080-dd6f-5eb9-b9db-fed5a738625d,aops_forum,9,3,0,4,4,2,14,5,0,4,3,1
1d6ed093-b983-525b-b4f3-7ea9d48d1eb5,olympiads,10,7,2,9,9,7,4,1,0,1,2,1
a732a901-52db-5c50-ab16-a6c00fa40ed7,amc_aime,31,20,7,6,5,4,62,27,21,2,2,1
b5f029c9-b543-5c42-b6c8-4df73522f163,math_train,43,27,6,19,15,13,66,36,10,6,4,2
9aafd3b4-560b-59dd-b7a1-e484db180a1c,math_test,7,4,0,1,2,0,20,9,5,1,2,0
007c64c7-fa77-5f6d-aa7b-e1f2ca56d174,aops_forum,33,11,17,6,4,2,11,0,0,12,4,2
64aa7d91-062c-5a96-9102-6f1c30ac8bee,olympiads,19,12,6,8,5,2,38,16,12,1,2,0
e32dc9a2-dede-5c26-ba6a-321ca0169e25,cn_k12,12,9,0,7,8,2,39,22,12,12,11,5
28c94c33-a016-5f64-8ebb-a9a61a6ffa95,olympiads,8,2,0,14,7,3,12,5,2,19,7,3
7ae312c7-ad06-50bf-8e73-fecab5440cf4,math_test,42,25,9,62,30,28,48,17,14,11,6,4
f8e24a30-a8f3-5039-9f0b-29991d1f9241,math_train,24,10,4,13,8,2,23,11,2,7,4,2
5c0a77f0-0657-5d16-8c9d-bc7aec0962f0,cn_k12,21,6,4,1,3,1,30,11,6,2,4,2
fb81c638-f391-52c7-8254-35b2b7c19626,cn_k12,25,16,7,14,9,8,45,27,15,37,13,12
b788f531-37c2-5b2b-8341-2d40cb52778f,olympiads_ref,36,20,2,11,7,3,78,39,27,50,7,3
389d9331-e12b-57d8-bbea-efc41460e6de,olympiads,11,7,2,8,7,6,15,7,6,4,4,3
7536351c-8c86-5805-8a9d-4ec4a5dfcedb,amc_aime,22,10,1,19,4,1,33,14,1,19,4,1
f441e309-bb55-5cd3-903c-62c834d02fdb,math_train,114,65,24,54,37,33,53,29,15,11,6,4
f03693d7-e546-5617-a580-23d59d85bb1b,cn_k12,15,9,0,4,5,0,57,23,13,32,9,5
33b83cd5-e12e-5e98-a42d-a7b64d5872be,cn_k12,53,26,23,4,5,1,56,30,19,5,5,1
d3c86379-7854-5978-895e-0514a8f4d74b,olympiads_ref,26,13,2,2,3,1,18,6,0,13,5,3
b35100f5-12c4-597c-aaf9-28f29d77af44,olympiads_ref,27,9,3,8,9,8,37,15,16,6,7,6
9d3572bb-2ac2-55b2-95d2-91c54e9ae2f1,amc_aime,3,0,0,1,3,1,10,4,2,1,3,1
ec81e530-abc7-5bc5-9576-18e3ed899114,olympiads,13,5,0,15,4,0,7,2,1,9,4,0
a243cec8-ac2d-554d-9d15-3e0f0fc879ec,olympiads_ref,34,17,2,9,7,4,39,24,5,7,7,6
ecd95c6f-8961-599d-942f-db018ac1805a,olympiads,21,12,10,2,2,1,83,39,22,1,2,1
31f08342-06b0-5ae4-9315-d25cca120e91,amc_aime,5,1,0,6,2,0,5,1,0,6,2,0
386498e5-7f79-51e3-a482-3d011a6f6436,olympiads,61,36,21,34,5,4,62,27,23,24,4,3
81596b10-328f-5244-aa07-4622cfa2e2ce,math_train,30,20,2,9,7,4,9,5,0,1,2,0
88c15796-5d86-5230-8319-d5b9e083baa8,cn_k12,7,6,0,2,4,1,30,8,6,4,6,3
33626920-ea45-51ea-95ae-10e9f5c4a6af,olympiads_ref,31,16,4,13,5,3,2,0,0,2,3,1
9db0a755-3319-56ae-ba1b-ed60bf401c52,olympiads,58,32,1,8,6,4,45,19,18,4,4,2
234131ae-ee8e-5e2c-869f-bdf34ddad8f4,math_train,26,15,3,14,10,7,31,12,12,12,8,6
05e87a03-b7db-57dd-9233-9284c35f7feb,olympiads_ref,29,13,1,2,5,1,49,18,10,4,7,3
a8dc3b47-772e-59db-90b9-5640a6be0ced,cn_k12,19,19,3,11,8,7,60,38,20,63,13,12
a38fd99e-3e71-5ae4-b60d-606d83b56d18,aops_forum,12,0,0,1,3,0,36,15,15,31,5,2
23b36b28-7d94-5735-92a1-035d12722e77,amc_aime,4,1,0,3,4,2,10,1,1,2,3,1
76a1697c-2074-53b0-a564-f62839061581,olympiads_ref,11,1,0,11,7,1,11,1,0,10,6,0
35d37fcc-a9dc-5b8c-997e-d7fbc3e81ba6,math_train,76,67,10,60,27,25,19,8,0,7,4,2
fa69a0f4-0c3f-50c9-8726-006a979e6a45,olympiads,24,8,6,9,3,2,30,15,13,7,4,3
c3e36722-1dc2-56de-a538-0c89a033c626,cn_k12,12,6,2,1,2,0,15,5,1,1,2,0
006b5904-fa12-51d3-9554-96db63601486,olympiads,9,2,2,5,4,2,8,2,2,5,3,1
064daf4b-f9f1-5360-8a32-3aef7f0e6a30,olympiads,7,2,1,3,3,1,8,2,2,5,3,1
8a465ac4-75c8-586a-92bc-a0bd3fbc8e7b,olympiads,5,1,0,9,14,5,14,2,5,18,15,5
8b7b4721-108f-5947-ade5-1b581a29ed4f,cn_k12,48,24,17,10,11,5,64,37,16,70,11,5
385b5403-3748-5b53-9651-86f74d028303,cn_contest,12,4,5,4,5,2,12,5,6,4,5,2
12673f39-4e96-5d2f-a618-c720bcedbcdf,amc_aime,50,29,13,2,3,2,61,23,21,1,2,1
9b743b7d-cb77-57d8-b653-c6fd09208db0,math_test,38,23,0,14,5,3,26,12,1,1,2,0
84aec0d7-43b7-5fdb-8971-7e676133881e,math_test,100,61,28,8,8,7,72,33,19,50,6,5
98bd6c9e-5e7e-5984-a6d4-a533b676b271,cn_k12,12,7,0,7,7,2,64,30,18,40,12,7
77383006-c4ad-5088-884d-ecbcc9880c7b,cn_contest,189,121,70,196,25,21,183,117,68,185,24,20
745791df-6e04-5a4b-9316-c28ebe59440c,amc_aime,113,82,7,81,27,22,32,7,13,22,15,13
8427f2ea-2d5b-5921-b45f-bf9ca751c045,math_test,3,1,0,2,3,2,9,4,2,2,3,2
13a7fc5c-5700-5fc2-874f-f1e207c328a1,cn_k12,17,9,0,3,4,3,32,17,8,9,9,8
68455911-ca48-5fb8-bdd0-130921e9d559,amc_aime,46,21,6,4,7,4,30,12,4,3,6,3
811f5179-11ae-5fe3-ae63-0d75744785e9,math_train,15,12,4,2,3,2,29,11,5,4,3,2
fddef328-c882-50bb-a9a1-98aecde085d7,cn_k12,14,8,1,3,4,1,49,19,14,9,7,4
273e3ff4-3d9f-5718-b73d-4ed64eb7df95,olympiads,9,3,0,1,2,1,35,11,13,8,3,2
55640786-a6b6-5e96-82ff-529816289754,olympiads_ref,86,50,2,10,7,3,100,37,41,10,5,2
8ed7f1fe-90d9-5726-972e-6e4e0b328f19,cn_k12,10,8,3,4,5,3,55,31,24,49,10,8
4611e5a2-6355-5bbe-88ca-33e1e9fc3bab,math_test,66,38,19,8,9,8,41,11,10,6,6,5
30869115-24ff-589a-b517-2afd1bf88698,olympiads,3,0,0,6,3,0,3,0,0,6,3,0
7146d743-a72f-5276-9fa7-6627222a3447,aops_forum,9,2,1,1,2,1,9,2,1,1,2,1
9baa660d-9133-599a-a55a-ff389b708b40,cn_k12,19,14,1,7,7,5,18,7,1,7,8,6
9ad2b87c-f4cc-518f-b728-4ae57739d7ac,amc_aime,139,83,23,79,20,17,14,6,6,12,3,1
f2598319-af70-53b2-984b-845adfe2ae14,math_test,3,0,0,15,4,0,4,0,0,15,4,0
8adde65e-278b-5a77-b54e-3ff4f3c17b9b,olympiads_ref,24,13,3,1,2,0,13,5,1,1,2,0
d91e2dc7-81d7-5e7a-87ba-8bae6f05b473,amc_aime,170,88,26,41,28,24,187,88,26,41,28,24
7f850b66-511d-5960-b525-f54fa2c0dc56,cn_k12,15,7,1,6,5,4,45,19,11,20,5,4
3be40421-1699-52d3-a49c-841fa791d267,olympiads_ref,51,25,4,20,14,11,8,3,1,9,6,5
10a79973-923d-56f1-8c6f-fee00661f644,aops_forum,4,0,0,1,2,0,11,3,0,7,3,1
64e59ca1-824f-5b47-aede-ffe3549a5bea,cn_k12,35,19,6,13,5,4,51,20,10,18,7,6
6c2f39cc-3ebc-566f-9c53-671583befcee,amc_aime,32,24,1,18,8,3,66,32,22,71,10,5
140b97a1-0c9a-5209-81cf-8327625edcde,olympiads,29,13,7,11,8,5,33,15,9,40,7,5
c9b221ee-212f-58d0-a1b1-764bc02ef89b,amc_aime,6,6,0,9,4,2,9,6,2,9,4,2
bb42b2d7-369d-5cf1-b20e-97daac762be1,aops_forum,7,4,2,3,6,3,47,17,14,21,7,4
18345a84-9e67-5c0a-8ee6-b52be27eaa24,cn_k12,110,55,22,44,12,10,73,35,20,100,18,16
acafa5f0-9083-5b9f-a068-3258e2917829,math_train,41,17,1,11,7,4,28,10,7,1,2,0
9e84bff3-411f-50f4-a180-16fb2481e00f,cn_k12,25,14,5,2,4,1,36,22,11,32,7,4
5993609f-0f8f-596f-99b2-d805c3f99631,olympiads,26,13,6,12,5,4,48,23,20,29,4,3
a8ddbaf5-afe4-53f0-ac54-3aca7d8d8f77,math_test,54,27,10,32,9,6,41,24,5,15,7,6
99e5d76f-c7c3-5460-b56b-34c10546805e,olympiads_ref,35,20,3,20,10,9,37,20,3,21,9,8
10df5193-d90d-5c32-a3e0-d558b1f030e0,cn_k12,41,24,7,19,9,7,41,19,6,51,13,11
c5526f61-f724-51aa-b1de-92163949b1db,olympiads,37,10,8,2,3,2,8,3,0,4,3,2
2ccda707-dc2f-55e0-a755-904264df86d1,math_test,6,5,2,1,2,1,2,0,0,2,3,2
84099beb-7aae-500d-859a-51485127417e,olympiads,22,10,1,7,8,6,64,19,20,35,11,9
9eff243f-f227-5e9d-8dae-1c776fb00471,amc_aime,20,4,0,20,2,1,32,8,8,99,5,4
965e479d-7ae5-52d9-9c66-c020b044aab7,olympiads_ref,42,20,11,4,5,4,36,10,11,3,4,3
b96a8c2f-3f60-57ab-b129-c19a1f43dd21,math_train,62,35,11,18,12,6,36,15,3,18,7,3
2bca8b37-87df-55f7-8b02-74dc41c390af,olympiads_ref,4,1,0,7,6,3,5,1,0,7,6,3
f85a44af-a8f5-5231-adc3-55fdea169754,cn_k12,30,26,5,7,6,2,76,42,18,36,8,4
f508c4f1-b66e-5c40-82c4-ac9cdc8f369b,cn_k12,7,7,0,2,2,0,20,17,1,1,2,0
947e9275-b58e-5e3c-a70c-9252d0969b25,olympiads,50,24,13,1,2,1,57,22,15,2,2,1
d7695681-9d0a-553a-a395-3d6bbcd97fc4,cn_k12,44,34,3,15,15,4,33,24,4,8,10,2
842f8a3d-3408-56a1-91d5-866ed7508f3d,math_train,65,48,8,4,4,2,109,44,43,132,14,11
81dfa8e6-7469-59ef-8803-72bb27400974,aops_forum,29,13,4,8,7,5,37,18,9,19,7,5
9b24b68f-95ef-5114-9b47-71581f23f4ef,math_train,17,9,0,1,2,0,31,20,8,10,6,4
322aaa3d-ff6c-536e-91ca-54f93d028a19,cn_k12,42,20,8,16,9,8,30,16,10,7,4,3
7580a01f-ddbf-5556-a2dd-2baa756505d6,olympiads,88,44,7,7,9,5,36,19,11,16,8,4
a0773184-f895-5f36-8854-28c5f7336cd2,cn_k12,49,28,12,5,9,5,30,20,6,23,13,9
e867bee0-525f-57cf-a68e-6017ef4f0401,amc_aime,10,5,2,3,4,2,47,18,11,3,4,2
649ec1cf-dbc6-5520-97b3-459c8966bc43,math_test,12,6,1,10,6,1,10,8,0,14,8,3
35f4411e-6aa2-5b0f-b5de-e5c8fabbb9f9,aops_forum,23,14,0,4,5,3,16,4,0,2,3,1
6ca646a1-4180-5fe7-bc2d-c7629f765d38,cn_k12,24,17,9,5,5,4,20,9,4,1,2,1
6e7ea283-a58d-5d07-9087-4b50bf221948,olympiads,21,8,3,1,3,1,30,14,5,1,3,1
73f7942c-1845-5fbc-a9a3-eec72bab9378,olympiads_ref,13,15,2,8,7,3,31,18,2,7,6,2
516b1e91-9b1f-5b42-b722-105df4b9d9c6,cn_k12,20,11,1,1,2,1,40,21,5,1,2,1
afac4b28-eb3c-5bbf-b098-0f81ad465334,amc_aime,5,2,0,4,4,1,6,2,0,4,4,1
14df818a-8e21-568d-9943-c6e3c8d4d5f8,math_test,13,2,1,6,5,4,35,15,11,3,3,2
1e75253e-1822-58b9-a1c9-bec906d6b3fe,aops_forum,41,14,8,6,4,3,49,13,8,6,4,3
2485e288-fc83-5b04-980d-5a9d2dba83d5,math_train,21,7,2,7,8,6,35,14,8,11,5,3
fb40dc60-5f97-5164-8820-2dc28dcdf553,cn_k12,17,13,11,25,2,1,14,5,4,23,10,9
cb04239d-fd65-5ca7-9cf7-c6e96e485d3c,math_test,19,10,1,6,6,4,40,18,13,11,8,6
e3bb7393-56fd-5c62-b74a-95aedf57da18,olympiads,39,18,17,33,5,4,127,47,62,101,6,5
a0095248-0824-57f7-89f8-3f4f28232a19,math_test,23,14,3,2,2,0,43,22,14,1,2,0
f87b20a4-a78a-5fab-8e2f-686ca32443ae,olympiads,15,10,1,6,4,3,23,9,1,10,7,6
99a6edea-0cb4-510b-92a1-f14af5d022fc,secondary_math,38,28,2,14,5,4,48,22,13,38,8,7
e492bd2e-cf15-5003-ad9d-f96169375846,math_test,13,7,1,4,5,4,27,12,9,2,3,2
e6e0a67e-a3b8-597e-897a-8a1c75ff1adb,olympiads_ref,44,32,10,1,2,0,25,8,3,1,2,0
d59a9513-7264-58c8-89ab-271f89cb1246,olympiads,15,8,0,3,5,3,44,22,19,9,8,6
c0c7a36e-0edf-59f7-8994-ff4b1a001a83,cn_contest,23,12,0,3,5,1,39,20,9,18,9,5
6de1172d-929e-5076-a456-44fa9257b337,olympiads,58,30,20,2,2,1,80,31,23,8,2,1
47c28704-506b-5bf9-b5e3-570cf5205497,olympiads,17,9,3,5,3,0,43,12,7,4,3,0
dfae9f87-57ea-53d5-a29b-54dc297d71d6,secondary_math,55,18,12,11,4,3,29,11,2,9,4,3
c6caa552-818a-5840-abdd-9e1d8919e561,cn_contest,29,16,5,5,6,4,49,23,16,9,6,4
86914820-081d-539f-868d-6fddc5642c89,cn_k12,21,15,7,20,6,3,5,3,0,2,2,1
fc8ce097-0b28-52c6-95a7-134caf6b35e6,math_test,9,4,0,11,6,4,20,7,6,33,18,16
89abbe54-4c7f-5d95-98f4-11eb6b6e50ac,math_train,34,21,1,11,5,3,58,24,19,1,2,0
1a87e145-3743-5c23-b4a1-d9a3d5903873,amc_aime,9,3,1,5,6,5,10,3,1,4,5,4
9b1e2bdf-9ddb-56ee-8892-e4f98c64381c,aops_forum,47,27,4,2,3,2,24,12,7,2,3,2
16b9baf3-5bf2-5599-9f6b-5c5dc6ca566f,cn_contest,64,29,21,14,5,3,44,22,12,25,6,4
fba502ed-9674-5101-ab4c-31f3feed5fd6,cn_k12,7,4,0,18,7,2,9,3,3,10,5,1
f6b0c526-9421-5b86-9e04-b168f6ded2db,math_test,25,18,7,10,3,0,14,9,4,8,3,0
9216aca3-7ce4-5ada-9a1a-6095e10a01fb,olympiads,45,26,4,12,10,8,50,28,6,15,8,7
1f6f597a-b94f-5205-a5a8-9ce3dd461c62,amc_aime,179,96,36,92,19,15,60,32,11,11,4,1
f20f3fbd-5824-5725-b953-7e025332ec19,cn_k12,18,9,4,5,6,1,15,7,4,5,6,1
a3d34b33-9582-50f7-82c3-91d769e6c481,olympiads,80,43,31,20,7,3,106,47,19,7,6,2
2fadaf57-87f0-5cb5-b81d-984e02b8e7a8,olympiads_ref,12,5,0,5,3,1,18,7,0,4,3,1
c287c8cc-ab8d-5dcc-8043-bc73ab4de2c7,olympiads,23,11,5,48,7,2,30,12,7,68,11,6
56fe714b-23c1-5aa8-abce-31f0df00b3e4,math_test,60,48,1,4,3,1,17,7,0,9,5,3
cf04353a-d16a-532a-9815-73c15128d1d7,cn_k12,21,17,0,6,7,5,24,8,9,6,7,5
210eaba6-c82b-5b46-b920-ca170dff0dc7,aops_forum,28,9,4,1,2,0,20,7,4,1,2,0
187c2515-5873-51b6-a07a-50cf8128c5bc,amc_aime,20,19,2,22,16,15,2,0,0,2,2,1
0b319a0b-f546-5a2a-9ace-8685ef9e2c95,cn_k12,24,23,4,9,11,7,53,32,13,14,12,8
1d8c3d03-d925-5c09-af22-9799cd2e5e0e,amc_aime,29,19,2,25,14,12,68,30,13,24,13,11
b1d6496e-b0b3-5d80-9b7c-b1642aaae059,olympiads_ref,59,36,18,20,19,17,73,38,20,10,9,7
7c5427fa-34ab-55de-b983-2aede75221d3,cn_k12,44,28,3,45,15,14,110,53,40,158,22,21
9104a005-ff18-55d7-9e7f-6a70d13c378e,cn_k12,24,19,5,5,5,3,22,9,2,9,5,4
5df7dd97-ce82-5eab-b0b7-9585ff4405ca,aops_forum,87,42,27,46,9,4,67,35,20,44,7,2
e6f73d93-e016-559e-9620-44c373eca67d,math_test,77,46,13,10,10,7,91,46,19,6,5,3
5d0775c5-9cde-5dcb-a83e-e05635becf20,olympiads,111,56,47,25,8,4,120,58,46,28,9,5
f3f84352-f120-52a8-9f52-510912963117,olympiads_ref,33,25,3,37,10,5,69,28,11,27,11,9
592b30d0-ecbf-5c40-9c7c-4db864f97998,cn_k12,24,16,6,2,3,2,23,12,4,3,4,3
e231138c-5f72-5c50-a292-b9cdaaab2276,olympiads,58,26,20,4,3,2,52,19,15,2,3,2
d8b97176-41cb-5a04-9f1c-30624b92a1f4,olympiads,8,2,1,3,3,2,15,8,5,7,4,3
45469582-7e4a-570c-af76-81b0b1787e2b,olympiads_ref,21,11,2,10,7,4,21,12,1,8,6,3
2dec51aa-36ae-531b-98d8-0f63c9030917,amc_aime,8,4,1,7,6,2,26,11,7,11,8,4
1ae1b669-22ff-5d11-8ad3-0fff37bb00d4,cn_contest,20,21,0,6,6,5,118,56,38,19,10,9
6c83a30c-82a6-5060-ad42-546860b1ced8,amc_aime,28,16,8,39,8,5,60,29,24,57,5,4
936422d1-1b1e-5f17-b511-0b17bbb84d30,olympiads,11,8,1,12,4,3,22,8,10,15,4,3
20da7b4c-36e5-5756-a920-437a98f290e4,olympiads_ref,3,1,0,12,5,0,4,2,0,14,5,0
045087bc-da43-55a6-9c62-035e8b970126,math_train,31,18,5,5,4,2,85,45,29,1,2,0
da3e1a21-10ae-52b0-bcde-600cada7dd4d,math_train,4,2,0,24,7,4,18,8,4,48,7,4
e84b0e4d-e6ce-5d38-aed0-10ea67a22d86,math_train,67,38,19,5,5,3,74,35,26,47,6,4
da3b17ea-3703-5b40-a2bf-32ff8b4f0907,olympiads,130,80,49,38,25,22,81,36,34,8,6,5
f28120a2-992b-583b-9d32-85ba9ce03e57,olympiads_ref,13,12,6,3,3,1,19,7,4,1,2,0
c3b332ce-4b46-5546-923c-89bafc8d7691,aops_forum,5,2,0,2,3,2,18,7,0,2,3,2
7a31f4fe-730c-54f3-aca1-b9c1f95f7872,cn_k12,62,32,22,63,27,14,71,41,14,11,10,2
8fa72092-f99b-593d-9bdb-427a75afbd6f,amc_aime,7,3,0,2,3,2,4,2,2,2,3,2
aeea59f5-2c95-52a8-97b5-cae174587bb5,cn_k12,36,40,4,7,3,1,52,18,5,30,5,3
5bbcb782-3f08-55ea-895c-cc12e3efb171,amc_aime,83,57,5,66,41,40,8,5,1,12,6,5
446352d0-48fd-5c3c-984c-3cdf45517048,cn_contest,28,14,12,3,5,1,35,20,13,4,7,3
08063e2d-5cc0-5981-8d49-c1640fb68406,olympiads_ref,29,13,6,5,4,3,50,25,18,22,8,7
896a11b6-5a91-59bc-ba4a-feb262e6c63d,olympiads_ref,84,51,6,12,7,1,17,4,0,10,6,0
8e8fb87c-d922-5946-8771-a15ce5895952,cn_k12,26,13,1,9,7,2,53,24,15,42,8,4
4d214390-a124-5dac-b878-2884c49c832b,amc_aime,32,18,5,7,3,0,33,18,7,14,5,2
eddf9635-1296-5501-be81-72157d9ea10a,olympiads,24,12,5,12,4,3,23,10,4,7,4,3
93b3229a-ce6c-53c8-a38c-00312f3dc3a5,math_train,64,26,5,19,15,13,96,35,38,1,4,0
f624aeff-9482-51bb-8c47-69563791b46b,cn_k12,23,13,0,6,9,3,38,19,9,9,8,2
f59827f2-22d9-5f10-9187-d646d128c19a,math_test,8,4,2,12,13,12,18,5,8,2,3,2
68e92791-6d59-520e-9602-538e9b877fe1,olympiads_ref,59,24,7,1,4,1,49,21,14,14,8,5
3bce5532-7a80-5591-8163-dac6bbced91e,cn_k12,57,46,26,32,7,6,46,25,10,28,6,5
421b9bfa-05b8-56fe-804e-050e1d2eac88,math_test,44,26,7,22,9,7,22,8,6,5,4,2
aaed8f40-1d38-50b5-a165-603aae3a6747,olympiads_ref,5,3,2,3,4,2,5,3,2,3,4,2
55fe8a19-1810-572f-8c3a-ef44ad4680f2,cn_k12,9,5,0,9,8,7,6,2,0,5,5,4
6feb5e2a-c697-5a49-a47f-1e6cf6347937,cn_k12,17,9,4,11,10,8,20,8,7,28,19,17
1191b828-10d7-5e5c-b032-b385d8c2383f,olympiads,1,0,0,2,3,2,2,0,0,2,3,2
6c46a906-572e-5053-988b-9dbee49a954c,olympiads_ref,104,67,21,34,27,21,18,9,0,3,3,0
6c2f75f1-531b-556e-bc7a-7421796fc6a0,cn_k12,17,15,2,6,10,5,43,20,13,3,7,3
82f26bd9-6f81-5479-961f-08d3d6b03fa1,amc_aime,11,12,0,3,4,0,11,7,0,2,3,0
8a2bb28e-e910-5978-b296-151a1bf9425a,math_train,51,31,7,27,15,11,59,26,25,26,11,9
8e079cb0-da36-524c-8da2-91dd5ac49406,olympiads,26,20,6,7,7,6,85,44,26,4,3,2
529b865b-6aeb-5e07-9d7f-3d738cc11d35,cn_k12,27,9,7,7,7,5,85,33,33,9,7,5
4eae2536-a8b0-5d82-ac32-40d6bddfc801,math_test,3,0,0,8,6,3,8,2,2,16,6,3
eeb3bb08-a9d4-5130-9891-9585c5565bf1,olympiads,10,7,5,1,4,0,62,26,24,8,5,2
e0e71d23-0809-5691-91a4-f95fa638095a,olympiads_ref,106,75,7,35,10,6,3,2,0,3,3,2
fb3a976d-053e-519a-9c88-ff742d199035,olympiads,81,51,19,40,28,23,81,43,26,44,12,8
ece7940a-2773-5b62-94af-82dc4527604d,cn_k12,35,31,13,3,3,1,12,6,1,1,2,0
5a186a3d-8967-5f75-9753-e3d796759475,olympiads,40,30,4,15,9,8,92,37,29,102,8,7
734d8678-7142-5293-9181-ababa937832c,olympiads,35,15,7,8,6,3,64,32,26,9,5,2
f599feb3-192b-598f-8852-231090b855d1,math_train,4,4,0,2,6,2,36,16,12,5,7,3
08f02264-118f-5c79-8ffe-7d48137fc58f,cn_k12,23,15,2,5,4,1,14,7,1,1,2,0
154a2f43-a5cf-5417-8544-597955b06957,olympiads,33,16,6,29,13,10,7,2,1,10,5,2
83330ae9-5ccf-5e02-bfbd-4ce602f2c35a,cn_contest,26,18,9,14,6,5,43,21,15,9,7,6
e2073f3b-7c07-561f-867f-3a670156b5f9,olympiads,23,12,4,7,7,6,60,24,12,4,3,2
5a4d9414-e447-5ed4-bb34-ca6539204ad6,olympiads_ref,55,57,11,51,32,27,33,30,7,33,22,17
9b461a0f-fc38-5cf2-8a00-140d1d3dd551,math_test,18,11,2,19,12,2,15,5,4,21,10,5
a092441a-3a69-5a04-bc73-3ea1fe14fb56,math_train,67,39,4,18,16,15,85,36,25,7,7,5
e51bf01c-69ba-5485-8c47-a3ee2734dc5a,cn_contest,66,36,8,3,2,1,34,17,2,6,7,6
78fd69ee-324c-538d-9ee7-b23a8120956f,olympiads,8,3,3,2,3,1,8,3,3,2,3,1
f919f46c-3dba-507c-9877-2e932133ae25,math_test,32,17,6,11,8,7,35,20,3,9,6,5
a6d3d1d1-dc5b-598d-a9cc-80b5699515b5,cn_k12,18,18,1,9,6,4,41,15,8,9,5,3
66307ab0-1a96-5084-8ae0-2e09ef77e7ef,olympiads,2,0,0,1,3,1,2,0,0,1,3,1
e21630bd-33bf-5996-897a-cc057d716328,olympiads,57,33,10,1,4,0,48,17,13,35,10,6
006994c7-6358-5217-b3fd-b210a668dbb4,olympiads_ref,29,12,2,3,4,3,39,18,13,3,3,2
ebe211fd-210b-534c-a961-623ce187c09e,math_test,75,48,5,9,6,5,52,32,5,8,8,7
406dbedc-d8b2-5e72-bd21-4463865e1f9e,amc_aime,9,6,0,17,5,0,14,6,6,28,5,0
71ee0538-d0cb-5f76-ac90-8385a1315902,cn_contest,75,31,23,22,4,3,82,38,24,34,6,5
d0941621-e35f-5f2f-b340-b1f5f4e6a7e0,olympiads,22,14,1,42,4,0,16,4,3,15,4,0
0156cf6d-2cf6-55ad-9aa9-3a3bb3fae2ce,math_test,25,14,2,4,4,2,13,6,1,1,2,0
4675a93e-ed3b-5516-b432-0bb6996d72df,olympiads,14,3,5,7,4,2,15,3,5,6,4,2
39dac66a-30b0-5c5b-8ff1-1a486e407b9a,math_test,19,8,2,8,7,5,27,8,13,4,5,3
ab0f093e-c2bf-5dd4-acc5-a0aab92d5d4d,amc_aime,18,9,2,21,11,8,13,4,2,9,7,4
1f151570-7748-5249-8c48-5d2951b50993,cn_k12,8,7,0,6,8,3,35,20,8,6,8,3
669a1192-881f-55f9-911b-791438beb743,math_train,38,19,5,15,13,10,68,28,16,9,9,8
ebc1acfa-b6af-5d13-a8e9-088d0942299b,olympiads,259,99,45,6,2,1,107,41,15,6,2,1
c6689f42-0a1f-52fe-b2ee-fd4396a3a463,cn_k12,25,13,3,17,9,3,25,14,2,9,8,5
fdbb3b54-1a23-5c54-bb4a-d81042a1412d,olympiads_ref,65,21,2,47,10,7,41,6,1,41,10,7
eb8281ab-886f-5520-a607-a04314795687,cn_k12,8,6,1,1,2,1,17,6,8,1,2,1
8316b478-86ae-5839-8dfa-f1e4886fb762,math_test,16,9,3,11,7,3,25,10,0,6,5,1
d3386314-5e74-5bb0-98c3-91192d55a24c,math_train,6,2,0,4,4,2,21,11,3,2,3,1
093e8d88-7b52-5c3b-a947-590f1e25169b,aops_forum,43,29,5,16,6,4,92,38,29,9,8,6
e1820ffe-59f3-565a-b48f-e327cdf093f6,olympiads,19,9,0,3,2,1,35,10,4,2,2,1
849a0a8a-64c4-5ff4-98cf-3cbec13c33b9,cn_k12,49,35,6,2,5,2,62,31,11,21,8,5
98599489-3165-555e-b749-778e992439fa,math_test,29,16,7,7,8,6,22,10,5,1,2,0
0d17e1c3-cf6e-5204-8297-95f6fd36717d,olympiads,16,3,0,2,3,2,23,12,4,6,6,5
e0e159b0-9572-5eca-8833-d4ddfa2a8f8c,cn_k12,22,8,6,18,3,0,3,0,0,8,3,0
c8f98e90-0f99-5e6f-b7cd-0760da798c18,math_test,25,14,9,30,10,6,20,9,4,26,16,13
f31c3661-4be4-513e-91f1-a8b319bacbf7,math_test,6,4,0,5,4,3,3,1,0,6,4,3
e0f26d7b-0c8a-5dd8-9a37-01d70d721892,amc_aime,90,50,13,35,9,5,40,16,11,35,5,1
b042f469-2c60-5d26-865c-fea5bbe9b5e9,olympiads_ref,55,25,3,6,6,5,61,25,17,6,6,5
47fc5e13-f54a-55e4-85b7-af3dd92660a4,olympiads,75,37,27,52,9,8,47,25,18,38,10,9
9a445e92-7566-5386-8027-2fe62843df17,cn_k12,10,5,3,12,12,5,48,28,18,14,13,8
162dda01-0d74-5fb3-a4b8-2eb5abc518b4,math_test,11,5,3,4,4,3,58,24,27,13,3,2
180050f6-8bd2-50a0-a9d6-0213b3fe7e49,olympiads_ref,36,22,6,1,2,0,19,8,4,1,2,0
9a50fe82-d9fe-5cf3-93ff-11d1dcafb209,olympiads,97,63,11,15,13,11,54,31,4,3,4,3
ce9aff5a-6716-586e-9017-f6697dacd46a,cn_k12,59,37,18,83,13,11,49,21,19,74,17,15
751b1be4-5849-5ad9-b936-44115a43b5c6,olympiads,52,34,8,23,17,13,37,12,3,1,2,0
4027aca3-7000-557e-a4f2-62626a090941,aops_forum,18,8,5,4,4,1,29,12,9,13,5,2
4debfe05-d174-5ed1-b8d0-9512ab8c8fed,cn_k12,29,14,12,21,15,4,47,14,23,6,10,5
1356d3a6-113b-53dc-bd11-461fe7923419,olympiads,76,51,13,18,12,9,67,30,17,16,6,4
8c8a90e0-ea24-5b61-84ee-32ab13167c21,olympiads,105,46,30,89,21,18,106,56,31,82,23,20
88721c33-2052-50ba-b4eb-84f7458532cb,olympiads,144,75,58,55,12,9,33,19,3,1,3,1
1184f5be-f45e-5dc5-b281-c61eb43afba2,amc_aime,48,30,7,19,9,8,63,29,20,9,4,3
6425fc67-a2f7-57b8-8ac4-de4c44f415b0,olympiads_ref,24,11,4,10,9,7,32,18,15,10,7,5
8d2bcfbf-aeb6-5cc9-add2-14dbc7f6c7c5,aops_forum,61,40,9,8,6,5,28,5,4,5,3,2
7c8c6436-b620-5683-98bc-7421318c6553,math_test,45,26,9,2,2,0,22,8,4,1,2,0
720fc86a-793a-5812-a0da-18eaa29247ca,amc_aime,53,27,5,38,14,13,75,38,32,52,11,10
3a87aeb7-343e-57af-9f30-b16aa5d7ef2a,olympiads_ref,45,18,1,2,2,0,37,17,8,2,2,0
8016ed30-3a92-51da-87b8-0f753c3dfad1,olympiads,48,13,2,3,4,3,32,17,8,2,3,2
468d362b-50eb-5584-abdb-872f4366a3f0,math_test,11,5,4,4,4,3,5,1,0,1,2,1
a21de4da-2476-5503-8f27-ccb7d8b7895e,olympiads,41,25,3,4,5,3,70,35,22,22,6,4
26838677-79f9-522d-aa75-7b613beedbd0,amc_aime,32,28,9,4,2,0,52,26,14,4,2,0
99eea8ae-ef0d-5735-8bc3-1ab236f59af4,math_test,5,2,1,3,4,3,6,1,1,3,4,3
2f3c178b-f095-5e8c-ada6-88c7d27094c8,olympiads,137,76,14,11,4,3,30,12,7,4,4,3
f26ec3c3-0d04-5578-bebb-12b1b4c1e029,math_test,9,5,0,2,2,0,11,5,1,1,2,0
45d4ea87-ea3f-59bc-adc3-bfb73f7721a3,math_train,4,1,0,5,5,3,4,1,0,5,5,3
2365d5ee-baf7-5848-a279-26d30dc76aa5,olympiads,9,4,0,26,10,7,6,3,1,12,7,5
44c80762-fa80-5d98-90e6-c9e3d26547ef,math_train,9,4,1,6,3,2,8,3,1,5,4,3
2e9313e6-3454-5448-9d07-af02fa4924f1,olympiads,31,13,11,10,5,4,39,20,12,10,5,4
9ea28b25-e45d-5996-bdce-757941189521,cn_k12,18,9,3,13,7,6,26,16,7,35,12,10
587bb54c-6ca2-5e00-9f36-ad503760485e,aops_forum,8,3,0,1,3,1,18,9,9,3,4,2
41dc1a27-c293-5319-9279-edddf43947f2,amc_aime,18,9,1,4,3,2,56,26,18,1,2,1
84cbeacd-eb58-5269-b4be-ae82406612a6,secondary_math,70,31,33,14,5,4,57,28,21,15,5,4
36288ba9-acbd-56a9-8237-d82a7b1c1f94,olympiads_ref,5,2,0,2,3,2,3,0,0,1,2,1
1bb6b6fd-8005-5fc0-a14a-56f76db2e4dd,amc_aime,18,11,3,9,6,4,3,0,0,1,2,1
c4a446c4-072f-5542-94cb-897a96abef3b,secondary_math,70,47,19,2,2,0,69,15,14,3,3,1
bff7df0b-da06-5014-ade8-05e342845663,olympiads,87,48,14,98,16,11,61,35,11,76,7,3
d1001904-d13d-5cdc-a37e-a1a70657c143,cn_k12,10,7,2,5,8,1,77,34,32,8,9,2
0796f32a-6ad2-5508-9f7a-e9489d101416,olympiads_ref,41,20,3,17,11,8,137,55,39,38,9,8
891d60b6-4af5-51fd-92ab-e9628dcb1b5d,olympiads_ref,8,4,0,3,2,0,15,6,0,3,2,0
43f39d39-93e8-5d92-bb3c-a704594737de,olympiads,32,18,4,9,7,4,58,23,15,13,6,3
fa8bc173-0865-5744-b6fc-fde4cda0339e,math_test,10,2,1,2,3,2,31,11,11,2,3,2
97ff16f0-a9fa-542f-bd78-9ee0e3dc7d04,cn_contest,32,15,16,7,7,4,54,21,17,3,5,3
f2c63ad3-f13d-5c3f-9bf7-c55f14c1dd3b,cn_k12,27,26,11,2,3,2,33,21,10,1,2,1
80fe2f92-18ce-5811-812b-29906e8980c8,olympiads,44,18,7,16,3,1,13,2,4,11,5,3
3b7a87f9-5615-5e14-93c9-ded625f17cd1,math_test,18,13,0,9,6,4,22,9,2,4,4,2
96e97472-279d-5f89-a4e1-d915043671d5,olympiads,112,49,27,12,9,6,178,68,59,12,9,6
c023c8c2-aec1-5aec-bcf8-5116b081cc24,olympiads,11,4,2,1,5,1,5,0,1,1,5,1
7a311e80-e10f-5637-870f-8d591403fbf2,olympiads,39,24,7,12,9,8,42,19,16,6,5,4
1e8ca1b2-5c0f-5e8f-8a14-d63043d142bb,math_train,19,12,1,2,3,2,29,12,9,2,3,2
f4ca6fb1-9e6d-5530-b61e-79fad4aefe18,olympiads,6,4,2,4,4,2,6,4,0,4,5,3
c381a060-4922-55e5-8d5c-127a01f4f4fd,olympiads,20,13,6,7,5,4,28,18,10,8,3,2
89f14cf3-7563-5b37-a101-a2159af5005a,math_test,19,12,3,39,10,5,46,22,8,44,10,5
28470d46-2cb3-5717-a232-a7f67a1ef6ee,olympiads_ref,30,15,4,6,3,2,17,6,4,8,5,4
3ff91e3e-bbe8-5d62-8491-2c16c1af2a85,aops_forum,7,2,0,4,2,1,18,9,0,4,2,1
e1b054ef-e997-579c-982e-89ca99972b99,olympiads,45,21,15,22,12,8,49,22,13,1,3,1
f75e4fed-1ffd-5425-b166-7fae42e7f391,math_test,7,3,3,16,15,8,6,3,0,9,9,3
67159a0d-a7d7-5cd9-8077-39e426e2d704,olympiads_ref,52,51,11,39,24,21,24,8,12,15,5,2
74042de6-b5cc-53fd-99e2-7cec6891e65c,amc_aime,68,39,12,45,26,21,36,15,2,4,6,4
1479dda3-5799-5e51-a5fb-18ed046e0a72,math_test,6,3,2,4,3,0,12,4,4,4,3,0
f41ae11f-bacd-5d66-81ff-62f4eadac98c,math_train,43,20,9,68,18,10,62,22,20,52,12,7
d38422a1-e6fe-56cd-b605-bcf3135d65ba,olympiads,74,32,21,1,2,1,33,15,5,1,2,1
b7cde79a-83ba-5708-85ac-fad392416179,olympiads_ref,105,63,12,30,23,18,29,11,7,5,4,2
0487694f-c317-588e-83c2-a86aee0b0e59,math_test,4,0,0,4,4,3,10,4,2,8,4,3
24a6f600-86a3-5c31-9bb3-ee803cfe01e6,olympiads_ref,11,7,0,2,2,0,21,9,4,2,3,1
d1c0f46b-8cde-5317-be6a-f4278c84b33f,math_test,31,22,6,12,10,7,26,17,10,37,21,19
36d7a5e7-6749-59b9-a37c-71da1a72ce88,amc_aime,30,18,10,15,9,8,48,19,16,15,5,4
d5d88d6a-53cf-5fd2-9fba-41a4f7161554,olympiads_ref,14,8,1,5,3,0,13,7,1,4,3,0
395840e8-542f-506b-ab05-740dc94ba0b2,aops_forum,26,12,7,5,6,5,23,13,6,7,7,6
2adfff42-7335-56a6-b729-ba5af58a483c,math_train,23,15,5,12,7,4,14,7,0,1,2,0
c6402134-45c3-5896-9e40-3036cb8f76f2,olympiads,56,24,10,10,11,9,31,13,7,6,8,6
9bbc9d06-de63-5035-ad00-1c2569ff5fc7,olympiads,21,12,5,18,8,4,29,18,12,18,7,3
e970e4c4-350c-5a69-8a7b-edea7898a4ea,olympiads,14,8,0,6,7,2,35,15,6,5,6,1
d08b51d3-5a1a-50a4-bfc8-d4ab6594b64f,olympiads_ref,102,47,7,25,15,11,42,20,9,8,8,5
2048479d-06b6-54c0-a9d4-544cc3591473,olympiads_ref,72,42,14,7,7,6,141,48,43,11,6,5
50f468fb-795c-5ff2-abcf-1dec4268689a,cn_k12,8,3,0,3,3,2,16,8,4,3,3,2
9d04a741-ab20-5f64-8345-a57c86fc1cd5,olympiads,92,41,12,3,7,2,88,42,30,3,7,2
68ecc999-5c39-52a1-886c-c3a5980005b3,olympiads_ref,54,22,7,4,4,2,25,16,8,1,2,0
36d8b6b0-4757-56f8-81f8-55a19f290550,olympiads_ref,17,10,6,2,3,2,32,9,6,21,4,3
341f8a75-e74c-58b5-80d9-312c3c6d4bb9,math_test,19,11,8,10,5,2,25,12,7,15,7,4
ebd8f39a-e307-54f5-afbc-232eb198f3f7,cn_k12,35,23,9,3,4,3,32,11,10,1,2,1
d0e7acfa-d4cf-55a6-9eaa-89ca14e1d93b,cn_contest,3,0,0,5,5,2,4,1,1,5,5,2
c682b8c7-ad9c-5bc0-a040-3023d0747d9d,amc_aime,38,23,5,13,5,1,15,6,0,2,4,0
e3b294bc-8f32-5e97-97f4-5a43b91426e4,olympiads_ref,65,34,15,66,20,10,21,13,7,17,9,5
5e5e1c56-afc7-5089-acc1-b01f1ac5bbec,amc_aime,83,49,10,71,26,17,28,12,6,15,9,3
85e853a5-827d-5019-bb3c-51a0d79a8fa4,olympiads,43,24,6,13,9,6,107,46,28,11,6,4
75d1d498-3729-51c1-bbe4-6ac6e0b00dd6,olympiads_ref,20,12,0,5,4,2,22,7,4,1,2,0
e2cc3f53-c1ed-518a-80ff-396bbfed5f14,cn_contest,36,11,2,5,7,1,91,43,37,25,9,3
45c1121b-86db-5562-9f7a-19c28a89b220,olympiads,65,34,15,1,3,1,60,30,14,1,3,1
8edfa76b-c145-52f3-bf96-c21da750f574,math_train,1,0,0,2,3,2,2,0,0,2,3,2
77ab7e28-f6a5-5c17-84a8-de5cd31ce9a5,olympiads,34,17,8,4,5,4,43,23,10,1,2,1
3a9e416c-d6d0-5393-8208-f6cfb40b5031,math_train,5,3,0,4,3,2,12,2,2,11,10,9
dcefc2dd-b0ca-5257-a92b-6f255543f5e9,olympiads,5,1,0,2,4,1,51,26,21,54,9,6
d85bf8ed-7893-5167-9e0e-2f03cc68f257,cn_contest,10,3,1,11,8,7,9,3,1,11,8,7
ddd8331f-102d-5f1a-ab02-a0f289c11ded,cn_k12,40,22,10,11,8,6,13,4,0,1,2,0
4b7b3d0b-d7e7-5a4b-a832-376b82c5aa9d,olympiads,44,25,12,33,3,2,9,5,4,8,4,3
0a314fcc-3ae1-53bf-a854-a20fbcce5f4f,olympiads,27,15,0,5,4,3,65,27,20,10,6,4
9a1fb1f1-eee8-54dc-b0f9-f7f1e60a8c70,math_test,8,6,4,3,3,2,5,2,1,3,3,2
b8b5f6f6-2ad7-502f-a3e6-d423169d88ff,olympiads,15,6,2,18,9,3,91,41,28,50,10,4
c20fb540-641c-5d9a-a5a4-47e7e8d104f8,inequalities,30,15,2,3,5,3,22,13,3,2,4,2
2d2820e7-8028-5afe-a1f5-ef12f6290beb,math_test,9,5,0,11,3,2,20,8,5,17,5,4
5803bad4-cb34-5af3-80d2-7dfe5d458d17,olympiads_ref,58,42,10,6,9,5,34,16,10,1,5,1
b4a0eac3-6df0-590f-bc58-eccdbcfb9e86,olympiads,38,13,12,5,5,4,47,17,15,4,4,3
32404f60-aa4c-51ea-b251-b41967211b2d,math_train,8,3,2,1,4,1,23,11,8,16,9,6
94c78680-3f29-55e1-aad2-fc7c68753b3f,olympiads,10,3,3,2,2,1,22,7,9,1,2,1
c008f440-441a-5fb4-a807-43516d2b4d4b,amc_aime,38,20,3,24,7,1,68,34,17,35,13,7
2a951d06-6e0b-50f2-9bc8-a0e721ea62c1,aops_forum,30,18,0,1,5,0,37,24,6,1,5,0
93909f26-a91a-527a-ad32-9a7229b6283e,math_test,21,11,4,1,5,0,35,14,5,1,5,0
3ab2ed31-25d7-5e89-8c9e-abcd9274e053,olympiads_ref,43,16,9,1,2,0,34,12,11,1,2,0
acc92eae-6e82-509e-8ced-c36aafe48b40,math_test,36,24,11,1,4,1,42,19,15,3,5,2
11a261c0-26af-5d43-b4be-a0feb2a6d199,cn_contest,4,1,0,1,2,0,6,4,1,1,2,0
4cb68517-8f47-568f-94e8-e9f7fa5d7bca,olympiads,44,23,4,1,4,0,58,29,22,88,9,5
49e73559-a5b0-5842-9263-0c11d1f5ea41,olympiads,29,13,6,25,7,4,62,27,17,46,2,0
8ceaf3be-e3d2-5bba-b00e-97c6990bff89,cn_contest,67,42,24,77,16,11,55,28,13,28,10,5
ad62fc3e-277e-5e45-9586-6df9da065b83,cn_k12,38,18,4,7,5,3,58,30,20,15,5,3
e9f49876-79bb-5fc9-9e16-087506a3d00c,amc_aime,58,40,9,49,17,8,14,4,6,15,13,9
b8542067-6ecd-5f6b-b5ff-8eea619946b9,cn_contest,17,5,4,3,5,3,12,5,5,6,7,5
34b1fb0d-cdc2-5df4-960c-b7b9ca8f76fe,cn_k12,23,13,2,6,5,4,20,9,6,10,5,4
df27ee5d-0c18-54d5-a28f-c3677f35fd05,olympiads,28,10,7,11,8,7,35,11,15,17,7,6
29c03238-e83f-536c-b34c-06d232bc8e69,math_test,178,78,42,21,5,2,41,19,13,1,2,0
6ba505c0-df8c-5556-8ddd-21906f4c7e54,cn_k12,123,62,26,22,12,6,72,38,33,22,15,11
4186e71a-0228-5fd9-b4dc-5e324941a67b,amc_aime,143,113,24,27,13,9,13,4,3,2,5,1
17275427-5c9f-583c-a858-c5a3dfa1bca2,amc_aime,10,2,0,5,4,2,18,5,0,3,4,2
1927cbd2-b325-55de-a089-524f978e9712,olympiads,31,17,1,4,7,3,57,27,14,4,7,3
8710c827-d4d8-58f7-8d45-4d1b88d45116,olympiads,24,9,4,4,3,1,29,12,3,16,5,4
a42b24c3-d05c-563c-815b-2d8e8b7065b2,olympiads,20,9,7,1,3,1,19,7,7,22,6,4
450266b0-530d-5044-9dd4-8c9d98982e78,olympiads_ref,61,27,13,2,4,1,105,40,23,31,12,10
d2f80dc8-4c52-5f86-8bd7-c8b96e8c1a5d,cn_contest,23,12,5,3,3,2,25,10,5,2,3,2
d73e9d02-061c-508a-ac10-3dee8cce7b1d,olympiads_ref,77,48,28,33,16,13,33,13,10,1,2,0
6e09a8ab-0b08-5214-b09d-a5998bb287db,amc_aime,26,11,1,5,7,2,18,9,1,4,6,1
8b90dce5-fec0-571a-956b-7ff9835337be,cn_k12,6,2,1,7,6,1,12,5,2,7,6,1
eab8b4da-f3a6-53de-9339-5c822801b320,olympiads,12,5,0,3,4,1,22,5,1,3,4,1
9552c201-3998-5451-83a5-d7a23f732a64,math_test,34,21,3,46,21,16,80,27,18,9,6,1
8b601ce7-6679-5373-84c2-80ca2ca37bd6,olympiads_ref,22,26,5,22,13,9,3,0,0,1,3,1
63896e5d-acc4-5eaf-bad5-61eb076f9367,olympiads,107,44,45,60,8,7,102,40,30,22,6,5
e8ca1e29-d08c-5737-8ae4-cdeddab4a2b2,olympiads_ref,100,49,17,38,11,9,28,10,8,3,4,2
b279827a-4183-5702-9fe3-48f4b58d922b,amc_aime,65,44,12,40,11,7,66,34,12,82,20,16
faafdcfc-be65-5927-8ea9-822678797dd7,math_test,62,22,6,4,3,1,17,8,2,4,4,2
71d13815-237a-55ce-b459-1242d572aa2c,math_train,29,14,0,7,8,6,31,13,1,12,12,10
0fa430d1-d38b-59bb-b768-5c59185ac0c3,olympiads,82,50,2,2,2,1,112,53,21,9,7,6
ad18a26b-d347-52c8-ab6e-095fe9076a12,cn_contest,110,57,23,29,15,14,87,49,21,31,11,9
c93bff65-5c28-5117-86ea-813156e4a4e7,math_train,39,18,3,7,7,5,36,14,8,8,6,4
4e5c07d8-dfbd-50d7-a8bc-064c3799ecb2,olympiads,31,15,6,1,2,1,55,24,14,3,4,3
0f5e4e8b-d13e-5e6b-81a6-7de8678ea5a1,olympiads,33,11,10,21,5,4,26,10,7,14,6,5
1e273c45-62b8-562e-8c47-321243b2b42c,math_test,43,19,6,23,8,6,64,24,17,97,12,11
5f14eeba-cde9-51f5-b930-55276864dd71,cn_contest,37,28,17,20,12,9,34,17,12,7,7,4
ed5d2302-f947-56a5-ac73-45ea3389efc9,math_test,33,16,9,24,8,6,27,14,7,21,8,6
d11ec1f8-27b0-5d43-8afd-89b8534500e4,olympiads,9,4,0,1,2,1,49,25,12,3,2,1
41cfe4cb-c33f-5767-a58d-eac513d48142,math_test,52,20,11,2,5,2,34,10,14,4,4,1
66fa86a6-78f9-51a7-88bf-7f4283e3dded,cn_contest,13,2,3,8,5,4,19,3,6,9,5,4
297dd3e0-57e3-5e75-8b4d-6271c2777b7e,inequalities,13,6,2,3,6,1,39,23,16,11,10,5
21cefd25-db31-5161-855f-b7bc9bafd691,math_train,61,40,14,18,11,7,30,12,11,12,7,4
ebc3dd5f-ad7d-573c-bd7f-5307dcd0d5d2,math_train,49,31,2,8,5,3,42,20,7,7,5,3
be7b4d91-2ab3-58a8-baf5-13b5a1bc1a08,olympiads,49,27,3,4,3,1,71,36,20,4,4,3
60a753fd-145d-5ba9-a8f1-9c4835087b04,math_test,31,17,11,17,5,4,32,16,14,34,11,7
5f2b86ca-a5d3-5a56-8658-4b765ad2d8e4,math_train,14,4,1,35,17,12,41,25,8,66,15,10
1dcdc082-4bb4-5fce-bd0e-6a518d035de9,olympiads,19,11,5,5,4,3,32,12,8,1,2,1
6635624d-aa50-5829-b90b-7501b6617908,math_train,18,14,6,5,5,2,97,49,8,9,9,7
158c4bd6-8db5-504d-bb0f-59c35b4128ca,olympiads,38,14,3,14,11,8,37,18,8,9,5,3
a774f900-94bd-5854-ad51-a129f4567225,cn_contest,113,54,19,12,12,9,69,24,25,6,7,4
6801c12d-ddfd-5cd5-9dc5-9f48864efefc,olympiads_ref,55,23,13,16,12,11,53,28,19,8,3,2
515ba40a-bfbe-5c0f-a662-b01c10410c9f,math_train,26,20,4,30,13,5,56,23,17,19,6,3
85d6469b-20f6-5501-bf41-1ca89ef6f99f,math_test,6,4,0,6,4,3,11,2,4,13,12,11
dc1f6d3a-a9e7-5262-9d0c-889fab2bb39e,aops_forum,10,7,0,11,4,0,10,7,0,11,4,0
2730bf34-a424-5453-bf03-3e0faac48fce,math_train,15,8,1,1,2,0,13,3,3,1,2,0
6ede0d35-d877-54e2-8a09-14e6f3181f01,math_test,35,25,1,15,6,5,73,29,16,56,6,5
21d4e69e-07ec-52ac-8831-84ec4dc586ce,olympiads,128,82,24,2,3,2,150,81,25,4,4,3
e3aa46d3-79b2-5c52-8182-3c9f2b147ec7,cn_contest,132,58,23,10,4,3,62,28,25,12,7,6
f37afe5f-32f9-5e89-b441-92168047fe65,amc_aime,45,29,18,14,5,3,76,32,34,4,4,2
9a49a7d5-608d-5fe9-a935-d5eba5e07597,aops_forum,115,57,8,146,33,26,96,43,25,13,5,3
f6dab010-593e-53a6-a7d5-bcac7299d1e1,amc_aime,23,17,0,3,3,0,28,22,0,3,3,0
084c3fd4-e2ca-5bb5-aae2-bd4984e4b1b8,math_train,83,60,29,20,14,13,46,39,10,10,10,9
4253aca8-caa2-5627-9cfa-56f78dd0510d,amc_aime,72,51,15,20,18,15,53,23,14,10,8,6
b5fda230-4fec-50fa-b23a-bfe34e9c9fe0,amc_aime,20,15,4,96,24,21,31,13,10,55,9,6
61901edb-12e3-549b-97e5-5f5288b7fcd4,olympiads,19,5,0,45,10,3,32,21,3,24,10,4
d809415a-24c6-575d-81cb-d67fb8916186,olympiads_ref,54,27,7,14,10,9,13,4,3,6,4,3
efc35467-7f6a-5a7b-8389-d25eeec7e17e,amc_aime,38,29,7,9,7,6,60,30,20,2,4,2
aca67cfc-cb7e-5a1c-9c33-1e7bfd667bc5,olympiads,6,2,0,1,2,0,27,10,8,4,3,1
13de3d6e-d421-5e8a-9431-565395363eb5,amc_aime,6,3,0,4,5,3,23,8,8,5,4,2
36ca2008-2d50-5ade-b225-138520e9648a,olympiads_ref,49,29,4,27,25,21,57,29,23,21,9,7
b3eacfa5-e098-5d07-8ca9-cc08a6c0064b,amc_aime,50,36,16,51,26,23,14,6,2,15,6,4
8f015a7b-f9a8-5661-8998-8aafca43a3d0,cn_k12,72,40,11,4,5,4,141,95,22,6,3,2
f7c33950-b3e6-5081-9668-b1dd1bccd93a,olympiads,19,17,0,10,11,9,12,9,0,7,9,7
b2674d55-c4b7-56bc-bb90-b2be76710814,cn_contest,28,15,5,7,5,3,32,13,8,6,5,3
98367dff-42dc-51c0-b30d-7f735bbe5eb5,aops_forum,1,0,0,1,2,1,2,0,0,1,2,1
14263e8d-65e7-5b44-9fab-e013d76f10e9,math_test,47,21,14,37,14,12,25,12,12,73,9,8
4a8ea74e-ffd0-580f-a427-b7c7ea67e534,olympiads,6,2,0,6,4,3,12,3,2,3,3,2
1ca15334-610c-5fe5-bd90-127c26262974,math_train,66,53,15,13,9,8,103,54,32,62,9,8
456be9d6-3666-5486-be42-3fad6362bab8,olympiads,2,0,0,1,2,1,2,0,0,1,2,1
5db29404-f21b-5b4b-84de-d6456769ccbc,math_test,17,6,1,1,2,1,17,8,5,1,2,1
e289753a-5e54-5fc5-82ef-d5255d80469c,cn_contest,19,8,2,28,9,1,9,4,0,14,8,0
c3a8e335-6fdc-513e-8174-e14be4807686,olympiads,43,43,2,10,8,7,176,67,38,3,4,3
2234b0d3-b45c-58b1-9cfc-a97e6de37ff9,olympiads,16,5,0,1,2,0,19,6,1,1,2,0
e8c1fa49-d585-5cc4-a247-ec399096e9a9,olympiads_ref,45,27,16,15,3,0,107,64,50,79,5,2
572e960e-22bf-5c2f-a1de-f73455886d00,secondary_math,47,22,12,33,5,4,46,14,11,62,5,4
642105aa-cc0a-523f-88f3-7e7c897aa59e,math_train,8,3,0,2,3,1,12,6,0,3,3,1
bbc2f83a-1172-5dc1-8db8-3dfb7cf0c82f,cn_k12,35,20,1,6,3,0,50,17,19,9,9,6
72de498a-6f83-5176-987e-bb92815dcf72,olympiads_ref,53,30,11,31,15,13,5,2,0,5,4,2
5bb138e3-fe9a-58dd-b207-98279a8c499c,math_train,6,1,0,10,9,6,7,4,0,10,9,6
ee0e87ac-fbc7-583a-8c43-027ef2ba99a7,olympiads,84,46,27,1,4,1,99,54,37,12,5,2
232bf198-412d-5559-ac06-162bcb9370d4,math_test,92,58,12,8,8,4,47,28,4,7,8,7
bea018ad-e4ac-57f2-a2ca-c0bfca26c5d0,olympiads,15,5,2,30,8,5,14,4,2,30,8,5
99ee27c0-b3c0-5a10-94bf-5859d0ffe4fa,olympiads,65,31,9,16,7,2,53,23,12,23,8,3
def387c6-0909-5c69-8212-0764bcab92aa,aops_forum,32,18,2,12,5,4,57,33,19,62,7,6
8e7faa3b-2469-51be-8680-ffe9a0361550,olympiads,36,16,10,1,2,0,31,13,5,1,2,0
db84b241-1f1e-5a2c-a467-0431500c42cb,olympiads_ref,55,22,10,7,5,0,32,9,11,6,2,1
6c1c5a83-67eb-5c67-847c-538dbc6e82a4,olympiads,14,6,1,10,11,10,24,14,2,7,6,4
fbe69df8-ccba-58f5-bf85-eb9a2f2ff408,math_train,9,1,0,2,3,1,15,6,0,2,3,1
3c540932-a706-521c-9f82-515749d68b49,math_test,81,45,15,12,11,6,44,27,13,21,9,4
1d1189cc-7d7c-5a74-a8b1-3b02c95d997b,cn_k12,42,19,11,6,7,6,26,14,4,2,3,2
8dcdc926-878b-5d40-8708-6369aeb59a9d,olympiads,22,13,4,8,6,3,41,20,14,23,3,0
9b93f1b7-0a9e-5cb2-8e9e-0ec0116b392e,math_train,4,4,0,2,2,1,18,9,0,3,4,3
59156dfc-26e7-5c75-be39-c4b2350d34c5,olympiads,43,24,2,17,9,6,60,28,19,121,24,22
108c2b76-9c5f-5d07-b818-7ce9723a60ab,cn_k12,67,32,12,2,6,2,83,45,24,16,11,7
d7575e2f-1d30-5cc3-9a93-0625b378d490,olympiads,39,21,15,21,15,14,40,19,12,7,5,4
0159d31f-6038-5c2c-ab82-791f3b3e315a,olympiads,41,17,5,10,4,3,42,19,19,40,4,3
36da045a-2a1f-51a9-b459-319c7bed33a8,olympiads_ref,36,11,2,29,7,6,38,14,14,24,4,3
37a1e423-c795-52c9-b7f8-0c9dd586fe0d,math_test,16,7,4,15,5,4,24,18,7,23,6,5
07bf7efd-e978-50b0-8ad7-6f28bca0ef43,math_train,12,7,0,4,4,2,36,30,8,11,4,1
69bfaa08-a0c4-5135-857a-0901c10d675a,olympiads,19,9,3,5,6,4,17,8,0,4,5,3
5c42e8b8-8a45-5742-8114-1f7f3897b831,math_train,53,31,2,11,8,5,34,22,1,9,7,4
f6e643a0-9aa7-5021-91b7-ddee5f9755bd,math_test,22,7,3,34,6,5,29,13,11,53,6,5
f8026f2d-d7c7-5ce6-95e1-f4454675562b,amc_aime,10,6,0,3,3,0,14,8,0,3,3,0
21296e1b-39c0-5d0d-96b6-8b95b005a8cc,math_train,34,23,5,2,3,2,24,4,5,4,4,3
3182a3e9-7978-5443-8cfd-e8cff3ae737a,secondary_math,94,61,36,40,3,2,98,54,33,63,4,3
0262cdc9-d7e7-5bf4-8eef-3fdfa8dfd041,amc_aime,16,10,2,3,4,3,33,13,5,2,2,1
8352c8da-589c-54d1-b92a-582dfa557de9,math_test,78,59,15,41,16,13,46,16,18,11,3,1
7b07d3c2-1be8-5095-a11e-95732e710280,math_train,5,2,0,2,2,1,32,13,9,29,5,4
00e0db33-1d93-52dc-a87d-ae17b974d735,olympiads,66,31,17,15,5,4,62,24,14,30,5,4
de04a0ae-7666-5e4c-9ad9-1b35c757c823,olympiads,19,8,0,7,4,0,21,11,0,8,5,1
6d4a6a7f-46b5-5094-b1bb-58315e8623ae,math_train,10,6,0,5,2,0,14,9,0,5,2,0
de09857b-4f6a-5022-8170-bbe64512e0a4,olympiads_ref,51,21,13,2,4,2,36,19,15,18,9,7
b0ad8896-40dd-5053-ba9b-8afb4f70cdf2,math_train,65,40,11,12,7,2,53,30,16,6,5,2
72c4f9d9-063e-5f6f-b435-942180a823fe,math_test,8,3,0,10,4,3,3,1,0,9,4,3
4c5644a7-0015-57e6-80cd-d800f8422369,amc_aime,38,20,6,18,15,12,70,26,24,30,11,8
e0bf2d65-26df-53e7-8332-fff9581a6387,math_train,7,2,0,9,6,5,10,3,2,40,5,4
68f736e1-b6b6-54d9-81d1-e2f8abc3a33e,olympiads,108,58,49,14,6,5,47,21,15,11,6,5
aeeb40db-2f0f-589d-aa16-662436ac0792,math_train,3,3,0,3,3,1,14,5,4,13,13,11
890f80cf-5ecd-579b-8478-168c4b704eb8,math_test,77,38,14,17,11,9,21,8,5,1,2,0
dd910f6b-2968-5e6d-84d0-f022c16bcb5c,aops_forum,9,5,2,4,5,4,13,6,4,4,5,4
277694b9-644d-58d4-803c-dbb55326c44d,math_test,23,13,1,14,13,3,54,19,16,57,17,8
4860e4db-088d-5cf4-af7d-c888837fc1c2,olympiads,48,25,11,6,6,4,40,16,9,3,4,2
45b25f4e-2c16-5605-b583-053b42247214,olympiads_ref,14,8,3,1,2,0,13,3,1,1,2,0
5a8e9a1a-a196-5457-a9ba-e4d1228b5f4a,olympiads,65,27,13,26,13,10,26,12,7,4,3,2
1eb165a1-7062-5f5a-9a60-87a0b909df9b,amc_aime,11,4,4,8,3,1,13,6,0,8,3,1
87dd3123-6e42-5550-bc24-59c46b922f12,olympiads,31,14,5,3,4,3,44,20,13,2,3,2
6bd2438d-a61b-5d78-969d-cd45d788229a,olympiads,18,7,3,1,2,1,27,2,4,1,2,1
172ffd3e-159a-570c-b9a2-97f91c2e9aef,math_train,58,26,11,61,15,7,85,38,27,74,16,8
9d8c286c-8b3e-5c1c-a620-48acad04f060,amc_aime,23,11,0,4,6,1,48,18,20,11,9,4
9d85a1f2-b6b3-5283-9ea6-93de6a793074,olympiads,61,31,23,18,7,5,55,31,22,46,6,4
f1d192a2-96ed-567b-9b30-c9696b766f0a,number_theory,14,5,7,17,13,10,81,31,32,53,18,15
45b076b8-fa76-5103-9ae1-92be3d1b133f,math_train,23,12,5,8,7,5,34,16,13,3,4,2
dd243907-4426-53e2-9eb2-51de6872242c,olympiads,15,10,4,13,12,9,48,21,11,9,8,5
d5f31088-76af-576d-913e-3fdba9ab8fbf,amc_aime,63,28,20,2,4,2,68,28,22,8,8,6
906f8b69-c311-5986-83ab-b6d178da75a9,math_train,33,16,6,1,5,0,43,20,12,1,5,0
8b19bf1f-fdc7-5125-9b80-a99f3683a106,number_theory,34,18,2,31,9,6,30,10,8,29,6,3
226cb42e-65f2-5cc3-9cd0-976f4dd84ffb,amc_aime,11,8,2,2,4,2,24,9,7,25,13,11
f2a5e7c2-f973-5fa6-bf56-1e7fa6df583a,math_train,17,11,5,11,8,4,18,7,6,8,5,1
8bccc147-9597-5bd5-bfde-3ebeff9827eb,secondary_math,16,7,1,3,3,1,28,10,7,2,3,1
a3a25b5d-5be9-5074-99ee-55047cc90463,number_theory,5,2,1,2,4,2,7,2,1,2,4,2
249837f1-b965-559d-b280-350a4cddda71,amc_aime,37,22,8,12,7,4,17,9,3,6,3,0
06ca221d-50c6-5c81-a03b-14e494bf93ab,math_train,88,39,8,60,14,13,85,40,10,2,3,2
90701cbc-358d-5b64-b3e6-75c0ba74c082,math_test,44,28,12,5,7,4,48,19,12,12,8,5
ac077fd9-0638-5bf9-9714-95669203672c,number_theory,29,23,7,34,20,16,34,25,8,41,21,17
8cef42ab-9827-5b8b-8843-dd4736d4f72b,math_test,26,17,6,41,9,8,19,7,8,26,6,5
3d298fa2-f5fc-5cac-af43-35fddd221f5e,olympiads,28,19,5,5,5,4,30,14,10,6,4,3
dd457978-a16d-5bcf-be6a-825bd0fe287c,secondary_math,12,8,1,2,3,1,13,6,0,1,2,0
0da16687-84c4-5dcb-bc9d-b7b2b7d848c4,olympiads,18,7,4,13,5,4,38,16,15,24,5,4
53290747-aa04-5bb0-a5ee-23c24d40d328,math_train,2,0,0,1,2,0,14,6,2,1,2,0
dc0a3748-341c-531d-a1a4-f30a7898d1ab,math_test,35,27,5,8,5,4,59,28,10,1,2,1
c0d0a7f8-6101-5e27-b14c-f237872c7085,secondary_math,12,4,2,4,6,4,33,14,5,9,7,5
1ea042ec-2381-52b6-97b3-f914aa475ece,olympiads,41,29,6,7,8,7,38,16,7,3,5,4
249b2920-0129-5511-84a1-b555e263e124,amc_aime,16,7,3,9,8,5,33,14,8,4,4,1
d761d38d-99c9-59f7-b9fa-8aff99562694,math_test,2,1,0,2,2,1,2,0,0,2,2,1
b32fd6b2-5564-5949-b551-c951638f171f,olympiads_ref,14,8,4,17,3,2,6,4,3,4,4,3
6c2bd92c-f5bb-58d1-aacc-2d2f3ea4df31,amc_aime,93,53,6,71,42,38,75,36,18,18,8,7
6a1cd1c6-693c-58cf-afc7-e4f04cdd7281,math_test,61,39,18,8,6,5,50,26,11,4,3,2
c76ace53-7349-5ed5-8f35-012c36aa7613,math_test,11,3,0,3,4,0,23,9,4,3,3,0
93fb0c19-47d0-5215-9508-a21d19496cf4,olympiads,136,64,50,42,13,12,76,37,21,17,4,3
759b2a60-49d6-5e78-be53-b830a8f07381,math_test,6,2,0,6,3,0,6,3,2,6,3,0
6a9d783c-e483-5caf-9e24-36ce731fdca5,olympiads,25,13,3,2,3,1,37,15,3,3,2,1
468a8357-3267-55fb-9a6c-310f306562ca,olympiads,60,32,19,6,3,2,52,25,19,8,3,2
ec7f806f-b2c5-510f-bc50-f161823167f4,math_train,37,23,12,18,3,0,9,3,1,11,6,3
bd9c709f-1b35-5a0f-a507-7eb08569c3bb,olympiads_ref,44,22,11,7,6,3,63,27,14,16,6,3
4acf0825-8275-51ea-91e5-3beb1dc3577c,aops_forum,4,0,0,8,5,2,9,3,0,8,5,2
e80788b2-a393-5e84-bd1e-6ad2aa5f984f,math_test,6,5,0,4,4,3,28,12,8,19,5,4
80935447-2b45-5dfa-b0b3-28424bba5e90,amc_aime,14,7,1,4,4,1,11,4,0,2,3,0
3cd000e2-b214-5859-a421-607f50ecb140,math_test,29,14,2,4,6,0,47,15,14,1,5,0
ba16553b-38b5-5c64-9832-3a5f919fcf6f,olympiads_ref,28,13,1,7,6,4,31,8,9,1,2,0
6709058c-d34a-5053-baa6-b56c6972fd47,math_test,32,12,4,9,7,4,82,40,31,38,7,5
32e87abf-f0dc-5371-9d25-6f6c12070a9e,cn_k12,30,21,3,2,5,0,49,31,13,19,9,4
a269bca4-d650-5756-90da-e09cd8c64538,olympiads,69,54,12,38,30,25,21,8,3,1,2,0
a00e8681-b17d-5cb5-870b-a36e8aaab6a2,olympiads,32,14,7,3,3,2,24,11,6,1,2,1
b413011a-9673-52e6-8e6c-38d22e807bd5,amc_aime,30,15,3,28,15,14,68,31,26,85,15,14
fcc88f87-3e84-58ee-b8df-0a09c0f8080d,olympiads,35,20,9,2,6,2,42,25,13,2,6,2
603e953b-3cd2-5bc3-8c86-5e78fa3abe25,olympiads,10,5,1,2,8,5,16,6,4,2,8,5
7bbce5ab-871b-5bbf-a445-4c4881db0202,cn_k12,43,18,4,17,13,10,67,29,27,10,10,7
3e0af63e-a9d6-5f57-b098-407979c4120f,olympiads,14,7,2,8,6,5,72,33,36,79,7,6
f4e30868-376b-5505-b2a4-d48ef8b586eb,amc_aime,23,12,2,2,4,2,12,4,3,4,4,2
fc8e6bd0-b9c9-57fa-9aad-a15b337d880c,olympiads,108,53,38,76,8,7,52,22,12,56,5,4
91985085-b857-5d05-a0eb-6ad636ad2aa4,olympiads_ref,14,6,4,6,8,6,26,14,6,4,6,4
fd04ceea-43c6-572e-84f5-47c28d1abdbe,math_test,31,17,3,5,6,4,39,25,2,4,5,4
0246fb93-9689-5b67-9bad-461d483e0965,amc_aime,40,27,13,1,2,1,29,10,10,1,2,1
ae0d18d0-a763-5650-82f0-2eb751eba1a6,olympiads,68,26,7,7,9,4,78,27,26,44,8,3
f7bc8dce-a010-58b3-8120-e5005752006b,olympiads,36,17,10,2,10,1,51,29,23,2,10,1
9444b9df-2ae6-5490-9ba5-4f39f15c3b3a,math_test,11,6,0,2,3,1,21,11,0,1,2,0
61ff5813-d2b4-5b88-a064-21685c47bb69,amc_aime,48,19,13,7,3,0,42,14,18,9,4,1
3fe9d396-e010-5d75-81dc-292c33925369,olympiads,33,17,10,1,2,0,59,29,22,1,2,0
4da765b9-5737-52f4-afcb-0f5a58595966,math_train,13,12,1,7,7,6,25,10,5,4,4,3
c22278f1-6491-5fae-b415-05e2035e345e,olympiads,30,27,3,2,4,2,188,89,70,98,23,20
8298f6ad-46ed-53a9-a3ef-5da635ecfa68,olympiads,47,30,8,15,8,4,55,27,20,40,10,7
856882cd-28fc-54eb-b3f2-43beaac75f86,math_test,15,11,5,8,4,3,14,6,5,18,4,3
8a69db34-7d87-51e5-96d8-2f01074b65c5,olympiads_ref,18,6,2,1,4,1,13,3,2,1,4,1
383523d4-9b8b-52d3-884e-e3860f28ffde,math_train,63,39,19,28,10,9,79,34,22,57,7,6
8b8f4767-fe2c-592e-8777-b7f23a545184,olympiads_ref,39,25,5,13,4,2,67,36,23,27,6,5
3bac32b8-cb0e-5080-96b5-b493364833e0,olympiads,33,18,10,4,5,3,59,23,15,21,6,4
9b73dac0-e6fa-5b75-8608-36d45c74b33e,math_test,19,11,1,1,2,1,83,31,23,1,2,1
8c4315e8-1d4f-5c23-ad8f-377e6475c919,secondary_math,59,31,20,14,6,5,42,18,8,12,6,5
0e5ef78d-8143-5e51-9973-7307fbd6b912,math_train,3,0,0,12,4,0,6,0,0,12,4,0
49f9b472-7cdd-5c3f-ae1a-61699d99eedf,math_train,16,6,2,4,4,2,17,8,3,3,3,1
7ffb905b-56e6-53a1-9c35-93f73f8ae75e,math_test,29,17,5,3,4,3,34,9,8,1,2,1
f55c0357-ad47-56ad-b0e9-c5884510cb78,olympiads_ref,19,10,1,3,3,1,13,7,0,1,2,0
4934be8f-e272-57de-bfed-77d9ded473c9,amc_aime,36,23,6,5,4,1,96,39,28,6,7,4
c9a08396-650e-570a-92da-2ab2e39fd08e,math_train,12,2,0,12,5,4,18,5,4,22,3,2
36f63926-9cc1-5392-b7c5-d95902d59d8c,olympiads,22,9,1,6,5,2,78,24,22,18,8,5
b14fcfb8-e145-587c-b8bf-2d90c7cb9983,math_test,2,1,0,2,2,1,4,1,0,2,2,1
684fddf9-e747-5736-9a0a-d1b596adab8f,math_test,36,20,6,5,7,1,25,14,4,3,6,0
7248311e-7467-5444-94fb-402669f1e717,unknown,23,15,7,3,4,2,32,13,12,2,3,1
90ec6453-29f2-5fee-ad97-ab39c9de5284,olympiads,36,25,1,26,22,17,20,6,6,9,7,3
5eec702b-27ae-51ba-baaa-431893af28ad,math_test,9,4,2,2,3,1,8,3,2,2,2,0
ab6b06c9-ac1a-5014-b8cb-a440e34aad69,olympiads,2,0,0,2,2,1,6,2,0,2,2,1
3bb9dd52-a934-5473-bad5-80eb1630034c,math_test,73,40,13,28,16,14,22,18,9,1,2,0
6bc196c8-beda-544f-9752-34b670f8d0f1,olympiads_ref,33,11,0,6,4,2,28,7,2,23,7,5
ca4ab9ef-7a76-59d1-8600-6d01dec5cb38,math_test,55,35,10,16,6,5,53,23,6,32,6,5
9b7f569b-8c1e-5454-a8a6-0c6c8be6a250,unknown,32,22,3,1,3,1,69,33,17,13,5,3
bb3c3e38-2a01-5551-9169-0b459cfd58c1,math_train,8,3,1,2,3,2,21,6,8,2,2,1
2e09deed-2839-5ada-b1f8-5a60f8e690d0,math_test,67,38,3,21,8,6,54,22,12,11,6,4
e8903db6-68a8-5b57-85da-352997aeda4f,olympiads_ref,38,20,5,11,3,0,37,15,13,2,2,1
a02e1387-1dcd-595f-bea3-51a089130186,unknown,12,7,2,13,6,2,15,5,4,17,7,3
e653c233-3687-5807-bfe5-3b2fc4f6491b,olympiads,18,7,4,3,3,2,45,19,13,6,4,3
5cd63bb0-ba05-5c4e-b589-92ef6516bbf4,olympiads_ref,19,6,1,7,7,3,21,7,2,7,7,3
d339e847-d186-5270-afd0-b89a6ea0a505,olympiads,19,12,3,6,6,4,30,9,10,10,7,6
bf1dd3dd-a522-582a-b25b-a4e14f43c20f,math_test,107,64,20,67,30,27,9,3,1,7,6,5
9a43f44e-6ac9-5a52-a733-af7a383a5c86,amc_aime,25,13,1,9,9,4,56,25,19,5,6,1
e152b88f-0748-5291-8ea9-602383917527,olympiads,19,10,3,12,5,3,63,25,30,9,2,1
12ddfb64-0f4c-582d-8a5b-7e064d545bf9,olympiads,54,28,24,21,16,12,29,11,6,9,9,5
01d89852-ea0f-5a66-950b-3641fe4ee5d2,math_test,43,21,10,3,3,1,13,6,0,16,6,4
f513d076-6778-5695-9abf-b12b51882a3f,olympiads,97,64,20,61,36,27,32,24,8,18,13,8
1f60568f-c1ce-5ebf-95ee-fe4c9d3656a5,olympiads,33,15,4,8,7,4,10,6,5,20,4,3
bc9a98ea-6ea2-565f-b852-939c475ad922,olympiads,33,20,8,19,12,9,33,20,8,19,12,9
a57e4b7b-9676-5293-8615-38ef0f18b192,olympiads,10,4,2,6,4,2,41,15,13,20,4,2
c7ae6c9e-4877-51b5-9285-2362f7c8636d,math_train,6,3,0,1,2,0,14,6,3,1,2,0
7459b7db-fba1-5f0d-91c0-d230561ad2c9,cn_k12,14,5,1,3,4,2,15,7,3,2,3,1
40918b74-eeaf-59eb-a035-992b358599a0,olympiads,22,15,7,12,9,7,40,12,16,22,6,4
a9cebebd-a9b6-5bbc-b8fb-2ce483a86692,olympiads_ref,50,28,8,27,17,16,95,49,33,96,21,20
6e2dc401-e159-594a-bd2f-dd52de27bedb,math_test,20,11,8,3,6,3,22,12,8,6,7,4
5d1e3d23-8bb6-580d-8acc-995defc49d6e,amc_aime,5,1,0,5,3,2,23,10,5,5,3,2
7403e3c1-4633-58d7-bb66-dfb4c263e8cc,cn_k12,33,20,2,12,10,6,20,9,3,19,11,8
b175bebe-b3e3-5273-83a1-1b03f8917d6c,math_test,24,12,4,5,5,3,14,6,0,5,3,1
38784c8a-b826-5b1b-8ee6-140904c676b6,math_test,6,3,0,6,4,1,20,11,0,10,4,1
5b7914b9-62b1-5a76-a750-6b77e590fbe2,olympiads,108,88,20,10,10,8,93,55,25,47,5,3
ca2874ed-6b10-565c-a82e-ffed45231803,cn_k12,16,8,2,4,4,3,12,5,2,7,3,2
88ee2b29-9b93-51ac-aa54-e12ff6b99508,math_test,4,1,0,2,3,2,4,1,0,5,4,3
b493f17a-d026-56cf-b018-2dbbebed98bf,olympiads,53,32,26,12,5,4,38,17,16,26,5,4
d3151173-11bd-5bf0-8df4-564d52ccafab,amc_aime,157,155,41,21,15,12,157,156,41,21,15,12
37334f86-c8dc-5d14-8f29-e634e7378475,olympiads,37,15,2,18,9,8,58,25,14,8,3,2
b2b6ffb1-3b33-53c3-8d3c-a161b4067b51,math_train,62,34,6,3,5,3,138,63,46,4,6,4
1f76092e-ebc5-5f7e-b74f-704670f7d98e,math_train,17,7,1,24,6,5,34,8,5,52,7,6
64cde559-14ca-5926-b4e6-7a3050268856,olympiads,45,28,5,5,3,2,18,8,8,10,4,3
5a6cc050-ab23-5a5e-9272-6135966f3371,number_theory,9,5,6,12,9,6,9,5,6,12,9,6
372c0ff5-3981-58db-8cf7-4335b780a1c1,olympiads,20,8,0,104,11,3,20,12,6,62,9,2
8a1fa5e8-0c2f-5eff-a218-547348d2c5a4,math_test,39,18,3,16,10,5,75,33,23,91,9,5
aa1b58ca-1850-5004-a691-261b26b5af9c,olympiads,32,22,18,13,6,3,20,9,4,2,4,2
d65c7cb3-0bfc-5159-b102-e69609dc0da9,number_theory,8,4,0,2,3,1,11,5,0,3,4,2
606263d6-1eb6-52bb-b391-136444693c17,math_train,58,31,8,2,3,2,42,26,4,1,2,1
5328b332-a67b-5cc1-b00d-513a3d792e7e,olympiads,48,18,4,4,4,0,21,11,3,4,4,0
873d18a3-79f2-5942-be59-bf0cc35e1643,math_test,37,30,7,19,8,5,25,15,1,7,5,3
b6cf8943-34c6-583d-bbfc-b0ecf8062b0e,olympiads,32,19,7,17,8,5,33,20,7,17,8,5
bb053727-eb86-50ea-ae41-94bd6c8fcfd6,number_theory,20,11,1,4,4,3,38,19,10,1,2,1
589e666d-f937-59d6-bcf1-60cc3869514d,olympiads,12,4,0,3,3,2,30,18,4,6,5,4
f56e7f55-76c4-5aff-aab5-da4d8bd69fbd,olympiads,126,72,50,47,26,21,167,72,51,26,14,11
bb5a8572-d1f3-5ca8-81f8-c3b2379667f5,olympiads,37,18,3,19,19,18,28,11,7,1,2,1
6713064f-bc63-5946-bad9-f334eaf381ba,number_theory,42,32,12,45,18,12,26,17,6,41,16,10
1849fe1f-409c-59b4-adaf-74b2717fe70c,amc_aime,54,39,20,47,22,19,9,3,3,4,2,0
a1bf3c9b-b6f6-59fd-93da-4a0ca446cff9,math_train,17,10,0,7,6,3,44,21,14,5,5,2
ba472fae-5ef5-5c03-8123-b4e6baa9b01a,olympiads_ref,135,75,23,6,4,3,15,4,1,2,3,2
9ac7c899-d910-5163-b8ae-052120bbfa9e,math_test,4,2,0,3,3,2,10,0,0,10,4,3
d10fa814-ed09-5066-8fcb-fc6dd842b128,olympiads,16,10,0,1,4,0,27,16,6,12,9,5
99b95cc2-e552-5387-b5df-8ab3218fd0c4,olympiads_ref,3,0,0,2,2,0,3,0,0,2,2,0
9e347203-eb44-50f4-83ee-0d24fc34bbe6,olympiads,4,1,0,6,3,1,4,1,0,6,3,1
a392540e-6076-52a9-8444-91ca61a34330,number_theory,44,32,11,17,11,6,33,19,6,12,8,3
bdb4b45b-0ccb-5966-92e2-0d8a26851a1a,math_test,6,2,0,3,5,1,12,5,3,12,11,7
c87e395f-741f-5397-a2fe-8acea07201bd,olympiads,47,28,9,1,2,1,94,42,29,1,2,1
de3eff1a-fdca-5a67-8536-24b9d69f829d,olympiads_ref,20,6,6,10,9,4,4,0,0,7,8,3
df1cba21-ddf9-564f-a188-d7d8eae038b2,olympiads,26,10,0,15,11,10,28,8,3,22,11,10
9a84ead7-2634-5bc0-8895-b0f1f20eacd8,math_test,8,2,1,2,4,2,12,1,0,3,5,3
c15fef76-9e05-5917-9dfc-9ed3123b4af5,olympiads_ref,48,27,0,12,5,4,50,28,5,37,7,6
43d40622-558e-54a1-9267-d1c170f2514b,olympiads,12,9,0,1,3,0,28,11,2,14,6,3
4c655b55-a37a-59f0-9a1e-3e2c620e6ac9,olympiads,34,21,12,2,4,1,38,19,14,2,5,2
394974f3-f515-58d7-86ed-afac04819841,olympiads,35,15,11,2,3,3,16,18,6,14,5,5
e1eb0769-040a-547c-903f-f4045f85bfd6,number_theory,32,15,5,15,5,1,37,22,13,13,4,1
6e8bdcad-7c99-5e59-849a-8cf59b8ea59f,math_train,87,46,16,9,7,4,28,17,11,5,4,1
10e275b0-4ce1-5851-b184-8dec8ad693c3,olympiads_ref,25,9,8,3,7,2,38,11,13,1,5,0
705a22a2-1b75-59ef-940c-24e5ecd33f33,olympiads,47,25,3,1,5,0,37,14,11,1,5,0
fcf0f18b-e5dd-57d3-b714-0ff239ade8eb,aops_forum,6,3,1,5,6,5,25,12,4,10,3,2
c8410060-69de-53a6-a441-c2edc2c8b418,olympiads,5,3,0,3,4,3,20,11,4,2,3,2
0518d62e-9710-5e99-b0a6-6231e9e7be3a,math_train,13,14,0,7,5,3,35,17,10,51,17,15
54ac9870-2a9e-59c3-9834-b085f76f5bf1,olympiads_ref,23,12,5,7,3,0,8,3,0,3,3,0
52b469f2-4a67-5419-bf97-40a98505f426,olympiads,47,32,3,19,11,7,34,16,2,10,9,5
f07a830b-3e64-5ec7-8afd-475c161df4df,math_test,2,0,0,1,2,0,2,0,0,2,3,1
c3cc3ea9-e3f8-5546-a128-da936797776c,aops_forum,46,35,0,2,3,1,18,9,2,2,3,1
849af7a9-c030-550e-840a-d10646486e60,olympiads,20,10,3,6,5,4,22,10,6,3,4,3
7be2480a-9297-5b8a-8892-b3bc3c9a3a50,number_theory,46,25,1,43,31,27,52,27,1,43,31,27
527c772b-1a9d-5b5f-b126-3f734c0fca8d,aops_forum,9,4,0,1,5,0,60,23,7,1,5,0
87179bc6-eabc-5a30-97f2-4ea746b1aa08,math_test,8,3,0,2,3,1,10,4,1,1,2,0
bcf406a7-3112-5062-ac6d-a4f5e49b7871,olympiads_ref,59,44,14,32,27,25,25,10,7,1,2,1
24d3c557-13e0-5cc1-8772-8510c5ad0f7b,math_test,32,19,4,10,11,9,9,2,0,1,2,0
ddc40137-c6b3-5bfe-a454-5c151a57ae2d,math_test,20,16,4,1,2,1,22,11,4,1,2,1
3663eb3a-8388-506c-b0d9-92638596d288,secondary_math,11,5,0,1,2,0,23,12,5,1,2,0
c05c0f3f-df7f-5ec2-9835-17e46bddfc01,math_train,25,15,0,4,4,1,37,21,5,4,4,1
b535e6de-f9c4-5e0e-88ad-6aa8d825a69e,olympiads,9,3,0,9,4,2,31,20,8,25,5,3
3090a705-ad8c-5c9a-86d1-266382124bf2,amc_aime,216,95,29,24,10,7,19,11,6,2,4,1
c25dc050-a35b-518c-8335-74d4251bf660,olympiads,78,38,29,26,5,4,60,22,16,64,6,5
5ccbdde8-ddd0-50c1-a4df-5ef6a967cb17,olympiads,18,10,2,2,2,0,19,7,6,1,2,0
df08254f-fe53-53ff-993f-8bd550432e39,math_train,19,10,0,6,4,3,64,24,18,35,6,5
771a6379-11d8-5799-ae5b-68692c193742,math_test,66,34,10,15,13,11,25,16,6,10,7,5
e59fe251-9afa-5980-bd66-2253077f4a15,amc_aime,135,80,16,97,61,59,79,40,24,12,8,7
9a64ef28-c393-5de8-8f2c-1a929fdae483,olympiads_ref,20,5,2,7,5,2,50,27,16,12,3,2
04dea9e8-c069-5d3c-b69c-cd1bd30dbc61,olympiads,14,8,0,1,3,1,53,21,23,19,12,10
c5971cb9-3e4e-5443-86f0-0f98cc48e6c8,math_test,69,37,0,35,10,9,260,112,45,123,23,22
a25858ff-a5b5-557f-a402-93471de7f916,aops_forum,42,17,15,12,4,2,49,14,22,12,4,2
cb601cdf-7d90-5875-ad9a-3ff2111e71cb,math_test,21,12,5,23,19,16,39,23,13,67,27,24
fccad9e3-387e-5b8a-9e72-4237473a54e4,olympiads,26,13,6,24,14,10,28,10,7,13,5,4
3a370647-3069-53d5-98a1-739dc5f16435,olympiads,38,15,12,5,3,1,23,16,6,5,4,2
c68baeaa-ed47-57cf-9c18-6f1b67b9c208,amc_aime,21,4,0,2,4,2,19,9,5,1,3,1
e9747003-4ee7-50a4-8b7e-053971197faa,olympiads_ref,34,17,15,15,9,7,42,19,14,5,6,4
0860c63c-aa9f-5969-becc-6ba34682e872,olympiads,10,6,1,14,15,9,10,2,3,9,9,3
83aa2e3a-c50e-57eb-b4de-4f93a4a67ae7,olympiads,42,27,9,11,10,8,56,25,16,1,2,0
86496f9f-ee8f-50fe-8388-7f9c160e9c85,aops_forum,14,10,4,8,6,3,24,9,8,1,2,0
91140f24-7247-50e6-8948-1861567a7915,olympiads,52,26,18,8,7,5,52,29,18,6,5,4
adae591a-49c4-587f-98e9-9dd371d5ee53,math_test,38,22,6,19,9,6,34,15,8,7,5,3
6e50e7ef-083d-56eb-8fa5-019c4323aef8,olympiads,97,45,8,15,12,11,50,22,16,3,4,3
da8e209e-182f-534e-883e-d39b1aa3dbe8,olympiads,12,5,4,22,12,5,11,5,0,14,6,1
4d34bb72-7629-52d7-a264-501a314969ae,olympiads,27,10,9,4,3,2,21,12,8,3,4,3
d51e54ee-e6e8-52b4-8b96-713d4d319706,aops_forum,4,2,0,3,2,1,23,9,6,9,3,2
6fdee12b-747b-5921-9369-9d3295ca9222,math_train,21,13,3,17,12,9,35,15,13,19,7,5
08a1283b-c8e8-5b06-a46c-d309d0cfc4df,math_train,27,32,6,48,9,3,143,83,24,241,9,3
7bf8165f-b60f-55cd-8f41-e072780baafe,math_train,26,13,6,4,5,4,34,11,13,1,2,1
c42bc5b1-1204-502a-9aff-08f5f2d7ce48,olympiads_ref,36,19,9,16,6,3,40,20,12,15,6,3
0493582a-e390-5333-af2c-0f55efffc9d1,olympiads,109,51,36,48,4,3,99,41,35,60,5,4
1ca8a702-a942-5361-8e54-5fd6145eb252,math_train,25,15,1,7,6,3,65,31,20,5,3,2
c22faa2c-2a01-5304-a685-b9dd72ee17d7,olympiads,4,1,0,1,2,1,4,1,1,1,2,1
5cad655a-bbb4-5d43-bd0b-bf09c00aa3e3,amc_aime,17,10,0,2,3,1,9,4,0,1,2,0
5800ca26-aa50-580f-8e81-5a71f13ff458,olympiads,77,54,35,2,2,1,180,84,41,5,3,2
cb1a9898-3a4c-5a53-8525-ca77df723501,olympiads,16,7,2,4,2,0,24,11,6,14,15,10
3e9bb475-cd34-5046-8131-b0aaab3a7403,olympiads,31,16,2,1,3,0,57,22,13,22,8,5
ab547a8e-3aaa-542e-b74b-27f521fc5c00,math_train,4,2,0,7,4,1,46,8,7,64,4,0
3c52e1f3-b53f-5928-be78-0dbc3117fe7c,olympiads,24,12,10,13,8,7,40,19,21,15,7,6
16cdf305-dd6c-5af7-b756-9973b3c32b6e,cn_k12,14,8,1,3,5,0,52,25,18,9,7,2
2f62d825-ba13-5701-bb59-a013a6bc82dd,aops_forum,10,8,1,2,3,2,35,9,13,2,3,2
d8f4a871-17b3-5b95-98eb-78963b89a0de,olympiads,28,16,1,20,8,6,33,14,5,13,5,3
ec2dcedf-aff8-5165-b682-35a6838ffe44,math_train,30,24,1,8,9,8,84,33,27,30,17,16
e300ccc0-c35c-5732-bd89-b31086d1e5e1,cn_k12,29,17,5,5,5,4,34,16,8,4,4,3
aeeb5cb4-38bc-599e-a790-f8c1f15f4c33,olympiads,56,47,42,1,2,0,58,20,19,1,2,0
af19a07d-6781-5e85-b768-77f86ad23628,olympiads,5,3,0,2,3,2,15,5,2,2,3,2
b999f6b1-1203-570d-8528-ec7abd9b28ea,math_train,74,28,13,15,7,5,21,9,6,1,2,0
3757881d-e225-54f7-9424-89037d3df6ef,olympiads,72,31,28,14,8,3,59,27,21,15,8,3
d9e524cd-949f-5ef6-a293-fdd46c1ca1df,olympiads,4,0,0,2,3,1,8,3,0,2,3,1
953d5f07-c8f5-566d-a90c-6d8cd8d095c7,olympiads,9,3,0,1,2,0,16,7,3,1,2,0
014f63cf-247f-5feb-8902-a5f6b62da857,olympiads,30,15,3,24,6,4,22,8,6,14,6,5
f0005430-d700-5189-b4cc-19cca2d64081,math_test,12,5,3,3,4,2,11,5,0,1,2,0
1fffe880-eeb3-52de-9568-a0b769109bfb,olympiads,47,24,7,9,7,1,25,5,4,18,10,4
cbbd6363-4697-50b9-b2c9-f8d86ad36aa8,olympiads_ref,320,172,58,129,72,65,26,12,11,23,8,4
65cdae60-2749-5000-8ff3-d6e88a3f6493,olympiads,180,138,16,143,39,24,50,15,13,11,7,6
337acdd1-22d7-5c1c-98a2-d19c0eadcd23,math_test,88,45,16,24,14,11,32,17,8,8,8,7
f52fdc39-4719-5681-9142-fbb74a46ab0d,math_train,67,37,6,19,14,12,103,38,24,11,5,3
e9e61d3f-78f2-581f-9c43-7cab9aed025d,olympiads,4,1,0,3,4,3,5,1,0,3,4,3
97ce892f-5f6f-5d42-b9d9-77516abd1705,olympiads,95,46,35,2,3,2,67,35,19,2,3,2
3de9a2e0-af87-5c9d-b7df-8cedb966c2c2,math_test,65,36,8,8,6,5,59,25,13,15,8,7
1e4638c2-b650-55cf-95b1-589863fef1b7,olympiads,9,9,4,8,5,2,28,10,10,5,4,2
29a72861-86fd-5266-a867-2e52f95a9cde,olympiads_ref,5,1,0,4,2,1,3,0,0,2,2,1
a211999f-920d-523c-ba68-f52236a2b209,olympiads,49,32,16,12,4,2,62,25,27,12,4,2
55b3a6f1-7da0-520a-b8af-7c86b22c2557,math_train,5,1,0,14,8,2,19,8,3,28,10,4
e546038f-58f1-51cc-885c-7445f29b9784,math_test,6,3,0,4,3,2,11,4,3,9,3,2
149ec314-638a-5ba1-9499-2822d44dd5cd,math_test,52,24,6,4,4,2,26,11,7,1,2,0
c9d8744b-6cb5-5e00-9351-eb887f677d41,olympiads_ref,12,7,0,3,3,1,13,5,1,2,3,1
646cd2ed-9371-5dc0-840b-ac7eb57047b2,olympiads,2,0,0,1,2,1,9,4,1,6,3,2
ff490b56-7273-559b-8786-33d33e5232f2,olympiads,45,20,15,5,4,3,47,22,15,6,5,4
0749b78a-7ed5-5845-95b2-444f908258c5,amc_aime,122,69,12,77,42,39,44,22,12,6,3,1
ec75df3a-85a7-5c0d-af8b-3b7817e350fa,olympiads,62,37,4,6,8,3,40,23,16,28,11,6
9343459c-f277-53dc-9440-70bf3a627700,olympiads,8,3,0,11,11,6,6,1,0,8,8,3
eba4d5df-8d78-5964-9f09-0577088859c9,amc_aime,12,6,0,1,2,0,33,11,2,9,4,2
4d9b42f7-1e85-5d1f-b005-af589db75768,olympiads_ref,86,48,14,23,10,7,150,54,26,54,6,4
63577ea4-d63f-5af2-b154-357c28443c78,olympiads_ref,83,40,11,6,6,5,80,33,22,8,8,7
b4b63346-668f-5b10-af21-4b3fe7ec14fc,olympiads,52,30,7,4,5,4,59,34,10,4,5,4
b22c1e47-da81-5b67-a7d7-b2dd0fd947d5,cn_k12,46,24,8,16,11,9,25,12,2,24,6,4
3f38a8a8-d691-50bc-b9f2-49393fb74f91,math_test,40,21,4,23,16,11,31,20,1,9,6,4
32433cdd-1ab8-564b-a4b6-659528ec2638,olympiads,34,8,4,1,2,1,48,20,14,1,2,1
37c40664-678c-5750-bf2e-bd80b4f9bf3b,math_train,11,4,3,5,5,3,21,9,4,3,4,2
ac4bf753-df59-535c-8c2e-47a057a617f9,cn_k12,13,8,0,2,3,0,30,12,8,14,8,5
92f85f4b-36bd-5fff-b797-52c8b468967c,math_test,13,6,0,6,5,2,24,15,2,7,6,3
57eaa911-d62d-531a-84c8-470366c1eeaf,amc_aime,41,28,6,6,6,3,18,5,1,1,2,0
8a81e6cf-1a17-5bbb-afd9-b4ae2ab61368,olympiads,73,60,16,13,5,4,101,67,24,25,4,3
72ca44d8-86af-543b-8f27-1d59477563c0,olympiads_ref,44,21,17,15,6,3,28,12,10,4,3,2
526ab436-01e7-51c6-a015-90b1282ad9ae,math_test,43,28,17,20,3,2,78,31,17,34,6,5
011cd4a8-bdca-5ebd-b1fe-b6d77b15257d,olympiads,50,33,6,12,14,9,7,1,0,3,5,2
94602a37-ea71-5661-a433-cdb86d32e175,olympiads,46,27,18,46,7,6,70,38,31,73,6,5
49c4d7c8-59d3-59b3-90b3-8ce853e499b5,olympiads,6,2,2,4,2,1,7,3,0,2,2,1
cac85e0e-1c5b-5ece-b88b-99cab24a44f6,cn_k12,27,20,8,7,7,6,53,24,15,10,5,4
e04a626c-a7f9-5590-83c5-126e5ba99ea2,olympiads,38,29,9,2,4,2,14,4,4,2,4,2
488843e1-e640-5afe-ba16-d5425fb07678,math_train,7,3,0,2,3,1,21,12,3,4,3,1
3f475e8b-9382-57ef-a562-d1e59b1dae52,aops_forum,34,19,3,1,3,1,133,73,39,49,7,5
1b9f23f3-48d6-533a-9486-cb4e56c42ce4,amc_aime,45,20,2,7,8,5,20,7,4,3,4,3
f2d9f67a-5471-5448-97cd-abf46efc942e,math_test,21,13,4,19,9,8,29,14,11,17,6,5
941d18e8-3994-507e-ba6f-a55a456b8b4a,olympiads,73,36,24,24,3,2,64,30,18,24,3,2
cfd687db-a614-5aaa-9a13-a87d54bd8f46,math_test,37,19,12,36,4,0,7,3,0,9,5,1
41b1c935-99c6-5b8e-b374-9cc764901496,cn_k12,27,13,6,10,6,4,38,21,17,18,5,3
1df059e2-a84b-5c9e-98fa-f1b3a6e39d9c,olympiads,10,6,0,1,2,0,25,10,4,1,2,0
ba3f4bed-e89a-5253-8569-0277df1701ef,math_test,47,18,5,11,6,5,41,17,14,19,14,13
e85e8f39-8fc1-5d5e-a583-e84a02c9d37b,amc_aime,110,53,11,37,26,20,9,2,2,3,4,2
43f5accc-2f20-5bb0-a957-5579d72fb2c3,olympiads,7,3,3,3,7,2,6,2,1,1,5,0
c1bb04bb-af65-5257-bf88-da20234d2cad,math_test,20,11,5,14,11,9,8,3,2,3,2,0
77fd087d-5af7-58c2-8b26-00b34d5434d9,cn_k12,17,14,1,3,5,1,57,30,10,4,7,3
6f8dd6ba-aa8d-5c09-8465-861500825dc9,amc_aime,35,20,3,9,6,2,22,11,6,6,3,0
9306f294-9f3f-5fae-99f3-af285a061b4c,olympiads_ref,41,15,12,5,4,2,52,17,15,3,3,2
9ba9d876-bea8-5244-a343-393c122d9c66,number_theory,10,3,2,19,11,10,13,4,2,17,11,10
58ff24c2-5c18-5b14-b485-3d738719b20f,olympiads_ref,73,33,8,20,12,7,58,29,8,1,2,1
f255adb6-7edd-5aa1-9ce4-260582afcb67,math_test,42,21,7,6,2,0,35,18,12,10,2,0
d84ba343-6065-5559-8706-8288d8b4f0ab,olympiads,9,5,3,19,2,0,10,3,3,16,2,0
89c0b3d5-faec-53c4-9e6a-8c77ae7f4da1,number_theory,15,5,0,7,8,4,41,26,2,4,3,0
cb01d2db-770a-5451-abc3-0bc987411dfd,aops_forum,275,201,46,138,68,58,11,3,0,5,8,1
6a5371ad-5cfd-5556-aba1-90e3ab10b585,math_test,3,0,0,1,2,0,35,12,13,4,4,2
62840bad-40df-55ef-b99b-5fa0d0b9760f,olympiads,3,0,0,3,6,2,3,0,0,3,6,2
dab0b461-bfe0-54f4-a1ce-de0aa17c9141,math_train,10,6,0,3,4,3,40,23,7,9,4,3
31c515a5-cf04-5ea7-b1b9-6d76f751555b,math_train,3,1,0,2,2,1,6,3,1,4,3,2
edc9b46d-4760-5b45-b9f5-db506ba129e4,olympiads_ref,2,0,0,2,5,1,2,0,0,2,5,1
40400f26-bcec-58ed-874a-7b71b9dc3598,math_test,24,21,7,12,10,8,20,8,2,1,2,0
346eca0a-ec1b-55c3-a4df-1212eac88123,math_train,46,19,4,1,5,1,46,17,9,3,7,3
4eec1381-8671-5ef2-af4d-861234ba7f3d,amc_aime,42,29,4,15,10,8,57,23,17,10,7,5
e05835d9-9d12-50cb-a37b-22912cf24cab,secondary_math,113,59,27,3,3,2,113,58,26,5,4,2
4518cc0a-17a6-5025-8457-207dada98e05,olympiads,79,37,31,57,7,5,82,34,32,53,8,6
878969a1-6f3c-5b1e-851e-c567cbb52a14,math_test,89,38,21,38,22,17,9,6,2,2,3,2
052d5199-eccf-5193-a8da-898e228638f6,olympiads,23,7,5,11,5,2,49,27,20,13,5,2
fb9a9d44-3a8c-59b1-9cdc-2c904c119f65,olympiads,30,16,2,9,8,4,55,22,18,38,9,6
7ce34886-5b17-567d-9acd-95c830fa21ad,math_train,4,2,0,3,3,2,11,6,3,11,5,4
4c93e16d-f180-5692-82ea-057839d2bcc0,olympiads,77,32,28,3,3,2,109,34,35,4,2,1
750e657d-0f82-5ded-968a-a8fc3a784fc2,math_test,14,8,1,1,4,0,10,4,0,1,4,0
21e22d32-4904-5a27-b74d-c98aeaf28165,number_theory,3,0,0,1,2,1,3,0,0,1,2,1
5816eda3-e96d-5306-be3d-3c48ffd14b35,olympiads,102,64,31,9,8,7,60,16,21,17,9,8
2d9aa016-5f46-5565-adc7-909f153c5351,secondary_math,35,25,7,4,3,1,83,42,31,14,5,3
9c9103b2-c63d-5459-b5e5-8f477943d7e2,olympiads_ref,5,0,0,9,7,1,5,0,0,9,7,1
9d4bb29e-2eb1-51bd-9b6b-ea86ddea6abc,amc_aime,30,10,4,31,9,7,37,16,9,25,5,5
c49205d5-a5ca-544f-b067-4977606dd344,aops_forum,8,3,1,6,6,4,42,13,12,8,8,6
364be8f1-7c13-5c23-8269-1067ca7f244b,olympiads,39,18,15,11,6,5,18,3,6,4,3,2
e08383b9-5f32-589a-9f73-6f3043a14285,aops_forum,2,0,0,2,2,1,2,0,0,2,2,1
991e5429-ad25-5df7-9ac9-563bcabcc7db,olympiads_ref,28,13,3,9,8,3,28,13,8,13,9,4
b2bf4978-1c37-5b5e-bec8-781cedfda949,inequalities,12,12,2,2,3,1,42,23,6,6,7,5
e8f23d54-e489-5656-aea6-bd4ee31875ab,number_theory,8,2,1,7,4,2,41,25,1,17,3,1
d9277ea4-cbe9-5dd2-9b9f-fa9b52cc0ecc,math_test,2,0,0,4,2,1,2,0,0,4,2,1
6369b437-b81a-53a6-b344-94540c67e182,math_test,15,4,4,8,4,3,16,6,2,10,4,3
f9d605e7-fdec-509f-a494-0cebff1d0c8d,olympiads_ref,36,20,1,5,3,0,25,10,2,48,7,4
0e1232d6-f4f3-5f1d-b258-74a14713ca77,olympiads,60,30,6,13,4,1,104,50,26,15,9,7
56b9bcff-f33c-59b4-b5f1-e354b873d1b3,math_test,237,139,79,174,42,39,11,10,6,11,9,7
2f5a0da8-36e2-5c09-a7a9-ab0b8fd39f6c,amc_aime,36,22,5,30,13,5,27,15,0,20,15,8
1bc96599-a3e8-5e48-b284-6020110ba92f,math_train,95,44,15,5,4,3,61,31,15,7,7,6
567a7178-b99f-52b6-8019-e13ba87f87c6,olympiads,35,18,13,12,10,5,28,12,6,13,7,2
d9b966ca-c914-5552-9409-3e6897543a79,math_test,45,28,4,14,12,5,97,60,24,54,11,5
24cf7f4e-22d6-5d52-92fc-7c15a745ff60,math_train,7,5,2,14,4,3,18,11,6,28,5,4
5a7a8a71-cf69-5200-80cf-703dbff51a2e,number_theory,8,2,3,10,9,7,35,14,10,14,12,9
cf5a1e54-5560-5d0d-988c-8830088382c6,math_train,66,47,14,18,17,12,58,34,5,7,7,2
6cd3bbfa-f4cc-5598-94ee-25d942480a87,olympiads,62,22,13,7,4,3,49,19,12,6,4,3
521f4860-27a5-5b9e-9147-decfb7f076a3,number_theory,3,0,0,3,3,1,3,0,0,3,3,1
ee37974c-ae8a-5843-8e5c-b524aad04813,olympiads_ref,75,37,2,8,5,4,87,50,26,8,8,7
5467b2a3-47fa-5bc3-9326-b369282edd01,olympiads,72,34,2,3,4,3,107,52,31,12,11,10
a6f9f388-d18d-54b2-82a9-95bcf894f04d,math_test,25,11,0,7,7,5,12,5,1,4,3,1
e50e4ef4-a0f4-525d-b2b0-4603b7f19df8,math_test,32,18,1,12,11,9,25,11,6,2,3,1
61c6d911-29f5-58c6-a7be-1ad3920e79b6,math_train,45,21,3,13,12,10,28,11,5,10,5,3
a6a4d86e-657b-5b57-ad77-68bbc23651e8,secondary_math,9,2,1,2,3,1,17,5,4,1,2,0
e45dd21b-5c66-5ed8-93a8-e8e74c15950c,amc_aime,64,29,15,27,3,0,31,10,0,43,11,8
26e5f340-53c9-54c5-8d50-7bc6cd1a93a7,aops_forum,69,34,15,3,3,2,47,22,8,1,2,1
38c594b7-3703-545e-9697-74196f1d59a0,math_test,2,0,0,1,2,1,2,0,0,1,2,1
230ef2df-7978-5cbf-8140-ec3c56f59344,olympiads,49,38,5,1,5,0,122,53,36,17,11,6
8789b304-8bab-55d5-b34f-24c0037272c6,olympiads_ref,21,10,3,56,5,0,12,15,5,55,6,1
72211475-f48f-5e79-a5a1-445906af8e8d,math_train,5,1,0,1,2,0,16,7,1,1,2,0
b74058ae-fd78-566e-a16a-ec9b24585f95,aops_forum,8,7,2,4,5,4,10,6,3,2,3,2
5e1c73b9-73c6-5164-9532-a1671325ba09,olympiads,29,16,4,6,2,0,37,18,14,4,2,0
30f6f264-f00e-5839-8214-c526748d6b80,math_test,27,13,3,3,4,3,35,17,10,10,6,5
1b782b87-0626-5549-ace2-eddec6db86a8,olympiads,28,19,1,4,6,4,93,35,19,39,8,6
d66b4ef1-0342-5906-bfaf-94e1d81c9101,number_theory,29,15,1,26,19,16,29,15,1,26,19,16
5688be7b-fe29-5461-a9b8-ef84a4763f86,olympiads_ref,26,8,5,17,4,1,23,10,4,11,3,0
27877b26-4808-5e9a-8fc3-eb2f5cf7d612,math_train,30,15,7,10,9,7,11,5,2,4,3,1
cb87f529-25c8-55f5-9566-ed41c27cbec8,olympiads,2,0,0,1,3,0,2,0,0,1,3,0
41f0b641-0693-5833-839a-8a28aafdd5c0,secondary_math,88,45,12,9,4,3,39,16,12,9,5,4
0ef9c5ad-b711-503e-82a0-3053eafdba1b,cn_k12,22,12,0,12,9,4,20,9,0,9,6,1
19f38ab5-e97a-5add-8c36-10e10809509e,olympiads,199,88,62,54,11,10,199,88,62,54,11,10
337e3166-f998-5008-a3ad-7a0cfcff8b0f,math_test,35,22,0,20,2,0,28,15,1,20,2,0
45fd0def-3ee8-513f-85c6-87f4d618d6b2,number_theory,20,13,4,4,6,4,59,29,24,12,10,9
d0bf6a3e-084d-5354-975a-7a115673eb32,math_train,5,2,0,2,2,1,16,11,0,5,4,3
2b305d1c-0179-574a-b095-2808725118ec,olympiads,39,25,0,32,16,13,37,18,6,32,9,6
af7858e0-b428-51e8-a847-8fbbc835f3e0,aops_forum,25,8,3,19,14,10,71,60,11,36,13,11
79ce44df-cc29-5581-a83b-c260120263e0,olympiads_ref,55,31,11,4,5,3,50,20,11,6,3,1
1be405c9-6db2-527a-b8b2-da3af2512cda,olympiads_ref,63,42,5,9,9,4,40,19,16,23,11,8
3b09fc7f-f7ba-5449-b975-631c2f361c12,number_theory,93,62,17,59,38,37,34,14,7,21,16,15
b4d61cac-9148-56de-bb5e-a766a863f015,olympiads,27,15,6,10,4,3,48,21,15,16,6,5
ebf13f28-03e0-52d7-a516-d4bacdcdde7c,math_test,28,17,0,2,2,0,67,24,11,1,2,0
46afa51e-346b-5028-b756-10133e427f34,olympiads_ref,51,26,8,1,2,0,33,17,6,1,2,0
1eaa835f-e998-5a2f-a71b-375efa885b8f,olympiads,101,58,31,61,8,7,92,48,20,49,7,6
aa58b38a-76d9-5db3-aee7-19fd5437fa5b,math_test,31,19,4,53,24,20,30,17,5,37,14,10
5f299a15-e02c-5b20-8062-29a3c1c5b01f,olympiads,2,0,0,6,5,2,7,2,0,6,5,2
c2892f29-ba7e-5686-8253-f5dd6c06d102,olympiads,35,15,7,10,9,8,158,79,58,130,5,4
5b95a74a-6fcf-5ee2-86ff-99c1018b642c,amc_aime,29,5,3,5,7,5,8,3,2,4,6,4
d5d78e79-418d-59d7-b43b-3f5669539e28,olympiads_ref,9,0,0,3,4,2,9,0,0,3,4,2
f3113800-de34-55ea-b776-51c671a764da,olympiads,19,9,2,3,4,3,39,16,9,2,2,1
fbf24db5-af70-57ab-a2a7-d92fa8966a4d,math_test,2,3,0,3,3,2,6,0,0,10,4,3
bd880f59-71eb-5b4b-bf14-13bce2505681,olympiads,21,9,4,9,4,0,52,19,15,11,4,0
d2f8657f-0848-5ebe-a226-f8b6527280d1,olympiads_ref,2,0,0,1,4,1,2,0,0,1,4,1
df433d2d-0329-5c4a-a7b5-9e4b6ba56b87,amc_aime,9,8,3,1,2,0,17,11,2,1,2,0
e4ffaada-04cf-5e8a-8a4f-2f6fbf501d2a,olympiads,29,22,10,34,16,7,49,21,18,54,14,9
0e521150-8938-535d-a732-4f41a28dbb16,olympiads,22,14,4,5,13,3,50,23,18,20,19,9
287f6f3a-35ca-5436-88c5-56516034029d,math_test,89,45,11,5,4,2,76,39,17,4,3,2
edf1abe4-f04d-5663-ad28-d06c8446052e,olympiads,45,19,12,2,3,1,38,21,21,1,2,0
1374b05a-936a-56bc-ac6d-53064df9bf88,olympiads_ref,69,26,7,17,6,4,44,18,12,11,8,4
61b3fc6d-83a3-508e-8031-1ff39595d71e,olympiads,11,4,0,1,3,0,13,5,1,1,3,0
ba63ea57-fd2d-5327-b0c2-d1e1cac4451e,olympiads_ref,24,16,7,9,5,3,11,4,0,1,2,0
539d9dbb-88d6-58aa-96cd-af1cfcc553ad,math_train,4,1,0,4,3,1,3,1,0,5,4,2
2aa5eee9-9c1e-5359-b5de-61250ca711b9,math_test,17,7,1,7,7,4,36,13,6,1,2,0
5c4febf4-c3d5-5c46-9de8-234153cd1f40,olympiads,32,17,10,2,2,1,35,20,14,2,2,1
e44a2a1b-f3ef-5f4e-bdc0-4065bc03d9ee,number_theory,13,3,0,7,2,1,13,3,0,7,2,1
572f2949-3620-5089-924b-4dd55e743ef8,olympiads_ref,50,31,2,23,8,7,73,40,23,66,9,8
e9b4375e-7957-51c2-951d-614281d080b6,olympiads,29,13,5,26,9,3,8,3,0,18,12,8
9337fb95-890e-5d4b-9f5b-9ed767660280,olympiads_ref,89,38,11,60,4,1,36,18,8,4,4,2
bc971215-fe3c-5765-902b-c3572b2bee02,math_train,102,69,13,6,4,0,66,48,6,6,7,5
e20512f8-a5d9-565b-a42e-72e5a70f56c3,olympiads_ref,8,7,0,22,7,2,13,9,2,24,7,2
0bdca338-d809-5293-883c-40679a65e2ab,aops_forum,2,0,0,3,4,2,2,0,0,2,3,1
c18406c6-f7fe-5961-af51-86b397a06c1a,olympiads,18,7,4,1,2,0,21,7,2,1,2,0
1b51de2d-b7d8-5a69-bffc-9e577845eea6,math_train,6,4,0,4,3,1,16,5,3,4,3,1
36391abe-a96e-50d8-ac80-643dbd8132c7,olympiads,13,4,1,3,4,3,37,14,10,2,3,2
4c690fec-772d-5789-9848-20f264be8f4c,olympiads,43,32,16,21,6,5,47,22,11,37,8,6
c27754c1-208f-5266-9953-626d9426642a,amc_aime,93,58,12,87,43,41,94,58,12,87,43,41
95ff000b-87a1-502d-91f4-40c785c78ecf,olympiads,49,18,7,34,8,2,30,16,5,15,9,3
cc32986f-39e3-5c0d-9bb1-3cf269779a34,olympiads,2,0,0,2,3,1,2,0,0,2,3,1
89553f13-ea71-53bf-9614-a9a26a8b4071,olympiads,11,6,1,3,4,2,27,10,11,2,2,0
8cd2290d-106f-5a78-b3ea-d71ea75ee1c2,math_test,30,16,4,1,5,0,32,15,11,1,5,0
fc7658d2-c334-5b7b-b86d-1eac42213837,secondary_math,77,33,28,15,12,8,89,39,33,11,12,8
83baa99c-83e4-5da3-85f8-4b32a68724fb,olympiads,11,5,3,3,4,3,10,6,3,4,4,3
52703b5d-87d4-55d0-8241-b9d6c948be85,number_theory,3,0,0,3,5,3,6,0,0,3,5,3
2093cf85-57d6-562e-bdb8-7ef4dad4edb2,olympiads,26,11,9,24,2,0,18,8,5,16,4,2
d705647f-3dd6-59df-a7a3-8391e274d954,olympiads,27,21,3,23,15,5,37,18,11,19,7,2
565060cc-de23-5041-8bab-042f496f3e5c,math_test,13,7,1,3,3,2,3,0,0,1,2,1
737c1ad8-9a35-5ec7-b98b-e49ae55e3bf0,aops_forum,69,29,29,2,3,2,53,26,16,1,2,1
cc877ef5-7613-5f44-a12a-b19db99765a2,secondary_math,16,8,4,8,9,6,49,22,22,13,10,7
a25cfb80-09e0-54b5-af1f-fa43b9d786b3,number_theory,3,0,0,5,7,5,20,7,2,9,9,7
ce552824-bb84-549c-88fe-269216bffae4,math_test,20,10,3,8,7,5,30,13,8,14,8,6
c7b5048b-2606-5451-b06c-0a96863a198d,number_theory,62,39,16,92,7,6,26,8,0,9,4,3
6c7a6328-6bec-54fb-82c5-c5064ccc55fa,olympiads,60,10,11,10,5,4,60,10,11,10,5,4
a4f96498-2638-5067-9c33-31692a8c2fb4,olympiads_ref,44,23,6,21,11,5,12,6,0,5,9,3
63713be9-e6b0-5663-93f5-ea336bc500ba,math_test,55,25,13,69,10,5,82,42,34,78,8,3
e9e4fe91-6387-5f5c-bc5f-b7dc581c8bb2,number_theory,12,5,0,19,16,14,12,3,0,17,14,12
ea1760b7-7d60-52b8-baf6-c190709e1615,olympiads_ref,60,27,21,62,5,1,53,19,15,127,6,2
63290a4f-d8e8-5f85-9938-0589fe6a3cd1,olympiads,17,9,5,1,2,1,28,15,11,1,2,1
ad809863-429f-5e4d-bd44-a872b79da772,math_test,2,0,0,2,3,2,2,0,0,2,3,2
172df75c-6201-5a57-ad35-1b52b8ff075a,olympiads,31,15,6,1,5,0,23,12,4,1,5,0
aa25e669-9d20-5617-bf71-5eb311bf46f6,olympiads,9,8,1,1,4,0,35,17,9,1,4,0
01eb3f84-9429-5108-934c-65d9f036c591,olympiads,35,18,4,5,3,1,61,24,18,1,2,1
bf183159-71c7-53bf-8974-9fda0562014f,number_theory,32,15,2,4,4,3,40,31,4,2,3,2
df588c37-39c7-554e-a890-46d7dbcee217,math_train,16,5,0,3,3,1,14,7,0,1,2,0
4997bb95-eaef-5948-aabe-67e05c06e078,olympiads,52,30,15,18,7,3,66,27,16,36,9,5
7d83ff1d-0814-5cdd-9bb4-c9cda00ebf8e,math_train,36,19,4,7,8,3,58,24,13,79,24,20
b5538e9b-64cc-5d8d-a476-eda126b02e90,math_test,2,0,0,6,2,1,2,0,0,5,2,1
a407a418-ab1d-5cee-b9ef-3bb0f552f60e,number_theory,49,29,9,12,6,5,33,18,6,9,6,5
ef76b929-47bd-588c-b9f5-11ed59967995,math_test,12,4,0,11,4,3,11,5,3,12,4,3
85381100-03ea-5a17-9708-b9d30e5e7770,inequalities,66,33,28,14,7,5,71,36,34,52,6,4
72e7bf79-2556-592f-8560-682ba12651a3,olympiads,32,19,8,9,5,4,44,11,18,9,3,2
81a940c1-afa7-549f-808b-a2c9f5cacff4,cn_k12,14,10,1,1,4,0,25,11,4,13,9,5
7287b6df-92f9-5681-b141-fed484e429a2,amc_aime,31,16,1,9,9,6,46,16,13,7,7,4
6dc99514-2030-55db-8c29-55a2915e8ea2,olympiads,22,11,1,9,5,4,52,19,13,2,2,1
25ca4af7-a6ba-5881-b7e0-c2ed6876a4c5,olympiads_ref,54,36,9,11,7,5,39,20,11,49,8,6
48816beb-a144-5505-bad5-bc71004f50db,secondary_math,50,32,8,5,4,2,50,22,17,2,4,2
56e6aea2-aa37-5b5b-9245-2cd3249392d6,cn_k12,16,10,0,10,6,5,8,3,0,4,4,3
de44390b-495c-5ba1-9298-29d0ed568297,cn_contest,14,12,1,1,2,1,24,13,4,2,3,2
d0db9821-de4f-54f9-b4c1-ea820fdaa0bc,olympiads_ref,11,6,0,1,2,0,13,5,2,1,2,0
35dc14d4-c57a-576e-bc38-9aa8cb7fbdf9,olympiads,20,7,8,22,11,9,19,8,6,21,11,9
8cb2e961-5582-528e-af48-e1711d168bb0,olympiads,31,15,5,6,8,3,27,11,2,8,8,3
e7a42ae0-dcbe-5fed-9b77-d625f5772e90,secondary_math,8,2,0,2,4,2,64,30,28,2,3,1
76c28ffc-b626-5c47-94d2-93f5f92d3b6b,olympiads,62,39,12,16,13,11,68,30,22,80,9,6
8ca7e2e9-f736-51c3-b3a3-7ff922c306bd,cn_k12,83,49,17,37,17,16,42,21,7,40,13,12
ac3360d3-1a82-5af9-8178-a493376f3af2,math_train,29,16,3,9,10,7,109,46,42,4,5,2
d770fbd5-7173-5104-acfb-9f0be3c929a4,cn_contest,18,9,5,1,3,1,26,7,6,7,5,3
1f6c5f2d-fcc4-55e5-8c8a-ad96fb0a68db,math_train,5,1,0,2,3,1,19,9,3,4,4,2
6a3d748b-3523-5b08-b374-6122199b6054,cn_k12,52,25,8,13,10,3,112,53,37,63,18,11
10fd318c-80b8-5161-89d9-228d593f3df7,olympiads_ref,19,7,1,1,2,1,19,9,6,8,6,5
a32d30b1-2c28-5972-909a-8815a095a30c,olympiads,88,60,33,39,3,2,102,48,42,27,3,2
c067e247-40dc-518a-9b06-fc4112f5f9ab,olympiads,88,51,36,117,12,11,70,37,19,92,14,13
d75ab4ea-8e21-5797-9d41-8be935056143,aops_forum,2,0,0,2,3,1,2,0,0,2,3,1
0b8d80ab-1b09-5034-a74b-a576ecc6b7a5,math_test,5,3,0,1,2,1,13,7,3,8,4,3
9f8977d0-204c-5c28-ad4e-2029d9710f1b,olympiads,27,11,3,9,6,5,63,26,14,6,3,2
0aa85a3c-8bc4-56fa-9970-460421dc7c98,olympiads_ref,30,31,3,8,4,3,88,31,12,31,10,9
a9dfa195-a06f-5ccc-ac62-e61a28103c0b,math_test,22,11,3,41,19,12,36,19,11,73,17,9
bf7df48f-ca3b-58f6-abf1-fffa5442683b,secondary_math,114,48,40,126,18,17,102,52,35,124,19,18
64c6ccf2-1496-55e9-9b14-0d108278c193,number_theory,26,16,0,8,6,5,26,17,0,6,5,4
07f20614-5cee-5cc0-9cb4-b5971697fec1,math_test,60,31,10,117,17,9,41,20,8,69,15,9
2e298ffa-9c5b-58b8-ade2-d8f27687caeb,amc_aime,85,34,14,2,3,1,140,55,41,7,5,3
4a5c28e9-0d74-5534-a0a8-9770615cc475,olympiads,65,38,14,22,16,12,68,39,14,24,16,12
e1feb59f-cbae-5eeb-92c8-d8eae89f2d39,olympiads,3,0,0,2,3,2,3,0,0,2,3,2
6a7e9054-4c53-522d-aaee-c599b09932cc,cn_contest,16,8,4,6,2,0,25,10,7,7,2,0
4fd720f4-96c7-573e-b9d6-5bc4b84640fd,olympiads_ref,14,9,0,6,5,1,51,24,16,14,7,3
62307c2b-a632-5e3e-9b68-6769084a2bc3,olympiads,14,7,0,12,13,12,18,11,0,1,2,1
c1afbf5f-0e87-5587-b6ed-485784a76284,olympiads,10,1,0,7,4,1,22,1,0,7,4,1
fd852ae5-a422-58cf-a6f8-c2387f94584a,cn_contest,70,37,11,4,3,2,36,15,10,3,3,2
70195bd4-c3ee-54df-803b-4793cfc6add8,math_train,40,25,16,12,5,4,24,7,7,18,5,4
223e36f1-fc9c-5dcd-b2e8-a9e364033736,number_theory,17,7,0,13,11,7,38,18,10,14,8,4
e443cfe2-1699-57e4-92cc-d6e836886a7b,math_test,3,0,0,11,7,6,3,0,0,6,2,1
73313810-6b36-5098-a73f-1ea71498441c,number_theory,8,0,0,2,3,2,19,7,5,4,5,3
46d28f43-0328-51e8-82c7-0def653c3a28,olympiads_ref,67,21,2,7,4,2,27,16,9,4,3,1
706e7c21-afb6-5fb2-a6f6-07a4cab9cfc0,olympiads,97,59,6,23,9,4,70,12,41,16,9,4
9ac36cf5-d77f-5ee5-a4db-8b20a57a82af,number_theory,25,11,3,9,8,7,44,15,8,9,5,4
caa13ec2-7ff5-5670-9ca2-9bd26ac4328e,olympiads,26,16,0,2,4,0,88,45,32,12,8,4
2b873165-22d4-52d4-91c2-3cae919911ff,math_test,39,16,8,2,2,1,41,16,6,2,2,1
41624ef7-bd34-56b5-8e75-a6824c5320af,olympiads,32,13,6,1,3,1,79,32,24,10,7,5
8a1fd1b9-dc68-54e6-bb47-6af0e38fea3a,olympiads_ref,106,78,17,37,26,20,5,1,1,2,4,0
041cccd6-9a33-58ff-a27d-83530eb0caa0,math_test,7,3,0,6,7,5,16,5,0,1,2,0
5e64c515-400e-5a04-bb81-4a5788a79e4f,olympiads,38,23,7,26,14,9,46,30,11,49,17,12
6b705760-2eae-555c-b5f9-c7dd2c5437a9,number_theory,3,1,0,2,3,2,9,5,5,8,5,4
490fccaa-aa5a-5846-9229-b765ab90c9bc,olympiads_ref,27,13,3,12,9,7,38,18,9,8,7,5
30392062-9f49-556c-b4a3-69d99815349c,olympiads,27,18,6,9,7,5,44,20,13,3,3,1
450ac881-0b82-5304-b287-446ce63abb1d,number_theory,19,8,3,6,4,1,34,13,5,10,5,2
085513ab-357e-5e13-9287-ff8df001f57a,olympiads_ref,81,49,7,12,9,7,35,17,8,8,7,5
334d1633-8f89-5539-94a0-bd4681429b5e,math_test,6,3,0,2,3,2,33,13,11,23,9,8
4acf6310-719e-5567-8a68-b2b69fa2c867,number_theory,8,4,0,12,10,9,18,8,6,12,7,6
a47efa4f-4f34-58a6-b47b-f0eb4481d4ba,olympiads,3,0,0,2,3,1,11,2,3,5,3,1
4cffc8e6-6e3a-5e99-90f5-20f21d66c918,amc_aime,54,49,4,20,11,9,154,67,59,7,6,4
2fde2018-13e8-5a55-9145-a1fc443fe9ad,math_test,53,40,14,5,5,3,65,30,19,2,3,1
883c85fe-e818-5839-850a-0ad12781b0e0,olympiads,19,9,1,5,4,2,2,0,0,3,4,2
db0aa3dc-c75e-5c20-80dc-ab469138b9ec,olympiads,64,29,4,29,4,2,58,33,10,14,5,3
7f6de6ca-6c37-580a-a1eb-cbe3677e8086,number_theory,19,5,4,25,14,12,14,1,4,15,12,10
581f4cd2-4911-536c-8cc9-35b94d65b0d7,math_train,4,1,0,5,4,3,3,1,0,5,4,3
d70377fc-01a5-5bdd-8681-67345659904e,math_test,21,11,2,4,5,3,15,7,1,2,3,1
ffda9ede-db80-5249-a11b-040cd779705e,olympiads,23,16,10,2,3,2,78,37,35,7,3,2
2000cc20-063d-51b6-826f-84328dd58f8e,cn_k12,18,10,0,3,3,2,22,9,2,11,5,4
596cc903-10f5-5996-879e-12b7e033f253,math_train,30,14,3,15,12,10,70,23,19,11,5,3
2c88138b-a09f-5000-9ebe-4b51ffae6ef8,olympiads_ref,63,30,5,15,14,13,20,17,0,6,7,6
0bc9ff8b-682c-51eb-99ff-48ef15509484,math_test,6,3,0,1,2,1,13,4,4,1,2,1
df05f507-a5c2-53fe-8887-303deef215a2,cn_k12,27,20,8,9,8,0,65,42,16,8,8,0
dd06269e-9b6c-577c-92da-2df15593bb02,aops_forum,49,27,7,4,6,1,65,31,7,2,5,0
e6737ba8-3dac-5db8-8cd7-84a362025d27,amc_aime,5,2,0,3,3,2,3,0,0,2,3,2
89e16f38-ccfc-5981-8887-00aef4c1ddca,olympiads,12,7,2,10,9,2,39,16,9,10,9,2
c2be43fa-604b-59fe-ad14-e6ab2c62530d,cn_k12,75,38,28,7,7,3,53,25,24,25,9,6
4a05b004-6232-5f58-b1e3-d159fb02a446,olympiads_ref,10,6,0,6,6,3,19,9,2,2,3,1
0a26cff4-3a62-54da-ba9d-ebf7af030a7f,olympiads,61,52,5,5,5,4,36,12,14,1,2,1
ad661cc8-5d75-55d2-813e-9a170f5f9d02,amc_aime,11,8,0,4,6,2,22,10,7,6,8,5
84da66e6-2a00-5159-9b04-ad8def6dabe8,olympiads,76,34,17,25,16,13,73,33,36,21,11,9
9879add4-1b0c-56e1-b911-71e0498a48e2,math_train,26,10,6,4,5,3,32,11,12,1,2,0
25bb946c-5a04-5e59-969b-17571069fc26,inequalities,117,51,32,9,5,3,84,29,26,95,8,6
c85a600d-ff7a-591d-b711-ac8ca2e09524,olympiads_ref,36,15,1,8,3,1,56,28,12,33,5,3
9aa8c0c7-79b4-5f74-a729-660b266cedea,cn_k12,132,82,54,38,18,9,135,83,55,43,19,9
957fac80-b72e-5f83-b4dc-c98988ee1e1d,aops_forum,3,2,1,3,4,2,20,10,4,9,5,3
eac463f2-f4dc-52e0-85b1-b21f00d70fef,inequalities,30,8,7,26,4,3,33,15,11,31,8,7
ff074495-8712-5e8b-9d96-26479a5aa830,secondary_math,14,7,3,18,10,8,31,13,4,28,12,10
7bf3d81f-4df5-5f2f-90f3-ab329fa2e714,number_theory,43,27,4,27,5,1,42,24,3,22,6,2
7dc8bfd3-bd7c-5317-bdb2-fe097495ce25,olympiads_ref,332,223,48,129,57,51,65,40,10,40,29,25
79d7166e-bd76-5d41-adaf-e2b75742dd0e,math_train,32,14,1,4,5,3,59,31,18,10,6,4
b3d26daa-9da5-5628-96ec-667d2d66d10a,secondary_math,108,48,47,88,6,5,38,18,15,44,5,4
f38173b7-30d3-5ac2-9fd5-bb56fc20148a,math_test,43,28,5,2,5,1,56,24,16,16,8,4
1d10baad-5b84-5dc1-8806-45cde98aad9c,olympiads_ref,51,30,13,12,11,5,51,21,22,1,4,1
54847d87-c370-55d0-95d4-0d7f36c9a8df,math_test,30,18,3,20,11,10,40,19,5,14,10,9
699637bb-8cca-5ab6-ad31-8c6f60317f30,number_theory,12,11,0,6,7,4,76,39,24,6,7,5
040b5261-9bd4-5690-99b6-fa5e0c11c66d,math_test,9,3,1,5,2,1,3,1,0,5,4,3
58136e83-ef46-5f8e-b19c-d265303d420c,olympiads,47,22,6,22,13,6,169,88,46,37,15,12
738253dc-0827-5064-b2da-8ffc4df7a218,math_test,34,19,8,10,10,9,24,6,3,3,3,2
04759e39-eeca-5f5a-92d5-09717c17a012,secondary_math,31,15,12,25,5,4,33,15,10,21,5,4
7423cb44-0150-5f13-bc17-f061641dfbc7,olympiads,12,5,0,2,3,2,13,7,0,2,3,2
cbd01167-f501-5c66-92c7-b8c27375720d,math_test,30,12,5,4,4,3,38,18,17,2,3,2
7f63deea-82aa-583e-9508-b8b227411df5,olympiads,73,29,12,46,12,11,39,20,8,6,2,1
d659df40-37de-5c09-88a0-274f0af0a5ae,number_theory,29,14,2,30,22,19,2,0,0,3,4,2
7c52ccdb-67dd-515a-aefd-1be0cf319ecc,olympiads,19,9,5,16,7,2,29,10,6,21,7,2
a6d289a6-cb75-55f6-80fb-324e283d4863,math_train,27,23,5,12,7,5,36,17,8,13,7,5
3a591bd8-75ac-52e4-ab96-b370137deecd,amc_aime,9,1,0,4,2,0,11,0,0,5,2,0
9bb103eb-6504-5283-8435-ed7a59d0afaa,olympiads_ref,43,13,5,2,2,0,46,16,17,1,2,0
8c5c1285-2622-5f8f-bc00-4734a3a6f1e2,olympiads,25,14,4,45,10,4,38,20,13,55,6,1
f3bf23d2-2c2f-5034-be93-0c9edcf3f110,math_train,26,16,4,6,6,4,54,18,8,7,7,5
be2a3319-4d04-5fda-9136-fe6e167225e8,olympiads,24,15,8,3,2,1,24,14,10,6,5,4
7d4722bc-f626-5449-b7cf-dd51253a8b57,amc_aime,29,16,2,14,13,11,71,31,22,5,6,3
c1fd196b-880d-53cd-8335-f3782efa174c,math_test,9,6,1,4,3,1,14,6,0,1,2,0
c4b7fa3a-44dc-53e4-bdb5-4682b1bde6e0,olympiads_ref,14,7,0,15,7,2,35,14,8,25,7,2
ca684afa-336b-5332-adfd-c92b47670cdb,olympiads,75,25,9,8,6,5,29,13,11,11,8,7
6fd1c393-4334-5a1e-8338-3d1c4537bda7,olympiads_ref,31,13,4,8,3,0,23,11,6,19,7,4
80cc6869-d3ab-5495-8ac8-896726ca8aac,math_test,19,7,1,2,4,1,27,9,4,1,3,0
e65dff79-16a0-5b8f-b954-78c902affcaa,number_theory,17,10,0,8,8,1,58,34,17,13,11,5
51dfb6ee-fb2b-5ec1-98f8-414eaff45303,olympiads,13,8,0,4,8,3,32,15,6,7,11,6
358e95d5-5c70-5e90-b7c4-80b915daa4b5,number_theory,38,25,7,20,10,9,56,26,11,9,5,3
622d6e5c-56a4-529a-b0dd-97f1ec5e8962,math_train,33,16,4,12,12,10,26,11,3,7,7,5
a39ff5f8-8541-502e-91b0-b43731b0ee76,olympiads,29,23,3,9,7,4,28,10,9,12,7,4
67c6f010-8c04-5e2f-bce3-df51cb65b7e2,secondary_math,39,27,14,2,3,0,47,27,16,2,3,0
feaf5a17-7171-57f1-ade5-430082adf740,number_theory,21,9,6,9,6,4,8,3,0,5,5,3
e326dce2-e87a-5890-8e14-a346e2cbcfe0,amc_aime,6,6,1,1,2,1,4,3,0,1,2,1
46a70709-0680-5d59-aec3-d4e2542016f1,olympiads,19,9,3,5,8,7,32,12,9,4,7,6
4beb2458-d0b9-5c56-a6e9-0dcf3eea6313,math_train,65,32,15,8,7,5,56,26,16,9,6,4
a295936f-81f1-50ad-b445-e2d0079c5929,aops_forum,7,5,1,5,6,5,21,10,7,4,4,3
3bf62fff-d116-5e6d-ac19-aeaaa75b46d8,math_test,43,26,12,30,4,3,36,12,10,46,4,3
cb88e366-0808-58c8-bb86-46739ff4168b,olympiads,57,34,15,1,2,1,73,36,25,1,2,1
00029a23-638f-5103-8ea9-42ca8caaf9bd,olympiads,36,19,6,7,3,0,66,34,24,123,6,4
21fcbab0-0b1a-5e23-846b-2e1d9727a35b,olympiads,61,41,12,30,16,13,32,15,10,1,3,1
877062a7-91af-5a93-bb41-4d9f1629396e,math_train,17,7,2,4,5,3,31,12,10,2,3,1
de5a08c0-220c-5c73-accd-cfa8b69cc11a,olympiads,10,7,0,2,2,1,6,3,0,2,2,1
1162749d-5ab2-5191-90c8-2b926789dac6,math_test,21,12,4,15,4,2,30,12,11,22,5,3
0ef6f461-a363-523b-baa3-d0517ff4f032,olympiads_ref,27,15,2,5,5,3,40,20,15,1,2,0
ff6c1a3a-8a56-5fb2-b962-431d3f8e975a,math_test,64,33,15,34,18,17,174,78,21,6,7,6
c43fbc84-f407-5505-bfb7-35386e7bd873,secondary_math,73,33,32,12,7,5,38,21,12,11,5,3
19bb24e8-9558-5fe8-aa64-51c5d42d5fd1,olympiads,21,10,5,9,7,5,16,4,1,9,4,3
475a0eac-8d1d-5fd0-985c-9a1607084da6,math_train,28,17,5,4,5,3,35,16,6,1,2,0
ee1554cd-693d-55ec-ae58-6d4d4600ae19,unknown,21,16,11,11,10,8,32,14,12,9,9,7
4c81206a-e3b3-5898-8b00-e418003fabc2,olympiads,23,8,4,24,7,4,36,16,8,18,8,6
52033936-7e93-5b38-ba92-6ea721d3601e,amc_aime,21,15,1,5,5,4,30,16,9,11,5,4
ed7fa82c-bcf5-5827-a860-da361c94b6e5,math_train,13,8,0,3,3,1,22,10,6,5,5,3
81d394ec-2086-51de-a134-472825b73d22,olympiads,6,2,0,2,3,2,8,2,0,4,3,2
d6143792-0f1c-5002-983d-7c823fd99c7e,olympiads_ref,52,37,8,12,4,1,111,85,18,19,3,0
ac1b7473-05dd-50c4-a23f-4b6b8c6ec5c4,number_theory,13,9,0,8,6,4,39,13,2,12,8,6
81a906eb-0ca5-5780-9a4a-7523c9362cf3,amc_aime,19,12,0,3,4,3,43,19,12,1,2,1
f5a9005d-81d1-5d28-9d10-aff0606b1c5a,cn_k12,85,40,3,20,12,2,98,48,14,34,18,8
f36f9831-a20e-5fe0-b563-f34688717b1a,amc_aime,102,69,19,43,17,15,13,5,0,2,3,1
7fda4fb2-b924-582c-a5a6-7b37ef381fae,olympiads,29,18,3,5,6,3,14,4,4,7,5,2
677e1a17-ba9d-5562-a2e0-7f9249e7b32f,secondary_math,46,20,7,36,21,17,57,20,17,14,7,4
c45d86ca-4916-558f-8357-5c1d30e54d0a,inequalities,45,16,12,42,4,3,20,9,2,20,5,4
abd31864-ba28-5f9b-b12d-e05881f43c48,number_theory,92,66,29,44,15,14,117,76,32,45,16,15
babc83eb-adf3-54a1-8c24-2f3afdbbaf9b,olympiads,18,9,5,1,2,1,29,13,9,9,6,5
3dea4c52-d934-5e84-8df6-0d90873b9e3a,cn_k12,21,11,8,2,3,1,24,12,7,1,2,1
5cd784d8-594c-5c1f-a552-674ce9a444c9,math_test,32,20,10,28,17,13,32,16,4,9,8,4
1b0aac1f-56bb-56e5-8215-c8c136156f09,secondary_math,22,10,5,24,8,6,29,12,2,23,7,5
d0f4e71a-a9fb-54a1-998a-f346ee4daaa3,math_train,43,18,3,3,3,2,39,22,14,20,7,6
7562a6c8-f10f-5a54-b8d2-2fa2c5a3fcc6,inequalities,36,22,8,8,6,4,27,7,5,6,2,1
22cbf133-4acf-51b9-b104-0b115ba1c4d2,olympiads,2,0,0,1,2,1,2,0,0,1,2,1
c297fd04-50ba-53a4-846c-eecd4abfd173,olympiads,39,25,10,4,2,0,22,13,0,6,3,1
e3dfd2fa-9c8f-5352-a7d8-430377762e57,cn_k12,30,12,3,5,6,0,69,34,24,71,18,12
60ef2d32-e4c4-55d7-850d-9176ec311ae8,olympiads,58,27,2,65,31,26,8,2,0,5,3,1
68858a6d-ab44-570e-8b14-de82dd58fc5e,olympiads_ref,23,11,5,1,2,1,30,10,9,1,2,1
d5eb0957-677d-5159-af3c-dfef9610d2d5,math_test,66,30,19,3,4,2,30,16,4,8,7,5
812bbef8-f380-5172-9304-4eee4eedac12,olympiads_ref,62,64,16,34,17,14,44,20,8,34,19,17
44c4e680-19f0-5085-8351-662a4727122e,olympiads,37,12,5,53,5,2,47,24,23,14,5,4
02c12297-41dd-5e28-b8be-28a958ce5972,math_train,57,35,16,11,8,5,29,18,7,2,2,0
a175bec8-3dda-5d32-b0ac-bbfea3237c26,olympiads,32,15,9,2,2,1,32,14,7,2,2,1
6060cb9a-ba0a-5a48-abac-89720aa6fca3,olympiads,154,78,29,100,20,13,60,33,25,13,8,5
a1746494-bf9e-5894-82aa-68a4eb98af51,olympiads,71,39,26,27,10,6,72,29,24,10,4,1
e7b037a3-12d9-5b7f-ba5b-56dcac5b11a7,olympiads,20,11,1,26,6,3,61,26,12,79,4,1
e868a33f-362e-55f5-ae8b-c2602f2da59e,number_theory,34,18,3,6,3,2,34,18,3,6,3,2
fb1cee34-64f2-5744-bd08-5d3a9fc6bb69,olympiads,23,15,2,15,6,5,27,14,4,5,4,3
488f82c8-bc6b-547d-aac2-81f4306d42b8,cn_k12,47,33,6,17,13,11,71,27,33,63,13,8
dafdedc0-51a1-54e6-8754-a8d08f6e8d1c,olympiads,13,5,0,3,3,1,27,11,5,1,2,0
2088139e-5e11-5c76-bd89-1afb9db15c8b,olympiads_ref,9,7,0,1,3,1,19,9,2,8,5,3
9e367d1c-da92-59ac-a849-c3d22665bd77,number_theory,57,40,11,29,14,12,82,41,28,49,14,12
6221e29f-c54f-52af-8965-e66661411267,number_theory,22,14,0,15,14,12,50,23,12,20,11,9
4a2c5fbe-f996-5362-9563-86ee5a61fe51,olympiads,136,61,24,3,2,1,106,55,23,4,2,1
ce57feac-db51-5aee-9e7c-94dbbfaf5298,math_test,51,26,5,18,10,3,53,24,18,21,12,8
d7f14a59-7834-5c9f-9975-0628e83b06c0,cn_k12,10,4,2,2,5,0,39,18,12,4,6,1
daf50f9f-06ef-5aea-9fbd-20b0945b5154,number_theory,28,23,5,16,9,7,65,25,16,12,7,5
42f5ee46-7d9a-5521-a1c6-756b0cd140e8,olympiads,65,39,9,8,4,1,27,12,7,4,3,0
1d2ee71a-e9a3-50dd-b703-2fdf58db03d7,secondary_math,221,120,23,29,9,4,156,80,37,16,9,6
3fa78c24-13f5-51f0-ac7c-5c10075d141f,olympiads_ref,78,22,2,3,4,3,47,36,0,3,4,3
572dc7d4-ad2e-5d9f-8916-ef9ccc093b92,math_train,9,6,4,6,3,0,22,7,6,9,4,1
637c5664-3836-55cf-806c-530123061c62,olympiads,2,0,0,2,2,1,6,2,0,2,2,1
0f59ff94-c01f-5e8e-b8e7-600795769948,math_test,20,11,2,5,5,3,24,5,1,5,4,2
c2e706ca-83a1-5ebf-beb6-3b0c3b5dc5a6,olympiads,33,14,1,7,6,2,92,48,26,10,4,0
50fab0e3-c2e5-5cac-b019-e56c2c335951,number_theory,70,53,11,35,19,14,70,53,11,35,19,14
e465e991-5d44-5382-867f-80936e91101d,secondary_math,72,41,20,5,4,2,68,31,17,3,4,2
fd4d972b-78ac-52e4-b560-8a7326eabab7,math_test,44,24,2,21,10,7,25,9,5,5,6,4
68e74a3f-8837-55db-b2be-274368cf9760,cn_k12,11,13,0,2,11,1,25,11,4,3,12,2
93216ac7-f994-58d1-82c3-9f5ce3ff029e,secondary_math,46,13,20,3,4,3,25,13,13,3,4,3
b436ba17-0371-5945-aa16-d0635abc0f59,number_theory,24,17,3,17,9,8,126,52,53,74,9,8
0fc81044-f7a7-517d-9bb2-ebaae9db4958,olympiads_ref,53,23,7,4,4,2,18,6,4,1,2,0
860f8b61-f904-5c99-ae68-dfab43f37d14,aops_forum,7,4,0,5,5,2,14,7,1,1,2,0
8738a831-47cb-5a59-a30f-cc0988eedcdf,secondary_math,71,28,27,5,5,3,41,18,16,3,3,1
fe5dc206-f47b-571d-85ae-c49f60799763,inequalities,107,64,14,20,14,9,111,57,31,140,24,19
84f2f9d6-c43b-597a-8b74-982463a41474,olympiads_ref,19,8,0,2,2,0,20,8,4,1,2,0
669795ae-b860-5b3e-8b45-6a4c2d0f9bd3,math_train,54,32,19,11,10,7,10,3,3,4,5,2
f0d63a08-697e-5c54-9ced-a518041128fd,number_theory,13,5,3,9,9,5,35,14,13,26,12,10
e7fd21d0-26f2-58af-a724-c9f828f8f060,math_train,12,5,0,17,19,10,10,6,0,19,22,13
6d779213-7ee0-59ea-befe-a47b15485174,olympiads,33,19,3,6,6,4,85,26,36,4,5,3
9fe07ea2-1fd6-5e1f-8489-287fe5fa2cae,number_theory,12,5,0,2,3,2,26,11,3,2,3,2
8b9edf95-7cf4-5e84-99e5-b6c425cc941c,cn_k12,22,6,0,15,5,4,25,7,0,14,5,4
5b7cf76b-4592-5c94-a634-7f6d1ab412e5,math_test,23,14,4,4,5,3,29,12,9,1,2,0
2f8f4d5e-66e8-5ff4-8d62-ee5bcf8c2ccc,olympiads,27,15,10,11,8,3,43,17,11,11,8,3
91fe7774-092c-5962-bac1-1c3d54e7fb69,olympiads_ref,25,13,4,1,3,1,37,19,15,11,7,5
dce6bbbe-b913-5d0a-a144-5464a1d7e963,olympiads_ref,91,70,9,16,2,0,23,11,5,8,3,1
27a41389-cd3c-5aef-aa28-05cc8542ee58,secondary_math,9,3,1,7,6,5,59,44,1,15,7,6
31692a4f-93d7-5712-a9e5-a1b0e38571da,amc_aime,6,1,0,1,2,0,23,10,8,1,2,0
e38bc8a1-e8ce-556e-98a8-8f534652d58e,olympiads,62,38,27,1,2,1,48,28,23,1,2,1
1fd113f9-4158-53a9-92d6-7a5c0ac5c6bf,unknown,16,9,3,6,4,3,16,9,3,6,4,3
8e1aeab1-c3b1-5211-8f9a-3dd0f752ffa7,secondary_math,51,27,25,62,16,15,44,24,14,58,15,14
bc195e47-e08c-5aa7-bb7e-9b645a939cd9,aops_forum,14,7,0,1,5,0,17,8,0,1,5,0
fc2786b4-ca9c-5321-9e5c-bf991cda2e59,amc_aime,5,2,0,3,2,1,23,8,4,9,4,3
a2697392-afc1-5762-84da-c434a5d5ef5f,math_test,56,21,3,20,7,5,8,5,0,6,5,3
57d1642d-fef8-515e-bf6d-3e3d2890793c,amc_aime,221,142,17,99,19,15,52,27,12,22,7,4
17f687cb-e7dd-57c9-9e86-324e266427d8,cn_k12,53,40,12,5,6,3,50,39,12,5,7,4
f1f5de69-3c48-5c28-ae22-b468f664713f,olympiads_ref,154,83,20,23,11,10,88,35,29,25,10,9
ec7d4dc8-d4ac-56b3-92e9-fb601054a931,olympiads,58,44,7,52,36,35,7,4,0,2,3,2
5702a23c-41b6-50e1-b8d6-b8f94d7479b8,secondary_math,63,36,4,15,7,6,53,25,16,51,7,6
edfc7430-5cc1-5702-9b0f-b9545a220724,inequalities,20,5,4,8,4,3,14,1,2,9,4,3
dd19603f-7291-529e-85b6-0255a2960d9a,math_train,6,9,0,6,5,1,19,8,4,29,17,13
63780cf1-a4d3-55da-9f19-b7e066a4400c,olympiads,55,24,11,137,12,11,38,6,8,73,5,4
f7c42624-d602-5467-946a-cb66bfa880fe,olympiads,19,10,1,3,2,1,33,17,4,5,2,1
ce354bfd-d243-551d-8c03-0a4c5b25860c,cn_k12,40,22,2,15,6,1,55,33,10,8,6,1
2c06ebcc-902c-5ef7-a746-dff2baedf651,aops_forum,6,0,0,4,4,1,10,0,1,6,4,1
fde35d75-c860-541a-ad65-cf8757c97788,amc_aime,4,2,0,4,5,4,3,1,0,1,2,1
db1d04db-9f7d-5d73-a4ff-b66980a779f2,aops_forum,8,5,4,8,5,2,23,12,10,14,4,2
090e1b97-2872-549b-a7c8-85b85ed04f39,amc_aime,34,25,1,17,11,7,105,45,30,28,15,13
0b56228b-698a-5479-9ddb-5bb72668f070,cn_k12,43,35,9,6,6,4,67,32,17,9,6,5
55ff870c-9eaa-5d1c-86a0-bf607ce45b1c,olympiads,137,70,43,13,4,1,99,43,23,10,9,7
00c3ecd5-5bd9-5220-a379-835548ee6890,math_test,23,8,2,34,18,6,51,28,5,33,14,6
413c39fe-ccec-56ff-a349-a85ce6ffbc3e,cn_k12,17,12,1,9,11,7,45,21,10,7,7,3
cac3003e-c18b-5548-b66a-2b4c9b1b033d,olympiads,9,4,1,19,7,6,9,4,1,20,8,7
f1d5add7-4b1e-5273-9ed7-770854649b1b,olympiads_ref,8,5,1,7,10,7,2,0,0,2,5,2
545734f8-5cf6-5879-9caa-cd07cce6c661,amc_aime,37,21,10,26,18,15,25,9,10,8,3,1
35fa6fbf-75b5-501a-b536-6a0ef83f4888,amc_aime,32,23,3,25,17,12,51,23,17,14,11,6
496aea54-6560-5649-899f-6ce56782d91d,number_theory,17,0,0,4,3,1,17,0,0,4,3,1
78adfd7a-27b8-52d1-bebe-593285686e31,olympiads,16,12,9,3,4,3,60,27,28,6,6,5
53c8fe31-c62c-59a8-995d-3ccd1535d0f1,olympiads_ref,50,25,9,5,6,3,76,37,23,6,7,4
ca95be8a-0be7-5228-8d22-08eb7dace93b,number_theory,16,10,0,11,7,5,53,25,16,12,8,6
59164349-6ccf-5600-a693-4acd8c791cf8,olympiads,71,47,18,9,13,9,73,32,24,8,7,3
5716b25c-46d9-5224-9185-81e4a4f0dd15,math_test,43,20,2,1,2,1,50,20,13,5,5,4
51d5ae20-3178-5943-9a6c-82e9980d8043,number_theory,26,19,6,1,3,1,51,20,13,5,5,3
3eb459a8-cc97-5a8b-aff3-7de562e7ba7f,olympiads_ref,137,72,18,50,19,11,48,13,13,12,3,0
95f6ebd4-392d-5585-8930-c66629714f32,secondary_math,59,34,5,6,7,2,72,34,6,6,9,4
11fd7bac-3e3f-5421-8605-3993ee37de72,number_theory,18,16,0,12,4,1,18,16,0,12,4,1
cc62a034-07cb-5731-840b-cbffb5d778c7,olympiads_ref,35,12,5,2,5,1,27,12,8,7,7,3
28a22216-4c54-5de2-853c-b40542b9fea6,math_train,55,25,7,32,9,4,64,35,11,28,7,2
f3be9113-8517-5292-a82f-26b1c43644be,math_test,44,21,10,12,8,6,40,15,15,1,2,0
e2613b27-f626-543a-ad37-91e873759f47,olympiads_ref,48,19,8,32,7,6,2,0,0,2,2,1
5a4c90a1-b451-5bb5-b494-984e6192aa11,olympiads_ref,69,46,10,13,12,6,140,57,36,38,8,3
b9b42076-5e49-57c9-b437-c3aa70c58ad1,math_test,9,4,0,3,4,3,34,17,8,6,7,6
f4b1f0c5-6441-50d5-8f50-466ada95b77a,secondary_math,82,39,29,12,7,5,58,28,15,22,6,4
32d44a7f-27d3-5e78-9e32-3100a27777bb,olympiads_ref,19,8,3,1,2,0,28,16,8,1,2,0
8dc0b943-9f7b-5ef7-8233-d1edd713b547,cn_k12,110,56,24,6,8,2,84,45,22,14,12,6
36a4c8b8-7dfe-5eca-a8db-e8790ea8da21,olympiads,10,5,1,3,4,2,42,16,8,7,5,3
a0e4b1be-7b74-5c22-a838-e6c3f2d74ed2,math_test,25,14,5,8,4,3,10,7,3,10,3,2
a9f36aa2-03f5-54fe-b339-49470cf1c50c,math_train,19,11,2,1,2,1,47,23,8,5,5,4
fc46994b-c554-5158-9f3c-649e41c3f435,math_test,5,3,0,13,6,2,13,4,4,24,16,12
c7e34a60-d592-5873-ae99-2f3c98abf1c5,olympiads_ref,69,36,1,29,6,4,56,30,12,56,6,4
ce1f2017-b7a4-57b1-b712-b4929182c112,aops_forum,54,58,11,36,31,23,59,56,11,35,29,21
fa0bec2a-2818-5f17-b852-2eb17e3e53af,math_test,30,13,9,13,9,6,54,29,12,21,8,5
b06aa000-482e-54a7-9a63-bfbcdd4bbad3,olympiads_ref,11,5,2,7,5,4,33,12,10,25,9,8
5fac4612-b9bb-5205-a3b0-f51de9fa515c,olympiads_ref,2,0,0,3,2,1,21,7,0,3,2,1
a31ae240-404b-5f7c-8121-a9ab06c072a3,cn_k12,16,9,0,1,3,1,34,17,11,3,4,2
41a14c6c-4b9a-50b1-b55a-f3e85d67d88e,math_test,88,63,21,56,29,26,113,40,28,16,9,7
219b6cbe-fc2b-525b-9a40-7f316aeb51d2,math_train,26,22,6,11,10,8,46,24,16,1,2,0
f7ccc7ae-1a13-522f-a162-602b9199298b,olympiads_ref,28,13,3,5,3,0,12,3,2,1,2,0
631baaf3-aff9-52a6-9c2b-ba8bea7b0c43,olympiads,73,34,18,6,4,1,67,32,15,6,4,1
8b811b71-387e-5953-8076-892741e4209a,amc_aime,37,24,8,48,29,26,42,18,11,1,2,0
c674a3aa-5e49-5007-a756-029ea1518ab4,math_test,20,9,2,1,2,0,11,5,1,13,3,1
a152fcb1-ac4d-58a6-83a7-381a1857f013,olympiads,13,7,6,1,2,1,22,9,11,1,2,1
0d8074dd-6411-56bd-b3b8-ea28bc019e60,olympiads,2,0,0,1,2,1,2,0,0,1,2,1
38baa893-72c3-5f05-8397-4e5cff4e6326,olympiads_ref,56,51,3,17,6,5,109,56,18,69,6,5
dedba2e1-2d5c-5b3a-aa7e-dd2462749f11,number_theory,44,19,12,13,6,3,52,21,15,14,7,4
2c4edb5a-7b94-5ee1-9fc0-a4717b29c4ef,amc_aime,11,6,0,3,4,2,9,3,1,1,2,0
cd6e37be-c228-50e3-a3df-83bd08545119,cn_k12,25,16,8,31,6,3,21,14,2,16,6,5
a84ef6f9-77c9-577c-8fe2-7e240d777c80,amc_aime,34,28,1,10,8,6,57,30,12,7,5,3
cea6b339-ce75-58b3-9a68-0862063105f5,cn_k12,13,12,2,4,7,3,25,10,7,14,8,4
15a94d79-2f68-5179-ac48-84ebcce56f84,cn_k12,115,70,26,40,24,16,49,24,16,15,10,4
eabc1c29-88cc-5548-b9f2-76cb45cc13b8,math_train,47,30,5,7,6,4,20,9,6,5,6,4
5eff9412-5648-5084-8980-293f9eed71fe,math_test,103,126,22,68,8,3,47,16,1,26,13,8
1d99af92-c32d-5a57-ab23-507128ff5989,cn_k12,49,31,11,5,5,4,28,16,6,14,5,4
5eff96a2-a0a9-5050-9c38-25d4e744c770,cn_k12,25,19,1,2,4,2,95,46,32,7,6,4
4d17ca63-4a60-54fa-b409-de1dba397032,amc_aime,14,10,6,1,3,1,2,0,0,1,3,1
326a8dc3-3e58-5de0-a14f-93c07d3900a3,cn_contest,61,24,25,18,8,6,33,11,9,13,6,5
eca058c6-7f02-5a0a-bb9f-33c2aaa9ce00,number_theory,35,23,3,15,11,10,59,25,13,8,8,7
f6743d4f-3593-510f-8826-408c9897826a,amc_aime,14,12,2,6,6,3,23,10,8,17,6,3
70d2a8c0-76c0-5c9b-a44e-11b5e1db3e17,olympiads_ref,15,7,1,11,10,8,2,0,0,2,3,1
41e91fd1-7790-52c3-b8da-27cfbf560b9c,math_train,44,24,10,53,13,8,26,17,3,37,8,3
ac19db89-c18b-5376-a7c1-366175805691,number_theory,17,11,0,7,7,3,15,6,2,18,8,4
8c6573c6-a785-5e57-8c73-d78b71e79baa,olympiads,28,16,8,1,2,1,63,29,12,7,5,4
8bea0ba4-b6ed-5781-845d-b2a3689182d2,number_theory,2,0,0,3,3,1,2,0,0,3,3,1
ff426e34-a777-5f0f-8858-fce4a2d88704,number_theory,2,0,0,3,3,1,2,0,0,3,3,1
