corpus,name,schema,constructor,positive_nodes
Coq root values,Alt_PI_eq,all normalized constructors,App,3812
Coq root values,Alt_PI_eq,all normalized constructors,Pi,215
Coq root values,Alt_PI_eq,all normalized constructors,Lam,238
Coq root values,Alt_PI_eq,all normalized constructors,Coq:CaseMatch,12
Coq root values,Alt_PI_eq,all normalized constructors,Let,233
Coq root values,Alt_PI_eq,all normalized constructors,Cast,124
Coq root values,Alt_PI_eq,all normalized constructors,Coq:CaseBranches,12
Coq root values,Alt_PI_eq,all normalized constructors,Coq:Case,12
Coq root values,Alt_PI_eq,all normalized constructors,Coq:Sort,1
Coq root values,Alt_PI_eq,shared binary core,App,3812
Coq root values,Alt_PI_eq,shared binary core,Pi,215
Coq root values,Alt_PI_eq,shared binary core,Lam,238
Coq root values,Alt_PI_eq,shared binary core,Let,233
Coq root values,Bertrand,all normalized constructors,App,916
Coq root values,Bertrand,all normalized constructors,Lam,38
Coq root values,Bertrand,all normalized constructors,Coq:CaseMatch,2
Coq root values,Bertrand,all normalized constructors,Pi,12
Coq root values,Bertrand,all normalized constructors,Cast,23
Coq root values,Bertrand,all normalized constructors,Let,18
Coq root values,Bertrand,all normalized constructors,Coq:Sort,1
Coq root values,Bertrand,all normalized constructors,Coq:CaseBranches,2
Coq root values,Bertrand,all normalized constructors,Coq:Case,2
Coq root values,Bertrand,shared binary core,App,916
Coq root values,Bertrand,shared binary core,Lam,38
Coq root values,Bertrand,shared binary core,Pi,12
Coq root values,Bertrand,shared binary core,Let,18
Coq root values,CSB,all normalized constructors,Coq:Sort,1
Coq root values,CSB,all normalized constructors,Pi,2
Coq root values,CSB,all normalized constructors,App,45
Coq root values,CSB,all normalized constructors,Lam,7
Coq root values,CSB,shared binary core,Pi,2
Coq root values,CSB,shared binary core,App,45
Coq root values,CSB,shared binary core,Lam,7
Coq root values,Cardan_Tartaglia,all normalized constructors,App,6221
Coq root values,Cardan_Tartaglia,all normalized constructors,Pi,263
Coq root values,Cardan_Tartaglia,all normalized constructors,Cast,231
Coq root values,Cardan_Tartaglia,all normalized constructors,Lam,273
Coq root values,Cardan_Tartaglia,all normalized constructors,Let,337
Coq root values,Cardan_Tartaglia,all normalized constructors,Coq:Sort,2
Coq root values,Cardan_Tartaglia,all normalized constructors,Coq:CaseMatch,2
Coq root values,Cardan_Tartaglia,all normalized constructors,Coq:CaseBranches,1
Coq root values,Cardan_Tartaglia,all normalized constructors,Coq:Case,2
Coq root values,Cardan_Tartaglia,shared binary core,App,6221
Coq root values,Cardan_Tartaglia,shared binary core,Pi,263
Coq root values,Cardan_Tartaglia,shared binary core,Lam,273
Coq root values,Cardan_Tartaglia,shared binary core,Let,337
Coq root values,Cauchy_Schwarz_inequality,all normalized constructors,App,1265
Coq root values,Cauchy_Schwarz_inequality,all normalized constructors,Lam,96
Coq root values,Cauchy_Schwarz_inequality,all normalized constructors,Cast,34
Coq root values,Cauchy_Schwarz_inequality,all normalized constructors,Let,44
Coq root values,Cauchy_Schwarz_inequality,all normalized constructors,Pi,9
Coq root values,Cauchy_Schwarz_inequality,all normalized constructors,Coq:Sort,1
Coq root values,Cauchy_Schwarz_inequality,shared binary core,App,1265
Coq root values,Cauchy_Schwarz_inequality,shared binary core,Lam,96
Coq root values,Cauchy_Schwarz_inequality,shared binary core,Let,44
Coq root values,Cauchy_Schwarz_inequality,shared binary core,Pi,9
Coq root values,Cayley_Hamilton,all normalized constructors,App,653
Coq root values,Cayley_Hamilton,all normalized constructors,Pi,73
Coq root values,Cayley_Hamilton,all normalized constructors,Lam,53
Coq root values,Cayley_Hamilton,all normalized constructors,Let,1
Coq root values,Cayley_Hamilton,all normalized constructors,Cast,1
Coq root values,Cayley_Hamilton,all normalized constructors,Coq:CaseMatch,3
Coq root values,Cayley_Hamilton,all normalized constructors,Coq:CaseBranches,3
Coq root values,Cayley_Hamilton,all normalized constructors,Coq:Case,3
Coq root values,Cayley_Hamilton,all normalized constructors,Coq:Sort,1
Coq root values,Cayley_Hamilton,shared binary core,App,653
Coq root values,Cayley_Hamilton,shared binary core,Pi,73
Coq root values,Cayley_Hamilton,shared binary core,Lam,53
Coq root values,Cayley_Hamilton,shared binary core,Let,1
Coq root values,Ceva,all normalized constructors,App,1366
Coq root values,Ceva,all normalized constructors,Pi,49
Coq root values,Ceva,all normalized constructors,Let,64
Coq root values,Ceva,all normalized constructors,Lam,88
Coq root values,Ceva,all normalized constructors,Coq:Sort,1
Coq root values,Ceva,all normalized constructors,Cast,19
Coq root values,Ceva,shared binary core,App,1366
Coq root values,Ceva,shared binary core,Pi,49
Coq root values,Ceva,shared binary core,Let,64
Coq root values,Ceva,shared binary core,Lam,88
Coq root values,Desargues,all normalized constructors,App,1464
Coq root values,Desargues,all normalized constructors,Let,58
Coq root values,Desargues,all normalized constructors,Pi,51
Coq root values,Desargues,all normalized constructors,Lam,88
Coq root values,Desargues,all normalized constructors,Coq:CaseMatch,1
Coq root values,Desargues,all normalized constructors,Coq:Sort,1
Coq root values,Desargues,all normalized constructors,Cast,19
Coq root values,Desargues,all normalized constructors,Coq:CaseBranches,1
Coq root values,Desargues,all normalized constructors,Coq:Case,1
Coq root values,Desargues,shared binary core,App,1464
Coq root values,Desargues,shared binary core,Let,58
Coq root values,Desargues,shared binary core,Pi,51
Coq root values,Desargues,shared binary core,Lam,88
Coq root values,Euler_Poincare_criterion,all normalized constructors,App,19
Coq root values,Euler_Poincare_criterion,all normalized constructors,Pi,2
Coq root values,Euler_Poincare_criterion,all normalized constructors,Lam,2
Coq root values,Euler_Poincare_criterion,shared binary core,App,19
Coq root values,Euler_Poincare_criterion,shared binary core,Pi,2
Coq root values,Euler_Poincare_criterion,shared binary core,Lam,2
Coq root values,Euler_exp_totient,all normalized constructors,App,424
Coq root values,Euler_exp_totient,all normalized constructors,Pi,20
Coq root values,Euler_exp_totient,all normalized constructors,Lam,53
Coq root values,Euler_exp_totient,all normalized constructors,Coq:CaseMatch,3
Coq root values,Euler_exp_totient,all normalized constructors,Coq:CaseBranches,3
Coq root values,Euler_exp_totient,all normalized constructors,Coq:Case,3
Coq root values,Euler_exp_totient,all normalized constructors,Coq:Sort,1
Coq root values,Euler_exp_totient,all normalized constructors,Cast,1
Coq root values,Euler_exp_totient,all normalized constructors,Let,1
Coq root values,Euler_exp_totient,shared binary core,App,424
Coq root values,Euler_exp_totient,shared binary core,Pi,20
Coq root values,Euler_exp_totient,shared binary core,Lam,53
Coq root values,Euler_exp_totient,shared binary core,Let,1
Coq root values,FTA,all normalized constructors,App,47
Coq root values,FTA,all normalized constructors,Lam,7
Coq root values,FTA,shared binary core,App,47
Coq root values,FTA,shared binary core,Lam,7
Coq root values,FTC1,all normalized constructors,App,822
Coq root values,FTC1,all normalized constructors,Pi,70
Coq root values,FTC1,all normalized constructors,Lam,54
Coq root values,FTC1,all normalized constructors,Coq:CaseMatch,1
Coq root values,FTC1,all normalized constructors,Coq:CaseBranches,2
Coq root values,FTC1,all normalized constructors,Coq:Case,2
Coq root values,FTC1,all normalized constructors,Let,6
Coq root values,FTC1,all normalized constructors,Cast,2
Coq root values,FTC1,shared binary core,App,822
Coq root values,FTC1,shared binary core,Pi,70
Coq root values,FTC1,shared binary core,Lam,54
Coq root values,FTC1,shared binary core,Let,6
Coq root values,Goedel_sIncompleteness1st,all normalized constructors,App,111
Coq root values,Goedel_sIncompleteness1st,all normalized constructors,Pi,11
Coq root values,Goedel_sIncompleteness1st,all normalized constructors,Lam,16
Coq root values,Goedel_sIncompleteness1st,all normalized constructors,Coq:CaseMatch,1
Coq root values,Goedel_sIncompleteness1st,all normalized constructors,Coq:CaseBranches,1
Coq root values,Goedel_sIncompleteness1st,all normalized constructors,Coq:Case,1
Coq root values,Goedel_sIncompleteness1st,all normalized constructors,Let,9
Coq root values,Goedel_sIncompleteness1st,all normalized constructors,Cast,3
Coq root values,Goedel_sIncompleteness1st,shared binary core,App,111
Coq root values,Goedel_sIncompleteness1st,shared binary core,Pi,11
Coq root values,Goedel_sIncompleteness1st,shared binary core,Lam,16
Coq root values,Goedel_sIncompleteness1st,shared binary core,Let,9
Coq root values,IVT_cor,all normalized constructors,Pi,3
Coq root values,IVT_cor,all normalized constructors,App,412
Coq root values,IVT_cor,all normalized constructors,Lam,65
Coq root values,IVT_cor,all normalized constructors,Coq:CaseMatch,9
Coq root values,IVT_cor,all normalized constructors,Let,15
Coq root values,IVT_cor,all normalized constructors,Coq:CaseBranches,10
Coq root values,IVT_cor,all normalized constructors,Coq:Case,10
Coq root values,IVT_cor,all normalized constructors,Cast,2
Coq root values,IVT_cor,shared binary core,Pi,3
Coq root values,IVT_cor,shared binary core,App,412
Coq root values,IVT_cor,shared binary core,Lam,65
Coq root values,IVT_cor,shared binary core,Let,15
Coq root values,Lagrange,all normalized constructors,App,90
Coq root values,Lagrange,all normalized constructors,Lam,10
Coq root values,Lagrange,all normalized constructors,Coq:Sort,1
Coq root values,Lagrange,all normalized constructors,Coq:CaseMatch,1
Coq root values,Lagrange,all normalized constructors,Coq:CaseBranches,1
Coq root values,Lagrange,all normalized constructors,Coq:Case,1
Coq root values,Lagrange,all normalized constructors,Pi,1
Coq root values,Lagrange,all normalized constructors,Cast,1
Coq root values,Lagrange,shared binary core,App,90
Coq root values,Lagrange,shared binary core,Lam,10
Coq root values,Lagrange,shared binary core,Pi,1
Coq root values,Law_of_the_Mean,all normalized constructors,App,827
Coq root values,Law_of_the_Mean,all normalized constructors,Lam,69
Coq root values,Law_of_the_Mean,all normalized constructors,Pi,22
Coq root values,Law_of_the_Mean,all normalized constructors,Let,9
Coq root values,Law_of_the_Mean,all normalized constructors,Cast,1
Coq root values,Law_of_the_Mean,shared binary core,App,827
Coq root values,Law_of_the_Mean,shared binary core,Lam,69
Coq root values,Law_of_the_Mean,shared binary core,Pi,22
Coq root values,Law_of_the_Mean,shared binary core,Let,9
Coq root values,Liouville_theorem,all normalized constructors,App,759
Coq root values,Liouville_theorem,all normalized constructors,Pi,4
Coq root values,Liouville_theorem,all normalized constructors,Cast,8
Coq root values,Liouville_theorem,all normalized constructors,Lam,76
Coq root values,Liouville_theorem,all normalized constructors,Coq:CaseMatch,14
Coq root values,Liouville_theorem,all normalized constructors,Coq:Sort,2
Coq root values,Liouville_theorem,all normalized constructors,Coq:CaseBranches,15
Coq root values,Liouville_theorem,all normalized constructors,Coq:Case,15
Coq root values,Liouville_theorem,all normalized constructors,Let,5
Coq root values,Liouville_theorem,shared binary core,App,759
Coq root values,Liouville_theorem,shared binary core,Pi,4
Coq root values,Liouville_theorem,shared binary core,Lam,76
Coq root values,Liouville_theorem,shared binary core,Let,5
Coq root values,Pigeonhole,all normalized constructors,Coq:Sort,1
Coq root values,Pigeonhole,all normalized constructors,App,49
Coq root values,Pigeonhole,all normalized constructors,Pi,9
Coq root values,Pigeonhole,all normalized constructors,Lam,12
Coq root values,Pigeonhole,all normalized constructors,Let,1
Coq root values,Pigeonhole,all normalized constructors,Cast,1
Coq root values,Pigeonhole,shared binary core,App,49
Coq root values,Pigeonhole,shared binary core,Pi,9
Coq root values,Pigeonhole,shared binary core,Lam,12
Coq root values,Pigeonhole,shared binary core,Let,1
Coq root values,Q_countable,all normalized constructors,App,155
Coq root values,Q_countable,all normalized constructors,Lam,45
Coq root values,Q_countable,all normalized constructors,Coq:CaseMatch,10
Coq root values,Q_countable,all normalized constructors,Pi,7
Coq root values,Q_countable,all normalized constructors,Coq:CaseBranches,12
Coq root values,Q_countable,all normalized constructors,Coq:Case,14
Coq root values,Q_countable,all normalized constructors,Let,8
Coq root values,Q_countable,all normalized constructors,Cast,1
Coq root values,Q_countable,shared binary core,App,155
Coq root values,Q_countable,shared binary core,Lam,45
Coq root values,Q_countable,shared binary core,Pi,7
Coq root values,Q_countable,shared binary core,Let,8
Coq root values,Quadratic_reciprocity,all normalized constructors,App,14169
Coq root values,Quadratic_reciprocity,all normalized constructors,Lam,3285
Coq root values,Quadratic_reciprocity,all normalized constructors,Coq:CaseMatch,26
Coq root values,Quadratic_reciprocity,all normalized constructors,Pi,606
Coq root values,Quadratic_reciprocity,all normalized constructors,Cast,135
Coq root values,Quadratic_reciprocity,all normalized constructors,Coq:CaseBranches,24
Coq root values,Quadratic_reciprocity,all normalized constructors,Coq:Case,27
Coq root values,Quadratic_reciprocity,all normalized constructors,Let,184
Coq root values,Quadratic_reciprocity,all normalized constructors,Coq:Sort,3
Coq root values,Quadratic_reciprocity,shared binary core,App,14169
Coq root values,Quadratic_reciprocity,shared binary core,Lam,3285
Coq root values,Quadratic_reciprocity,shared binary core,Pi,606
Coq root values,Quadratic_reciprocity,shared binary core,Let,184
Coq root values,Strict_Rel_is_Strict_Included,all normalized constructors,Coq:Sort,1
Coq root values,Strict_Rel_is_Strict_Included,all normalized constructors,App,23
Coq root values,Strict_Rel_is_Strict_Included,all normalized constructors,Lam,7
Coq root values,Strict_Rel_is_Strict_Included,all normalized constructors,Cast,3
Coq root values,Strict_Rel_is_Strict_Included,shared binary core,App,23
Coq root values,Strict_Rel_is_Strict_Included,shared binary core,Lam,7
Coq root values,Sylow_s_theorem,all normalized constructors,App,3670
Coq root values,Sylow_s_theorem,all normalized constructors,Lam,518
Coq root values,Sylow_s_theorem,all normalized constructors,Pi,277
Coq root values,Sylow_s_theorem,all normalized constructors,Coq:Sort,1
Coq root values,Sylow_s_theorem,all normalized constructors,Coq:CaseMatch,27
Coq root values,Sylow_s_theorem,all normalized constructors,Coq:CaseBranches,34
Coq root values,Sylow_s_theorem,all normalized constructors,Coq:Case,40
Coq root values,Sylow_s_theorem,all normalized constructors,Cast,24
Coq root values,Sylow_s_theorem,all normalized constructors,Let,5
Coq root values,Sylow_s_theorem,shared binary core,App,3670
Coq root values,Sylow_s_theorem,shared binary core,Lam,518
Coq root values,Sylow_s_theorem,shared binary core,Pi,277
Coq root values,Sylow_s_theorem,shared binary core,Let,5
Coq root values,Taylor,all normalized constructors,App,747
Coq root values,Taylor,all normalized constructors,Pi,13
Coq root values,Taylor,all normalized constructors,Let,8
Coq root values,Taylor,all normalized constructors,Lam,47
Coq root values,Taylor,all normalized constructors,Cast,7
Coq root values,Taylor,shared binary core,App,747
Coq root values,Taylor,shared binary core,Pi,13
Coq root values,Taylor,shared binary core,Let,8
Coq root values,Taylor,shared binary core,Lam,47
Coq root values,Wilson,all normalized constructors,App,4345
Coq root values,Wilson,all normalized constructors,Lam,625
Coq root values,Wilson,all normalized constructors,Pi,97
Coq root values,Wilson,all normalized constructors,Cast,23
Coq root values,Wilson,all normalized constructors,Coq:Sort,1
Coq root values,Wilson,all normalized constructors,Coq:CaseMatch,15
Coq root values,Wilson,all normalized constructors,Coq:CaseBranches,19
Coq root values,Wilson,all normalized constructors,Coq:Case,20
Coq root values,Wilson,all normalized constructors,Let,12
Coq root values,Wilson,shared binary core,App,4345
Coq root values,Wilson,shared binary core,Lam,625
Coq root values,Wilson,shared binary core,Pi,97
Coq root values,Wilson,shared binary core,Let,12
Coq root values,Zis_gcd_bezout,all normalized constructors,App,173
Coq root values,Zis_gcd_bezout,all normalized constructors,Lam,16
Coq root values,Zis_gcd_bezout,all normalized constructors,Let,3
Coq root values,Zis_gcd_bezout,all normalized constructors,Cast,2
Coq root values,Zis_gcd_bezout,shared binary core,App,173
Coq root values,Zis_gcd_bezout,shared binary core,Lam,16
Coq root values,Zis_gcd_bezout,shared binary core,Let,3
Coq root values,bertrand_ballot,all normalized constructors,App,1523
Coq root values,bertrand_ballot,all normalized constructors,Lam,227
Coq root values,bertrand_ballot,all normalized constructors,Coq:CaseMatch,27
Coq root values,bertrand_ballot,all normalized constructors,Coq:CaseBranches,29
Coq root values,bertrand_ballot,all normalized constructors,Coq:Case,29
Coq root values,bertrand_ballot,all normalized constructors,Pi,26
Coq root values,bertrand_ballot,all normalized constructors,Cast,17
Coq root values,bertrand_ballot,all normalized constructors,Coq:Sort,2
Coq root values,bertrand_ballot,all normalized constructors,Let,28
Coq root values,bertrand_ballot,all normalized constructors,Coq:Functions,6
Coq root values,bertrand_ballot,all normalized constructors,Coq:Fix,6
Coq root values,bertrand_ballot,shared binary core,App,1523
Coq root values,bertrand_ballot,shared binary core,Lam,227
Coq root values,bertrand_ballot,shared binary core,Pi,26
Coq root values,bertrand_ballot,shared binary core,Let,28
Coq root values,binomial,all normalized constructors,App,1990
Coq root values,binomial,all normalized constructors,Lam,152
Coq root values,binomial,all normalized constructors,Let,71
Coq root values,binomial,all normalized constructors,Cast,43
Coq root values,binomial,all normalized constructors,Pi,10
Coq root values,binomial,shared binary core,App,1990
Coq root values,binomial,shared binary core,Lam,152
Coq root values,binomial,shared binary core,Let,71
Coq root values,binomial,shared binary core,Pi,10
Coq root values,birthday_paradox,all normalized constructors,App,490
Coq root values,birthday_paradox,all normalized constructors,Pi,5
Coq root values,birthday_paradox,all normalized constructors,Lam,10
Coq root values,birthday_paradox,all normalized constructors,Coq:CaseMatch,1
Coq root values,birthday_paradox,all normalized constructors,Coq:CaseBranches,1
Coq root values,birthday_paradox,all normalized constructors,Coq:Case,1
Coq root values,birthday_paradox,all normalized constructors,Let,2
Coq root values,birthday_paradox,all normalized constructors,Cast,1
Coq root values,birthday_paradox,shared binary core,App,490
Coq root values,birthday_paradox,shared binary core,Pi,5
Coq root values,birthday_paradox,shared binary core,Lam,10
Coq root values,birthday_paradox,shared binary core,Let,2
Coq root values,card_powerset,all normalized constructors,App,651
Coq root values,card_powerset,all normalized constructors,Cast,4
Coq root values,card_powerset,all normalized constructors,Lam,83
Coq root values,card_powerset,all normalized constructors,Pi,32
Coq root values,card_powerset,all normalized constructors,Coq:Sort,1
Coq root values,card_powerset,all normalized constructors,Coq:CaseMatch,2
Coq root values,card_powerset,all normalized constructors,Coq:CaseBranches,2
Coq root values,card_powerset,all normalized constructors,Coq:Case,3
Coq root values,card_powerset,all normalized constructors,Let,2
Coq root values,card_powerset,shared binary core,App,651
Coq root values,card_powerset,shared binary core,Lam,83
Coq root values,card_powerset,shared binary core,Pi,32
Coq root values,card_powerset,shared binary core,Let,2
Coq root values,div3,all normalized constructors,Pi,1
Coq root values,div3,all normalized constructors,App,157
Coq root values,div3,all normalized constructors,Lam,12
Coq root values,div3,all normalized constructors,Let,3
Coq root values,div3,shared binary core,Pi,1
Coq root values,div3,shared binary core,App,157
Coq root values,div3,shared binary core,Lam,12
Coq root values,div3,shared binary core,Let,3
Coq root values,divisors_correct,all normalized constructors,App,3496
Coq root values,divisors_correct,all normalized constructors,Lam,494
Coq root values,divisors_correct,all normalized constructors,Pi,184
Coq root values,divisors_correct,all normalized constructors,Coq:Sort,1
Coq root values,divisors_correct,all normalized constructors,Coq:CaseMatch,18
Coq root values,divisors_correct,all normalized constructors,Coq:CaseBranches,26
Coq root values,divisors_correct,all normalized constructors,Coq:Case,29
Coq root values,divisors_correct,all normalized constructors,Cast,17
Coq root values,divisors_correct,all normalized constructors,Let,1
Coq root values,divisors_correct,shared binary core,App,3496
Coq root values,divisors_correct,shared binary core,Lam,494
Coq root values,divisors_correct,shared binary core,Pi,184
Coq root values,divisors_correct,shared binary core,Let,1
Coq root values,edivpP,all normalized constructors,App,123
Coq root values,edivpP,all normalized constructors,Lam,10
Coq root values,edivpP,all normalized constructors,Coq:Sort,1
Coq root values,edivpP,all normalized constructors,Coq:CaseMatch,1
Coq root values,edivpP,all normalized constructors,Pi,1
Coq root values,edivpP,all normalized constructors,Coq:CaseBranches,1
Coq root values,edivpP,all normalized constructors,Coq:Case,1
Coq root values,edivpP,shared binary core,App,123
Coq root values,edivpP,shared binary core,Lam,10
Coq root values,edivpP,shared binary core,Pi,1
Coq root values,fun_power_series_conv_IR,all normalized constructors,App,436
Coq root values,fun_power_series_conv_IR,all normalized constructors,Lam,35
Coq root values,fun_power_series_conv_IR,all normalized constructors,Pi,18
Coq root values,fun_power_series_conv_IR,all normalized constructors,Coq:CaseMatch,3
Coq root values,fun_power_series_conv_IR,all normalized constructors,Coq:CaseBranches,3
Coq root values,fun_power_series_conv_IR,all normalized constructors,Coq:Case,3
Coq root values,fun_power_series_conv_IR,all normalized constructors,Let,2
Coq root values,fun_power_series_conv_IR,all normalized constructors,Cast,2
Coq root values,fun_power_series_conv_IR,shared binary core,App,436
Coq root values,fun_power_series_conv_IR,shared binary core,Lam,35
Coq root values,fun_power_series_conv_IR,shared binary core,Pi,18
Coq root values,fun_power_series_conv_IR,shared binary core,Let,2
Coq root values,herron_qin,all normalized constructors,App,3117
Coq root values,herron_qin,all normalized constructors,Lam,161
Coq root values,herron_qin,all normalized constructors,Let,150
Coq root values,herron_qin,all normalized constructors,Cast,56
Coq root values,herron_qin,all normalized constructors,Pi,47
Coq root values,herron_qin,all normalized constructors,Coq:Sort,1
Coq root values,herron_qin,shared binary core,App,3117
Coq root values,herron_qin,shared binary core,Lam,161
Coq root values,herron_qin,shared binary core,Let,150
Coq root values,herron_qin,shared binary core,Pi,47
Coq root values,inclusion_exclusion,all normalized constructors,App,2290
Coq root values,inclusion_exclusion,all normalized constructors,Lam,248
Coq root values,inclusion_exclusion,all normalized constructors,Pi,34
Coq root values,inclusion_exclusion,all normalized constructors,Coq:CaseMatch,66
Coq root values,inclusion_exclusion,all normalized constructors,Cast,58
Coq root values,inclusion_exclusion,all normalized constructors,Coq:Sort,2
Coq root values,inclusion_exclusion,all normalized constructors,Coq:CaseBranches,76
Coq root values,inclusion_exclusion,all normalized constructors,Coq:Case,86
Coq root values,inclusion_exclusion,all normalized constructors,Let,73
Coq root values,inclusion_exclusion,all normalized constructors,Coq:Functions,10
Coq root values,inclusion_exclusion,all normalized constructors,Coq:Fix,10
Coq root values,inclusion_exclusion,shared binary core,App,2290
Coq root values,inclusion_exclusion,shared binary core,Lam,248
Coq root values,inclusion_exclusion,shared binary core,Pi,34
Coq root values,inclusion_exclusion,shared binary core,Let,73
Coq root values,is_hexamy,all normalized constructors,App,87
Coq root values,is_hexamy,all normalized constructors,Let,3
Coq root values,is_hexamy,all normalized constructors,Lam,6
Coq root values,is_hexamy,shared binary core,App,87
Coq root values,is_hexamy,shared binary core,Let,3
Coq root values,is_hexamy,shared binary core,Lam,6
Coq root values,isosceles_conga,all normalized constructors,App,99
Coq root values,isosceles_conga,all normalized constructors,Cast,1
Coq root values,isosceles_conga,all normalized constructors,Lam,8
Coq root values,isosceles_conga,shared binary core,App,99
Coq root values,isosceles_conga,shared binary core,Lam,8
Coq root values,konigsberg_bridges,all normalized constructors,App,44586
Coq root values,konigsberg_bridges,all normalized constructors,Lam,10313
Coq root values,konigsberg_bridges,all normalized constructors,Coq:Sort,1
Coq root values,konigsberg_bridges,all normalized constructors,Coq:CaseMatch,169
Coq root values,konigsberg_bridges,all normalized constructors,Coq:CaseBranches,1270
Coq root values,konigsberg_bridges,all normalized constructors,Coq:Case,1660
Coq root values,konigsberg_bridges,all normalized constructors,Let,671
Coq root values,konigsberg_bridges,all normalized constructors,Pi,8956
Coq root values,konigsberg_bridges,shared binary core,App,44586
Coq root values,konigsberg_bridges,shared binary core,Lam,10313
Coq root values,konigsberg_bridges,shared binary core,Let,671
Coq root values,konigsberg_bridges,shared binary core,Pi,8956
Coq root values,mul_adj_mx,all normalized constructors,App,118
Coq root values,mul_adj_mx,all normalized constructors,Lam,12
Coq root values,mul_adj_mx,shared binary core,App,118
Coq root values,mul_adj_mx,shared binary core,Lam,12
Coq root values,nat_ind,all normalized constructors,Coq:Sort,1
Coq root values,nat_ind,all normalized constructors,Pi,4
Coq root values,nat_ind,all normalized constructors,App,12
Coq root values,nat_ind,all normalized constructors,Lam,6
Coq root values,nat_ind,all normalized constructors,Coq:CaseMatch,1
Coq root values,nat_ind,all normalized constructors,Coq:CaseBranches,1
Coq root values,nat_ind,all normalized constructors,Coq:Case,1
Coq root values,nat_ind,all normalized constructors,Coq:Functions,1
Coq root values,nat_ind,all normalized constructors,Coq:Fix,1
Coq root values,nat_ind,shared binary core,Pi,4
Coq root values,nat_ind,shared binary core,App,12
Coq root values,nat_ind,shared binary core,Lam,6
Coq root values,postulate_of_existence_of_a_triangle_whose_angles_sum_to_two_rights,all normalized constructors,App,28
Coq root values,postulate_of_existence_of_a_triangle_whose_angles_sum_to_two_rights,all normalized constructors,Lam,7
Coq root values,postulate_of_existence_of_a_triangle_whose_angles_sum_to_two_rights,shared binary core,App,28
Coq root values,postulate_of_existence_of_a_triangle_whose_angles_sum_to_two_rights,shared binary core,Lam,7
Coq root values,pytha_thm3,all normalized constructors,App,470
Coq root values,pytha_thm3,all normalized constructors,Lam,50
Coq root values,pytha_thm3,all normalized constructors,Cast,2
Coq root values,pytha_thm3,all normalized constructors,Let,1
Coq root values,pytha_thm3,shared binary core,App,470
Coq root values,pytha_thm3,shared binary core,Lam,50
Coq root values,pytha_thm3,shared binary core,Let,1
Coq root values,pythagoras,all normalized constructors,App,891
Coq root values,pythagoras,all normalized constructors,Lam,170
Coq root values,pythagoras,all normalized constructors,Let,23
Coq root values,pythagoras,all normalized constructors,Cast,2
Coq root values,pythagoras,all normalized constructors,Pi,20
Coq root values,pythagoras,shared binary core,App,891
Coq root values,pythagoras,shared binary core,Lam,170
Coq root values,pythagoras,shared binary core,Let,23
Coq root values,pythagoras,shared binary core,Pi,20
Coq root values,reals_not_countable,all normalized constructors,App,21
Coq root values,reals_not_countable,all normalized constructors,Pi,2
Coq root values,reals_not_countable,all normalized constructors,Lam,3
Coq root values,reals_not_countable,shared binary core,App,21
Coq root values,reals_not_countable,shared binary core,Pi,2
Coq root values,reals_not_countable,shared binary core,Lam,3
Coq root values,triangle,all normalized constructors,App,480
Coq root values,triangle,all normalized constructors,Lam,20
Coq root values,triangle,all normalized constructors,Let,18
Coq root values,triangle,all normalized constructors,Cast,8
Coq root values,triangle,all normalized constructors,Coq:Sort,1
Coq root values,triangle,all normalized constructors,Coq:CaseMatch,1
Coq root values,triangle,all normalized constructors,Coq:CaseBranches,1
Coq root values,triangle,all normalized constructors,Coq:Case,1
Coq root values,triangle,shared binary core,App,480
Coq root values,triangle,shared binary core,Lam,20
Coq root values,triangle,shared binary core,Let,18
Human Lean root values,banach_fixed_point_term,all normalized constructors,App,406
Human Lean root values,banach_fixed_point_term,all normalized constructors,Pi,4
Human Lean root values,banach_fixed_point_term,all normalized constructors,Lam,19
Human Lean root values,banach_fixed_point_term,all normalized constructors,Let,1
Human Lean root values,banach_fixed_point_term,shared binary core,App,406
Human Lean root values,banach_fixed_point_term,shared binary core,Pi,4
Human Lean root values,banach_fixed_point_term,shared binary core,Lam,19
Human Lean root values,banach_fixed_point_term,shared binary core,Let,1
Human Lean root values,basel_problem_term,all normalized constructors,App,1262
Human Lean root values,basel_problem_term,all normalized constructors,Lam,28
Human Lean root values,basel_problem_term,all normalized constructors,Pi,20
Human Lean root values,basel_problem_term,shared binary core,App,1262
Human Lean root values,basel_problem_term,shared binary core,Lam,28
Human Lean root values,basel_problem_term,shared binary core,Pi,20
Human Lean root values,bezout_gcd_term,all normalized constructors,App,194
Human Lean root values,bezout_gcd_term,all normalized constructors,Pi,1
Human Lean root values,bezout_gcd_term,all normalized constructors,Lam,4
Human Lean root values,bezout_gcd_term,all normalized constructors,Let,1
Human Lean root values,bezout_gcd_term,shared binary core,App,194
Human Lean root values,bezout_gcd_term,shared binary core,Pi,1
Human Lean root values,bezout_gcd_term,shared binary core,Lam,4
Human Lean root values,bezout_gcd_term,shared binary core,Let,1
Human Lean root values,binomial_theorem_term,all normalized constructors,App,19
Human Lean root values,binomial_theorem_term,all normalized constructors,Lam,5
Human Lean root values,binomial_theorem_term,shared binary core,App,19
Human Lean root values,binomial_theorem_term,shared binary core,Lam,5
Human Lean root values,cantor_theorem_term,all normalized constructors,App,130
Human Lean root values,cantor_theorem_term,all normalized constructors,Lam,12
Human Lean root values,cantor_theorem_term,all normalized constructors,Pi,1
Human Lean root values,cantor_theorem_term,shared binary core,App,130
Human Lean root values,cantor_theorem_term,shared binary core,Lam,12
Human Lean root values,cantor_theorem_term,shared binary core,Pi,1
Human Lean root values,cayley_hamilton_term,all normalized constructors,App,969
Human Lean root values,cayley_hamilton_term,all normalized constructors,Lam,39
Human Lean root values,cayley_hamilton_term,all normalized constructors,Pi,9
Human Lean root values,cayley_hamilton_term,all normalized constructors,Let,1
Human Lean root values,cayley_hamilton_term,shared binary core,App,969
Human Lean root values,cayley_hamilton_term,shared binary core,Lam,39
Human Lean root values,cayley_hamilton_term,shared binary core,Pi,9
Human Lean root values,cayley_hamilton_term,shared binary core,Let,1
Human Lean root values,divergence_harmonic_term,all normalized constructors,App,399
Human Lean root values,divergence_harmonic_term,all normalized constructors,Lam,19
Human Lean root values,divergence_harmonic_term,all normalized constructors,Pi,3
Human Lean root values,divergence_harmonic_term,shared binary core,App,399
Human Lean root values,divergence_harmonic_term,shared binary core,Lam,19
Human Lean root values,divergence_harmonic_term,shared binary core,Pi,3
Human Lean root values,euclid_infinite_primes_term,all normalized constructors,App,99
Human Lean root values,euclid_infinite_primes_term,all normalized constructors,Let,6
Human Lean root values,euclid_infinite_primes_term,all normalized constructors,Lam,3
Human Lean root values,euclid_infinite_primes_term,shared binary core,App,99
Human Lean root values,euclid_infinite_primes_term,shared binary core,Let,6
Human Lean root values,euclid_infinite_primes_term,shared binary core,Lam,3
Human Lean root values,extreme_value_term,all normalized constructors,App,51
Human Lean root values,extreme_value_term,all normalized constructors,Pi,1
Human Lean root values,extreme_value_term,all normalized constructors,Lam,11
Human Lean root values,extreme_value_term,shared binary core,App,51
Human Lean root values,extreme_value_term,shared binary core,Pi,1
Human Lean root values,extreme_value_term,shared binary core,Lam,11
Human Lean root values,fermat_last_four_term,all normalized constructors,App,407
Human Lean root values,fermat_last_four_term,all normalized constructors,Lam,10
Human Lean root values,fermat_last_four_term,all normalized constructors,Pi,4
Human Lean root values,fermat_last_four_term,shared binary core,App,407
Human Lean root values,fermat_last_four_term,shared binary core,Lam,10
Human Lean root values,fermat_last_four_term,shared binary core,Pi,4
Human Lean root values,fermat_last_three_term,all normalized constructors,App,1235
Human Lean root values,fermat_last_three_term,all normalized constructors,Lam,25
Human Lean root values,fermat_last_three_term,all normalized constructors,Pi,2
Human Lean root values,fermat_last_three_term,all normalized constructors,Let,4
Human Lean root values,fermat_last_three_term,shared binary core,App,1235
Human Lean root values,fermat_last_three_term,shared binary core,Lam,25
Human Lean root values,fermat_last_three_term,shared binary core,Pi,2
Human Lean root values,fermat_last_three_term,shared binary core,Let,4
Human Lean root values,fermat_little_term,all normalized constructors,App,217
Human Lean root values,fermat_little_term,all normalized constructors,Lam,5
Human Lean root values,fermat_little_term,all normalized constructors,Let,1
Human Lean root values,fermat_little_term,shared binary core,App,217
Human Lean root values,fermat_little_term,shared binary core,Lam,5
Human Lean root values,fermat_little_term,shared binary core,Let,1
Human Lean root values,fta_complex_term,all normalized constructors,App,494
Human Lean root values,fta_complex_term,all normalized constructors,Lam,22
Human Lean root values,fta_complex_term,all normalized constructors,Pi,10
Human Lean root values,fta_complex_term,all normalized constructors,Let,1
Human Lean root values,fta_complex_term,shared binary core,App,494
Human Lean root values,fta_complex_term,shared binary core,Lam,22
Human Lean root values,fta_complex_term,shared binary core,Pi,10
Human Lean root values,fta_complex_term,shared binary core,Let,1
Human Lean root values,ftc_term,all normalized constructors,App,218
Human Lean root values,ftc_term,all normalized constructors,Pi,4
Human Lean root values,ftc_term,all normalized constructors,Lam,12
Human Lean root values,ftc_term,shared binary core,App,218
Human Lean root values,ftc_term,shared binary core,Pi,4
Human Lean root values,ftc_term,shared binary core,Lam,12
Human Lean root values,fund_thm_arithmetic_term,all normalized constructors,App,197
Human Lean root values,fund_thm_arithmetic_term,all normalized constructors,Pi,11
Human Lean root values,fund_thm_arithmetic_term,all normalized constructors,Lam,16
Human Lean root values,fund_thm_arithmetic_term,shared binary core,App,197
Human Lean root values,fund_thm_arithmetic_term,shared binary core,Pi,11
Human Lean root values,fund_thm_arithmetic_term,shared binary core,Lam,16
Human Lean root values,intermediate_value_term,all normalized constructors,App,144
Human Lean root values,intermediate_value_term,all normalized constructors,Pi,1
Human Lean root values,intermediate_value_term,all normalized constructors,Lam,14
Human Lean root values,intermediate_value_term,shared binary core,App,144
Human Lean root values,intermediate_value_term,shared binary core,Pi,1
Human Lean root values,intermediate_value_term,shared binary core,Lam,14
Human Lean root values,lagrange_subgroup_term,all normalized constructors,App,83
Human Lean root values,lagrange_subgroup_term,all normalized constructors,Lam,7
Human Lean root values,lagrange_subgroup_term,shared binary core,App,83
Human Lean root values,lagrange_subgroup_term,shared binary core,Lam,7
Human Lean root values,leibniz_pi_term,all normalized constructors,App,2504
Human Lean root values,leibniz_pi_term,all normalized constructors,Lam,69
Human Lean root values,leibniz_pi_term,all normalized constructors,Pi,18
Human Lean root values,leibniz_pi_term,all normalized constructors,Let,6
Human Lean root values,leibniz_pi_term,shared binary core,App,2504
Human Lean root values,leibniz_pi_term,shared binary core,Lam,69
Human Lean root values,leibniz_pi_term,shared binary core,Pi,18
Human Lean root values,leibniz_pi_term,shared binary core,Let,6
Human Lean root values,liouville_term,all normalized constructors,App,1541
Human Lean root values,liouville_term,all normalized constructors,Lam,60
Human Lean root values,liouville_term,all normalized constructors,Pi,9
Human Lean root values,liouville_term,all normalized constructors,Let,2
Human Lean root values,liouville_term,shared binary core,App,1541
Human Lean root values,liouville_term,shared binary core,Lam,60
Human Lean root values,liouville_term,shared binary core,Pi,9
Human Lean root values,liouville_term,shared binary core,Let,2
Human Lean root values,mean_value_term,all normalized constructors,Pi,1
Human Lean root values,mean_value_term,all normalized constructors,App,117
Human Lean root values,mean_value_term,all normalized constructors,Lam,8
Human Lean root values,mean_value_term,shared binary core,Pi,1
Human Lean root values,mean_value_term,shared binary core,App,117
Human Lean root values,mean_value_term,shared binary core,Lam,8
Human Lean root values,mvt2_term,all normalized constructors,Pi,3
Human Lean root values,mvt2_term,all normalized constructors,App,412
Human Lean root values,mvt2_term,all normalized constructors,Lam,24
Human Lean root values,mvt2_term,shared binary core,Pi,3
Human Lean root values,mvt2_term,shared binary core,App,412
Human Lean root values,mvt2_term,shared binary core,Lam,24
Human Lean root values,pi_irrational2_term,all normalized constructors,App,3899
Human Lean root values,pi_irrational2_term,all normalized constructors,Lam,67
Human Lean root values,pi_irrational2_term,all normalized constructors,Let,10
Human Lean root values,pi_irrational2_term,all normalized constructors,Pi,12
Human Lean root values,pi_irrational2_term,shared binary core,App,3899
Human Lean root values,pi_irrational2_term,shared binary core,Lam,67
Human Lean root values,pi_irrational2_term,shared binary core,Let,10
Human Lean root values,pi_irrational2_term,shared binary core,Pi,12
Human Lean root values,ptolemy_term,all normalized constructors,App,3400
Human Lean root values,ptolemy_term,all normalized constructors,Lam,79
Human Lean root values,ptolemy_term,all normalized constructors,Pi,18
Human Lean root values,ptolemy_term,all normalized constructors,Let,1
Human Lean root values,ptolemy_term,shared binary core,App,3400
Human Lean root values,ptolemy_term,shared binary core,Lam,79
Human Lean root values,ptolemy_term,shared binary core,Pi,18
Human Lean root values,ptolemy_term,shared binary core,Let,1
Human Lean root values,quadratic_reciprocity_term,all normalized constructors,App,1474
Human Lean root values,quadratic_reciprocity_term,all normalized constructors,Lam,33
Human Lean root values,quadratic_reciprocity_term,all normalized constructors,Pi,6
Human Lean root values,quadratic_reciprocity_term,all normalized constructors,Let,6
Human Lean root values,quadratic_reciprocity_term,shared binary core,App,1474
Human Lean root values,quadratic_reciprocity_term,shared binary core,Lam,33
Human Lean root values,quadratic_reciprocity_term,shared binary core,Pi,6
Human Lean root values,quadratic_reciprocity_term,shared binary core,Let,6
Human Lean root values,schroeder_bernstein_term,all normalized constructors,Pi,11
Human Lean root values,schroeder_bernstein_term,all normalized constructors,App,57
Human Lean root values,schroeder_bernstein_term,all normalized constructors,Lam,18
Human Lean root values,schroeder_bernstein_term,shared binary core,Pi,11
Human Lean root values,schroeder_bernstein_term,shared binary core,App,57
Human Lean root values,schroeder_bernstein_term,shared binary core,Lam,18
Human Lean root values,stirling_term,all normalized constructors,App,1458
Human Lean root values,stirling_term,all normalized constructors,Lam,24
Human Lean root values,stirling_term,all normalized constructors,Pi,15
Human Lean root values,stirling_term,all normalized constructors,Let,1
Human Lean root values,stirling_term,shared binary core,App,1458
Human Lean root values,stirling_term,shared binary core,Lam,24
Human Lean root values,stirling_term,shared binary core,Pi,15
Human Lean root values,stirling_term,shared binary core,Let,1
Human Lean root values,strong_law_large_numbers_term,all normalized constructors,App,2134
Human Lean root values,strong_law_large_numbers_term,all normalized constructors,Pi,44
Human Lean root values,strong_law_large_numbers_term,all normalized constructors,Lam,172
Human Lean root values,strong_law_large_numbers_term,all normalized constructors,Let,8
Human Lean root values,strong_law_large_numbers_term,shared binary core,App,2134
Human Lean root values,strong_law_large_numbers_term,shared binary core,Pi,44
Human Lean root values,strong_law_large_numbers_term,shared binary core,Lam,172
Human Lean root values,strong_law_large_numbers_term,shared binary core,Let,8
Human Lean root values,sylow_theorem_term,all normalized constructors,App,225
Human Lean root values,sylow_theorem_term,all normalized constructors,Lam,20
Human Lean root values,sylow_theorem_term,shared binary core,App,225
Human Lean root values,sylow_theorem_term,shared binary core,Lam,20
Human Lean root values,wilsons_lemma_term,all normalized constructors,App,1623
Human Lean root values,wilsons_lemma_term,all normalized constructors,Lam,63
Human Lean root values,wilsons_lemma_term,all normalized constructors,Pi,7
Human Lean root values,wilsons_lemma_term,all normalized constructors,Let,1
Human Lean root values,wilsons_lemma_term,shared binary core,App,1623
Human Lean root values,wilsons_lemma_term,shared binary core,Lam,63
Human Lean root values,wilsons_lemma_term,shared binary core,Pi,7
Human Lean root values,wilsons_lemma_term,shared binary core,Let,1
Matched human Lean root values,pair_00b23e63,all normalized constructors,App,4446
Matched human Lean root values,pair_00b23e63,all normalized constructors,Lam,24
Matched human Lean root values,pair_00b23e63,all normalized constructors,Pi,6
Matched human Lean root values,pair_00b23e63,all normalized constructors,Let,5
Matched human Lean root values,pair_00b23e63,shared binary core,App,4446
Matched human Lean root values,pair_00b23e63,shared binary core,Lam,24
Matched human Lean root values,pair_00b23e63,shared binary core,Pi,6
Matched human Lean root values,pair_00b23e63,shared binary core,Let,5
Matched AI Lean root values,pair_00b23e63,all normalized constructors,App,2751
Matched AI Lean root values,pair_00b23e63,all normalized constructors,Lam,19
Matched AI Lean root values,pair_00b23e63,all normalized constructors,Pi,6
Matched AI Lean root values,pair_00b23e63,all normalized constructors,Let,3
Matched AI Lean root values,pair_00b23e63,shared binary core,App,2751
Matched AI Lean root values,pair_00b23e63,shared binary core,Lam,19
Matched AI Lean root values,pair_00b23e63,shared binary core,Pi,6
Matched AI Lean root values,pair_00b23e63,shared binary core,Let,3
Matched human Lean root values,pair_01eb3f84,all normalized constructors,App,3762
Matched human Lean root values,pair_01eb3f84,all normalized constructors,Lam,35
Matched human Lean root values,pair_01eb3f84,all normalized constructors,Pi,15
Matched human Lean root values,pair_01eb3f84,all normalized constructors,Let,16
Matched human Lean root values,pair_01eb3f84,shared binary core,App,3762
Matched human Lean root values,pair_01eb3f84,shared binary core,Lam,35
Matched human Lean root values,pair_01eb3f84,shared binary core,Pi,15
Matched human Lean root values,pair_01eb3f84,shared binary core,Let,16
Matched AI Lean root values,pair_01eb3f84,all normalized constructors,App,3987
Matched AI Lean root values,pair_01eb3f84,all normalized constructors,Pi,11
Matched AI Lean root values,pair_01eb3f84,all normalized constructors,Lam,42
Matched AI Lean root values,pair_01eb3f84,all normalized constructors,Let,20
Matched AI Lean root values,pair_01eb3f84,shared binary core,App,3987
Matched AI Lean root values,pair_01eb3f84,shared binary core,Pi,11
Matched AI Lean root values,pair_01eb3f84,shared binary core,Lam,42
Matched AI Lean root values,pair_01eb3f84,shared binary core,Let,20
Matched human Lean root values,pair_064daf4b,all normalized constructors,App,49
Matched human Lean root values,pair_064daf4b,all normalized constructors,Lam,6
Matched human Lean root values,pair_064daf4b,all normalized constructors,Let,1
Matched human Lean root values,pair_064daf4b,shared binary core,App,49
Matched human Lean root values,pair_064daf4b,shared binary core,Lam,6
Matched human Lean root values,pair_064daf4b,shared binary core,Let,1
Matched AI Lean root values,pair_064daf4b,all normalized constructors,App,69
Matched AI Lean root values,pair_064daf4b,all normalized constructors,Lam,6
Matched AI Lean root values,pair_064daf4b,all normalized constructors,Let,2
Matched AI Lean root values,pair_064daf4b,shared binary core,App,69
Matched AI Lean root values,pair_064daf4b,shared binary core,Lam,6
Matched AI Lean root values,pair_064daf4b,shared binary core,Let,2
Matched human Lean root values,pair_06e244fd,all normalized constructors,App,10807
Matched human Lean root values,pair_06e244fd,all normalized constructors,Pi,9
Matched human Lean root values,pair_06e244fd,all normalized constructors,Lam,82
Matched human Lean root values,pair_06e244fd,all normalized constructors,Let,15
Matched human Lean root values,pair_06e244fd,shared binary core,App,10807
Matched human Lean root values,pair_06e244fd,shared binary core,Pi,9
Matched human Lean root values,pair_06e244fd,shared binary core,Lam,82
Matched human Lean root values,pair_06e244fd,shared binary core,Let,15
Matched AI Lean root values,pair_06e244fd,all normalized constructors,App,10891
Matched AI Lean root values,pair_06e244fd,all normalized constructors,Pi,9
Matched AI Lean root values,pair_06e244fd,all normalized constructors,Lam,80
Matched AI Lean root values,pair_06e244fd,all normalized constructors,Let,13
Matched AI Lean root values,pair_06e244fd,shared binary core,App,10891
Matched AI Lean root values,pair_06e244fd,shared binary core,Pi,9
Matched AI Lean root values,pair_06e244fd,shared binary core,Lam,80
Matched AI Lean root values,pair_06e244fd,shared binary core,Let,13
Matched human Lean root values,pair_070c0d6f,all normalized constructors,Pi,17
Matched human Lean root values,pair_070c0d6f,all normalized constructors,App,2971
Matched human Lean root values,pair_070c0d6f,all normalized constructors,Lam,43
Matched human Lean root values,pair_070c0d6f,all normalized constructors,Let,10
Matched human Lean root values,pair_070c0d6f,all normalized constructors,Proj,1
Matched human Lean root values,pair_070c0d6f,shared binary core,Pi,17
Matched human Lean root values,pair_070c0d6f,shared binary core,App,2971
Matched human Lean root values,pair_070c0d6f,shared binary core,Lam,43
Matched human Lean root values,pair_070c0d6f,shared binary core,Let,10
Matched AI Lean root values,pair_070c0d6f,all normalized constructors,Pi,4
Matched AI Lean root values,pair_070c0d6f,all normalized constructors,App,352
Matched AI Lean root values,pair_070c0d6f,all normalized constructors,Lam,7
Matched AI Lean root values,pair_070c0d6f,all normalized constructors,Let,2
Matched AI Lean root values,pair_070c0d6f,shared binary core,Pi,4
Matched AI Lean root values,pair_070c0d6f,shared binary core,App,352
Matched AI Lean root values,pair_070c0d6f,shared binary core,Lam,7
Matched AI Lean root values,pair_070c0d6f,shared binary core,Let,2
Matched human Lean root values,pair_0a7bd2c7,all normalized constructors,App,4786
Matched human Lean root values,pair_0a7bd2c7,all normalized constructors,Lam,47
Matched human Lean root values,pair_0a7bd2c7,all normalized constructors,Pi,5
Matched human Lean root values,pair_0a7bd2c7,shared binary core,App,4786
Matched human Lean root values,pair_0a7bd2c7,shared binary core,Lam,47
Matched human Lean root values,pair_0a7bd2c7,shared binary core,Pi,5
Matched AI Lean root values,pair_0a7bd2c7,all normalized constructors,App,4846
Matched AI Lean root values,pair_0a7bd2c7,all normalized constructors,Lam,48
Matched AI Lean root values,pair_0a7bd2c7,all normalized constructors,Let,1
Matched AI Lean root values,pair_0a7bd2c7,all normalized constructors,Pi,5
Matched AI Lean root values,pair_0a7bd2c7,shared binary core,App,4846
Matched AI Lean root values,pair_0a7bd2c7,shared binary core,Lam,48
Matched AI Lean root values,pair_0a7bd2c7,shared binary core,Let,1
Matched AI Lean root values,pair_0a7bd2c7,shared binary core,Pi,5
Matched human Lean root values,pair_0a891d0e,all normalized constructors,App,1704
Matched human Lean root values,pair_0a891d0e,all normalized constructors,Lam,16
Matched human Lean root values,pair_0a891d0e,all normalized constructors,Pi,7
Matched human Lean root values,pair_0a891d0e,all normalized constructors,Let,1
Matched human Lean root values,pair_0a891d0e,shared binary core,App,1704
Matched human Lean root values,pair_0a891d0e,shared binary core,Lam,16
Matched human Lean root values,pair_0a891d0e,shared binary core,Pi,7
Matched human Lean root values,pair_0a891d0e,shared binary core,Let,1
Matched AI Lean root values,pair_0a891d0e,all normalized constructors,App,2077
Matched AI Lean root values,pair_0a891d0e,all normalized constructors,Lam,19
Matched AI Lean root values,pair_0a891d0e,all normalized constructors,Pi,7
Matched AI Lean root values,pair_0a891d0e,all normalized constructors,Let,2
Matched AI Lean root values,pair_0a891d0e,shared binary core,App,2077
Matched AI Lean root values,pair_0a891d0e,shared binary core,Lam,19
Matched AI Lean root values,pair_0a891d0e,shared binary core,Pi,7
Matched AI Lean root values,pair_0a891d0e,shared binary core,Let,2
Matched human Lean root values,pair_0a983018,all normalized constructors,App,5762
Matched human Lean root values,pair_0a983018,all normalized constructors,Lam,79
Matched human Lean root values,pair_0a983018,all normalized constructors,Pi,12
Matched human Lean root values,pair_0a983018,all normalized constructors,Let,8
Matched human Lean root values,pair_0a983018,shared binary core,App,5762
Matched human Lean root values,pair_0a983018,shared binary core,Lam,79
Matched human Lean root values,pair_0a983018,shared binary core,Pi,12
Matched human Lean root values,pair_0a983018,shared binary core,Let,8
Matched AI Lean root values,pair_0a983018,all normalized constructors,App,7426
Matched AI Lean root values,pair_0a983018,all normalized constructors,Lam,88
Matched AI Lean root values,pair_0a983018,all normalized constructors,Pi,9
Matched AI Lean root values,pair_0a983018,all normalized constructors,Let,14
Matched AI Lean root values,pair_0a983018,shared binary core,App,7426
Matched AI Lean root values,pair_0a983018,shared binary core,Lam,88
Matched AI Lean root values,pair_0a983018,shared binary core,Pi,9
Matched AI Lean root values,pair_0a983018,shared binary core,Let,14
Matched human Lean root values,pair_0b123512,all normalized constructors,App,2759
Matched human Lean root values,pair_0b123512,all normalized constructors,Lam,140
Matched human Lean root values,pair_0b123512,all normalized constructors,Pi,15
Matched human Lean root values,pair_0b123512,all normalized constructors,Let,12
Matched human Lean root values,pair_0b123512,shared binary core,App,2759
Matched human Lean root values,pair_0b123512,shared binary core,Lam,140
Matched human Lean root values,pair_0b123512,shared binary core,Pi,15
Matched human Lean root values,pair_0b123512,shared binary core,Let,12
Matched AI Lean root values,pair_0b123512,all normalized constructors,App,116
Matched AI Lean root values,pair_0b123512,all normalized constructors,Lam,9
Matched AI Lean root values,pair_0b123512,shared binary core,App,116
Matched AI Lean root values,pair_0b123512,shared binary core,Lam,9
Matched human Lean root values,pair_0bc9ff8b,all normalized constructors,App,3011
Matched human Lean root values,pair_0bc9ff8b,all normalized constructors,Lam,12
Matched human Lean root values,pair_0bc9ff8b,all normalized constructors,Pi,6
Matched human Lean root values,pair_0bc9ff8b,shared binary core,App,3011
Matched human Lean root values,pair_0bc9ff8b,shared binary core,Lam,12
Matched human Lean root values,pair_0bc9ff8b,shared binary core,Pi,6
Matched AI Lean root values,pair_0bc9ff8b,all normalized constructors,App,6290
Matched AI Lean root values,pair_0bc9ff8b,all normalized constructors,Pi,9
Matched AI Lean root values,pair_0bc9ff8b,all normalized constructors,Lam,20
Matched AI Lean root values,pair_0bc9ff8b,all normalized constructors,Let,4
Matched AI Lean root values,pair_0bc9ff8b,shared binary core,App,6290
Matched AI Lean root values,pair_0bc9ff8b,shared binary core,Pi,9
Matched AI Lean root values,pair_0bc9ff8b,shared binary core,Lam,20
Matched AI Lean root values,pair_0bc9ff8b,shared binary core,Let,4
Matched human Lean root values,pair_0c9ecd6b,all normalized constructors,App,4663
Matched human Lean root values,pair_0c9ecd6b,all normalized constructors,Lam,23
Matched human Lean root values,pair_0c9ecd6b,all normalized constructors,Pi,4
Matched human Lean root values,pair_0c9ecd6b,all normalized constructors,Let,1
Matched human Lean root values,pair_0c9ecd6b,shared binary core,App,4663
Matched human Lean root values,pair_0c9ecd6b,shared binary core,Lam,23
Matched human Lean root values,pair_0c9ecd6b,shared binary core,Pi,4
Matched human Lean root values,pair_0c9ecd6b,shared binary core,Let,1
Matched AI Lean root values,pair_0c9ecd6b,all normalized constructors,App,9148
Matched AI Lean root values,pair_0c9ecd6b,all normalized constructors,Lam,49
Matched AI Lean root values,pair_0c9ecd6b,all normalized constructors,Pi,7
Matched AI Lean root values,pair_0c9ecd6b,all normalized constructors,Let,10
Matched AI Lean root values,pair_0c9ecd6b,shared binary core,App,9148
Matched AI Lean root values,pair_0c9ecd6b,shared binary core,Lam,49
Matched AI Lean root values,pair_0c9ecd6b,shared binary core,Pi,7
Matched AI Lean root values,pair_0c9ecd6b,shared binary core,Let,10
Matched human Lean root values,pair_0f3deadd,all normalized constructors,App,264
Matched human Lean root values,pair_0f3deadd,all normalized constructors,Lam,9
Matched human Lean root values,pair_0f3deadd,all normalized constructors,Pi,2
Matched human Lean root values,pair_0f3deadd,all normalized constructors,Let,1
Matched human Lean root values,pair_0f3deadd,shared binary core,App,264
Matched human Lean root values,pair_0f3deadd,shared binary core,Lam,9
Matched human Lean root values,pair_0f3deadd,shared binary core,Pi,2
Matched human Lean root values,pair_0f3deadd,shared binary core,Let,1
Matched AI Lean root values,pair_0f3deadd,all normalized constructors,App,264
Matched AI Lean root values,pair_0f3deadd,all normalized constructors,Lam,9
Matched AI Lean root values,pair_0f3deadd,all normalized constructors,Pi,2
Matched AI Lean root values,pair_0f3deadd,all normalized constructors,Let,1
Matched AI Lean root values,pair_0f3deadd,shared binary core,App,264
Matched AI Lean root values,pair_0f3deadd,shared binary core,Lam,9
Matched AI Lean root values,pair_0f3deadd,shared binary core,Pi,2
Matched AI Lean root values,pair_0f3deadd,shared binary core,Let,1
Matched human Lean root values,pair_0f421760,all normalized constructors,Pi,12
Matched human Lean root values,pair_0f421760,all normalized constructors,App,5177
Matched human Lean root values,pair_0f421760,all normalized constructors,Lam,58
Matched human Lean root values,pair_0f421760,all normalized constructors,Let,8
Matched human Lean root values,pair_0f421760,shared binary core,Pi,12
Matched human Lean root values,pair_0f421760,shared binary core,App,5177
Matched human Lean root values,pair_0f421760,shared binary core,Lam,58
Matched human Lean root values,pair_0f421760,shared binary core,Let,8
Matched AI Lean root values,pair_0f421760,all normalized constructors,Pi,7
Matched AI Lean root values,pair_0f421760,all normalized constructors,App,321
Matched AI Lean root values,pair_0f421760,all normalized constructors,Lam,13
Matched AI Lean root values,pair_0f421760,shared binary core,Pi,7
Matched AI Lean root values,pair_0f421760,shared binary core,App,321
Matched AI Lean root values,pair_0f421760,shared binary core,Lam,13
Matched human Lean root values,pair_0f905113,all normalized constructors,Pi,10
Matched human Lean root values,pair_0f905113,all normalized constructors,App,5017
Matched human Lean root values,pair_0f905113,all normalized constructors,Lam,49
Matched human Lean root values,pair_0f905113,all normalized constructors,Let,5
Matched human Lean root values,pair_0f905113,shared binary core,Pi,10
Matched human Lean root values,pair_0f905113,shared binary core,App,5017
Matched human Lean root values,pair_0f905113,shared binary core,Lam,49
Matched human Lean root values,pair_0f905113,shared binary core,Let,5
Matched AI Lean root values,pair_0f905113,all normalized constructors,Pi,10
Matched AI Lean root values,pair_0f905113,all normalized constructors,App,5800
Matched AI Lean root values,pair_0f905113,all normalized constructors,Lam,44
Matched AI Lean root values,pair_0f905113,all normalized constructors,Let,6
Matched AI Lean root values,pair_0f905113,shared binary core,Pi,10
Matched AI Lean root values,pair_0f905113,shared binary core,App,5800
Matched AI Lean root values,pair_0f905113,shared binary core,Lam,44
Matched AI Lean root values,pair_0f905113,shared binary core,Let,6
Matched human Lean root values,pair_11362c17,all normalized constructors,App,10554
Matched human Lean root values,pair_11362c17,all normalized constructors,Lam,21
Matched human Lean root values,pair_11362c17,all normalized constructors,Pi,4
Matched human Lean root values,pair_11362c17,shared binary core,App,10554
Matched human Lean root values,pair_11362c17,shared binary core,Lam,21
Matched human Lean root values,pair_11362c17,shared binary core,Pi,4
Matched AI Lean root values,pair_11362c17,all normalized constructors,App,10722
Matched AI Lean root values,pair_11362c17,all normalized constructors,Lam,21
Matched AI Lean root values,pair_11362c17,all normalized constructors,Pi,4
Matched AI Lean root values,pair_11362c17,shared binary core,App,10722
Matched AI Lean root values,pair_11362c17,shared binary core,Lam,21
Matched AI Lean root values,pair_11362c17,shared binary core,Pi,4
Matched human Lean root values,pair_121126b4,all normalized constructors,Pi,16
Matched human Lean root values,pair_121126b4,all normalized constructors,App,3717
Matched human Lean root values,pair_121126b4,all normalized constructors,Lam,20
Matched human Lean root values,pair_121126b4,all normalized constructors,Let,1
Matched human Lean root values,pair_121126b4,shared binary core,Pi,16
Matched human Lean root values,pair_121126b4,shared binary core,App,3717
Matched human Lean root values,pair_121126b4,shared binary core,Lam,20
Matched human Lean root values,pair_121126b4,shared binary core,Let,1
Matched AI Lean root values,pair_121126b4,all normalized constructors,Pi,8
Matched AI Lean root values,pair_121126b4,all normalized constructors,App,3531
Matched AI Lean root values,pair_121126b4,all normalized constructors,Lam,26
Matched AI Lean root values,pair_121126b4,all normalized constructors,Let,6
Matched AI Lean root values,pair_121126b4,shared binary core,Pi,8
Matched AI Lean root values,pair_121126b4,shared binary core,App,3531
Matched AI Lean root values,pair_121126b4,shared binary core,Lam,26
Matched AI Lean root values,pair_121126b4,shared binary core,Let,6
Matched human Lean root values,pair_136afae1,all normalized constructors,App,3187
Matched human Lean root values,pair_136afae1,all normalized constructors,Lam,18
Matched human Lean root values,pair_136afae1,all normalized constructors,Pi,3
Matched human Lean root values,pair_136afae1,all normalized constructors,Let,4
Matched human Lean root values,pair_136afae1,shared binary core,App,3187
Matched human Lean root values,pair_136afae1,shared binary core,Lam,18
Matched human Lean root values,pair_136afae1,shared binary core,Pi,3
Matched human Lean root values,pair_136afae1,shared binary core,Let,4
Matched AI Lean root values,pair_136afae1,all normalized constructors,App,3363
Matched AI Lean root values,pair_136afae1,all normalized constructors,Lam,18
Matched AI Lean root values,pair_136afae1,all normalized constructors,Pi,6
Matched AI Lean root values,pair_136afae1,all normalized constructors,Let,5
Matched AI Lean root values,pair_136afae1,shared binary core,App,3363
Matched AI Lean root values,pair_136afae1,shared binary core,Lam,18
Matched AI Lean root values,pair_136afae1,shared binary core,Pi,6
Matched AI Lean root values,pair_136afae1,shared binary core,Let,5
Matched human Lean root values,pair_13d805d4,all normalized constructors,App,695
Matched human Lean root values,pair_13d805d4,all normalized constructors,Pi,3
Matched human Lean root values,pair_13d805d4,all normalized constructors,Lam,14
Matched human Lean root values,pair_13d805d4,all normalized constructors,Let,3
Matched human Lean root values,pair_13d805d4,shared binary core,App,695
Matched human Lean root values,pair_13d805d4,shared binary core,Pi,3
Matched human Lean root values,pair_13d805d4,shared binary core,Lam,14
Matched human Lean root values,pair_13d805d4,shared binary core,Let,3
Matched AI Lean root values,pair_13d805d4,all normalized constructors,App,1301
Matched AI Lean root values,pair_13d805d4,all normalized constructors,Lam,23
Matched AI Lean root values,pair_13d805d4,all normalized constructors,Pi,2
Matched AI Lean root values,pair_13d805d4,all normalized constructors,Let,3
Matched AI Lean root values,pair_13d805d4,shared binary core,App,1301
Matched AI Lean root values,pair_13d805d4,shared binary core,Lam,23
Matched AI Lean root values,pair_13d805d4,shared binary core,Pi,2
Matched AI Lean root values,pair_13d805d4,shared binary core,Let,3
Matched human Lean root values,pair_13dbafa5,all normalized constructors,App,769
Matched human Lean root values,pair_13dbafa5,all normalized constructors,Lam,10
Matched human Lean root values,pair_13dbafa5,all normalized constructors,Pi,4
Matched human Lean root values,pair_13dbafa5,shared binary core,App,769
Matched human Lean root values,pair_13dbafa5,shared binary core,Lam,10
Matched human Lean root values,pair_13dbafa5,shared binary core,Pi,4
Matched AI Lean root values,pair_13dbafa5,all normalized constructors,App,245
Matched AI Lean root values,pair_13dbafa5,all normalized constructors,Lam,7
Matched AI Lean root values,pair_13dbafa5,all normalized constructors,Pi,4
Matched AI Lean root values,pair_13dbafa5,all normalized constructors,Let,1
Matched AI Lean root values,pair_13dbafa5,shared binary core,App,245
Matched AI Lean root values,pair_13dbafa5,shared binary core,Lam,7
Matched AI Lean root values,pair_13dbafa5,shared binary core,Pi,4
Matched AI Lean root values,pair_13dbafa5,shared binary core,Let,1
Matched human Lean root values,pair_1435e660,all normalized constructors,Pi,12
Matched human Lean root values,pair_1435e660,all normalized constructors,App,2592
Matched human Lean root values,pair_1435e660,all normalized constructors,Lam,22
Matched human Lean root values,pair_1435e660,all normalized constructors,Let,9
Matched human Lean root values,pair_1435e660,shared binary core,Pi,12
Matched human Lean root values,pair_1435e660,shared binary core,App,2592
Matched human Lean root values,pair_1435e660,shared binary core,Lam,22
Matched human Lean root values,pair_1435e660,shared binary core,Let,9
Matched AI Lean root values,pair_1435e660,all normalized constructors,Pi,16
Matched AI Lean root values,pair_1435e660,all normalized constructors,App,4021
Matched AI Lean root values,pair_1435e660,all normalized constructors,Lam,51
Matched AI Lean root values,pair_1435e660,all normalized constructors,Let,17
Matched AI Lean root values,pair_1435e660,shared binary core,Pi,16
Matched AI Lean root values,pair_1435e660,shared binary core,App,4021
Matched AI Lean root values,pair_1435e660,shared binary core,Lam,51
Matched AI Lean root values,pair_1435e660,shared binary core,Let,17
Matched human Lean root values,pair_149000e5,all normalized constructors,App,5825
Matched human Lean root values,pair_149000e5,all normalized constructors,Lam,20
Matched human Lean root values,pair_149000e5,all normalized constructors,Pi,4
Matched human Lean root values,pair_149000e5,shared binary core,App,5825
Matched human Lean root values,pair_149000e5,shared binary core,Lam,20
Matched human Lean root values,pair_149000e5,shared binary core,Pi,4
Matched AI Lean root values,pair_149000e5,all normalized constructors,App,8068
Matched AI Lean root values,pair_149000e5,all normalized constructors,Lam,25
Matched AI Lean root values,pair_149000e5,all normalized constructors,Pi,4
Matched AI Lean root values,pair_149000e5,all normalized constructors,Let,4
Matched AI Lean root values,pair_149000e5,shared binary core,App,8068
Matched AI Lean root values,pair_149000e5,shared binary core,Lam,25
Matched AI Lean root values,pair_149000e5,shared binary core,Pi,4
Matched AI Lean root values,pair_149000e5,shared binary core,Let,4
Matched human Lean root values,pair_149fe16f,all normalized constructors,App,3337
Matched human Lean root values,pair_149fe16f,all normalized constructors,Pi,9
Matched human Lean root values,pair_149fe16f,all normalized constructors,Lam,8
Matched human Lean root values,pair_149fe16f,all normalized constructors,Let,5
Matched human Lean root values,pair_149fe16f,shared binary core,App,3337
Matched human Lean root values,pair_149fe16f,shared binary core,Pi,9
Matched human Lean root values,pair_149fe16f,shared binary core,Lam,8
Matched human Lean root values,pair_149fe16f,shared binary core,Let,5
Matched AI Lean root values,pair_149fe16f,all normalized constructors,App,2644
Matched AI Lean root values,pair_149fe16f,all normalized constructors,Pi,9
Matched AI Lean root values,pair_149fe16f,all normalized constructors,Lam,8
Matched AI Lean root values,pair_149fe16f,all normalized constructors,Let,5
Matched AI Lean root values,pair_149fe16f,shared binary core,App,2644
Matched AI Lean root values,pair_149fe16f,shared binary core,Pi,9
Matched AI Lean root values,pair_149fe16f,shared binary core,Lam,8
Matched AI Lean root values,pair_149fe16f,shared binary core,Let,5
Matched human Lean root values,pair_152731e7,all normalized constructors,App,2439
Matched human Lean root values,pair_152731e7,all normalized constructors,Pi,12
Matched human Lean root values,pair_152731e7,all normalized constructors,Lam,40
Matched human Lean root values,pair_152731e7,all normalized constructors,Let,5
Matched human Lean root values,pair_152731e7,shared binary core,App,2439
Matched human Lean root values,pair_152731e7,shared binary core,Pi,12
Matched human Lean root values,pair_152731e7,shared binary core,Lam,40
Matched human Lean root values,pair_152731e7,shared binary core,Let,5
Matched AI Lean root values,pair_152731e7,all normalized constructors,App,3013
Matched AI Lean root values,pair_152731e7,all normalized constructors,Lam,19
Matched AI Lean root values,pair_152731e7,all normalized constructors,Pi,4
Matched AI Lean root values,pair_152731e7,all normalized constructors,Let,7
Matched AI Lean root values,pair_152731e7,shared binary core,App,3013
Matched AI Lean root values,pair_152731e7,shared binary core,Lam,19
Matched AI Lean root values,pair_152731e7,shared binary core,Pi,4
Matched AI Lean root values,pair_152731e7,shared binary core,Let,7
Matched human Lean root values,pair_1565703f,all normalized constructors,App,2450
Matched human Lean root values,pair_1565703f,all normalized constructors,Lam,14
Matched human Lean root values,pair_1565703f,all normalized constructors,Pi,9
Matched human Lean root values,pair_1565703f,all normalized constructors,Let,2
Matched human Lean root values,pair_1565703f,shared binary core,App,2450
Matched human Lean root values,pair_1565703f,shared binary core,Lam,14
Matched human Lean root values,pair_1565703f,shared binary core,Pi,9
Matched human Lean root values,pair_1565703f,shared binary core,Let,2
Matched AI Lean root values,pair_1565703f,all normalized constructors,App,2192
Matched AI Lean root values,pair_1565703f,all normalized constructors,Lam,11
Matched AI Lean root values,pair_1565703f,all normalized constructors,Pi,8
Matched AI Lean root values,pair_1565703f,shared binary core,App,2192
Matched AI Lean root values,pair_1565703f,shared binary core,Lam,11
Matched AI Lean root values,pair_1565703f,shared binary core,Pi,8
Matched human Lean root values,pair_171e8749,all normalized constructors,App,194
Matched human Lean root values,pair_171e8749,all normalized constructors,Lam,14
Matched human Lean root values,pair_171e8749,all normalized constructors,Let,1
Matched human Lean root values,pair_171e8749,shared binary core,App,194
Matched human Lean root values,pair_171e8749,shared binary core,Lam,14
Matched human Lean root values,pair_171e8749,shared binary core,Let,1
Matched AI Lean root values,pair_171e8749,all normalized constructors,App,4832
Matched AI Lean root values,pair_171e8749,all normalized constructors,Lam,30
Matched AI Lean root values,pair_171e8749,all normalized constructors,Pi,3
Matched AI Lean root values,pair_171e8749,all normalized constructors,Let,4
Matched AI Lean root values,pair_171e8749,shared binary core,App,4832
Matched AI Lean root values,pair_171e8749,shared binary core,Lam,30
Matched AI Lean root values,pair_171e8749,shared binary core,Pi,3
Matched AI Lean root values,pair_171e8749,shared binary core,Let,4
Matched human Lean root values,pair_17275427,all normalized constructors,App,179
Matched human Lean root values,pair_17275427,all normalized constructors,Lam,6
Matched human Lean root values,pair_17275427,all normalized constructors,Let,3
Matched human Lean root values,pair_17275427,shared binary core,App,179
Matched human Lean root values,pair_17275427,shared binary core,Lam,6
Matched human Lean root values,pair_17275427,shared binary core,Let,3
Matched AI Lean root values,pair_17275427,all normalized constructors,App,259
Matched AI Lean root values,pair_17275427,all normalized constructors,Lam,6
Matched AI Lean root values,pair_17275427,all normalized constructors,Pi,2
Matched AI Lean root values,pair_17275427,shared binary core,App,259
Matched AI Lean root values,pair_17275427,shared binary core,Lam,6
Matched AI Lean root values,pair_17275427,shared binary core,Pi,2
Matched human Lean root values,pair_17a4d7d8,all normalized constructors,App,2492
Matched human Lean root values,pair_17a4d7d8,all normalized constructors,Pi,10
Matched human Lean root values,pair_17a4d7d8,all normalized constructors,Lam,16
Matched human Lean root values,pair_17a4d7d8,all normalized constructors,Let,1
Matched human Lean root values,pair_17a4d7d8,shared binary core,App,2492
Matched human Lean root values,pair_17a4d7d8,shared binary core,Pi,10
Matched human Lean root values,pair_17a4d7d8,shared binary core,Lam,16
Matched human Lean root values,pair_17a4d7d8,shared binary core,Let,1
Matched AI Lean root values,pair_17a4d7d8,all normalized constructors,App,6020
Matched AI Lean root values,pair_17a4d7d8,all normalized constructors,Pi,11
Matched AI Lean root values,pair_17a4d7d8,all normalized constructors,Lam,39
Matched AI Lean root values,pair_17a4d7d8,all normalized constructors,Let,10
Matched AI Lean root values,pair_17a4d7d8,shared binary core,App,6020
Matched AI Lean root values,pair_17a4d7d8,shared binary core,Pi,11
Matched AI Lean root values,pair_17a4d7d8,shared binary core,Lam,39
Matched AI Lean root values,pair_17a4d7d8,shared binary core,Let,10
Matched human Lean root values,pair_19517b6c,all normalized constructors,Pi,34
Matched human Lean root values,pair_19517b6c,all normalized constructors,App,4480
Matched human Lean root values,pair_19517b6c,all normalized constructors,Lam,108
Matched human Lean root values,pair_19517b6c,all normalized constructors,Let,21
Matched human Lean root values,pair_19517b6c,shared binary core,Pi,34
Matched human Lean root values,pair_19517b6c,shared binary core,App,4480
Matched human Lean root values,pair_19517b6c,shared binary core,Lam,108
Matched human Lean root values,pair_19517b6c,shared binary core,Let,21
Matched AI Lean root values,pair_19517b6c,all normalized constructors,Pi,30
Matched AI Lean root values,pair_19517b6c,all normalized constructors,App,1750
Matched AI Lean root values,pair_19517b6c,all normalized constructors,Lam,53
Matched AI Lean root values,pair_19517b6c,all normalized constructors,Let,20
Matched AI Lean root values,pair_19517b6c,shared binary core,Pi,30
Matched AI Lean root values,pair_19517b6c,shared binary core,App,1750
Matched AI Lean root values,pair_19517b6c,shared binary core,Lam,53
Matched AI Lean root values,pair_19517b6c,shared binary core,Let,20
Matched human Lean root values,pair_19f291ba,all normalized constructors,Pi,4
Matched human Lean root values,pair_19f291ba,all normalized constructors,App,3834
Matched human Lean root values,pair_19f291ba,all normalized constructors,Lam,38
Matched human Lean root values,pair_19f291ba,all normalized constructors,Let,8
Matched human Lean root values,pair_19f291ba,shared binary core,Pi,4
Matched human Lean root values,pair_19f291ba,shared binary core,App,3834
Matched human Lean root values,pair_19f291ba,shared binary core,Lam,38
Matched human Lean root values,pair_19f291ba,shared binary core,Let,8
Matched AI Lean root values,pair_19f291ba,all normalized constructors,Pi,4
Matched AI Lean root values,pair_19f291ba,all normalized constructors,App,4868
Matched AI Lean root values,pair_19f291ba,all normalized constructors,Lam,43
Matched AI Lean root values,pair_19f291ba,all normalized constructors,Let,12
Matched AI Lean root values,pair_19f291ba,shared binary core,Pi,4
Matched AI Lean root values,pair_19f291ba,shared binary core,App,4868
Matched AI Lean root values,pair_19f291ba,shared binary core,Lam,43
Matched AI Lean root values,pair_19f291ba,shared binary core,Let,12
Matched human Lean root values,pair_1d99af92,all normalized constructors,App,5000
Matched human Lean root values,pair_1d99af92,all normalized constructors,Pi,8
Matched human Lean root values,pair_1d99af92,all normalized constructors,Lam,59
Matched human Lean root values,pair_1d99af92,all normalized constructors,Let,14
Matched human Lean root values,pair_1d99af92,shared binary core,App,5000
Matched human Lean root values,pair_1d99af92,shared binary core,Pi,8
Matched human Lean root values,pair_1d99af92,shared binary core,Lam,59
Matched human Lean root values,pair_1d99af92,shared binary core,Let,14
Matched AI Lean root values,pair_1d99af92,all normalized constructors,App,10825
Matched AI Lean root values,pair_1d99af92,all normalized constructors,Lam,56
Matched AI Lean root values,pair_1d99af92,all normalized constructors,Pi,4
Matched AI Lean root values,pair_1d99af92,all normalized constructors,Let,12
Matched AI Lean root values,pair_1d99af92,shared binary core,App,10825
Matched AI Lean root values,pair_1d99af92,shared binary core,Lam,56
Matched AI Lean root values,pair_1d99af92,shared binary core,Pi,4
Matched AI Lean root values,pair_1d99af92,shared binary core,Let,12
Matched human Lean root values,pair_1e273c45,all normalized constructors,App,7384
Matched human Lean root values,pair_1e273c45,all normalized constructors,Lam,45
Matched human Lean root values,pair_1e273c45,all normalized constructors,Pi,9
Matched human Lean root values,pair_1e273c45,all normalized constructors,Let,19
Matched human Lean root values,pair_1e273c45,shared binary core,App,7384
Matched human Lean root values,pair_1e273c45,shared binary core,Lam,45
Matched human Lean root values,pair_1e273c45,shared binary core,Pi,9
Matched human Lean root values,pair_1e273c45,shared binary core,Let,19
Matched AI Lean root values,pair_1e273c45,all normalized constructors,App,15800
Matched AI Lean root values,pair_1e273c45,all normalized constructors,Lam,68
Matched AI Lean root values,pair_1e273c45,all normalized constructors,Pi,6
Matched AI Lean root values,pair_1e273c45,all normalized constructors,Let,18
Matched AI Lean root values,pair_1e273c45,shared binary core,App,15800
Matched AI Lean root values,pair_1e273c45,shared binary core,Lam,68
Matched AI Lean root values,pair_1e273c45,shared binary core,Pi,6
Matched AI Lean root values,pair_1e273c45,shared binary core,Let,18
Matched human Lean root values,pair_1e4638c2,all normalized constructors,App,1527
Matched human Lean root values,pair_1e4638c2,all normalized constructors,Pi,3
Matched human Lean root values,pair_1e4638c2,all normalized constructors,Lam,26
Matched human Lean root values,pair_1e4638c2,all normalized constructors,Let,4
Matched human Lean root values,pair_1e4638c2,shared binary core,App,1527
Matched human Lean root values,pair_1e4638c2,shared binary core,Pi,3
Matched human Lean root values,pair_1e4638c2,shared binary core,Lam,26
Matched human Lean root values,pair_1e4638c2,shared binary core,Let,4
Matched AI Lean root values,pair_1e4638c2,all normalized constructors,App,4360
Matched AI Lean root values,pair_1e4638c2,all normalized constructors,Lam,41
Matched AI Lean root values,pair_1e4638c2,all normalized constructors,Pi,5
Matched AI Lean root values,pair_1e4638c2,all normalized constructors,Let,10
Matched AI Lean root values,pair_1e4638c2,shared binary core,App,4360
Matched AI Lean root values,pair_1e4638c2,shared binary core,Lam,41
Matched AI Lean root values,pair_1e4638c2,shared binary core,Pi,5
Matched AI Lean root values,pair_1e4638c2,shared binary core,Let,10
Matched human Lean root values,pair_1e6ca847,all normalized constructors,App,1739
Matched human Lean root values,pair_1e6ca847,all normalized constructors,Lam,41
Matched human Lean root values,pair_1e6ca847,all normalized constructors,Pi,4
Matched human Lean root values,pair_1e6ca847,all normalized constructors,Proj,1
Matched human Lean root values,pair_1e6ca847,all normalized constructors,Let,4
Matched human Lean root values,pair_1e6ca847,shared binary core,App,1739
Matched human Lean root values,pair_1e6ca847,shared binary core,Lam,41
Matched human Lean root values,pair_1e6ca847,shared binary core,Pi,4
Matched human Lean root values,pair_1e6ca847,shared binary core,Let,4
Matched AI Lean root values,pair_1e6ca847,all normalized constructors,App,416
Matched AI Lean root values,pair_1e6ca847,all normalized constructors,Lam,32
Matched AI Lean root values,pair_1e6ca847,all normalized constructors,Let,4
Matched AI Lean root values,pair_1e6ca847,shared binary core,App,416
Matched AI Lean root values,pair_1e6ca847,shared binary core,Lam,32
Matched AI Lean root values,pair_1e6ca847,shared binary core,Let,4
Matched human Lean root values,pair_1eac5349,all normalized constructors,App,3313
Matched human Lean root values,pair_1eac5349,all normalized constructors,Lam,44
Matched human Lean root values,pair_1eac5349,all normalized constructors,Pi,6
Matched human Lean root values,pair_1eac5349,all normalized constructors,Let,4
Matched human Lean root values,pair_1eac5349,shared binary core,App,3313
Matched human Lean root values,pair_1eac5349,shared binary core,Lam,44
Matched human Lean root values,pair_1eac5349,shared binary core,Pi,6
Matched human Lean root values,pair_1eac5349,shared binary core,Let,4
Matched AI Lean root values,pair_1eac5349,all normalized constructors,App,5277
Matched AI Lean root values,pair_1eac5349,all normalized constructors,Lam,62
Matched AI Lean root values,pair_1eac5349,all normalized constructors,Pi,7
Matched AI Lean root values,pair_1eac5349,all normalized constructors,Let,9
Matched AI Lean root values,pair_1eac5349,shared binary core,App,5277
Matched AI Lean root values,pair_1eac5349,shared binary core,Lam,62
Matched AI Lean root values,pair_1eac5349,shared binary core,Pi,7
Matched AI Lean root values,pair_1eac5349,shared binary core,Let,9
Matched human Lean root values,pair_2000cc20,all normalized constructors,App,3571
Matched human Lean root values,pair_2000cc20,all normalized constructors,Lam,26
Matched human Lean root values,pair_2000cc20,all normalized constructors,Pi,8
Matched human Lean root values,pair_2000cc20,all normalized constructors,Let,2
Matched human Lean root values,pair_2000cc20,shared binary core,App,3571
Matched human Lean root values,pair_2000cc20,shared binary core,Lam,26
Matched human Lean root values,pair_2000cc20,shared binary core,Pi,8
Matched human Lean root values,pair_2000cc20,shared binary core,Let,2
Matched AI Lean root values,pair_2000cc20,all normalized constructors,App,3171
Matched AI Lean root values,pair_2000cc20,all normalized constructors,Lam,26
Matched AI Lean root values,pair_2000cc20,all normalized constructors,Pi,5
Matched AI Lean root values,pair_2000cc20,all normalized constructors,Let,3
Matched AI Lean root values,pair_2000cc20,shared binary core,App,3171
Matched AI Lean root values,pair_2000cc20,shared binary core,Lam,26
Matched AI Lean root values,pair_2000cc20,shared binary core,Pi,5
Matched AI Lean root values,pair_2000cc20,shared binary core,Let,3
Matched human Lean root values,pair_204207d6,all normalized constructors,App,2677
Matched human Lean root values,pair_204207d6,all normalized constructors,Lam,15
Matched human Lean root values,pair_204207d6,all normalized constructors,Pi,4
Matched human Lean root values,pair_204207d6,all normalized constructors,Let,5
Matched human Lean root values,pair_204207d6,shared binary core,App,2677
Matched human Lean root values,pair_204207d6,shared binary core,Lam,15
Matched human Lean root values,pair_204207d6,shared binary core,Pi,4
Matched human Lean root values,pair_204207d6,shared binary core,Let,5
Matched AI Lean root values,pair_204207d6,all normalized constructors,App,2627
Matched AI Lean root values,pair_204207d6,all normalized constructors,Lam,17
Matched AI Lean root values,pair_204207d6,all normalized constructors,Pi,4
Matched AI Lean root values,pair_204207d6,shared binary core,App,2627
Matched AI Lean root values,pair_204207d6,shared binary core,Lam,17
Matched AI Lean root values,pair_204207d6,shared binary core,Pi,4
Matched human Lean root values,pair_20f6251a,all normalized constructors,Pi,9
Matched human Lean root values,pair_20f6251a,all normalized constructors,App,2571
Matched human Lean root values,pair_20f6251a,all normalized constructors,Lam,35
Matched human Lean root values,pair_20f6251a,all normalized constructors,Let,2
Matched human Lean root values,pair_20f6251a,shared binary core,Pi,9
Matched human Lean root values,pair_20f6251a,shared binary core,App,2571
Matched human Lean root values,pair_20f6251a,shared binary core,Lam,35
Matched human Lean root values,pair_20f6251a,shared binary core,Let,2
Matched AI Lean root values,pair_20f6251a,all normalized constructors,Pi,12
Matched AI Lean root values,pair_20f6251a,all normalized constructors,App,2763
Matched AI Lean root values,pair_20f6251a,all normalized constructors,Lam,40
Matched AI Lean root values,pair_20f6251a,all normalized constructors,Let,8
Matched AI Lean root values,pair_20f6251a,shared binary core,Pi,12
Matched AI Lean root values,pair_20f6251a,shared binary core,App,2763
Matched AI Lean root values,pair_20f6251a,shared binary core,Lam,40
Matched AI Lean root values,pair_20f6251a,shared binary core,Let,8
Matched human Lean root values,pair_22599b6f,all normalized constructors,App,5279
Matched human Lean root values,pair_22599b6f,all normalized constructors,Pi,46
Matched human Lean root values,pair_22599b6f,all normalized constructors,Lam,91
Matched human Lean root values,pair_22599b6f,all normalized constructors,Let,6
Matched human Lean root values,pair_22599b6f,shared binary core,App,5279
Matched human Lean root values,pair_22599b6f,shared binary core,Pi,46
Matched human Lean root values,pair_22599b6f,shared binary core,Lam,91
Matched human Lean root values,pair_22599b6f,shared binary core,Let,6
Matched AI Lean root values,pair_22599b6f,all normalized constructors,App,6226
Matched AI Lean root values,pair_22599b6f,all normalized constructors,Pi,7
Matched AI Lean root values,pair_22599b6f,all normalized constructors,Lam,72
Matched AI Lean root values,pair_22599b6f,shared binary core,App,6226
Matched AI Lean root values,pair_22599b6f,shared binary core,Pi,7
Matched AI Lean root values,pair_22599b6f,shared binary core,Lam,72
Matched human Lean root values,pair_2347fae1,all normalized constructors,App,4184
Matched human Lean root values,pair_2347fae1,all normalized constructors,Lam,79
Matched human Lean root values,pair_2347fae1,all normalized constructors,Let,12
Matched human Lean root values,pair_2347fae1,all normalized constructors,Pi,9
Matched human Lean root values,pair_2347fae1,shared binary core,App,4184
Matched human Lean root values,pair_2347fae1,shared binary core,Lam,79
Matched human Lean root values,pair_2347fae1,shared binary core,Let,12
Matched human Lean root values,pair_2347fae1,shared binary core,Pi,9
Matched AI Lean root values,pair_2347fae1,all normalized constructors,App,4908
Matched AI Lean root values,pair_2347fae1,all normalized constructors,Lam,60
Matched AI Lean root values,pair_2347fae1,all normalized constructors,Pi,2
Matched AI Lean root values,pair_2347fae1,all normalized constructors,Let,10
Matched AI Lean root values,pair_2347fae1,shared binary core,App,4908
Matched AI Lean root values,pair_2347fae1,shared binary core,Lam,60
Matched AI Lean root values,pair_2347fae1,shared binary core,Pi,2
Matched AI Lean root values,pair_2347fae1,shared binary core,Let,10
Matched human Lean root values,pair_2590c3a7,all normalized constructors,App,1155
Matched human Lean root values,pair_2590c3a7,all normalized constructors,Lam,64
Matched human Lean root values,pair_2590c3a7,all normalized constructors,Pi,8
Matched human Lean root values,pair_2590c3a7,all normalized constructors,Let,5
Matched human Lean root values,pair_2590c3a7,all normalized constructors,Proj,1
Matched human Lean root values,pair_2590c3a7,shared binary core,App,1155
Matched human Lean root values,pair_2590c3a7,shared binary core,Lam,64
Matched human Lean root values,pair_2590c3a7,shared binary core,Pi,8
Matched human Lean root values,pair_2590c3a7,shared binary core,Let,5
Matched AI Lean root values,pair_2590c3a7,all normalized constructors,App,1083
Matched AI Lean root values,pair_2590c3a7,all normalized constructors,Lam,64
Matched AI Lean root values,pair_2590c3a7,all normalized constructors,Pi,8
Matched AI Lean root values,pair_2590c3a7,all normalized constructors,Let,5
Matched AI Lean root values,pair_2590c3a7,all normalized constructors,Proj,1
Matched AI Lean root values,pair_2590c3a7,shared binary core,App,1083
Matched AI Lean root values,pair_2590c3a7,shared binary core,Lam,64
Matched AI Lean root values,pair_2590c3a7,shared binary core,Pi,8
Matched AI Lean root values,pair_2590c3a7,shared binary core,Let,5
Matched human Lean root values,pair_26771bf6,all normalized constructors,App,2242
Matched human Lean root values,pair_26771bf6,all normalized constructors,Lam,22
Matched human Lean root values,pair_26771bf6,all normalized constructors,Pi,2
Matched human Lean root values,pair_26771bf6,all normalized constructors,Let,2
Matched human Lean root values,pair_26771bf6,shared binary core,App,2242
Matched human Lean root values,pair_26771bf6,shared binary core,Lam,22
Matched human Lean root values,pair_26771bf6,shared binary core,Pi,2
Matched human Lean root values,pair_26771bf6,shared binary core,Let,2
Matched AI Lean root values,pair_26771bf6,all normalized constructors,App,2386
Matched AI Lean root values,pair_26771bf6,all normalized constructors,Lam,27
Matched AI Lean root values,pair_26771bf6,all normalized constructors,Pi,2
Matched AI Lean root values,pair_26771bf6,all normalized constructors,Let,4
Matched AI Lean root values,pair_26771bf6,shared binary core,App,2386
Matched AI Lean root values,pair_26771bf6,shared binary core,Lam,27
Matched AI Lean root values,pair_26771bf6,shared binary core,Pi,2
Matched AI Lean root values,pair_26771bf6,shared binary core,Let,4
Matched human Lean root values,pair_271fa579,all normalized constructors,App,22698
Matched human Lean root values,pair_271fa579,all normalized constructors,Lam,49
Matched human Lean root values,pair_271fa579,all normalized constructors,Pi,4
Matched human Lean root values,pair_271fa579,all normalized constructors,Let,18
Matched human Lean root values,pair_271fa579,shared binary core,App,22698
Matched human Lean root values,pair_271fa579,shared binary core,Lam,49
Matched human Lean root values,pair_271fa579,shared binary core,Pi,4
Matched human Lean root values,pair_271fa579,shared binary core,Let,18
Matched AI Lean root values,pair_271fa579,all normalized constructors,App,21937
Matched AI Lean root values,pair_271fa579,all normalized constructors,Lam,28
Matched AI Lean root values,pair_271fa579,all normalized constructors,Pi,4
Matched AI Lean root values,pair_271fa579,all normalized constructors,Let,3
Matched AI Lean root values,pair_271fa579,shared binary core,App,21937
Matched AI Lean root values,pair_271fa579,shared binary core,Lam,28
Matched AI Lean root values,pair_271fa579,shared binary core,Pi,4
Matched AI Lean root values,pair_271fa579,shared binary core,Let,3
Matched human Lean root values,pair_2748f3f1,all normalized constructors,App,7490
Matched human Lean root values,pair_2748f3f1,all normalized constructors,Lam,33
Matched human Lean root values,pair_2748f3f1,all normalized constructors,Pi,4
Matched human Lean root values,pair_2748f3f1,all normalized constructors,Let,7
Matched human Lean root values,pair_2748f3f1,shared binary core,App,7490
Matched human Lean root values,pair_2748f3f1,shared binary core,Lam,33
Matched human Lean root values,pair_2748f3f1,shared binary core,Pi,4
Matched human Lean root values,pair_2748f3f1,shared binary core,Let,7
Matched AI Lean root values,pair_2748f3f1,all normalized constructors,App,12310
Matched AI Lean root values,pair_2748f3f1,all normalized constructors,Pi,5
Matched AI Lean root values,pair_2748f3f1,all normalized constructors,Lam,45
Matched AI Lean root values,pair_2748f3f1,all normalized constructors,Let,7
Matched AI Lean root values,pair_2748f3f1,shared binary core,App,12310
Matched AI Lean root values,pair_2748f3f1,shared binary core,Pi,5
Matched AI Lean root values,pair_2748f3f1,shared binary core,Lam,45
Matched AI Lean root values,pair_2748f3f1,shared binary core,Let,7
Matched human Lean root values,pair_29059eae,all normalized constructors,App,2533
Matched human Lean root values,pair_29059eae,all normalized constructors,Lam,27
Matched human Lean root values,pair_29059eae,all normalized constructors,Pi,3
Matched human Lean root values,pair_29059eae,all normalized constructors,Let,15
Matched human Lean root values,pair_29059eae,shared binary core,App,2533
Matched human Lean root values,pair_29059eae,shared binary core,Lam,27
Matched human Lean root values,pair_29059eae,shared binary core,Pi,3
Matched human Lean root values,pair_29059eae,shared binary core,Let,15
Matched AI Lean root values,pair_29059eae,all normalized constructors,App,4778
Matched AI Lean root values,pair_29059eae,all normalized constructors,Lam,37
Matched AI Lean root values,pair_29059eae,all normalized constructors,Pi,2
Matched AI Lean root values,pair_29059eae,all normalized constructors,Let,8
Matched AI Lean root values,pair_29059eae,shared binary core,App,4778
Matched AI Lean root values,pair_29059eae,shared binary core,Lam,37
Matched AI Lean root values,pair_29059eae,shared binary core,Pi,2
Matched AI Lean root values,pair_29059eae,shared binary core,Let,8
Matched human Lean root values,pair_2a4dc8cc,all normalized constructors,App,3449
Matched human Lean root values,pair_2a4dc8cc,all normalized constructors,Lam,31
Matched human Lean root values,pair_2a4dc8cc,all normalized constructors,Pi,2
Matched human Lean root values,pair_2a4dc8cc,all normalized constructors,Let,4
Matched human Lean root values,pair_2a4dc8cc,shared binary core,App,3449
Matched human Lean root values,pair_2a4dc8cc,shared binary core,Lam,31
Matched human Lean root values,pair_2a4dc8cc,shared binary core,Pi,2
Matched human Lean root values,pair_2a4dc8cc,shared binary core,Let,4
Matched AI Lean root values,pair_2a4dc8cc,all normalized constructors,App,3065
Matched AI Lean root values,pair_2a4dc8cc,all normalized constructors,Lam,34
Matched AI Lean root values,pair_2a4dc8cc,all normalized constructors,Pi,2
Matched AI Lean root values,pair_2a4dc8cc,all normalized constructors,Let,8
Matched AI Lean root values,pair_2a4dc8cc,shared binary core,App,3065
Matched AI Lean root values,pair_2a4dc8cc,shared binary core,Lam,34
Matched AI Lean root values,pair_2a4dc8cc,shared binary core,Pi,2
Matched AI Lean root values,pair_2a4dc8cc,shared binary core,Let,8
Matched human Lean root values,pair_2a66f969,all normalized constructors,App,12220
Matched human Lean root values,pair_2a66f969,all normalized constructors,Pi,8
Matched human Lean root values,pair_2a66f969,all normalized constructors,Lam,38
Matched human Lean root values,pair_2a66f969,all normalized constructors,Let,6
Matched human Lean root values,pair_2a66f969,shared binary core,App,12220
Matched human Lean root values,pair_2a66f969,shared binary core,Pi,8
Matched human Lean root values,pair_2a66f969,shared binary core,Lam,38
Matched human Lean root values,pair_2a66f969,shared binary core,Let,6
Matched AI Lean root values,pair_2a66f969,all normalized constructors,App,11170
Matched AI Lean root values,pair_2a66f969,all normalized constructors,Pi,10
Matched AI Lean root values,pair_2a66f969,all normalized constructors,Lam,44
Matched AI Lean root values,pair_2a66f969,all normalized constructors,Let,9
Matched AI Lean root values,pair_2a66f969,shared binary core,App,11170
Matched AI Lean root values,pair_2a66f969,shared binary core,Pi,10
Matched AI Lean root values,pair_2a66f969,shared binary core,Lam,44
Matched AI Lean root values,pair_2a66f969,shared binary core,Let,9
Matched human Lean root values,pair_2b09aabd,all normalized constructors,App,828
Matched human Lean root values,pair_2b09aabd,all normalized constructors,Lam,36
Matched human Lean root values,pair_2b09aabd,all normalized constructors,Pi,12
Matched human Lean root values,pair_2b09aabd,all normalized constructors,Let,3
Matched human Lean root values,pair_2b09aabd,shared binary core,App,828
Matched human Lean root values,pair_2b09aabd,shared binary core,Lam,36
Matched human Lean root values,pair_2b09aabd,shared binary core,Pi,12
Matched human Lean root values,pair_2b09aabd,shared binary core,Let,3
Matched AI Lean root values,pair_2b09aabd,all normalized constructors,App,1672
Matched AI Lean root values,pair_2b09aabd,all normalized constructors,Pi,16
Matched AI Lean root values,pair_2b09aabd,all normalized constructors,Lam,40
Matched AI Lean root values,pair_2b09aabd,all normalized constructors,Let,4
Matched AI Lean root values,pair_2b09aabd,shared binary core,App,1672
Matched AI Lean root values,pair_2b09aabd,shared binary core,Pi,16
Matched AI Lean root values,pair_2b09aabd,shared binary core,Lam,40
Matched AI Lean root values,pair_2b09aabd,shared binary core,Let,4
Matched human Lean root values,pair_2d283418,all normalized constructors,App,1907
Matched human Lean root values,pair_2d283418,all normalized constructors,Lam,19
Matched human Lean root values,pair_2d283418,all normalized constructors,Pi,9
Matched human Lean root values,pair_2d283418,shared binary core,App,1907
Matched human Lean root values,pair_2d283418,shared binary core,Lam,19
Matched human Lean root values,pair_2d283418,shared binary core,Pi,9
Matched AI Lean root values,pair_2d283418,all normalized constructors,App,1805
Matched AI Lean root values,pair_2d283418,all normalized constructors,Lam,18
Matched AI Lean root values,pair_2d283418,all normalized constructors,Pi,8
Matched AI Lean root values,pair_2d283418,shared binary core,App,1805
Matched AI Lean root values,pair_2d283418,shared binary core,Lam,18
Matched AI Lean root values,pair_2d283418,shared binary core,Pi,8
Matched human Lean root values,pair_2fba10ea,all normalized constructors,Pi,21
Matched human Lean root values,pair_2fba10ea,all normalized constructors,App,10959
Matched human Lean root values,pair_2fba10ea,all normalized constructors,Lam,123
Matched human Lean root values,pair_2fba10ea,all normalized constructors,Let,29
Matched human Lean root values,pair_2fba10ea,shared binary core,Pi,21
Matched human Lean root values,pair_2fba10ea,shared binary core,App,10959
Matched human Lean root values,pair_2fba10ea,shared binary core,Lam,123
Matched human Lean root values,pair_2fba10ea,shared binary core,Let,29
Matched AI Lean root values,pair_2fba10ea,all normalized constructors,Pi,20
Matched AI Lean root values,pair_2fba10ea,all normalized constructors,App,6595
Matched AI Lean root values,pair_2fba10ea,all normalized constructors,Lam,75
Matched AI Lean root values,pair_2fba10ea,all normalized constructors,Let,10
Matched AI Lean root values,pair_2fba10ea,shared binary core,Pi,20
Matched AI Lean root values,pair_2fba10ea,shared binary core,App,6595
Matched AI Lean root values,pair_2fba10ea,shared binary core,Lam,75
Matched AI Lean root values,pair_2fba10ea,shared binary core,Let,10
Matched human Lean root values,pair_2fde2018,all normalized constructors,App,5879
Matched human Lean root values,pair_2fde2018,all normalized constructors,Pi,59
Matched human Lean root values,pair_2fde2018,all normalized constructors,Lam,96
Matched human Lean root values,pair_2fde2018,all normalized constructors,Let,18
Matched human Lean root values,pair_2fde2018,shared binary core,App,5879
Matched human Lean root values,pair_2fde2018,shared binary core,Pi,59
Matched human Lean root values,pair_2fde2018,shared binary core,Lam,96
Matched human Lean root values,pair_2fde2018,shared binary core,Let,18
Matched AI Lean root values,pair_2fde2018,all normalized constructors,App,6550
Matched AI Lean root values,pair_2fde2018,all normalized constructors,Pi,15
Matched AI Lean root values,pair_2fde2018,all normalized constructors,Lam,89
Matched AI Lean root values,pair_2fde2018,all normalized constructors,Let,26
Matched AI Lean root values,pair_2fde2018,shared binary core,App,6550
Matched AI Lean root values,pair_2fde2018,shared binary core,Pi,15
Matched AI Lean root values,pair_2fde2018,shared binary core,Lam,89
Matched AI Lean root values,pair_2fde2018,shared binary core,Let,26
Matched human Lean root values,pair_301c1ff9,all normalized constructors,App,6738
Matched human Lean root values,pair_301c1ff9,all normalized constructors,Lam,24
Matched human Lean root values,pair_301c1ff9,all normalized constructors,Pi,4
Matched human Lean root values,pair_301c1ff9,shared binary core,App,6738
Matched human Lean root values,pair_301c1ff9,shared binary core,Lam,24
Matched human Lean root values,pair_301c1ff9,shared binary core,Pi,4
Matched AI Lean root values,pair_301c1ff9,all normalized constructors,App,7944
Matched AI Lean root values,pair_301c1ff9,all normalized constructors,Lam,24
Matched AI Lean root values,pair_301c1ff9,all normalized constructors,Pi,4
Matched AI Lean root values,pair_301c1ff9,shared binary core,App,7944
Matched AI Lean root values,pair_301c1ff9,shared binary core,Lam,24
Matched AI Lean root values,pair_301c1ff9,shared binary core,Pi,4
Matched human Lean root values,pair_326a8dc3,all normalized constructors,App,21163
Matched human Lean root values,pair_326a8dc3,all normalized constructors,Lam,92
Matched human Lean root values,pair_326a8dc3,all normalized constructors,Pi,9
Matched human Lean root values,pair_326a8dc3,all normalized constructors,Let,25
Matched human Lean root values,pair_326a8dc3,shared binary core,App,21163
Matched human Lean root values,pair_326a8dc3,shared binary core,Lam,92
Matched human Lean root values,pair_326a8dc3,shared binary core,Pi,9
Matched human Lean root values,pair_326a8dc3,shared binary core,Let,25
Matched AI Lean root values,pair_326a8dc3,all normalized constructors,App,30391
Matched AI Lean root values,pair_326a8dc3,all normalized constructors,Lam,77
Matched AI Lean root values,pair_326a8dc3,all normalized constructors,Pi,9
Matched AI Lean root values,pair_326a8dc3,all normalized constructors,Let,12
Matched AI Lean root values,pair_326a8dc3,shared binary core,App,30391
Matched AI Lean root values,pair_326a8dc3,shared binary core,Lam,77
Matched AI Lean root values,pair_326a8dc3,shared binary core,Pi,9
Matched AI Lean root values,pair_326a8dc3,shared binary core,Let,12
Matched human Lean root values,pair_32d5762e,all normalized constructors,App,2825
Matched human Lean root values,pair_32d5762e,all normalized constructors,Lam,22
Matched human Lean root values,pair_32d5762e,all normalized constructors,Pi,4
Matched human Lean root values,pair_32d5762e,all normalized constructors,Let,7
Matched human Lean root values,pair_32d5762e,shared binary core,App,2825
Matched human Lean root values,pair_32d5762e,shared binary core,Lam,22
Matched human Lean root values,pair_32d5762e,shared binary core,Pi,4
Matched human Lean root values,pair_32d5762e,shared binary core,Let,7
Matched AI Lean root values,pair_32d5762e,all normalized constructors,App,2441
Matched AI Lean root values,pair_32d5762e,all normalized constructors,Lam,21
Matched AI Lean root values,pair_32d5762e,all normalized constructors,Pi,4
Matched AI Lean root values,pair_32d5762e,all normalized constructors,Let,3
Matched AI Lean root values,pair_32d5762e,shared binary core,App,2441
Matched AI Lean root values,pair_32d5762e,shared binary core,Lam,21
Matched AI Lean root values,pair_32d5762e,shared binary core,Pi,4
Matched AI Lean root values,pair_32d5762e,shared binary core,Let,3
Matched human Lean root values,pair_32e87abf,all normalized constructors,Pi,8
Matched human Lean root values,pair_32e87abf,all normalized constructors,App,2649
Matched human Lean root values,pair_32e87abf,all normalized constructors,Lam,38
Matched human Lean root values,pair_32e87abf,all normalized constructors,Let,3
Matched human Lean root values,pair_32e87abf,shared binary core,Pi,8
Matched human Lean root values,pair_32e87abf,shared binary core,App,2649
Matched human Lean root values,pair_32e87abf,shared binary core,Lam,38
Matched human Lean root values,pair_32e87abf,shared binary core,Let,3
Matched AI Lean root values,pair_32e87abf,all normalized constructors,Pi,6
Matched AI Lean root values,pair_32e87abf,all normalized constructors,App,3509
Matched AI Lean root values,pair_32e87abf,all normalized constructors,Lam,43
Matched AI Lean root values,pair_32e87abf,all normalized constructors,Let,13
Matched AI Lean root values,pair_32e87abf,shared binary core,Pi,6
Matched AI Lean root values,pair_32e87abf,shared binary core,App,3509
Matched AI Lean root values,pair_32e87abf,shared binary core,Lam,43
Matched AI Lean root values,pair_32e87abf,shared binary core,Let,13
Matched human Lean root values,pair_33135e91,all normalized constructors,App,3691
Matched human Lean root values,pair_33135e91,all normalized constructors,Lam,31
Matched human Lean root values,pair_33135e91,all normalized constructors,Pi,6
Matched human Lean root values,pair_33135e91,all normalized constructors,Let,4
Matched human Lean root values,pair_33135e91,shared binary core,App,3691
Matched human Lean root values,pair_33135e91,shared binary core,Lam,31
Matched human Lean root values,pair_33135e91,shared binary core,Pi,6
Matched human Lean root values,pair_33135e91,shared binary core,Let,4
Matched AI Lean root values,pair_33135e91,all normalized constructors,App,3687
Matched AI Lean root values,pair_33135e91,all normalized constructors,Lam,36
Matched AI Lean root values,pair_33135e91,all normalized constructors,Pi,6
Matched AI Lean root values,pair_33135e91,all normalized constructors,Let,8
Matched AI Lean root values,pair_33135e91,shared binary core,App,3687
Matched AI Lean root values,pair_33135e91,shared binary core,Lam,36
Matched AI Lean root values,pair_33135e91,shared binary core,Pi,6
Matched AI Lean root values,pair_33135e91,shared binary core,Let,8
Matched human Lean root values,pair_33b83cd5,all normalized constructors,App,8264
Matched human Lean root values,pair_33b83cd5,all normalized constructors,Lam,65
Matched human Lean root values,pair_33b83cd5,all normalized constructors,Pi,6
Matched human Lean root values,pair_33b83cd5,all normalized constructors,Let,23
Matched human Lean root values,pair_33b83cd5,shared binary core,App,8264
Matched human Lean root values,pair_33b83cd5,shared binary core,Lam,65
Matched human Lean root values,pair_33b83cd5,shared binary core,Pi,6
Matched human Lean root values,pair_33b83cd5,shared binary core,Let,23
Matched AI Lean root values,pair_33b83cd5,all normalized constructors,App,8407
Matched AI Lean root values,pair_33b83cd5,all normalized constructors,Lam,79
Matched AI Lean root values,pair_33b83cd5,all normalized constructors,Pi,5
Matched AI Lean root values,pair_33b83cd5,all normalized constructors,Let,21
Matched AI Lean root values,pair_33b83cd5,shared binary core,App,8407
Matched AI Lean root values,pair_33b83cd5,shared binary core,Lam,79
Matched AI Lean root values,pair_33b83cd5,shared binary core,Pi,5
Matched AI Lean root values,pair_33b83cd5,shared binary core,Let,21
Matched human Lean root values,pair_34b2dbc3,all normalized constructors,App,3206
Matched human Lean root values,pair_34b2dbc3,all normalized constructors,Lam,14
Matched human Lean root values,pair_34b2dbc3,all normalized constructors,Pi,5
Matched human Lean root values,pair_34b2dbc3,all normalized constructors,Let,1
Matched human Lean root values,pair_34b2dbc3,shared binary core,App,3206
Matched human Lean root values,pair_34b2dbc3,shared binary core,Lam,14
Matched human Lean root values,pair_34b2dbc3,shared binary core,Pi,5
Matched human Lean root values,pair_34b2dbc3,shared binary core,Let,1
Matched AI Lean root values,pair_34b2dbc3,all normalized constructors,App,171
Matched AI Lean root values,pair_34b2dbc3,all normalized constructors,Lam,9
Matched AI Lean root values,pair_34b2dbc3,all normalized constructors,Pi,2
Matched AI Lean root values,pair_34b2dbc3,all normalized constructors,Let,3
Matched AI Lean root values,pair_34b2dbc3,shared binary core,App,171
Matched AI Lean root values,pair_34b2dbc3,shared binary core,Lam,9
Matched AI Lean root values,pair_34b2dbc3,shared binary core,Pi,2
Matched AI Lean root values,pair_34b2dbc3,shared binary core,Let,3
Matched human Lean root values,pair_34e33ffa,all normalized constructors,App,6242
Matched human Lean root values,pair_34e33ffa,all normalized constructors,Pi,3
Matched human Lean root values,pair_34e33ffa,all normalized constructors,Lam,54
Matched human Lean root values,pair_34e33ffa,all normalized constructors,Let,12
Matched human Lean root values,pair_34e33ffa,shared binary core,App,6242
Matched human Lean root values,pair_34e33ffa,shared binary core,Pi,3
Matched human Lean root values,pair_34e33ffa,shared binary core,Lam,54
Matched human Lean root values,pair_34e33ffa,shared binary core,Let,12
Matched AI Lean root values,pair_34e33ffa,all normalized constructors,App,11593
Matched AI Lean root values,pair_34e33ffa,all normalized constructors,Lam,102
Matched AI Lean root values,pair_34e33ffa,all normalized constructors,Pi,3
Matched AI Lean root values,pair_34e33ffa,all normalized constructors,Let,39
Matched AI Lean root values,pair_34e33ffa,shared binary core,App,11593
Matched AI Lean root values,pair_34e33ffa,shared binary core,Lam,102
Matched AI Lean root values,pair_34e33ffa,shared binary core,Pi,3
Matched AI Lean root values,pair_34e33ffa,shared binary core,Let,39
Matched human Lean root values,pair_358e95d5,all normalized constructors,App,989
Matched human Lean root values,pair_358e95d5,all normalized constructors,Lam,71
Matched human Lean root values,pair_358e95d5,all normalized constructors,Let,9
Matched human Lean root values,pair_358e95d5,shared binary core,App,989
Matched human Lean root values,pair_358e95d5,shared binary core,Lam,71
Matched human Lean root values,pair_358e95d5,shared binary core,Let,9
Matched AI Lean root values,pair_358e95d5,all normalized constructors,App,276
Matched AI Lean root values,pair_358e95d5,all normalized constructors,Lam,23
Matched AI Lean root values,pair_358e95d5,all normalized constructors,Let,13
Matched AI Lean root values,pair_358e95d5,shared binary core,App,276
Matched AI Lean root values,pair_358e95d5,shared binary core,Lam,23
Matched AI Lean root values,pair_358e95d5,shared binary core,Let,13
Matched human Lean root values,pair_3757881d,all normalized constructors,App,9446
Matched human Lean root values,pair_3757881d,all normalized constructors,Pi,3
Matched human Lean root values,pair_3757881d,all normalized constructors,Lam,87
Matched human Lean root values,pair_3757881d,all normalized constructors,Let,28
Matched human Lean root values,pair_3757881d,shared binary core,App,9446
Matched human Lean root values,pair_3757881d,shared binary core,Pi,3
Matched human Lean root values,pair_3757881d,shared binary core,Lam,87
Matched human Lean root values,pair_3757881d,shared binary core,Let,28
Matched AI Lean root values,pair_3757881d,all normalized constructors,App,8056
Matched AI Lean root values,pair_3757881d,all normalized constructors,Pi,3
Matched AI Lean root values,pair_3757881d,all normalized constructors,Lam,70
Matched AI Lean root values,pair_3757881d,all normalized constructors,Let,21
Matched AI Lean root values,pair_3757881d,shared binary core,App,8056
Matched AI Lean root values,pair_3757881d,shared binary core,Pi,3
Matched AI Lean root values,pair_3757881d,shared binary core,Lam,70
Matched AI Lean root values,pair_3757881d,shared binary core,Let,21
Matched human Lean root values,pair_37c40664,all normalized constructors,App,1315
Matched human Lean root values,pair_37c40664,all normalized constructors,Pi,8
Matched human Lean root values,pair_37c40664,all normalized constructors,Lam,31
Matched human Lean root values,pair_37c40664,all normalized constructors,Let,3
Matched human Lean root values,pair_37c40664,shared binary core,App,1315
Matched human Lean root values,pair_37c40664,shared binary core,Pi,8
Matched human Lean root values,pair_37c40664,shared binary core,Lam,31
Matched human Lean root values,pair_37c40664,shared binary core,Let,3
Matched AI Lean root values,pair_37c40664,all normalized constructors,App,1539
Matched AI Lean root values,pair_37c40664,all normalized constructors,Pi,8
Matched AI Lean root values,pair_37c40664,all normalized constructors,Lam,27
Matched AI Lean root values,pair_37c40664,all normalized constructors,Let,4
Matched AI Lean root values,pair_37c40664,shared binary core,App,1539
Matched AI Lean root values,pair_37c40664,shared binary core,Pi,8
Matched AI Lean root values,pair_37c40664,shared binary core,Lam,27
Matched AI Lean root values,pair_37c40664,shared binary core,Let,4
Matched human Lean root values,pair_37d880cd,all normalized constructors,App,1334
Matched human Lean root values,pair_37d880cd,all normalized constructors,Lam,41
Matched human Lean root values,pair_37d880cd,all normalized constructors,Pi,5
Matched human Lean root values,pair_37d880cd,all normalized constructors,Let,7
Matched human Lean root values,pair_37d880cd,shared binary core,App,1334
Matched human Lean root values,pair_37d880cd,shared binary core,Lam,41
Matched human Lean root values,pair_37d880cd,shared binary core,Pi,5
Matched human Lean root values,pair_37d880cd,shared binary core,Let,7
Matched AI Lean root values,pair_37d880cd,all normalized constructors,App,695
Matched AI Lean root values,pair_37d880cd,all normalized constructors,Lam,30
Matched AI Lean root values,pair_37d880cd,all normalized constructors,Let,3
Matched AI Lean root values,pair_37d880cd,all normalized constructors,Pi,2
Matched AI Lean root values,pair_37d880cd,shared binary core,App,695
Matched AI Lean root values,pair_37d880cd,shared binary core,Lam,30
Matched AI Lean root values,pair_37d880cd,shared binary core,Let,3
Matched AI Lean root values,pair_37d880cd,shared binary core,Pi,2
Matched human Lean root values,pair_3b1172ec,all normalized constructors,App,1637
Matched human Lean root values,pair_3b1172ec,all normalized constructors,Lam,4
Matched human Lean root values,pair_3b1172ec,all normalized constructors,Pi,8
Matched human Lean root values,pair_3b1172ec,all normalized constructors,Let,1
Matched human Lean root values,pair_3b1172ec,shared binary core,App,1637
Matched human Lean root values,pair_3b1172ec,shared binary core,Lam,4
Matched human Lean root values,pair_3b1172ec,shared binary core,Pi,8
Matched human Lean root values,pair_3b1172ec,shared binary core,Let,1
Matched AI Lean root values,pair_3b1172ec,all normalized constructors,App,719
Matched AI Lean root values,pair_3b1172ec,all normalized constructors,Lam,3
Matched AI Lean root values,pair_3b1172ec,all normalized constructors,Pi,5
Matched AI Lean root values,pair_3b1172ec,shared binary core,App,719
Matched AI Lean root values,pair_3b1172ec,shared binary core,Lam,3
Matched AI Lean root values,pair_3b1172ec,shared binary core,Pi,5
Matched human Lean root values,pair_3b470502,all normalized constructors,App,2452
Matched human Lean root values,pair_3b470502,all normalized constructors,Lam,35
Matched human Lean root values,pair_3b470502,all normalized constructors,Pi,9
Matched human Lean root values,pair_3b470502,all normalized constructors,Let,6
Matched human Lean root values,pair_3b470502,shared binary core,App,2452
Matched human Lean root values,pair_3b470502,shared binary core,Lam,35
Matched human Lean root values,pair_3b470502,shared binary core,Pi,9
Matched human Lean root values,pair_3b470502,shared binary core,Let,6
Matched AI Lean root values,pair_3b470502,all normalized constructors,App,2409
Matched AI Lean root values,pair_3b470502,all normalized constructors,Lam,33
Matched AI Lean root values,pair_3b470502,all normalized constructors,Pi,10
Matched AI Lean root values,pair_3b470502,all normalized constructors,Let,5
Matched AI Lean root values,pair_3b470502,shared binary core,App,2409
Matched AI Lean root values,pair_3b470502,shared binary core,Lam,33
Matched AI Lean root values,pair_3b470502,shared binary core,Pi,10
Matched AI Lean root values,pair_3b470502,shared binary core,Let,5
Matched human Lean root values,pair_3cca9874,all normalized constructors,App,1150
Matched human Lean root values,pair_3cca9874,all normalized constructors,Lam,22
Matched human Lean root values,pair_3cca9874,all normalized constructors,Pi,9
Matched human Lean root values,pair_3cca9874,all normalized constructors,Let,2
Matched human Lean root values,pair_3cca9874,shared binary core,App,1150
Matched human Lean root values,pair_3cca9874,shared binary core,Lam,22
Matched human Lean root values,pair_3cca9874,shared binary core,Pi,9
Matched human Lean root values,pair_3cca9874,shared binary core,Let,2
Matched AI Lean root values,pair_3cca9874,all normalized constructors,App,1893
Matched AI Lean root values,pair_3cca9874,all normalized constructors,Lam,98
Matched AI Lean root values,pair_3cca9874,all normalized constructors,Pi,6
Matched AI Lean root values,pair_3cca9874,all normalized constructors,Let,2
Matched AI Lean root values,pair_3cca9874,shared binary core,App,1893
Matched AI Lean root values,pair_3cca9874,shared binary core,Lam,98
Matched AI Lean root values,pair_3cca9874,shared binary core,Pi,6
Matched AI Lean root values,pair_3cca9874,shared binary core,Let,2
Matched human Lean root values,pair_3da844f5,all normalized constructors,App,5322
Matched human Lean root values,pair_3da844f5,all normalized constructors,Lam,18
Matched human Lean root values,pair_3da844f5,all normalized constructors,Pi,4
Matched human Lean root values,pair_3da844f5,shared binary core,App,5322
Matched human Lean root values,pair_3da844f5,shared binary core,Lam,18
Matched human Lean root values,pair_3da844f5,shared binary core,Pi,4
Matched AI Lean root values,pair_3da844f5,all normalized constructors,App,6832
Matched AI Lean root values,pair_3da844f5,all normalized constructors,Lam,19
Matched AI Lean root values,pair_3da844f5,all normalized constructors,Pi,4
Matched AI Lean root values,pair_3da844f5,shared binary core,App,6832
Matched AI Lean root values,pair_3da844f5,shared binary core,Lam,19
Matched AI Lean root values,pair_3da844f5,shared binary core,Pi,4
Matched human Lean root values,pair_3db79af4,all normalized constructors,App,19023
Matched human Lean root values,pair_3db79af4,all normalized constructors,Lam,9000
Matched human Lean root values,pair_3db79af4,all normalized constructors,Pi,18
Matched human Lean root values,pair_3db79af4,all normalized constructors,Let,4
Matched human Lean root values,pair_3db79af4,shared binary core,App,19023
Matched human Lean root values,pair_3db79af4,shared binary core,Lam,9000
Matched human Lean root values,pair_3db79af4,shared binary core,Pi,18
Matched human Lean root values,pair_3db79af4,shared binary core,Let,4
Matched AI Lean root values,pair_3db79af4,all normalized constructors,App,19062
Matched AI Lean root values,pair_3db79af4,all normalized constructors,Lam,9001
Matched AI Lean root values,pair_3db79af4,all normalized constructors,Pi,16
Matched AI Lean root values,pair_3db79af4,all normalized constructors,Let,5
Matched AI Lean root values,pair_3db79af4,shared binary core,App,19062
Matched AI Lean root values,pair_3db79af4,shared binary core,Lam,9001
Matched AI Lean root values,pair_3db79af4,shared binary core,Pi,16
Matched AI Lean root values,pair_3db79af4,shared binary core,Let,5
Matched human Lean root values,pair_3e5837da,all normalized constructors,App,1828
Matched human Lean root values,pair_3e5837da,all normalized constructors,Lam,24
Matched human Lean root values,pair_3e5837da,all normalized constructors,Pi,3
Matched human Lean root values,pair_3e5837da,shared binary core,App,1828
Matched human Lean root values,pair_3e5837da,shared binary core,Lam,24
Matched human Lean root values,pair_3e5837da,shared binary core,Pi,3
Matched AI Lean root values,pair_3e5837da,all normalized constructors,App,5875
Matched AI Lean root values,pair_3e5837da,all normalized constructors,Lam,46
Matched AI Lean root values,pair_3e5837da,all normalized constructors,Pi,2
Matched AI Lean root values,pair_3e5837da,all normalized constructors,Let,9
Matched AI Lean root values,pair_3e5837da,shared binary core,App,5875
Matched AI Lean root values,pair_3e5837da,shared binary core,Lam,46
Matched AI Lean root values,pair_3e5837da,shared binary core,Pi,2
Matched AI Lean root values,pair_3e5837da,shared binary core,Let,9
Matched human Lean root values,pair_3e7604ad,all normalized constructors,Pi,14
Matched human Lean root values,pair_3e7604ad,all normalized constructors,App,3157
Matched human Lean root values,pair_3e7604ad,all normalized constructors,Lam,23
Matched human Lean root values,pair_3e7604ad,all normalized constructors,Let,2
Matched human Lean root values,pair_3e7604ad,shared binary core,Pi,14
Matched human Lean root values,pair_3e7604ad,shared binary core,App,3157
Matched human Lean root values,pair_3e7604ad,shared binary core,Lam,23
Matched human Lean root values,pair_3e7604ad,shared binary core,Let,2
Matched AI Lean root values,pair_3e7604ad,all normalized constructors,Pi,7
Matched AI Lean root values,pair_3e7604ad,all normalized constructors,App,3061
Matched AI Lean root values,pair_3e7604ad,all normalized constructors,Lam,13
Matched AI Lean root values,pair_3e7604ad,all normalized constructors,Let,4
Matched AI Lean root values,pair_3e7604ad,shared binary core,Pi,7
Matched AI Lean root values,pair_3e7604ad,shared binary core,App,3061
Matched AI Lean root values,pair_3e7604ad,shared binary core,Lam,13
Matched AI Lean root values,pair_3e7604ad,shared binary core,Let,4
Matched human Lean root values,pair_40400f26,all normalized constructors,App,2826
Matched human Lean root values,pair_40400f26,all normalized constructors,Lam,113
Matched human Lean root values,pair_40400f26,all normalized constructors,Pi,19
Matched human Lean root values,pair_40400f26,all normalized constructors,Let,7
Matched human Lean root values,pair_40400f26,shared binary core,App,2826
Matched human Lean root values,pair_40400f26,shared binary core,Lam,113
Matched human Lean root values,pair_40400f26,shared binary core,Pi,19
Matched human Lean root values,pair_40400f26,shared binary core,Let,7
Matched AI Lean root values,pair_40400f26,all normalized constructors,App,273
Matched AI Lean root values,pair_40400f26,all normalized constructors,Lam,12
Matched AI Lean root values,pair_40400f26,all normalized constructors,Pi,2
Matched AI Lean root values,pair_40400f26,all normalized constructors,Let,2
Matched AI Lean root values,pair_40400f26,shared binary core,App,273
Matched AI Lean root values,pair_40400f26,shared binary core,Lam,12
Matched AI Lean root values,pair_40400f26,shared binary core,Pi,2
Matched AI Lean root values,pair_40400f26,shared binary core,Let,2
Matched human Lean root values,pair_412ad836,all normalized constructors,App,164
Matched human Lean root values,pair_412ad836,all normalized constructors,Lam,6
Matched human Lean root values,pair_412ad836,all normalized constructors,Pi,2
Matched human Lean root values,pair_412ad836,shared binary core,App,164
Matched human Lean root values,pair_412ad836,shared binary core,Lam,6
Matched human Lean root values,pair_412ad836,shared binary core,Pi,2
Matched AI Lean root values,pair_412ad836,all normalized constructors,App,164
Matched AI Lean root values,pair_412ad836,all normalized constructors,Lam,6
Matched AI Lean root values,pair_412ad836,all normalized constructors,Pi,2
Matched AI Lean root values,pair_412ad836,shared binary core,App,164
Matched AI Lean root values,pair_412ad836,shared binary core,Lam,6
Matched AI Lean root values,pair_412ad836,shared binary core,Pi,2
Matched human Lean root values,pair_43cbe160,all normalized constructors,Pi,12
Matched human Lean root values,pair_43cbe160,all normalized constructors,App,11662
Matched human Lean root values,pair_43cbe160,all normalized constructors,Lam,106
Matched human Lean root values,pair_43cbe160,all normalized constructors,Let,11
Matched human Lean root values,pair_43cbe160,shared binary core,Pi,12
Matched human Lean root values,pair_43cbe160,shared binary core,App,11662
Matched human Lean root values,pair_43cbe160,shared binary core,Lam,106
Matched human Lean root values,pair_43cbe160,shared binary core,Let,11
Matched AI Lean root values,pair_43cbe160,all normalized constructors,Pi,10
Matched AI Lean root values,pair_43cbe160,all normalized constructors,App,7668
Matched AI Lean root values,pair_43cbe160,all normalized constructors,Lam,49
Matched AI Lean root values,pair_43cbe160,all normalized constructors,Let,13
Matched AI Lean root values,pair_43cbe160,shared binary core,Pi,10
Matched AI Lean root values,pair_43cbe160,shared binary core,App,7668
Matched AI Lean root values,pair_43cbe160,shared binary core,Lam,49
Matched AI Lean root values,pair_43cbe160,shared binary core,Let,13
Matched human Lean root values,pair_44418174,all normalized constructors,App,2813
Matched human Lean root values,pair_44418174,all normalized constructors,Pi,22
Matched human Lean root values,pair_44418174,all normalized constructors,Lam,9
Matched human Lean root values,pair_44418174,all normalized constructors,Let,3
Matched human Lean root values,pair_44418174,shared binary core,App,2813
Matched human Lean root values,pair_44418174,shared binary core,Pi,22
Matched human Lean root values,pair_44418174,shared binary core,Lam,9
Matched human Lean root values,pair_44418174,shared binary core,Let,3
Matched AI Lean root values,pair_44418174,all normalized constructors,App,2764
Matched AI Lean root values,pair_44418174,all normalized constructors,Pi,8
Matched AI Lean root values,pair_44418174,all normalized constructors,Lam,9
Matched AI Lean root values,pair_44418174,all normalized constructors,Let,2
Matched AI Lean root values,pair_44418174,shared binary core,App,2764
Matched AI Lean root values,pair_44418174,shared binary core,Pi,8
Matched AI Lean root values,pair_44418174,shared binary core,Lam,9
Matched AI Lean root values,pair_44418174,shared binary core,Let,2
Matched human Lean root values,pair_4453d7a8,all normalized constructors,App,927
Matched human Lean root values,pair_4453d7a8,all normalized constructors,Lam,42
Matched human Lean root values,pair_4453d7a8,all normalized constructors,Pi,2
Matched human Lean root values,pair_4453d7a8,shared binary core,App,927
Matched human Lean root values,pair_4453d7a8,shared binary core,Lam,42
Matched human Lean root values,pair_4453d7a8,shared binary core,Pi,2
Matched AI Lean root values,pair_4453d7a8,all normalized constructors,App,310
Matched AI Lean root values,pair_4453d7a8,all normalized constructors,Lam,62
Matched AI Lean root values,pair_4453d7a8,all normalized constructors,Pi,1
Matched AI Lean root values,pair_4453d7a8,all normalized constructors,Let,6
Matched AI Lean root values,pair_4453d7a8,shared binary core,App,310
Matched AI Lean root values,pair_4453d7a8,shared binary core,Lam,62
Matched AI Lean root values,pair_4453d7a8,shared binary core,Pi,1
Matched AI Lean root values,pair_4453d7a8,shared binary core,Let,6
Matched human Lean root values,pair_452bb14f,all normalized constructors,App,10250
Matched human Lean root values,pair_452bb14f,all normalized constructors,Pi,19
Matched human Lean root values,pair_452bb14f,all normalized constructors,Lam,66
Matched human Lean root values,pair_452bb14f,all normalized constructors,Let,13
Matched human Lean root values,pair_452bb14f,shared binary core,App,10250
Matched human Lean root values,pair_452bb14f,shared binary core,Pi,19
Matched human Lean root values,pair_452bb14f,shared binary core,Lam,66
Matched human Lean root values,pair_452bb14f,shared binary core,Let,13
Matched AI Lean root values,pair_452bb14f,all normalized constructors,App,4159
Matched AI Lean root values,pair_452bb14f,all normalized constructors,Let,11
Matched AI Lean root values,pair_452bb14f,all normalized constructors,Lam,32
Matched AI Lean root values,pair_452bb14f,all normalized constructors,Pi,6
Matched AI Lean root values,pair_452bb14f,shared binary core,App,4159
Matched AI Lean root values,pair_452bb14f,shared binary core,Let,11
Matched AI Lean root values,pair_452bb14f,shared binary core,Lam,32
Matched AI Lean root values,pair_452bb14f,shared binary core,Pi,6
Matched human Lean root values,pair_45b25f4e,all normalized constructors,App,4300
Matched human Lean root values,pair_45b25f4e,all normalized constructors,Pi,27
Matched human Lean root values,pair_45b25f4e,all normalized constructors,Lam,39
Matched human Lean root values,pair_45b25f4e,all normalized constructors,Let,3
Matched human Lean root values,pair_45b25f4e,shared binary core,App,4300
Matched human Lean root values,pair_45b25f4e,shared binary core,Pi,27
Matched human Lean root values,pair_45b25f4e,shared binary core,Lam,39
Matched human Lean root values,pair_45b25f4e,shared binary core,Let,3
Matched AI Lean root values,pair_45b25f4e,all normalized constructors,App,3894
Matched AI Lean root values,pair_45b25f4e,all normalized constructors,Pi,10
Matched AI Lean root values,pair_45b25f4e,all normalized constructors,Lam,15
Matched AI Lean root values,pair_45b25f4e,all normalized constructors,Let,1
Matched AI Lean root values,pair_45b25f4e,shared binary core,App,3894
Matched AI Lean root values,pair_45b25f4e,shared binary core,Pi,10
Matched AI Lean root values,pair_45b25f4e,shared binary core,Lam,15
Matched AI Lean root values,pair_45b25f4e,shared binary core,Let,1
Matched human Lean root values,pair_47d24c12,all normalized constructors,App,574
Matched human Lean root values,pair_47d24c12,all normalized constructors,Lam,128
Matched human Lean root values,pair_47d24c12,all normalized constructors,Pi,14
Matched human Lean root values,pair_47d24c12,shared binary core,App,574
Matched human Lean root values,pair_47d24c12,shared binary core,Lam,128
Matched human Lean root values,pair_47d24c12,shared binary core,Pi,14
Matched AI Lean root values,pair_47d24c12,all normalized constructors,App,1992
Matched AI Lean root values,pair_47d24c12,all normalized constructors,Lam,109
Matched AI Lean root values,pair_47d24c12,all normalized constructors,Pi,11
Matched AI Lean root values,pair_47d24c12,all normalized constructors,Let,1
Matched AI Lean root values,pair_47d24c12,shared binary core,App,1992
Matched AI Lean root values,pair_47d24c12,shared binary core,Lam,109
Matched AI Lean root values,pair_47d24c12,shared binary core,Pi,11
Matched AI Lean root values,pair_47d24c12,shared binary core,Let,1
Matched human Lean root values,pair_4860e4db,all normalized constructors,App,4815
Matched human Lean root values,pair_4860e4db,all normalized constructors,Lam,47
Matched human Lean root values,pair_4860e4db,all normalized constructors,Pi,8
Matched human Lean root values,pair_4860e4db,all normalized constructors,Let,11
Matched human Lean root values,pair_4860e4db,shared binary core,App,4815
Matched human Lean root values,pair_4860e4db,shared binary core,Lam,47
Matched human Lean root values,pair_4860e4db,shared binary core,Pi,8
Matched human Lean root values,pair_4860e4db,shared binary core,Let,11
Matched AI Lean root values,pair_4860e4db,all normalized constructors,App,6876
Matched AI Lean root values,pair_4860e4db,all normalized constructors,Pi,16
Matched AI Lean root values,pair_4860e4db,all normalized constructors,Lam,48
Matched AI Lean root values,pair_4860e4db,all normalized constructors,Let,9
Matched AI Lean root values,pair_4860e4db,shared binary core,App,6876
Matched AI Lean root values,pair_4860e4db,shared binary core,Pi,16
Matched AI Lean root values,pair_4860e4db,shared binary core,Lam,48
Matched AI Lean root values,pair_4860e4db,shared binary core,Let,9
Matched human Lean root values,pair_48881c66,all normalized constructors,App,9668
Matched human Lean root values,pair_48881c66,all normalized constructors,Lam,181
Matched human Lean root values,pair_48881c66,all normalized constructors,Pi,122
Matched human Lean root values,pair_48881c66,all normalized constructors,Let,8
Matched human Lean root values,pair_48881c66,shared binary core,App,9668
Matched human Lean root values,pair_48881c66,shared binary core,Lam,181
Matched human Lean root values,pair_48881c66,shared binary core,Pi,122
Matched human Lean root values,pair_48881c66,shared binary core,Let,8
Matched AI Lean root values,pair_48881c66,all normalized constructors,App,10813
Matched AI Lean root values,pair_48881c66,all normalized constructors,Lam,130
Matched AI Lean root values,pair_48881c66,all normalized constructors,Pi,8
Matched AI Lean root values,pair_48881c66,all normalized constructors,Let,8
Matched AI Lean root values,pair_48881c66,shared binary core,App,10813
Matched AI Lean root values,pair_48881c66,shared binary core,Lam,130
Matched AI Lean root values,pair_48881c66,shared binary core,Pi,8
Matched AI Lean root values,pair_48881c66,shared binary core,Let,8
Matched human Lean root values,pair_49366beb,all normalized constructors,App,1328
Matched human Lean root values,pair_49366beb,all normalized constructors,Lam,35
Matched human Lean root values,pair_49366beb,all normalized constructors,Pi,27
Matched human Lean root values,pair_49366beb,shared binary core,App,1328
Matched human Lean root values,pair_49366beb,shared binary core,Lam,35
Matched human Lean root values,pair_49366beb,shared binary core,Pi,27
Matched AI Lean root values,pair_49366beb,all normalized constructors,App,1325
Matched AI Lean root values,pair_49366beb,all normalized constructors,Lam,34
Matched AI Lean root values,pair_49366beb,all normalized constructors,Pi,28
Matched AI Lean root values,pair_49366beb,all normalized constructors,Let,1
Matched AI Lean root values,pair_49366beb,shared binary core,App,1325
Matched AI Lean root values,pair_49366beb,shared binary core,Lam,34
Matched AI Lean root values,pair_49366beb,shared binary core,Pi,28
Matched AI Lean root values,pair_49366beb,shared binary core,Let,1
Matched human Lean root values,pair_496aea54,all normalized constructors,App,45
Matched human Lean root values,pair_496aea54,all normalized constructors,Lam,7
Matched human Lean root values,pair_496aea54,shared binary core,App,45
Matched human Lean root values,pair_496aea54,shared binary core,Lam,7
Matched AI Lean root values,pair_496aea54,all normalized constructors,App,45
Matched AI Lean root values,pair_496aea54,all normalized constructors,Lam,7
Matched AI Lean root values,pair_496aea54,shared binary core,App,45
Matched AI Lean root values,pair_496aea54,shared binary core,Lam,7
Matched human Lean root values,pair_496f71fb,all normalized constructors,App,27
Matched human Lean root values,pair_496f71fb,shared binary core,App,27
Matched AI Lean root values,pair_496f71fb,all normalized constructors,App,27
Matched AI Lean root values,pair_496f71fb,shared binary core,App,27
Matched human Lean root values,pair_496fbd44,all normalized constructors,App,6536
Matched human Lean root values,pair_496fbd44,all normalized constructors,Lam,24
Matched human Lean root values,pair_496fbd44,all normalized constructors,Pi,4
Matched human Lean root values,pair_496fbd44,all normalized constructors,Let,2
Matched human Lean root values,pair_496fbd44,shared binary core,App,6536
Matched human Lean root values,pair_496fbd44,shared binary core,Lam,24
Matched human Lean root values,pair_496fbd44,shared binary core,Pi,4
Matched human Lean root values,pair_496fbd44,shared binary core,Let,2
Matched AI Lean root values,pair_496fbd44,all normalized constructors,App,9823
Matched AI Lean root values,pair_496fbd44,all normalized constructors,Lam,24
Matched AI Lean root values,pair_496fbd44,all normalized constructors,Pi,4
Matched AI Lean root values,pair_496fbd44,all normalized constructors,Let,2
Matched AI Lean root values,pair_496fbd44,shared binary core,App,9823
Matched AI Lean root values,pair_496fbd44,shared binary core,Lam,24
Matched AI Lean root values,pair_496fbd44,shared binary core,Pi,4
Matched AI Lean root values,pair_496fbd44,shared binary core,Let,2
Matched human Lean root values,pair_49737f41,all normalized constructors,App,1678
Matched human Lean root values,pair_49737f41,all normalized constructors,Lam,22
Matched human Lean root values,pair_49737f41,all normalized constructors,Pi,3
Matched human Lean root values,pair_49737f41,all normalized constructors,Let,3
Matched human Lean root values,pair_49737f41,shared binary core,App,1678
Matched human Lean root values,pair_49737f41,shared binary core,Lam,22
Matched human Lean root values,pair_49737f41,shared binary core,Pi,3
Matched human Lean root values,pair_49737f41,shared binary core,Let,3
Matched AI Lean root values,pair_49737f41,all normalized constructors,App,3157
Matched AI Lean root values,pair_49737f41,all normalized constructors,Lam,40
Matched AI Lean root values,pair_49737f41,all normalized constructors,Pi,2
Matched AI Lean root values,pair_49737f41,all normalized constructors,Let,9
Matched AI Lean root values,pair_49737f41,shared binary core,App,3157
Matched AI Lean root values,pair_49737f41,shared binary core,Lam,40
Matched AI Lean root values,pair_49737f41,shared binary core,Pi,2
Matched AI Lean root values,pair_49737f41,shared binary core,Let,9
Matched human Lean root values,pair_49f9b472,all normalized constructors,App,1699
Matched human Lean root values,pair_49f9b472,all normalized constructors,Lam,10
Matched human Lean root values,pair_49f9b472,all normalized constructors,Pi,7
Matched human Lean root values,pair_49f9b472,all normalized constructors,Let,3
Matched human Lean root values,pair_49f9b472,shared binary core,App,1699
Matched human Lean root values,pair_49f9b472,shared binary core,Lam,10
Matched human Lean root values,pair_49f9b472,shared binary core,Pi,7
Matched human Lean root values,pair_49f9b472,shared binary core,Let,3
Matched AI Lean root values,pair_49f9b472,all normalized constructors,App,2205
Matched AI Lean root values,pair_49f9b472,all normalized constructors,Lam,10
Matched AI Lean root values,pair_49f9b472,all normalized constructors,Pi,5
Matched AI Lean root values,pair_49f9b472,all normalized constructors,Let,3
Matched AI Lean root values,pair_49f9b472,shared binary core,App,2205
Matched AI Lean root values,pair_49f9b472,shared binary core,Lam,10
Matched AI Lean root values,pair_49f9b472,shared binary core,Pi,5
Matched AI Lean root values,pair_49f9b472,shared binary core,Let,3
Matched human Lean root values,pair_4a23a011,all normalized constructors,App,1677
Matched human Lean root values,pair_4a23a011,all normalized constructors,Lam,30
Matched human Lean root values,pair_4a23a011,all normalized constructors,Pi,2
Matched human Lean root values,pair_4a23a011,all normalized constructors,Let,1
Matched human Lean root values,pair_4a23a011,shared binary core,App,1677
Matched human Lean root values,pair_4a23a011,shared binary core,Lam,30
Matched human Lean root values,pair_4a23a011,shared binary core,Pi,2
Matched human Lean root values,pair_4a23a011,shared binary core,Let,1
Matched AI Lean root values,pair_4a23a011,all normalized constructors,App,1125
Matched AI Lean root values,pair_4a23a011,all normalized constructors,Lam,26
Matched AI Lean root values,pair_4a23a011,all normalized constructors,Pi,2
Matched AI Lean root values,pair_4a23a011,all normalized constructors,Let,1
Matched AI Lean root values,pair_4a23a011,shared binary core,App,1125
Matched AI Lean root values,pair_4a23a011,shared binary core,Lam,26
Matched AI Lean root values,pair_4a23a011,shared binary core,Pi,2
Matched AI Lean root values,pair_4a23a011,shared binary core,Let,1
Matched human Lean root values,pair_4c39d86a,all normalized constructors,App,9354
Matched human Lean root values,pair_4c39d86a,all normalized constructors,Lam,151
Matched human Lean root values,pair_4c39d86a,all normalized constructors,Pi,11
Matched human Lean root values,pair_4c39d86a,all normalized constructors,Let,38
Matched human Lean root values,pair_4c39d86a,shared binary core,App,9354
Matched human Lean root values,pair_4c39d86a,shared binary core,Lam,151
Matched human Lean root values,pair_4c39d86a,shared binary core,Pi,11
Matched human Lean root values,pair_4c39d86a,shared binary core,Let,38
Matched AI Lean root values,pair_4c39d86a,all normalized constructors,App,8092
Matched AI Lean root values,pair_4c39d86a,all normalized constructors,Lam,109
Matched AI Lean root values,pair_4c39d86a,all normalized constructors,Pi,9
Matched AI Lean root values,pair_4c39d86a,all normalized constructors,Let,29
Matched AI Lean root values,pair_4c39d86a,shared binary core,App,8092
Matched AI Lean root values,pair_4c39d86a,shared binary core,Lam,109
Matched AI Lean root values,pair_4c39d86a,shared binary core,Pi,9
Matched AI Lean root values,pair_4c39d86a,shared binary core,Let,29
Matched human Lean root values,pair_4c7ab903,all normalized constructors,App,1225
Matched human Lean root values,pair_4c7ab903,all normalized constructors,Lam,29
Matched human Lean root values,pair_4c7ab903,all normalized constructors,Pi,4
Matched human Lean root values,pair_4c7ab903,all normalized constructors,Let,5
Matched human Lean root values,pair_4c7ab903,shared binary core,App,1225
Matched human Lean root values,pair_4c7ab903,shared binary core,Lam,29
Matched human Lean root values,pair_4c7ab903,shared binary core,Pi,4
Matched human Lean root values,pair_4c7ab903,shared binary core,Let,5
Matched AI Lean root values,pair_4c7ab903,all normalized constructors,App,2151
Matched AI Lean root values,pair_4c7ab903,all normalized constructors,Lam,36
Matched AI Lean root values,pair_4c7ab903,all normalized constructors,Pi,7
Matched AI Lean root values,pair_4c7ab903,all normalized constructors,Let,7
Matched AI Lean root values,pair_4c7ab903,shared binary core,App,2151
Matched AI Lean root values,pair_4c7ab903,shared binary core,Lam,36
Matched AI Lean root values,pair_4c7ab903,shared binary core,Pi,7
Matched AI Lean root values,pair_4c7ab903,shared binary core,Let,7
Matched human Lean root values,pair_4cffc8e6,all normalized constructors,App,1666
Matched human Lean root values,pair_4cffc8e6,all normalized constructors,Lam,45
Matched human Lean root values,pair_4cffc8e6,all normalized constructors,Pi,7
Matched human Lean root values,pair_4cffc8e6,all normalized constructors,Let,4
Matched human Lean root values,pair_4cffc8e6,shared binary core,App,1666
Matched human Lean root values,pair_4cffc8e6,shared binary core,Lam,45
Matched human Lean root values,pair_4cffc8e6,shared binary core,Pi,7
Matched human Lean root values,pair_4cffc8e6,shared binary core,Let,4
Matched AI Lean root values,pair_4cffc8e6,all normalized constructors,App,10562
Matched AI Lean root values,pair_4cffc8e6,all normalized constructors,Lam,96
Matched AI Lean root values,pair_4cffc8e6,all normalized constructors,Pi,6
Matched AI Lean root values,pair_4cffc8e6,all normalized constructors,Let,59
Matched AI Lean root values,pair_4cffc8e6,shared binary core,App,10562
Matched AI Lean root values,pair_4cffc8e6,shared binary core,Lam,96
Matched AI Lean root values,pair_4cffc8e6,shared binary core,Pi,6
Matched AI Lean root values,pair_4cffc8e6,shared binary core,Let,59
Matched human Lean root values,pair_4d25cb85,all normalized constructors,App,9179
Matched human Lean root values,pair_4d25cb85,all normalized constructors,Lam,94
Matched human Lean root values,pair_4d25cb85,all normalized constructors,Pi,8
Matched human Lean root values,pair_4d25cb85,all normalized constructors,Let,14
Matched human Lean root values,pair_4d25cb85,shared binary core,App,9179
Matched human Lean root values,pair_4d25cb85,shared binary core,Lam,94
Matched human Lean root values,pair_4d25cb85,shared binary core,Pi,8
Matched human Lean root values,pair_4d25cb85,shared binary core,Let,14
Matched AI Lean root values,pair_4d25cb85,all normalized constructors,App,14124
Matched AI Lean root values,pair_4d25cb85,all normalized constructors,Lam,124
Matched AI Lean root values,pair_4d25cb85,all normalized constructors,Pi,14
Matched AI Lean root values,pair_4d25cb85,all normalized constructors,Let,36
Matched AI Lean root values,pair_4d25cb85,shared binary core,App,14124
Matched AI Lean root values,pair_4d25cb85,shared binary core,Lam,124
Matched AI Lean root values,pair_4d25cb85,shared binary core,Pi,14
Matched AI Lean root values,pair_4d25cb85,shared binary core,Let,36
Matched human Lean root values,pair_4d494975,all normalized constructors,App,289
Matched human Lean root values,pair_4d494975,all normalized constructors,Pi,2
Matched human Lean root values,pair_4d494975,all normalized constructors,Lam,6
Matched human Lean root values,pair_4d494975,all normalized constructors,Let,2
Matched human Lean root values,pair_4d494975,shared binary core,App,289
Matched human Lean root values,pair_4d494975,shared binary core,Pi,2
Matched human Lean root values,pair_4d494975,shared binary core,Lam,6
Matched human Lean root values,pair_4d494975,shared binary core,Let,2
Matched AI Lean root values,pair_4d494975,all normalized constructors,App,1535
Matched AI Lean root values,pair_4d494975,all normalized constructors,Lam,10
Matched AI Lean root values,pair_4d494975,all normalized constructors,Pi,2
Matched AI Lean root values,pair_4d494975,all normalized constructors,Let,3
Matched AI Lean root values,pair_4d494975,shared binary core,App,1535
Matched AI Lean root values,pair_4d494975,shared binary core,Lam,10
Matched AI Lean root values,pair_4d494975,shared binary core,Pi,2
Matched AI Lean root values,pair_4d494975,shared binary core,Let,3
Matched human Lean root values,pair_4d68f3d1,all normalized constructors,App,2178
Matched human Lean root values,pair_4d68f3d1,all normalized constructors,Lam,10
Matched human Lean root values,pair_4d68f3d1,all normalized constructors,Pi,4
Matched human Lean root values,pair_4d68f3d1,shared binary core,App,2178
Matched human Lean root values,pair_4d68f3d1,shared binary core,Lam,10
Matched human Lean root values,pair_4d68f3d1,shared binary core,Pi,4
Matched AI Lean root values,pair_4d68f3d1,all normalized constructors,App,2167
Matched AI Lean root values,pair_4d68f3d1,all normalized constructors,Lam,9
Matched AI Lean root values,pair_4d68f3d1,all normalized constructors,Pi,4
Matched AI Lean root values,pair_4d68f3d1,all normalized constructors,Let,1
Matched AI Lean root values,pair_4d68f3d1,shared binary core,App,2167
Matched AI Lean root values,pair_4d68f3d1,shared binary core,Lam,9
Matched AI Lean root values,pair_4d68f3d1,shared binary core,Pi,4
Matched AI Lean root values,pair_4d68f3d1,shared binary core,Let,1
Matched human Lean root values,pair_4eec1381,all normalized constructors,App,2996
Matched human Lean root values,pair_4eec1381,all normalized constructors,Lam,75
Matched human Lean root values,pair_4eec1381,all normalized constructors,Pi,19
Matched human Lean root values,pair_4eec1381,all normalized constructors,Let,4
Matched human Lean root values,pair_4eec1381,shared binary core,App,2996
Matched human Lean root values,pair_4eec1381,shared binary core,Lam,75
Matched human Lean root values,pair_4eec1381,shared binary core,Pi,19
Matched human Lean root values,pair_4eec1381,shared binary core,Let,4
Matched AI Lean root values,pair_4eec1381,all normalized constructors,App,3677
Matched AI Lean root values,pair_4eec1381,all normalized constructors,Lam,48
Matched AI Lean root values,pair_4eec1381,all normalized constructors,Pi,6
Matched AI Lean root values,pair_4eec1381,all normalized constructors,Let,17
Matched AI Lean root values,pair_4eec1381,shared binary core,App,3677
Matched AI Lean root values,pair_4eec1381,shared binary core,Lam,48
Matched AI Lean root values,pair_4eec1381,shared binary core,Pi,6
Matched AI Lean root values,pair_4eec1381,shared binary core,Let,17
Matched human Lean root values,pair_4fd720f4,all normalized constructors,App,1552
Matched human Lean root values,pair_4fd720f4,all normalized constructors,Pi,40
Matched human Lean root values,pair_4fd720f4,all normalized constructors,Lam,55
Matched human Lean root values,pair_4fd720f4,all normalized constructors,Let,1
Matched human Lean root values,pair_4fd720f4,shared binary core,App,1552
Matched human Lean root values,pair_4fd720f4,shared binary core,Pi,40
Matched human Lean root values,pair_4fd720f4,shared binary core,Lam,55
Matched human Lean root values,pair_4fd720f4,shared binary core,Let,1
Matched AI Lean root values,pair_4fd720f4,all normalized constructors,App,5630
Matched AI Lean root values,pair_4fd720f4,all normalized constructors,Pi,11
Matched AI Lean root values,pair_4fd720f4,all normalized constructors,Lam,67
Matched AI Lean root values,pair_4fd720f4,all normalized constructors,Let,16
Matched AI Lean root values,pair_4fd720f4,shared binary core,App,5630
Matched AI Lean root values,pair_4fd720f4,shared binary core,Pi,11
Matched AI Lean root values,pair_4fd720f4,shared binary core,Lam,67
Matched AI Lean root values,pair_4fd720f4,shared binary core,Let,16
Matched human Lean root values,pair_512e1ab2,all normalized constructors,App,4878
Matched human Lean root values,pair_512e1ab2,all normalized constructors,Pi,10
Matched human Lean root values,pair_512e1ab2,all normalized constructors,Lam,32
Matched human Lean root values,pair_512e1ab2,all normalized constructors,Let,7
Matched human Lean root values,pair_512e1ab2,shared binary core,App,4878
Matched human Lean root values,pair_512e1ab2,shared binary core,Pi,10
Matched human Lean root values,pair_512e1ab2,shared binary core,Lam,32
Matched human Lean root values,pair_512e1ab2,shared binary core,Let,7
Matched AI Lean root values,pair_512e1ab2,all normalized constructors,App,7004
Matched AI Lean root values,pair_512e1ab2,all normalized constructors,Lam,49
Matched AI Lean root values,pair_512e1ab2,all normalized constructors,Pi,5
Matched AI Lean root values,pair_512e1ab2,all normalized constructors,Let,18
Matched AI Lean root values,pair_512e1ab2,shared binary core,App,7004
Matched AI Lean root values,pair_512e1ab2,shared binary core,Lam,49
Matched AI Lean root values,pair_512e1ab2,shared binary core,Pi,5
Matched AI Lean root values,pair_512e1ab2,shared binary core,Let,18
Matched human Lean root values,pair_517e0184,all normalized constructors,App,9858
Matched human Lean root values,pair_517e0184,all normalized constructors,Lam,46
Matched human Lean root values,pair_517e0184,all normalized constructors,Pi,6
Matched human Lean root values,pair_517e0184,all normalized constructors,Let,4
Matched human Lean root values,pair_517e0184,shared binary core,App,9858
Matched human Lean root values,pair_517e0184,shared binary core,Lam,46
Matched human Lean root values,pair_517e0184,shared binary core,Pi,6
Matched human Lean root values,pair_517e0184,shared binary core,Let,4
Matched AI Lean root values,pair_517e0184,all normalized constructors,App,15839
Matched AI Lean root values,pair_517e0184,all normalized constructors,Lam,73
Matched AI Lean root values,pair_517e0184,all normalized constructors,Pi,6
Matched AI Lean root values,pair_517e0184,all normalized constructors,Let,19
Matched AI Lean root values,pair_517e0184,shared binary core,App,15839
Matched AI Lean root values,pair_517e0184,shared binary core,Lam,73
Matched AI Lean root values,pair_517e0184,shared binary core,Pi,6
Matched AI Lean root values,pair_517e0184,shared binary core,Let,19
Matched human Lean root values,pair_535c413d,all normalized constructors,App,3625
Matched human Lean root values,pair_535c413d,all normalized constructors,Pi,8
Matched human Lean root values,pair_535c413d,all normalized constructors,Lam,9
Matched human Lean root values,pair_535c413d,all normalized constructors,Let,3
Matched human Lean root values,pair_535c413d,shared binary core,App,3625
Matched human Lean root values,pair_535c413d,shared binary core,Pi,8
Matched human Lean root values,pair_535c413d,shared binary core,Lam,9
Matched human Lean root values,pair_535c413d,shared binary core,Let,3
Matched AI Lean root values,pair_535c413d,all normalized constructors,App,3529
Matched AI Lean root values,pair_535c413d,all normalized constructors,Pi,5
Matched AI Lean root values,pair_535c413d,all normalized constructors,Lam,9
Matched AI Lean root values,pair_535c413d,all normalized constructors,Let,3
Matched AI Lean root values,pair_535c413d,shared binary core,App,3529
Matched AI Lean root values,pair_535c413d,shared binary core,Pi,5
Matched AI Lean root values,pair_535c413d,shared binary core,Lam,9
Matched AI Lean root values,pair_535c413d,shared binary core,Let,3
Matched human Lean root values,pair_54aff7bc,all normalized constructors,App,1678
Matched human Lean root values,pair_54aff7bc,all normalized constructors,Lam,27
Matched human Lean root values,pair_54aff7bc,all normalized constructors,Pi,7
Matched human Lean root values,pair_54aff7bc,all normalized constructors,Let,2
Matched human Lean root values,pair_54aff7bc,shared binary core,App,1678
Matched human Lean root values,pair_54aff7bc,shared binary core,Lam,27
Matched human Lean root values,pair_54aff7bc,shared binary core,Pi,7
Matched human Lean root values,pair_54aff7bc,shared binary core,Let,2
Matched AI Lean root values,pair_54aff7bc,all normalized constructors,App,1906
Matched AI Lean root values,pair_54aff7bc,all normalized constructors,Lam,27
Matched AI Lean root values,pair_54aff7bc,all normalized constructors,Pi,2
Matched AI Lean root values,pair_54aff7bc,all normalized constructors,Let,2
Matched AI Lean root values,pair_54aff7bc,shared binary core,App,1906
Matched AI Lean root values,pair_54aff7bc,shared binary core,Lam,27
Matched AI Lean root values,pair_54aff7bc,shared binary core,Pi,2
Matched AI Lean root values,pair_54aff7bc,shared binary core,Let,2
Matched human Lean root values,pair_564fee0e,all normalized constructors,App,1660
Matched human Lean root values,pair_564fee0e,all normalized constructors,Pi,11
Matched human Lean root values,pair_564fee0e,all normalized constructors,Lam,31
Matched human Lean root values,pair_564fee0e,all normalized constructors,Let,3
Matched human Lean root values,pair_564fee0e,shared binary core,App,1660
Matched human Lean root values,pair_564fee0e,shared binary core,Pi,11
Matched human Lean root values,pair_564fee0e,shared binary core,Lam,31
Matched human Lean root values,pair_564fee0e,shared binary core,Let,3
Matched AI Lean root values,pair_564fee0e,all normalized constructors,App,1053
Matched AI Lean root values,pair_564fee0e,all normalized constructors,Pi,7
Matched AI Lean root values,pair_564fee0e,all normalized constructors,Lam,15
Matched AI Lean root values,pair_564fee0e,all normalized constructors,Let,2
Matched AI Lean root values,pair_564fee0e,shared binary core,App,1053
Matched AI Lean root values,pair_564fee0e,shared binary core,Pi,7
Matched AI Lean root values,pair_564fee0e,shared binary core,Lam,15
Matched AI Lean root values,pair_564fee0e,shared binary core,Let,2
Matched human Lean root values,pair_567a7178,all normalized constructors,App,6793
Matched human Lean root values,pair_567a7178,all normalized constructors,Lam,42
Matched human Lean root values,pair_567a7178,all normalized constructors,Pi,5
Matched human Lean root values,pair_567a7178,all normalized constructors,Let,14
Matched human Lean root values,pair_567a7178,shared binary core,App,6793
Matched human Lean root values,pair_567a7178,shared binary core,Lam,42
Matched human Lean root values,pair_567a7178,shared binary core,Pi,5
Matched human Lean root values,pair_567a7178,shared binary core,Let,14
Matched AI Lean root values,pair_567a7178,all normalized constructors,App,9090
Matched AI Lean root values,pair_567a7178,all normalized constructors,Lam,35
Matched AI Lean root values,pair_567a7178,all normalized constructors,Pi,4
Matched AI Lean root values,pair_567a7178,all normalized constructors,Let,9
Matched AI Lean root values,pair_567a7178,shared binary core,App,9090
Matched AI Lean root values,pair_567a7178,shared binary core,Lam,35
Matched AI Lean root values,pair_567a7178,shared binary core,Pi,4
Matched AI Lean root values,pair_567a7178,shared binary core,Let,9
Matched human Lean root values,pair_5688be7b,all normalized constructors,Pi,2
Matched human Lean root values,pair_5688be7b,all normalized constructors,App,1998
Matched human Lean root values,pair_5688be7b,all normalized constructors,Lam,12
Matched human Lean root values,pair_5688be7b,all normalized constructors,Let,7
Matched human Lean root values,pair_5688be7b,shared binary core,Pi,2
Matched human Lean root values,pair_5688be7b,shared binary core,App,1998
Matched human Lean root values,pair_5688be7b,shared binary core,Lam,12
Matched human Lean root values,pair_5688be7b,shared binary core,Let,7
Matched AI Lean root values,pair_5688be7b,all normalized constructors,Pi,2
Matched AI Lean root values,pair_5688be7b,all normalized constructors,App,2357
Matched AI Lean root values,pair_5688be7b,all normalized constructors,Lam,23
Matched AI Lean root values,pair_5688be7b,all normalized constructors,Let,6
Matched AI Lean root values,pair_5688be7b,shared binary core,Pi,2
Matched AI Lean root values,pair_5688be7b,shared binary core,App,2357
Matched AI Lean root values,pair_5688be7b,shared binary core,Lam,23
Matched AI Lean root values,pair_5688be7b,shared binary core,Let,6
Matched human Lean root values,pair_57c4dba0,all normalized constructors,App,16328
Matched human Lean root values,pair_57c4dba0,all normalized constructors,Lam,18
Matched human Lean root values,pair_57c4dba0,all normalized constructors,Pi,4
Matched human Lean root values,pair_57c4dba0,shared binary core,App,16328
Matched human Lean root values,pair_57c4dba0,shared binary core,Lam,18
Matched human Lean root values,pair_57c4dba0,shared binary core,Pi,4
Matched AI Lean root values,pair_57c4dba0,all normalized constructors,App,15069
Matched AI Lean root values,pair_57c4dba0,all normalized constructors,Lam,18
Matched AI Lean root values,pair_57c4dba0,all normalized constructors,Pi,4
Matched AI Lean root values,pair_57c4dba0,shared binary core,App,15069
Matched AI Lean root values,pair_57c4dba0,shared binary core,Lam,18
Matched AI Lean root values,pair_57c4dba0,shared binary core,Pi,4
Matched human Lean root values,pair_587b1256,all normalized constructors,Pi,21
Matched human Lean root values,pair_587b1256,all normalized constructors,App,2135
Matched human Lean root values,pair_587b1256,all normalized constructors,Lam,21
Matched human Lean root values,pair_587b1256,shared binary core,Pi,21
Matched human Lean root values,pair_587b1256,shared binary core,App,2135
Matched human Lean root values,pair_587b1256,shared binary core,Lam,21
Matched AI Lean root values,pair_587b1256,all normalized constructors,Pi,9
Matched AI Lean root values,pair_587b1256,all normalized constructors,App,2972
Matched AI Lean root values,pair_587b1256,all normalized constructors,Lam,17
Matched AI Lean root values,pair_587b1256,all normalized constructors,Let,3
Matched AI Lean root values,pair_587b1256,shared binary core,Pi,9
Matched AI Lean root values,pair_587b1256,shared binary core,App,2972
Matched AI Lean root values,pair_587b1256,shared binary core,Lam,17
Matched AI Lean root values,pair_587b1256,shared binary core,Let,3
Matched human Lean root values,pair_58e22ef3,all normalized constructors,Pi,10
Matched human Lean root values,pair_58e22ef3,all normalized constructors,App,1975
Matched human Lean root values,pair_58e22ef3,all normalized constructors,Lam,34
Matched human Lean root values,pair_58e22ef3,all normalized constructors,Let,3
Matched human Lean root values,pair_58e22ef3,shared binary core,Pi,10
Matched human Lean root values,pair_58e22ef3,shared binary core,App,1975
Matched human Lean root values,pair_58e22ef3,shared binary core,Lam,34
Matched human Lean root values,pair_58e22ef3,shared binary core,Let,3
Matched AI Lean root values,pair_58e22ef3,all normalized constructors,Pi,10
Matched AI Lean root values,pair_58e22ef3,all normalized constructors,App,3281
Matched AI Lean root values,pair_58e22ef3,all normalized constructors,Lam,43
Matched AI Lean root values,pair_58e22ef3,all normalized constructors,Let,9
Matched AI Lean root values,pair_58e22ef3,shared binary core,Pi,10
Matched AI Lean root values,pair_58e22ef3,shared binary core,App,3281
Matched AI Lean root values,pair_58e22ef3,shared binary core,Lam,43
Matched AI Lean root values,pair_58e22ef3,shared binary core,Let,9
Matched human Lean root values,pair_59111b24,all normalized constructors,App,4492
Matched human Lean root values,pair_59111b24,all normalized constructors,Pi,8
Matched human Lean root values,pair_59111b24,all normalized constructors,Lam,24
Matched human Lean root values,pair_59111b24,all normalized constructors,Let,6
Matched human Lean root values,pair_59111b24,shared binary core,App,4492
Matched human Lean root values,pair_59111b24,shared binary core,Pi,8
Matched human Lean root values,pair_59111b24,shared binary core,Lam,24
Matched human Lean root values,pair_59111b24,shared binary core,Let,6
Matched AI Lean root values,pair_59111b24,all normalized constructors,App,8434
Matched AI Lean root values,pair_59111b24,all normalized constructors,Pi,8
Matched AI Lean root values,pair_59111b24,all normalized constructors,Lam,28
Matched AI Lean root values,pair_59111b24,all normalized constructors,Let,9
Matched AI Lean root values,pair_59111b24,shared binary core,App,8434
Matched AI Lean root values,pair_59111b24,shared binary core,Pi,8
Matched AI Lean root values,pair_59111b24,shared binary core,Lam,28
Matched AI Lean root values,pair_59111b24,shared binary core,Let,9
Matched human Lean root values,pair_5a6fca10,all normalized constructors,App,2113
Matched human Lean root values,pair_5a6fca10,all normalized constructors,Lam,18
Matched human Lean root values,pair_5a6fca10,all normalized constructors,Pi,2
Matched human Lean root values,pair_5a6fca10,shared binary core,App,2113
Matched human Lean root values,pair_5a6fca10,shared binary core,Lam,18
Matched human Lean root values,pair_5a6fca10,shared binary core,Pi,2
Matched AI Lean root values,pair_5a6fca10,all normalized constructors,App,4013
Matched AI Lean root values,pair_5a6fca10,all normalized constructors,Lam,25
Matched AI Lean root values,pair_5a6fca10,all normalized constructors,Pi,2
Matched AI Lean root values,pair_5a6fca10,all normalized constructors,Let,2
Matched AI Lean root values,pair_5a6fca10,shared binary core,App,4013
Matched AI Lean root values,pair_5a6fca10,shared binary core,Lam,25
Matched AI Lean root values,pair_5a6fca10,shared binary core,Pi,2
Matched AI Lean root values,pair_5a6fca10,shared binary core,Let,2
Matched human Lean root values,pair_5cf7a965,all normalized constructors,App,2633
Matched human Lean root values,pair_5cf7a965,all normalized constructors,Pi,5
Matched human Lean root values,pair_5cf7a965,all normalized constructors,Lam,11
Matched human Lean root values,pair_5cf7a965,shared binary core,App,2633
Matched human Lean root values,pair_5cf7a965,shared binary core,Pi,5
Matched human Lean root values,pair_5cf7a965,shared binary core,Lam,11
Matched AI Lean root values,pair_5cf7a965,all normalized constructors,App,1878
Matched AI Lean root values,pair_5cf7a965,all normalized constructors,Lam,10
Matched AI Lean root values,pair_5cf7a965,all normalized constructors,Pi,2
Matched AI Lean root values,pair_5cf7a965,shared binary core,App,1878
Matched AI Lean root values,pair_5cf7a965,shared binary core,Lam,10
Matched AI Lean root values,pair_5cf7a965,shared binary core,Pi,2
Matched human Lean root values,pair_5d026d45,all normalized constructors,App,629
Matched human Lean root values,pair_5d026d45,all normalized constructors,Pi,4
Matched human Lean root values,pair_5d026d45,all normalized constructors,Lam,4
Matched human Lean root values,pair_5d026d45,shared binary core,App,629
Matched human Lean root values,pair_5d026d45,shared binary core,Pi,4
Matched human Lean root values,pair_5d026d45,shared binary core,Lam,4
Matched AI Lean root values,pair_5d026d45,all normalized constructors,App,181
Matched AI Lean root values,pair_5d026d45,all normalized constructors,Pi,4
Matched AI Lean root values,pair_5d026d45,all normalized constructors,Let,1
Matched AI Lean root values,pair_5d026d45,all normalized constructors,Lam,1
Matched AI Lean root values,pair_5d026d45,shared binary core,App,181
Matched AI Lean root values,pair_5d026d45,shared binary core,Pi,4
Matched AI Lean root values,pair_5d026d45,shared binary core,Let,1
Matched AI Lean root values,pair_5d026d45,shared binary core,Lam,1
Matched human Lean root values,pair_5daf2594,all normalized constructors,App,2056
Matched human Lean root values,pair_5daf2594,all normalized constructors,Pi,3
Matched human Lean root values,pair_5daf2594,all normalized constructors,Lam,10
Matched human Lean root values,pair_5daf2594,all normalized constructors,Let,2
Matched human Lean root values,pair_5daf2594,shared binary core,App,2056
Matched human Lean root values,pair_5daf2594,shared binary core,Pi,3
Matched human Lean root values,pair_5daf2594,shared binary core,Lam,10
Matched human Lean root values,pair_5daf2594,shared binary core,Let,2
Matched AI Lean root values,pair_5daf2594,all normalized constructors,App,2231
Matched AI Lean root values,pair_5daf2594,all normalized constructors,Lam,19
Matched AI Lean root values,pair_5daf2594,all normalized constructors,Pi,2
Matched AI Lean root values,pair_5daf2594,all normalized constructors,Let,2
Matched AI Lean root values,pair_5daf2594,shared binary core,App,2231
Matched AI Lean root values,pair_5daf2594,shared binary core,Lam,19
Matched AI Lean root values,pair_5daf2594,shared binary core,Pi,2
Matched AI Lean root values,pair_5daf2594,shared binary core,Let,2
Matched human Lean root values,pair_5df84962,all normalized constructors,App,748
Matched human Lean root values,pair_5df84962,all normalized constructors,Pi,6
Matched human Lean root values,pair_5df84962,all normalized constructors,Lam,4
Matched human Lean root values,pair_5df84962,shared binary core,App,748
Matched human Lean root values,pair_5df84962,shared binary core,Pi,6
Matched human Lean root values,pair_5df84962,shared binary core,Lam,4
Matched AI Lean root values,pair_5df84962,all normalized constructors,App,1061
Matched AI Lean root values,pair_5df84962,all normalized constructors,Pi,5
Matched AI Lean root values,pair_5df84962,all normalized constructors,Lam,5
Matched AI Lean root values,pair_5df84962,all normalized constructors,Let,4
Matched AI Lean root values,pair_5df84962,shared binary core,App,1061
Matched AI Lean root values,pair_5df84962,shared binary core,Pi,5
Matched AI Lean root values,pair_5df84962,shared binary core,Lam,5
Matched AI Lean root values,pair_5df84962,shared binary core,Let,4
Matched human Lean root values,pair_5ee839bd,all normalized constructors,App,2374
Matched human Lean root values,pair_5ee839bd,all normalized constructors,Lam,17
Matched human Lean root values,pair_5ee839bd,all normalized constructors,Pi,4
Matched human Lean root values,pair_5ee839bd,all normalized constructors,Let,2
Matched human Lean root values,pair_5ee839bd,shared binary core,App,2374
Matched human Lean root values,pair_5ee839bd,shared binary core,Lam,17
Matched human Lean root values,pair_5ee839bd,shared binary core,Pi,4
Matched human Lean root values,pair_5ee839bd,shared binary core,Let,2
Matched AI Lean root values,pair_5ee839bd,all normalized constructors,App,3187
Matched AI Lean root values,pair_5ee839bd,all normalized constructors,Lam,25
Matched AI Lean root values,pair_5ee839bd,all normalized constructors,Pi,4
Matched AI Lean root values,pair_5ee839bd,all normalized constructors,Let,6
Matched AI Lean root values,pair_5ee839bd,shared binary core,App,3187
Matched AI Lean root values,pair_5ee839bd,shared binary core,Lam,25
Matched AI Lean root values,pair_5ee839bd,shared binary core,Pi,4
Matched AI Lean root values,pair_5ee839bd,shared binary core,Let,6
Matched human Lean root values,pair_5eec702b,all normalized constructors,App,1815
Matched human Lean root values,pair_5eec702b,all normalized constructors,Lam,9
Matched human Lean root values,pair_5eec702b,all normalized constructors,Pi,6
Matched human Lean root values,pair_5eec702b,all normalized constructors,Let,2
Matched human Lean root values,pair_5eec702b,shared binary core,App,1815
Matched human Lean root values,pair_5eec702b,shared binary core,Lam,9
Matched human Lean root values,pair_5eec702b,shared binary core,Pi,6
Matched human Lean root values,pair_5eec702b,shared binary core,Let,2
Matched AI Lean root values,pair_5eec702b,all normalized constructors,App,1387
Matched AI Lean root values,pair_5eec702b,all normalized constructors,Lam,9
Matched AI Lean root values,pair_5eec702b,all normalized constructors,Pi,4
Matched AI Lean root values,pair_5eec702b,all normalized constructors,Let,2
Matched AI Lean root values,pair_5eec702b,shared binary core,App,1387
Matched AI Lean root values,pair_5eec702b,shared binary core,Lam,9
Matched AI Lean root values,pair_5eec702b,shared binary core,Pi,4
Matched AI Lean root values,pair_5eec702b,shared binary core,Let,2
Matched human Lean root values,pair_5eff76b6,all normalized constructors,App,990
Matched human Lean root values,pair_5eff76b6,all normalized constructors,Lam,12
Matched human Lean root values,pair_5eff76b6,all normalized constructors,Pi,2
Matched human Lean root values,pair_5eff76b6,shared binary core,App,990
Matched human Lean root values,pair_5eff76b6,shared binary core,Lam,12
Matched human Lean root values,pair_5eff76b6,shared binary core,Pi,2
Matched AI Lean root values,pair_5eff76b6,all normalized constructors,App,1385
Matched AI Lean root values,pair_5eff76b6,all normalized constructors,Lam,17
Matched AI Lean root values,pair_5eff76b6,all normalized constructors,Pi,2
Matched AI Lean root values,pair_5eff76b6,all normalized constructors,Let,4
Matched AI Lean root values,pair_5eff76b6,shared binary core,App,1385
Matched AI Lean root values,pair_5eff76b6,shared binary core,Lam,17
Matched AI Lean root values,pair_5eff76b6,shared binary core,Pi,2
Matched AI Lean root values,pair_5eff76b6,shared binary core,Let,4
Matched human Lean root values,pair_5feca8f4,all normalized constructors,App,4802
Matched human Lean root values,pair_5feca8f4,all normalized constructors,Lam,26
Matched human Lean root values,pair_5feca8f4,all normalized constructors,Pi,4
Matched human Lean root values,pair_5feca8f4,shared binary core,App,4802
Matched human Lean root values,pair_5feca8f4,shared binary core,Lam,26
Matched human Lean root values,pair_5feca8f4,shared binary core,Pi,4
Matched AI Lean root values,pair_5feca8f4,all normalized constructors,App,3891
Matched AI Lean root values,pair_5feca8f4,all normalized constructors,Lam,28
Matched AI Lean root values,pair_5feca8f4,all normalized constructors,Pi,4
Matched AI Lean root values,pair_5feca8f4,shared binary core,App,3891
Matched AI Lean root values,pair_5feca8f4,shared binary core,Lam,28
Matched AI Lean root values,pair_5feca8f4,shared binary core,Pi,4
Matched human Lean root values,pair_60565fc7,all normalized constructors,App,40
Matched human Lean root values,pair_60565fc7,all normalized constructors,Lam,2
Matched human Lean root values,pair_60565fc7,shared binary core,App,40
Matched human Lean root values,pair_60565fc7,shared binary core,Lam,2
Matched AI Lean root values,pair_60565fc7,all normalized constructors,App,40
Matched AI Lean root values,pair_60565fc7,all normalized constructors,Lam,2
Matched AI Lean root values,pair_60565fc7,shared binary core,App,40
Matched AI Lean root values,pair_60565fc7,shared binary core,Lam,2
Matched human Lean root values,pair_606263d6,all normalized constructors,Pi,18
Matched human Lean root values,pair_606263d6,all normalized constructors,App,3847
Matched human Lean root values,pair_606263d6,all normalized constructors,Lam,55
Matched human Lean root values,pair_606263d6,all normalized constructors,Let,8
Matched human Lean root values,pair_606263d6,shared binary core,Pi,18
Matched human Lean root values,pair_606263d6,shared binary core,App,3847
Matched human Lean root values,pair_606263d6,shared binary core,Lam,55
Matched human Lean root values,pair_606263d6,shared binary core,Let,8
Matched AI Lean root values,pair_606263d6,all normalized constructors,Pi,4
Matched AI Lean root values,pair_606263d6,all normalized constructors,App,4135
Matched AI Lean root values,pair_606263d6,all normalized constructors,Lam,53
Matched AI Lean root values,pair_606263d6,all normalized constructors,Let,10
Matched AI Lean root values,pair_606263d6,shared binary core,Pi,4
Matched AI Lean root values,pair_606263d6,shared binary core,App,4135
Matched AI Lean root values,pair_606263d6,shared binary core,Lam,53
Matched AI Lean root values,pair_606263d6,shared binary core,Let,10
Matched human Lean root values,pair_61c6d911,all normalized constructors,App,5502
Matched human Lean root values,pair_61c6d911,all normalized constructors,Lam,70
Matched human Lean root values,pair_61c6d911,all normalized constructors,Pi,24
Matched human Lean root values,pair_61c6d911,all normalized constructors,Let,6
Matched human Lean root values,pair_61c6d911,shared binary core,App,5502
Matched human Lean root values,pair_61c6d911,shared binary core,Lam,70
Matched human Lean root values,pair_61c6d911,shared binary core,Pi,24
Matched human Lean root values,pair_61c6d911,shared binary core,Let,6
Matched AI Lean root values,pair_61c6d911,all normalized constructors,App,1835
Matched AI Lean root values,pair_61c6d911,all normalized constructors,Lam,46
Matched AI Lean root values,pair_61c6d911,all normalized constructors,Pi,7
Matched AI Lean root values,pair_61c6d911,all normalized constructors,Let,6
Matched AI Lean root values,pair_61c6d911,shared binary core,App,1835
Matched AI Lean root values,pair_61c6d911,shared binary core,Lam,46
Matched AI Lean root values,pair_61c6d911,shared binary core,Pi,7
Matched AI Lean root values,pair_61c6d911,shared binary core,Let,6
Matched human Lean root values,pair_62b6e279,all normalized constructors,App,125
Matched human Lean root values,pair_62b6e279,all normalized constructors,Lam,7
Matched human Lean root values,pair_62b6e279,all normalized constructors,Pi,2
Matched human Lean root values,pair_62b6e279,shared binary core,App,125
Matched human Lean root values,pair_62b6e279,shared binary core,Lam,7
Matched human Lean root values,pair_62b6e279,shared binary core,Pi,2
Matched AI Lean root values,pair_62b6e279,all normalized constructors,App,4561
Matched AI Lean root values,pair_62b6e279,all normalized constructors,Lam,2193
Matched AI Lean root values,pair_62b6e279,all normalized constructors,Pi,8
Matched AI Lean root values,pair_62b6e279,all normalized constructors,Let,1
Matched AI Lean root values,pair_62b6e279,shared binary core,App,4561
Matched AI Lean root values,pair_62b6e279,shared binary core,Lam,2193
Matched AI Lean root values,pair_62b6e279,shared binary core,Pi,8
Matched AI Lean root values,pair_62b6e279,shared binary core,Let,1
Matched human Lean root values,pair_6357c298,all normalized constructors,App,1872
Matched human Lean root values,pair_6357c298,all normalized constructors,Lam,14
Matched human Lean root values,pair_6357c298,all normalized constructors,Pi,2
Matched human Lean root values,pair_6357c298,all normalized constructors,Let,1
Matched human Lean root values,pair_6357c298,shared binary core,App,1872
Matched human Lean root values,pair_6357c298,shared binary core,Lam,14
Matched human Lean root values,pair_6357c298,shared binary core,Pi,2
Matched human Lean root values,pair_6357c298,shared binary core,Let,1
Matched AI Lean root values,pair_6357c298,all normalized constructors,App,1268
Matched AI Lean root values,pair_6357c298,all normalized constructors,Lam,11
Matched AI Lean root values,pair_6357c298,all normalized constructors,Pi,2
Matched AI Lean root values,pair_6357c298,shared binary core,App,1268
Matched AI Lean root values,pair_6357c298,shared binary core,Lam,11
Matched AI Lean root values,pair_6357c298,shared binary core,Pi,2
Matched human Lean root values,pair_6369b437,all normalized constructors,App,668
Matched human Lean root values,pair_6369b437,all normalized constructors,Lam,13
Matched human Lean root values,pair_6369b437,all normalized constructors,Pi,4
Matched human Lean root values,pair_6369b437,all normalized constructors,Let,4
Matched human Lean root values,pair_6369b437,shared binary core,App,668
Matched human Lean root values,pair_6369b437,shared binary core,Lam,13
Matched human Lean root values,pair_6369b437,shared binary core,Pi,4
Matched human Lean root values,pair_6369b437,shared binary core,Let,4
Matched AI Lean root values,pair_6369b437,all normalized constructors,App,621
Matched AI Lean root values,pair_6369b437,all normalized constructors,Lam,8
Matched AI Lean root values,pair_6369b437,all normalized constructors,Pi,5
Matched AI Lean root values,pair_6369b437,all normalized constructors,Let,2
Matched AI Lean root values,pair_6369b437,shared binary core,App,621
Matched AI Lean root values,pair_6369b437,shared binary core,Lam,8
Matched AI Lean root values,pair_6369b437,shared binary core,Pi,5
Matched AI Lean root values,pair_6369b437,shared binary core,Let,2
Matched human Lean root values,pair_659419e1,all normalized constructors,App,12591
Matched human Lean root values,pair_659419e1,all normalized constructors,Lam,41
Matched human Lean root values,pair_659419e1,all normalized constructors,Pi,8
Matched human Lean root values,pair_659419e1,all normalized constructors,Let,5
Matched human Lean root values,pair_659419e1,shared binary core,App,12591
Matched human Lean root values,pair_659419e1,shared binary core,Lam,41
Matched human Lean root values,pair_659419e1,shared binary core,Pi,8
Matched human Lean root values,pair_659419e1,shared binary core,Let,5
Matched AI Lean root values,pair_659419e1,all normalized constructors,App,18123
Matched AI Lean root values,pair_659419e1,all normalized constructors,Lam,95
Matched AI Lean root values,pair_659419e1,all normalized constructors,Pi,10
Matched AI Lean root values,pair_659419e1,all normalized constructors,Let,22
Matched AI Lean root values,pair_659419e1,shared binary core,App,18123
Matched AI Lean root values,pair_659419e1,shared binary core,Lam,95
Matched AI Lean root values,pair_659419e1,shared binary core,Pi,10
Matched AI Lean root values,pair_659419e1,shared binary core,Let,22
Matched human Lean root values,pair_665c7b43,all normalized constructors,Pi,8
Matched human Lean root values,pair_665c7b43,all normalized constructors,App,2771
Matched human Lean root values,pair_665c7b43,all normalized constructors,Lam,21
Matched human Lean root values,pair_665c7b43,all normalized constructors,Let,5
Matched human Lean root values,pair_665c7b43,shared binary core,Pi,8
Matched human Lean root values,pair_665c7b43,shared binary core,App,2771
Matched human Lean root values,pair_665c7b43,shared binary core,Lam,21
Matched human Lean root values,pair_665c7b43,shared binary core,Let,5
Matched AI Lean root values,pair_665c7b43,all normalized constructors,Pi,5
Matched AI Lean root values,pair_665c7b43,all normalized constructors,App,2601
Matched AI Lean root values,pair_665c7b43,all normalized constructors,Lam,24
Matched AI Lean root values,pair_665c7b43,all normalized constructors,Let,6
Matched AI Lean root values,pair_665c7b43,shared binary core,Pi,5
Matched AI Lean root values,pair_665c7b43,shared binary core,App,2601
Matched AI Lean root values,pair_665c7b43,shared binary core,Lam,24
Matched AI Lean root values,pair_665c7b43,shared binary core,Let,6
Matched human Lean root values,pair_66b87803,all normalized constructors,App,12147
Matched human Lean root values,pair_66b87803,all normalized constructors,Lam,131
Matched human Lean root values,pair_66b87803,all normalized constructors,Pi,10
Matched human Lean root values,pair_66b87803,all normalized constructors,Let,18
Matched human Lean root values,pair_66b87803,shared binary core,App,12147
Matched human Lean root values,pair_66b87803,shared binary core,Lam,131
Matched human Lean root values,pair_66b87803,shared binary core,Pi,10
Matched human Lean root values,pair_66b87803,shared binary core,Let,18
Matched AI Lean root values,pair_66b87803,all normalized constructors,App,24551
Matched AI Lean root values,pair_66b87803,all normalized constructors,Lam,106
Matched AI Lean root values,pair_66b87803,all normalized constructors,Pi,9
Matched AI Lean root values,pair_66b87803,all normalized constructors,Let,8
Matched AI Lean root values,pair_66b87803,shared binary core,App,24551
Matched AI Lean root values,pair_66b87803,shared binary core,Lam,106
Matched AI Lean root values,pair_66b87803,shared binary core,Pi,9
Matched AI Lean root values,pair_66b87803,shared binary core,Let,8
Matched human Lean root values,pair_677749e1,all normalized constructors,App,1446
Matched human Lean root values,pair_677749e1,all normalized constructors,Lam,32
Matched human Lean root values,pair_677749e1,all normalized constructors,Pi,5
Matched human Lean root values,pair_677749e1,all normalized constructors,Let,2
Matched human Lean root values,pair_677749e1,shared binary core,App,1446
Matched human Lean root values,pair_677749e1,shared binary core,Lam,32
Matched human Lean root values,pair_677749e1,shared binary core,Pi,5
Matched human Lean root values,pair_677749e1,shared binary core,Let,2
Matched AI Lean root values,pair_677749e1,all normalized constructors,App,1426
Matched AI Lean root values,pair_677749e1,all normalized constructors,Lam,30
Matched AI Lean root values,pair_677749e1,all normalized constructors,Pi,4
Matched AI Lean root values,pair_677749e1,all normalized constructors,Let,2
Matched AI Lean root values,pair_677749e1,shared binary core,App,1426
Matched AI Lean root values,pair_677749e1,shared binary core,Lam,30
Matched AI Lean root values,pair_677749e1,shared binary core,Pi,4
Matched AI Lean root values,pair_677749e1,shared binary core,Let,2
Matched human Lean root values,pair_6801c12d,all normalized constructors,App,3327
Matched human Lean root values,pair_6801c12d,all normalized constructors,Lam,113
Matched human Lean root values,pair_6801c12d,all normalized constructors,Pi,7
Matched human Lean root values,pair_6801c12d,all normalized constructors,Let,17
Matched human Lean root values,pair_6801c12d,shared binary core,App,3327
Matched human Lean root values,pair_6801c12d,shared binary core,Lam,113
Matched human Lean root values,pair_6801c12d,shared binary core,Pi,7
Matched human Lean root values,pair_6801c12d,shared binary core,Let,17
Matched AI Lean root values,pair_6801c12d,all normalized constructors,App,5710
Matched AI Lean root values,pair_6801c12d,all normalized constructors,Lam,126
Matched AI Lean root values,pair_6801c12d,all normalized constructors,Pi,8
Matched AI Lean root values,pair_6801c12d,all normalized constructors,Let,21
Matched AI Lean root values,pair_6801c12d,shared binary core,App,5710
Matched AI Lean root values,pair_6801c12d,shared binary core,Lam,126
Matched AI Lean root values,pair_6801c12d,shared binary core,Pi,8
Matched AI Lean root values,pair_6801c12d,shared binary core,Let,21
Matched human Lean root values,pair_68e74a3f,all normalized constructors,App,1873
Matched human Lean root values,pair_68e74a3f,all normalized constructors,Lam,35
Matched human Lean root values,pair_68e74a3f,all normalized constructors,Pi,9
Matched human Lean root values,pair_68e74a3f,all normalized constructors,Let,1
Matched human Lean root values,pair_68e74a3f,shared binary core,App,1873
Matched human Lean root values,pair_68e74a3f,shared binary core,Lam,35
Matched human Lean root values,pair_68e74a3f,shared binary core,Pi,9
Matched human Lean root values,pair_68e74a3f,shared binary core,Let,1
Matched AI Lean root values,pair_68e74a3f,all normalized constructors,App,2027
Matched AI Lean root values,pair_68e74a3f,all normalized constructors,Lam,26
Matched AI Lean root values,pair_68e74a3f,all normalized constructors,Pi,8
Matched AI Lean root values,pair_68e74a3f,all normalized constructors,Let,4
Matched AI Lean root values,pair_68e74a3f,shared binary core,App,2027
Matched AI Lean root values,pair_68e74a3f,shared binary core,Lam,26
Matched AI Lean root values,pair_68e74a3f,shared binary core,Pi,8
Matched AI Lean root values,pair_68e74a3f,shared binary core,Let,4
Matched human Lean root values,pair_6920c5e4,all normalized constructors,App,5626
Matched human Lean root values,pair_6920c5e4,all normalized constructors,Lam,42
Matched human Lean root values,pair_6920c5e4,all normalized constructors,Pi,4
Matched human Lean root values,pair_6920c5e4,all normalized constructors,Let,8
Matched human Lean root values,pair_6920c5e4,shared binary core,App,5626
Matched human Lean root values,pair_6920c5e4,shared binary core,Lam,42
Matched human Lean root values,pair_6920c5e4,shared binary core,Pi,4
Matched human Lean root values,pair_6920c5e4,shared binary core,Let,8
Matched AI Lean root values,pair_6920c5e4,all normalized constructors,App,13808
Matched AI Lean root values,pair_6920c5e4,all normalized constructors,Pi,4
Matched AI Lean root values,pair_6920c5e4,all normalized constructors,Lam,89
Matched AI Lean root values,pair_6920c5e4,all normalized constructors,Let,33
Matched AI Lean root values,pair_6920c5e4,shared binary core,App,13808
Matched AI Lean root values,pair_6920c5e4,shared binary core,Pi,4
Matched AI Lean root values,pair_6920c5e4,shared binary core,Lam,89
Matched AI Lean root values,pair_6920c5e4,shared binary core,Let,33
Matched human Lean root values,pair_69286778,all normalized constructors,Pi,9
Matched human Lean root values,pair_69286778,all normalized constructors,App,1152
Matched human Lean root values,pair_69286778,all normalized constructors,Lam,24
Matched human Lean root values,pair_69286778,all normalized constructors,Let,8
Matched human Lean root values,pair_69286778,shared binary core,Pi,9
Matched human Lean root values,pair_69286778,shared binary core,App,1152
Matched human Lean root values,pair_69286778,shared binary core,Lam,24
Matched human Lean root values,pair_69286778,shared binary core,Let,8
Matched AI Lean root values,pair_69286778,all normalized constructors,Pi,12
Matched AI Lean root values,pair_69286778,all normalized constructors,App,2287
Matched AI Lean root values,pair_69286778,all normalized constructors,Lam,23
Matched AI Lean root values,pair_69286778,all normalized constructors,Let,8
Matched AI Lean root values,pair_69286778,shared binary core,Pi,12
Matched AI Lean root values,pair_69286778,shared binary core,App,2287
Matched AI Lean root values,pair_69286778,shared binary core,Lam,23
Matched AI Lean root values,pair_69286778,shared binary core,Let,8
Matched human Lean root values,pair_6ba505c0,all normalized constructors,Pi,15
Matched human Lean root values,pair_6ba505c0,all normalized constructors,App,10920
Matched human Lean root values,pair_6ba505c0,all normalized constructors,Lam,89
Matched human Lean root values,pair_6ba505c0,all normalized constructors,Let,26
Matched human Lean root values,pair_6ba505c0,shared binary core,Pi,15
Matched human Lean root values,pair_6ba505c0,shared binary core,App,10920
Matched human Lean root values,pair_6ba505c0,shared binary core,Lam,89
Matched human Lean root values,pair_6ba505c0,shared binary core,Let,26
Matched AI Lean root values,pair_6ba505c0,all normalized constructors,Pi,8
Matched AI Lean root values,pair_6ba505c0,all normalized constructors,App,9951
Matched AI Lean root values,pair_6ba505c0,all normalized constructors,Lam,73
Matched AI Lean root values,pair_6ba505c0,all normalized constructors,Let,37
Matched AI Lean root values,pair_6ba505c0,shared binary core,Pi,8
Matched AI Lean root values,pair_6ba505c0,shared binary core,App,9951
Matched AI Lean root values,pair_6ba505c0,shared binary core,Lam,73
Matched AI Lean root values,pair_6ba505c0,shared binary core,Let,37
Matched human Lean root values,pair_6bcfd203,all normalized constructors,App,783
Matched human Lean root values,pair_6bcfd203,all normalized constructors,Lam,16
Matched human Lean root values,pair_6bcfd203,all normalized constructors,Pi,2
Matched human Lean root values,pair_6bcfd203,all normalized constructors,Let,1
Matched human Lean root values,pair_6bcfd203,shared binary core,App,783
Matched human Lean root values,pair_6bcfd203,shared binary core,Lam,16
Matched human Lean root values,pair_6bcfd203,shared binary core,Pi,2
Matched human Lean root values,pair_6bcfd203,shared binary core,Let,1
Matched AI Lean root values,pair_6bcfd203,all normalized constructors,App,355
Matched AI Lean root values,pair_6bcfd203,all normalized constructors,Lam,38
Matched AI Lean root values,pair_6bcfd203,all normalized constructors,Pi,6
Matched AI Lean root values,pair_6bcfd203,all normalized constructors,Let,1
Matched AI Lean root values,pair_6bcfd203,shared binary core,App,355
Matched AI Lean root values,pair_6bcfd203,shared binary core,Lam,38
Matched AI Lean root values,pair_6bcfd203,shared binary core,Pi,6
Matched AI Lean root values,pair_6bcfd203,shared binary core,Let,1
Matched human Lean root values,pair_6d3a0d6c,all normalized constructors,App,42
Matched human Lean root values,pair_6d3a0d6c,all normalized constructors,Let,5
Matched human Lean root values,pair_6d3a0d6c,shared binary core,App,42
Matched human Lean root values,pair_6d3a0d6c,shared binary core,Let,5
Matched AI Lean root values,pair_6d3a0d6c,all normalized constructors,App,63
Matched AI Lean root values,pair_6d3a0d6c,all normalized constructors,Lam,1
Matched AI Lean root values,pair_6d3a0d6c,all normalized constructors,Let,2
Matched AI Lean root values,pair_6d3a0d6c,shared binary core,App,63
Matched AI Lean root values,pair_6d3a0d6c,shared binary core,Lam,1
Matched AI Lean root values,pair_6d3a0d6c,shared binary core,Let,2
Matched human Lean root values,pair_6d779213,all normalized constructors,App,2339
Matched human Lean root values,pair_6d779213,all normalized constructors,Lam,77
Matched human Lean root values,pair_6d779213,all normalized constructors,Pi,34
Matched human Lean root values,pair_6d779213,all normalized constructors,Let,7
Matched human Lean root values,pair_6d779213,shared binary core,App,2339
Matched human Lean root values,pair_6d779213,shared binary core,Lam,77
Matched human Lean root values,pair_6d779213,shared binary core,Pi,34
Matched human Lean root values,pair_6d779213,shared binary core,Let,7
Matched AI Lean root values,pair_6d779213,all normalized constructors,App,7472
Matched AI Lean root values,pair_6d779213,all normalized constructors,Lam,173
Matched AI Lean root values,pair_6d779213,all normalized constructors,Pi,32
Matched AI Lean root values,pair_6d779213,all normalized constructors,Let,36
Matched AI Lean root values,pair_6d779213,shared binary core,App,7472
Matched AI Lean root values,pair_6d779213,shared binary core,Lam,173
Matched AI Lean root values,pair_6d779213,shared binary core,Pi,32
Matched AI Lean root values,pair_6d779213,shared binary core,Let,36
Matched human Lean root values,pair_6e98ad25,all normalized constructors,App,551
Matched human Lean root values,pair_6e98ad25,all normalized constructors,Lam,10
Matched human Lean root values,pair_6e98ad25,all normalized constructors,Pi,2
Matched human Lean root values,pair_6e98ad25,shared binary core,App,551
Matched human Lean root values,pair_6e98ad25,shared binary core,Lam,10
Matched human Lean root values,pair_6e98ad25,shared binary core,Pi,2
Matched AI Lean root values,pair_6e98ad25,all normalized constructors,App,195
Matched AI Lean root values,pair_6e98ad25,all normalized constructors,Lam,7
Matched AI Lean root values,pair_6e98ad25,all normalized constructors,Pi,2
Matched AI Lean root values,pair_6e98ad25,shared binary core,App,195
Matched AI Lean root values,pair_6e98ad25,shared binary core,Lam,7
Matched AI Lean root values,pair_6e98ad25,shared binary core,Pi,2
Matched human Lean root values,pair_7007ed35,all normalized constructors,App,1267
Matched human Lean root values,pair_7007ed35,all normalized constructors,Lam,11
Matched human Lean root values,pair_7007ed35,all normalized constructors,Pi,2
Matched human Lean root values,pair_7007ed35,all normalized constructors,Let,2
Matched human Lean root values,pair_7007ed35,shared binary core,App,1267
Matched human Lean root values,pair_7007ed35,shared binary core,Lam,11
Matched human Lean root values,pair_7007ed35,shared binary core,Pi,2
Matched human Lean root values,pair_7007ed35,shared binary core,Let,2
Matched AI Lean root values,pair_7007ed35,all normalized constructors,App,1286
Matched AI Lean root values,pair_7007ed35,all normalized constructors,Lam,11
Matched AI Lean root values,pair_7007ed35,all normalized constructors,Pi,2
Matched AI Lean root values,pair_7007ed35,all normalized constructors,Let,2
Matched AI Lean root values,pair_7007ed35,shared binary core,App,1286
Matched AI Lean root values,pair_7007ed35,shared binary core,Lam,11
Matched AI Lean root values,pair_7007ed35,shared binary core,Pi,2
Matched AI Lean root values,pair_7007ed35,shared binary core,Let,2
Matched human Lean root values,pair_7187bdc5,all normalized constructors,App,4277
Matched human Lean root values,pair_7187bdc5,all normalized constructors,Lam,44
Matched human Lean root values,pair_7187bdc5,all normalized constructors,Pi,10
Matched human Lean root values,pair_7187bdc5,all normalized constructors,Let,6
Matched human Lean root values,pair_7187bdc5,shared binary core,App,4277
Matched human Lean root values,pair_7187bdc5,shared binary core,Lam,44
Matched human Lean root values,pair_7187bdc5,shared binary core,Pi,10
Matched human Lean root values,pair_7187bdc5,shared binary core,Let,6
Matched AI Lean root values,pair_7187bdc5,all normalized constructors,App,4304
Matched AI Lean root values,pair_7187bdc5,all normalized constructors,Lam,590
Matched AI Lean root values,pair_7187bdc5,all normalized constructors,Pi,34
Matched AI Lean root values,pair_7187bdc5,all normalized constructors,Let,9
Matched AI Lean root values,pair_7187bdc5,shared binary core,App,4304
Matched AI Lean root values,pair_7187bdc5,shared binary core,Lam,590
Matched AI Lean root values,pair_7187bdc5,shared binary core,Pi,34
Matched AI Lean root values,pair_7187bdc5,shared binary core,Let,9
Matched human Lean root values,pair_71cf0c00,all normalized constructors,Pi,6
Matched human Lean root values,pair_71cf0c00,all normalized constructors,App,2424
Matched human Lean root values,pair_71cf0c00,all normalized constructors,Lam,38
Matched human Lean root values,pair_71cf0c00,shared binary core,Pi,6
Matched human Lean root values,pair_71cf0c00,shared binary core,App,2424
Matched human Lean root values,pair_71cf0c00,shared binary core,Lam,38
Matched AI Lean root values,pair_71cf0c00,all normalized constructors,Pi,5
Matched AI Lean root values,pair_71cf0c00,all normalized constructors,App,4402
Matched AI Lean root values,pair_71cf0c00,all normalized constructors,Lam,13
Matched AI Lean root values,pair_71cf0c00,shared binary core,Pi,5
Matched AI Lean root values,pair_71cf0c00,shared binary core,App,4402
Matched AI Lean root values,pair_71cf0c00,shared binary core,Lam,13
Matched human Lean root values,pair_73bd6122,all normalized constructors,App,81
Matched human Lean root values,pair_73bd6122,all normalized constructors,Lam,4
Matched human Lean root values,pair_73bd6122,shared binary core,App,81
Matched human Lean root values,pair_73bd6122,shared binary core,Lam,4
Matched AI Lean root values,pair_73bd6122,all normalized constructors,App,470
Matched AI Lean root values,pair_73bd6122,all normalized constructors,Lam,5
Matched AI Lean root values,pair_73bd6122,all normalized constructors,Pi,2
Matched AI Lean root values,pair_73bd6122,shared binary core,App,470
Matched AI Lean root values,pair_73bd6122,shared binary core,Lam,5
Matched AI Lean root values,pair_73bd6122,shared binary core,Pi,2
Matched human Lean root values,pair_7415487b,all normalized constructors,App,406
Matched human Lean root values,pair_7415487b,all normalized constructors,Pi,5
Matched human Lean root values,pair_7415487b,all normalized constructors,Lam,9
Matched human Lean root values,pair_7415487b,all normalized constructors,Let,2
Matched human Lean root values,pair_7415487b,shared binary core,App,406
Matched human Lean root values,pair_7415487b,shared binary core,Pi,5
Matched human Lean root values,pair_7415487b,shared binary core,Lam,9
Matched human Lean root values,pair_7415487b,shared binary core,Let,2
Matched AI Lean root values,pair_7415487b,all normalized constructors,App,1760
Matched AI Lean root values,pair_7415487b,all normalized constructors,Lam,22
Matched AI Lean root values,pair_7415487b,all normalized constructors,Pi,7
Matched AI Lean root values,pair_7415487b,all normalized constructors,Let,2
Matched AI Lean root values,pair_7415487b,shared binary core,App,1760
Matched AI Lean root values,pair_7415487b,shared binary core,Lam,22
Matched AI Lean root values,pair_7415487b,shared binary core,Pi,7
Matched AI Lean root values,pair_7415487b,shared binary core,Let,2
Matched human Lean root values,pair_7580a01f,all normalized constructors,App,15547
Matched human Lean root values,pair_7580a01f,all normalized constructors,Lam,101
Matched human Lean root values,pair_7580a01f,all normalized constructors,Pi,14
Matched human Lean root values,pair_7580a01f,all normalized constructors,Let,13
Matched human Lean root values,pair_7580a01f,shared binary core,App,15547
Matched human Lean root values,pair_7580a01f,shared binary core,Lam,101
Matched human Lean root values,pair_7580a01f,shared binary core,Pi,14
Matched human Lean root values,pair_7580a01f,shared binary core,Let,13
Matched AI Lean root values,pair_7580a01f,all normalized constructors,App,10848
Matched AI Lean root values,pair_7580a01f,all normalized constructors,Lam,43
Matched AI Lean root values,pair_7580a01f,all normalized constructors,Pi,4
Matched AI Lean root values,pair_7580a01f,all normalized constructors,Let,14
Matched AI Lean root values,pair_7580a01f,shared binary core,App,10848
Matched AI Lean root values,pair_7580a01f,shared binary core,Lam,43
Matched AI Lean root values,pair_7580a01f,shared binary core,Pi,4
Matched AI Lean root values,pair_7580a01f,shared binary core,Let,14
Matched human Lean root values,pair_759606e4,all normalized constructors,App,4912
Matched human Lean root values,pair_759606e4,all normalized constructors,Pi,24
Matched human Lean root values,pair_759606e4,all normalized constructors,Lam,2638
Matched human Lean root values,pair_759606e4,shared binary core,App,4912
Matched human Lean root values,pair_759606e4,shared binary core,Pi,24
Matched human Lean root values,pair_759606e4,shared binary core,Lam,2638
Matched AI Lean root values,pair_759606e4,all normalized constructors,App,4912
Matched AI Lean root values,pair_759606e4,all normalized constructors,Pi,24
Matched AI Lean root values,pair_759606e4,all normalized constructors,Lam,2638
Matched AI Lean root values,pair_759606e4,shared binary core,App,4912
Matched AI Lean root values,pair_759606e4,shared binary core,Pi,24
Matched AI Lean root values,pair_759606e4,shared binary core,Lam,2638
Matched human Lean root values,pair_76494dbd,all normalized constructors,App,1412
Matched human Lean root values,pair_76494dbd,all normalized constructors,Lam,18
Matched human Lean root values,pair_76494dbd,all normalized constructors,Pi,3
Matched human Lean root values,pair_76494dbd,shared binary core,App,1412
Matched human Lean root values,pair_76494dbd,shared binary core,Lam,18
Matched human Lean root values,pair_76494dbd,shared binary core,Pi,3
Matched AI Lean root values,pair_76494dbd,all normalized constructors,App,1412
Matched AI Lean root values,pair_76494dbd,all normalized constructors,Lam,18
Matched AI Lean root values,pair_76494dbd,all normalized constructors,Pi,3
Matched AI Lean root values,pair_76494dbd,shared binary core,App,1412
Matched AI Lean root values,pair_76494dbd,shared binary core,Lam,18
Matched AI Lean root values,pair_76494dbd,shared binary core,Pi,3
Matched human Lean root values,pair_77658e38,all normalized constructors,App,2450
Matched human Lean root values,pair_77658e38,all normalized constructors,Lam,16
Matched human Lean root values,pair_77658e38,all normalized constructors,Pi,4
Matched human Lean root values,pair_77658e38,shared binary core,App,2450
Matched human Lean root values,pair_77658e38,shared binary core,Lam,16
Matched human Lean root values,pair_77658e38,shared binary core,Pi,4
Matched AI Lean root values,pair_77658e38,all normalized constructors,App,2857
Matched AI Lean root values,pair_77658e38,all normalized constructors,Lam,27
Matched AI Lean root values,pair_77658e38,all normalized constructors,Pi,6
Matched AI Lean root values,pair_77658e38,all normalized constructors,Let,6
Matched AI Lean root values,pair_77658e38,shared binary core,App,2857
Matched AI Lean root values,pair_77658e38,shared binary core,Lam,27
Matched AI Lean root values,pair_77658e38,shared binary core,Pi,6
Matched AI Lean root values,pair_77658e38,shared binary core,Let,6
Matched human Lean root values,pair_78234522,all normalized constructors,App,4367
Matched human Lean root values,pair_78234522,all normalized constructors,Lam,47
Matched human Lean root values,pair_78234522,all normalized constructors,Pi,5
Matched human Lean root values,pair_78234522,all normalized constructors,Let,7
Matched human Lean root values,pair_78234522,shared binary core,App,4367
Matched human Lean root values,pair_78234522,shared binary core,Lam,47
Matched human Lean root values,pair_78234522,shared binary core,Pi,5
Matched human Lean root values,pair_78234522,shared binary core,Let,7
Matched AI Lean root values,pair_78234522,all normalized constructors,App,8627
Matched AI Lean root values,pair_78234522,all normalized constructors,Lam,43
Matched AI Lean root values,pair_78234522,all normalized constructors,Pi,6
Matched AI Lean root values,pair_78234522,all normalized constructors,Let,11
Matched AI Lean root values,pair_78234522,shared binary core,App,8627
Matched AI Lean root values,pair_78234522,shared binary core,Lam,43
Matched AI Lean root values,pair_78234522,shared binary core,Pi,6
Matched AI Lean root values,pair_78234522,shared binary core,Let,11
Matched human Lean root values,pair_788625c0,all normalized constructors,App,3146
Matched human Lean root values,pair_788625c0,all normalized constructors,Lam,90
Matched human Lean root values,pair_788625c0,all normalized constructors,Pi,4
Matched human Lean root values,pair_788625c0,all normalized constructors,Let,18
Matched human Lean root values,pair_788625c0,shared binary core,App,3146
Matched human Lean root values,pair_788625c0,shared binary core,Lam,90
Matched human Lean root values,pair_788625c0,shared binary core,Pi,4
Matched human Lean root values,pair_788625c0,shared binary core,Let,18
Matched AI Lean root values,pair_788625c0,all normalized constructors,App,2034
Matched AI Lean root values,pair_788625c0,all normalized constructors,Lam,148
Matched AI Lean root values,pair_788625c0,all normalized constructors,Let,18
Matched AI Lean root values,pair_788625c0,all normalized constructors,Pi,33
Matched AI Lean root values,pair_788625c0,shared binary core,App,2034
Matched AI Lean root values,pair_788625c0,shared binary core,Lam,148
Matched AI Lean root values,pair_788625c0,shared binary core,Let,18
Matched AI Lean root values,pair_788625c0,shared binary core,Pi,33
Matched human Lean root values,pair_7a30a024,all normalized constructors,App,700
Matched human Lean root values,pair_7a30a024,all normalized constructors,Lam,8
Matched human Lean root values,pair_7a30a024,all normalized constructors,Pi,2
Matched human Lean root values,pair_7a30a024,all normalized constructors,Let,1
Matched human Lean root values,pair_7a30a024,shared binary core,App,700
Matched human Lean root values,pair_7a30a024,shared binary core,Lam,8
Matched human Lean root values,pair_7a30a024,shared binary core,Pi,2
Matched human Lean root values,pair_7a30a024,shared binary core,Let,1
Matched AI Lean root values,pair_7a30a024,all normalized constructors,App,889
Matched AI Lean root values,pair_7a30a024,all normalized constructors,Pi,4
Matched AI Lean root values,pair_7a30a024,all normalized constructors,Lam,9
Matched AI Lean root values,pair_7a30a024,all normalized constructors,Let,3
Matched AI Lean root values,pair_7a30a024,shared binary core,App,889
Matched AI Lean root values,pair_7a30a024,shared binary core,Pi,4
Matched AI Lean root values,pair_7a30a024,shared binary core,Lam,9
Matched AI Lean root values,pair_7a30a024,shared binary core,Let,3
Matched human Lean root values,pair_7a9abe33,all normalized constructors,App,1148
Matched human Lean root values,pair_7a9abe33,all normalized constructors,Lam,15
Matched human Lean root values,pair_7a9abe33,all normalized constructors,Pi,3
Matched human Lean root values,pair_7a9abe33,shared binary core,App,1148
Matched human Lean root values,pair_7a9abe33,shared binary core,Lam,15
Matched human Lean root values,pair_7a9abe33,shared binary core,Pi,3
Matched AI Lean root values,pair_7a9abe33,all normalized constructors,App,1757
Matched AI Lean root values,pair_7a9abe33,all normalized constructors,Lam,20
Matched AI Lean root values,pair_7a9abe33,all normalized constructors,Pi,2
Matched AI Lean root values,pair_7a9abe33,all normalized constructors,Let,2
Matched AI Lean root values,pair_7a9abe33,shared binary core,App,1757
Matched AI Lean root values,pair_7a9abe33,shared binary core,Lam,20
Matched AI Lean root values,pair_7a9abe33,shared binary core,Pi,2
Matched AI Lean root values,pair_7a9abe33,shared binary core,Let,2
Matched human Lean root values,pair_7b0b98d6,all normalized constructors,App,2883
Matched human Lean root values,pair_7b0b98d6,all normalized constructors,Lam,20
Matched human Lean root values,pair_7b0b98d6,all normalized constructors,Pi,6
Matched human Lean root values,pair_7b0b98d6,all normalized constructors,Let,8
Matched human Lean root values,pair_7b0b98d6,shared binary core,App,2883
Matched human Lean root values,pair_7b0b98d6,shared binary core,Lam,20
Matched human Lean root values,pair_7b0b98d6,shared binary core,Pi,6
Matched human Lean root values,pair_7b0b98d6,shared binary core,Let,8
Matched AI Lean root values,pair_7b0b98d6,all normalized constructors,App,4897
Matched AI Lean root values,pair_7b0b98d6,all normalized constructors,Lam,41
Matched AI Lean root values,pair_7b0b98d6,all normalized constructors,Pi,5
Matched AI Lean root values,pair_7b0b98d6,all normalized constructors,Let,7
Matched AI Lean root values,pair_7b0b98d6,shared binary core,App,4897
Matched AI Lean root values,pair_7b0b98d6,shared binary core,Lam,41
Matched AI Lean root values,pair_7b0b98d6,shared binary core,Pi,5
Matched AI Lean root values,pair_7b0b98d6,shared binary core,Let,7
Matched human Lean root values,pair_7b176d5c,all normalized constructors,Pi,13
Matched human Lean root values,pair_7b176d5c,all normalized constructors,App,3031
Matched human Lean root values,pair_7b176d5c,all normalized constructors,Lam,38
Matched human Lean root values,pair_7b176d5c,all normalized constructors,Let,12
Matched human Lean root values,pair_7b176d5c,shared binary core,Pi,13
Matched human Lean root values,pair_7b176d5c,shared binary core,App,3031
Matched human Lean root values,pair_7b176d5c,shared binary core,Lam,38
Matched human Lean root values,pair_7b176d5c,shared binary core,Let,12
Matched AI Lean root values,pair_7b176d5c,all normalized constructors,Pi,11
Matched AI Lean root values,pair_7b176d5c,all normalized constructors,App,6583
Matched AI Lean root values,pair_7b176d5c,all normalized constructors,Lam,84
Matched AI Lean root values,pair_7b176d5c,all normalized constructors,Let,25
Matched AI Lean root values,pair_7b176d5c,shared binary core,Pi,11
Matched AI Lean root values,pair_7b176d5c,shared binary core,App,6583
Matched AI Lean root values,pair_7b176d5c,shared binary core,Lam,84
Matched AI Lean root values,pair_7b176d5c,shared binary core,Let,25
Matched human Lean root values,pair_7cb6be3d,all normalized constructors,Pi,17
Matched human Lean root values,pair_7cb6be3d,all normalized constructors,App,1704
Matched human Lean root values,pair_7cb6be3d,all normalized constructors,Lam,29
Matched human Lean root values,pair_7cb6be3d,all normalized constructors,Let,6
Matched human Lean root values,pair_7cb6be3d,shared binary core,Pi,17
Matched human Lean root values,pair_7cb6be3d,shared binary core,App,1704
Matched human Lean root values,pair_7cb6be3d,shared binary core,Lam,29
Matched human Lean root values,pair_7cb6be3d,shared binary core,Let,6
Matched AI Lean root values,pair_7cb6be3d,all normalized constructors,Pi,10
Matched AI Lean root values,pair_7cb6be3d,all normalized constructors,App,4393
Matched AI Lean root values,pair_7cb6be3d,all normalized constructors,Lam,43
Matched AI Lean root values,pair_7cb6be3d,all normalized constructors,Let,14
Matched AI Lean root values,pair_7cb6be3d,shared binary core,Pi,10
Matched AI Lean root values,pair_7cb6be3d,shared binary core,App,4393
Matched AI Lean root values,pair_7cb6be3d,shared binary core,Lam,43
Matched AI Lean root values,pair_7cb6be3d,shared binary core,Let,14
Matched human Lean root values,pair_7f6de6ca,all normalized constructors,App,1546
Matched human Lean root values,pair_7f6de6ca,all normalized constructors,Lam,23
Matched human Lean root values,pair_7f6de6ca,all normalized constructors,Pi,5
Matched human Lean root values,pair_7f6de6ca,all normalized constructors,Let,2
Matched human Lean root values,pair_7f6de6ca,shared binary core,App,1546
Matched human Lean root values,pair_7f6de6ca,shared binary core,Lam,23
Matched human Lean root values,pair_7f6de6ca,shared binary core,Pi,5
Matched human Lean root values,pair_7f6de6ca,shared binary core,Let,2
Matched AI Lean root values,pair_7f6de6ca,all normalized constructors,App,636
Matched AI Lean root values,pair_7f6de6ca,all normalized constructors,Lam,10
Matched AI Lean root values,pair_7f6de6ca,all normalized constructors,Pi,3
Matched AI Lean root values,pair_7f6de6ca,all normalized constructors,Let,2
Matched AI Lean root values,pair_7f6de6ca,shared binary core,App,636
Matched AI Lean root values,pair_7f6de6ca,shared binary core,Lam,10
Matched AI Lean root values,pair_7f6de6ca,shared binary core,Pi,3
Matched AI Lean root values,pair_7f6de6ca,shared binary core,Let,2
Matched human Lean root values,pair_7fda4fb2,all normalized constructors,App,3294
Matched human Lean root values,pair_7fda4fb2,all normalized constructors,Lam,46
Matched human Lean root values,pair_7fda4fb2,all normalized constructors,Pi,4
Matched human Lean root values,pair_7fda4fb2,all normalized constructors,Let,3
Matched human Lean root values,pair_7fda4fb2,shared binary core,App,3294
Matched human Lean root values,pair_7fda4fb2,shared binary core,Lam,46
Matched human Lean root values,pair_7fda4fb2,shared binary core,Pi,4
Matched human Lean root values,pair_7fda4fb2,shared binary core,Let,3
Matched AI Lean root values,pair_7fda4fb2,all normalized constructors,App,643
Matched AI Lean root values,pair_7fda4fb2,all normalized constructors,Lam,8
Matched AI Lean root values,pair_7fda4fb2,all normalized constructors,Pi,2
Matched AI Lean root values,pair_7fda4fb2,all normalized constructors,Let,4
Matched AI Lean root values,pair_7fda4fb2,shared binary core,App,643
Matched AI Lean root values,pair_7fda4fb2,shared binary core,Lam,8
Matched AI Lean root values,pair_7fda4fb2,shared binary core,Pi,2
Matched AI Lean root values,pair_7fda4fb2,shared binary core,Let,4
Matched human Lean root values,pair_807fa532,all normalized constructors,Pi,6
Matched human Lean root values,pair_807fa532,all normalized constructors,App,5014
Matched human Lean root values,pair_807fa532,all normalized constructors,Lam,17
Matched human Lean root values,pair_807fa532,all normalized constructors,Let,4
Matched human Lean root values,pair_807fa532,shared binary core,Pi,6
Matched human Lean root values,pair_807fa532,shared binary core,App,5014
Matched human Lean root values,pair_807fa532,shared binary core,Lam,17
Matched human Lean root values,pair_807fa532,shared binary core,Let,4
Matched AI Lean root values,pair_807fa532,all normalized constructors,Pi,6
Matched AI Lean root values,pair_807fa532,all normalized constructors,App,2786
Matched AI Lean root values,pair_807fa532,all normalized constructors,Lam,13
Matched AI Lean root values,pair_807fa532,all normalized constructors,Let,1
Matched AI Lean root values,pair_807fa532,shared binary core,Pi,6
Matched AI Lean root values,pair_807fa532,shared binary core,App,2786
Matched AI Lean root values,pair_807fa532,shared binary core,Lam,13
Matched AI Lean root values,pair_807fa532,shared binary core,Let,1
Matched human Lean root values,pair_80de1ec1,all normalized constructors,App,3119
Matched human Lean root values,pair_80de1ec1,all normalized constructors,Pi,11
Matched human Lean root values,pair_80de1ec1,all normalized constructors,Lam,25
Matched human Lean root values,pair_80de1ec1,shared binary core,App,3119
Matched human Lean root values,pair_80de1ec1,shared binary core,Pi,11
Matched human Lean root values,pair_80de1ec1,shared binary core,Lam,25
Matched AI Lean root values,pair_80de1ec1,all normalized constructors,App,2319
Matched AI Lean root values,pair_80de1ec1,all normalized constructors,Pi,9
Matched AI Lean root values,pair_80de1ec1,all normalized constructors,Lam,19
Matched AI Lean root values,pair_80de1ec1,all normalized constructors,Let,2
Matched AI Lean root values,pair_80de1ec1,shared binary core,App,2319
Matched AI Lean root values,pair_80de1ec1,shared binary core,Pi,9
Matched AI Lean root values,pair_80de1ec1,shared binary core,Lam,19
Matched AI Lean root values,pair_80de1ec1,shared binary core,Let,2
Matched human Lean root values,pair_80fc276c,all normalized constructors,App,3723
Matched human Lean root values,pair_80fc276c,all normalized constructors,Pi,10
Matched human Lean root values,pair_80fc276c,all normalized constructors,Lam,28
Matched human Lean root values,pair_80fc276c,all normalized constructors,Let,5
Matched human Lean root values,pair_80fc276c,shared binary core,App,3723
Matched human Lean root values,pair_80fc276c,shared binary core,Pi,10
Matched human Lean root values,pair_80fc276c,shared binary core,Lam,28
Matched human Lean root values,pair_80fc276c,shared binary core,Let,5
Matched AI Lean root values,pair_80fc276c,all normalized constructors,App,4160
Matched AI Lean root values,pair_80fc276c,all normalized constructors,Lam,24
Matched AI Lean root values,pair_80fc276c,all normalized constructors,Pi,4
Matched AI Lean root values,pair_80fc276c,all normalized constructors,Let,3
Matched AI Lean root values,pair_80fc276c,shared binary core,App,4160
Matched AI Lean root values,pair_80fc276c,shared binary core,Lam,24
Matched AI Lean root values,pair_80fc276c,shared binary core,Pi,4
Matched AI Lean root values,pair_80fc276c,shared binary core,Let,3
Matched human Lean root values,pair_81db3cca,all normalized constructors,App,1371
Matched human Lean root values,pair_81db3cca,all normalized constructors,Lam,21
Matched human Lean root values,pair_81db3cca,all normalized constructors,Pi,10
Matched human Lean root values,pair_81db3cca,all normalized constructors,Let,5
Matched human Lean root values,pair_81db3cca,shared binary core,App,1371
Matched human Lean root values,pair_81db3cca,shared binary core,Lam,21
Matched human Lean root values,pair_81db3cca,shared binary core,Pi,10
Matched human Lean root values,pair_81db3cca,shared binary core,Let,5
Matched AI Lean root values,pair_81db3cca,all normalized constructors,App,3461
Matched AI Lean root values,pair_81db3cca,all normalized constructors,Lam,27
Matched AI Lean root values,pair_81db3cca,all normalized constructors,Pi,7
Matched AI Lean root values,pair_81db3cca,all normalized constructors,Let,6
Matched AI Lean root values,pair_81db3cca,shared binary core,App,3461
Matched AI Lean root values,pair_81db3cca,shared binary core,Lam,27
Matched AI Lean root values,pair_81db3cca,shared binary core,Pi,7
Matched AI Lean root values,pair_81db3cca,shared binary core,Let,6
Matched human Lean root values,pair_81dfa8e6,all normalized constructors,App,4627
Matched human Lean root values,pair_81dfa8e6,all normalized constructors,Lam,40
Matched human Lean root values,pair_81dfa8e6,all normalized constructors,Pi,13
Matched human Lean root values,pair_81dfa8e6,all normalized constructors,Let,4
Matched human Lean root values,pair_81dfa8e6,shared binary core,App,4627
Matched human Lean root values,pair_81dfa8e6,shared binary core,Lam,40
Matched human Lean root values,pair_81dfa8e6,shared binary core,Pi,13
Matched human Lean root values,pair_81dfa8e6,shared binary core,Let,4
Matched AI Lean root values,pair_81dfa8e6,all normalized constructors,App,7406
Matched AI Lean root values,pair_81dfa8e6,all normalized constructors,Pi,33
Matched AI Lean root values,pair_81dfa8e6,all normalized constructors,Lam,71
Matched AI Lean root values,pair_81dfa8e6,all normalized constructors,Let,10
Matched AI Lean root values,pair_81dfa8e6,shared binary core,App,7406
Matched AI Lean root values,pair_81dfa8e6,shared binary core,Pi,33
Matched AI Lean root values,pair_81dfa8e6,shared binary core,Lam,71
Matched AI Lean root values,pair_81dfa8e6,shared binary core,Let,10
Matched human Lean root values,pair_82f26bd9,all normalized constructors,App,1379
Matched human Lean root values,pair_82f26bd9,all normalized constructors,Pi,5
Matched human Lean root values,pair_82f26bd9,all normalized constructors,Lam,28
Matched human Lean root values,pair_82f26bd9,all normalized constructors,Let,1
Matched human Lean root values,pair_82f26bd9,shared binary core,App,1379
Matched human Lean root values,pair_82f26bd9,shared binary core,Pi,5
Matched human Lean root values,pair_82f26bd9,shared binary core,Lam,28
Matched human Lean root values,pair_82f26bd9,shared binary core,Let,1
Matched AI Lean root values,pair_82f26bd9,all normalized constructors,App,816
Matched AI Lean root values,pair_82f26bd9,all normalized constructors,Lam,21
Matched AI Lean root values,pair_82f26bd9,all normalized constructors,Pi,5
Matched AI Lean root values,pair_82f26bd9,shared binary core,App,816
Matched AI Lean root values,pair_82f26bd9,shared binary core,Lam,21
Matched AI Lean root values,pair_82f26bd9,shared binary core,Pi,5
Matched human Lean root values,pair_842aefbb,all normalized constructors,App,42
Matched human Lean root values,pair_842aefbb,all normalized constructors,Lam,6
Matched human Lean root values,pair_842aefbb,shared binary core,App,42
Matched human Lean root values,pair_842aefbb,shared binary core,Lam,6
Matched AI Lean root values,pair_842aefbb,all normalized constructors,App,132
Matched AI Lean root values,pair_842aefbb,all normalized constructors,Lam,7
Matched AI Lean root values,pair_842aefbb,shared binary core,App,132
Matched AI Lean root values,pair_842aefbb,shared binary core,Lam,7
Matched human Lean root values,pair_84334dbe,all normalized constructors,App,5003
Matched human Lean root values,pair_84334dbe,all normalized constructors,Lam,13
Matched human Lean root values,pair_84334dbe,all normalized constructors,Pi,4
Matched human Lean root values,pair_84334dbe,all normalized constructors,Let,1
Matched human Lean root values,pair_84334dbe,shared binary core,App,5003
Matched human Lean root values,pair_84334dbe,shared binary core,Lam,13
Matched human Lean root values,pair_84334dbe,shared binary core,Pi,4
Matched human Lean root values,pair_84334dbe,shared binary core,Let,1
Matched AI Lean root values,pair_84334dbe,all normalized constructors,App,4758
Matched AI Lean root values,pair_84334dbe,all normalized constructors,Lam,16
Matched AI Lean root values,pair_84334dbe,all normalized constructors,Pi,4
Matched AI Lean root values,pair_84334dbe,shared binary core,App,4758
Matched AI Lean root values,pair_84334dbe,shared binary core,Lam,16
Matched AI Lean root values,pair_84334dbe,shared binary core,Pi,4
Matched human Lean root values,pair_87179bc6,all normalized constructors,App,1731
Matched human Lean root values,pair_87179bc6,all normalized constructors,Lam,12
Matched human Lean root values,pair_87179bc6,all normalized constructors,Pi,7
Matched human Lean root values,pair_87179bc6,shared binary core,App,1731
Matched human Lean root values,pair_87179bc6,shared binary core,Lam,12
Matched human Lean root values,pair_87179bc6,shared binary core,Pi,7
Matched AI Lean root values,pair_87179bc6,all normalized constructors,App,1786
Matched AI Lean root values,pair_87179bc6,all normalized constructors,Lam,11
Matched AI Lean root values,pair_87179bc6,all normalized constructors,Pi,7
Matched AI Lean root values,pair_87179bc6,all normalized constructors,Let,1
Matched AI Lean root values,pair_87179bc6,shared binary core,App,1786
Matched AI Lean root values,pair_87179bc6,shared binary core,Lam,11
Matched AI Lean root values,pair_87179bc6,shared binary core,Pi,7
Matched AI Lean root values,pair_87179bc6,shared binary core,Let,1
Matched human Lean root values,pair_877062a7,all normalized constructors,App,3817
Matched human Lean root values,pair_877062a7,all normalized constructors,Lam,28
Matched human Lean root values,pair_877062a7,all normalized constructors,Pi,11
Matched human Lean root values,pair_877062a7,all normalized constructors,Let,5
Matched human Lean root values,pair_877062a7,shared binary core,App,3817
Matched human Lean root values,pair_877062a7,shared binary core,Lam,28
Matched human Lean root values,pair_877062a7,shared binary core,Pi,11
Matched human Lean root values,pair_877062a7,shared binary core,Let,5
Matched AI Lean root values,pair_877062a7,all normalized constructors,App,5372
Matched AI Lean root values,pair_877062a7,all normalized constructors,Lam,34
Matched AI Lean root values,pair_877062a7,all normalized constructors,Pi,9
Matched AI Lean root values,pair_877062a7,all normalized constructors,Let,10
Matched AI Lean root values,pair_877062a7,shared binary core,App,5372
Matched AI Lean root values,pair_877062a7,shared binary core,Lam,34
Matched AI Lean root values,pair_877062a7,shared binary core,Pi,9
Matched AI Lean root values,pair_877062a7,shared binary core,Let,10
Matched human Lean root values,pair_8793031c,all normalized constructors,App,4175
Matched human Lean root values,pair_8793031c,all normalized constructors,Lam,32
Matched human Lean root values,pair_8793031c,all normalized constructors,Pi,8
Matched human Lean root values,pair_8793031c,all normalized constructors,Let,19
Matched human Lean root values,pair_8793031c,shared binary core,App,4175
Matched human Lean root values,pair_8793031c,shared binary core,Lam,32
Matched human Lean root values,pair_8793031c,shared binary core,Pi,8
Matched human Lean root values,pair_8793031c,shared binary core,Let,19
Matched AI Lean root values,pair_8793031c,all normalized constructors,App,4040
Matched AI Lean root values,pair_8793031c,all normalized constructors,Lam,27
Matched AI Lean root values,pair_8793031c,all normalized constructors,Pi,7
Matched AI Lean root values,pair_8793031c,all normalized constructors,Let,14
Matched AI Lean root values,pair_8793031c,shared binary core,App,4040
Matched AI Lean root values,pair_8793031c,shared binary core,Lam,27
Matched AI Lean root values,pair_8793031c,shared binary core,Pi,7
Matched AI Lean root values,pair_8793031c,shared binary core,Let,14
Matched human Lean root values,pair_87ba057a,all normalized constructors,App,193
Matched human Lean root values,pair_87ba057a,all normalized constructors,Lam,1
Matched human Lean root values,pair_87ba057a,all normalized constructors,Pi,2
Matched human Lean root values,pair_87ba057a,all normalized constructors,Let,2
Matched human Lean root values,pair_87ba057a,shared binary core,App,193
Matched human Lean root values,pair_87ba057a,shared binary core,Lam,1
Matched human Lean root values,pair_87ba057a,shared binary core,Pi,2
Matched human Lean root values,pair_87ba057a,shared binary core,Let,2
Matched AI Lean root values,pair_87ba057a,all normalized constructors,App,187
Matched AI Lean root values,pair_87ba057a,all normalized constructors,Pi,2
Matched AI Lean root values,pair_87ba057a,shared binary core,App,187
Matched AI Lean root values,pair_87ba057a,shared binary core,Pi,2
Matched human Lean root values,pair_87d2dbfe,all normalized constructors,App,520
Matched human Lean root values,pair_87d2dbfe,all normalized constructors,Lam,47
Matched human Lean root values,pair_87d2dbfe,all normalized constructors,Pi,6
Matched human Lean root values,pair_87d2dbfe,shared binary core,App,520
Matched human Lean root values,pair_87d2dbfe,shared binary core,Lam,47
Matched human Lean root values,pair_87d2dbfe,shared binary core,Pi,6
Matched AI Lean root values,pair_87d2dbfe,all normalized constructors,App,369
Matched AI Lean root values,pair_87d2dbfe,all normalized constructors,Lam,43
Matched AI Lean root values,pair_87d2dbfe,all normalized constructors,Pi,4
Matched AI Lean root values,pair_87d2dbfe,shared binary core,App,369
Matched AI Lean root values,pair_87d2dbfe,shared binary core,Lam,43
Matched AI Lean root values,pair_87d2dbfe,shared binary core,Pi,4
Matched human Lean root values,pair_88838551,all normalized constructors,App,1629
Matched human Lean root values,pair_88838551,all normalized constructors,Lam,25
Matched human Lean root values,pair_88838551,all normalized constructors,Pi,3
Matched human Lean root values,pair_88838551,all normalized constructors,Let,1
Matched human Lean root values,pair_88838551,shared binary core,App,1629
Matched human Lean root values,pair_88838551,shared binary core,Lam,25
Matched human Lean root values,pair_88838551,shared binary core,Pi,3
Matched human Lean root values,pair_88838551,shared binary core,Let,1
Matched AI Lean root values,pair_88838551,all normalized constructors,App,1299
Matched AI Lean root values,pair_88838551,all normalized constructors,Lam,21
Matched AI Lean root values,pair_88838551,all normalized constructors,Pi,2
Matched AI Lean root values,pair_88838551,shared binary core,App,1299
Matched AI Lean root values,pair_88838551,shared binary core,Lam,21
Matched AI Lean root values,pair_88838551,shared binary core,Pi,2
Matched human Lean root values,pair_8956508b,all normalized constructors,App,1253
Matched human Lean root values,pair_8956508b,all normalized constructors,Lam,21
Matched human Lean root values,pair_8956508b,all normalized constructors,Pi,13
Matched human Lean root values,pair_8956508b,shared binary core,App,1253
Matched human Lean root values,pair_8956508b,shared binary core,Lam,21
Matched human Lean root values,pair_8956508b,shared binary core,Pi,13
Matched AI Lean root values,pair_8956508b,all normalized constructors,App,239
Matched AI Lean root values,pair_8956508b,all normalized constructors,Lam,7
Matched AI Lean root values,pair_8956508b,all normalized constructors,Pi,3
Matched AI Lean root values,pair_8956508b,all normalized constructors,Let,1
Matched AI Lean root values,pair_8956508b,shared binary core,App,239
Matched AI Lean root values,pair_8956508b,shared binary core,Lam,7
Matched AI Lean root values,pair_8956508b,shared binary core,Pi,3
Matched AI Lean root values,pair_8956508b,shared binary core,Let,1
Matched human Lean root values,pair_896a11b6,all normalized constructors,Pi,71
Matched human Lean root values,pair_896a11b6,all normalized constructors,App,5515
Matched human Lean root values,pair_896a11b6,all normalized constructors,Lam,91
Matched human Lean root values,pair_896a11b6,all normalized constructors,Let,6
Matched human Lean root values,pair_896a11b6,shared binary core,Pi,71
Matched human Lean root values,pair_896a11b6,shared binary core,App,5515
Matched human Lean root values,pair_896a11b6,shared binary core,Lam,91
Matched human Lean root values,pair_896a11b6,shared binary core,Let,6
Matched AI Lean root values,pair_896a11b6,all normalized constructors,Pi,18
Matched AI Lean root values,pair_896a11b6,all normalized constructors,App,257
Matched AI Lean root values,pair_896a11b6,all normalized constructors,Lam,24
Matched AI Lean root values,pair_896a11b6,shared binary core,Pi,18
Matched AI Lean root values,pair_896a11b6,shared binary core,App,257
Matched AI Lean root values,pair_896a11b6,shared binary core,Lam,24
Matched human Lean root values,pair_8a45bd25,all normalized constructors,App,10456
Matched human Lean root values,pair_8a45bd25,all normalized constructors,Lam,85
Matched human Lean root values,pair_8a45bd25,all normalized constructors,Pi,6
Matched human Lean root values,pair_8a45bd25,all normalized constructors,Let,40
Matched human Lean root values,pair_8a45bd25,shared binary core,App,10456
Matched human Lean root values,pair_8a45bd25,shared binary core,Lam,85
Matched human Lean root values,pair_8a45bd25,shared binary core,Pi,6
Matched human Lean root values,pair_8a45bd25,shared binary core,Let,40
Matched AI Lean root values,pair_8a45bd25,all normalized constructors,App,10549
Matched AI Lean root values,pair_8a45bd25,all normalized constructors,Lam,69
Matched AI Lean root values,pair_8a45bd25,all normalized constructors,Pi,5
Matched AI Lean root values,pair_8a45bd25,all normalized constructors,Let,14
Matched AI Lean root values,pair_8a45bd25,shared binary core,App,10549
Matched AI Lean root values,pair_8a45bd25,shared binary core,Lam,69
Matched AI Lean root values,pair_8a45bd25,shared binary core,Pi,5
Matched AI Lean root values,pair_8a45bd25,shared binary core,Let,14
Matched human Lean root values,pair_8a465ac4,all normalized constructors,Pi,2
Matched human Lean root values,pair_8a465ac4,all normalized constructors,App,580
Matched human Lean root values,pair_8a465ac4,all normalized constructors,Lam,10
Matched human Lean root values,pair_8a465ac4,shared binary core,Pi,2
Matched human Lean root values,pair_8a465ac4,shared binary core,App,580
Matched human Lean root values,pair_8a465ac4,shared binary core,Lam,10
Matched AI Lean root values,pair_8a465ac4,all normalized constructors,Pi,2
Matched AI Lean root values,pair_8a465ac4,all normalized constructors,App,527
Matched AI Lean root values,pair_8a465ac4,all normalized constructors,Lam,9
Matched AI Lean root values,pair_8a465ac4,all normalized constructors,Let,5
Matched AI Lean root values,pair_8a465ac4,shared binary core,Pi,2
Matched AI Lean root values,pair_8a465ac4,shared binary core,App,527
Matched AI Lean root values,pair_8a465ac4,shared binary core,Lam,9
Matched AI Lean root values,pair_8a465ac4,shared binary core,Let,5
Matched human Lean root values,pair_8d6d2aa2,all normalized constructors,App,2183
Matched human Lean root values,pair_8d6d2aa2,all normalized constructors,Lam,176
Matched human Lean root values,pair_8d6d2aa2,all normalized constructors,Pi,13
Matched human Lean root values,pair_8d6d2aa2,all normalized constructors,Let,11
Matched human Lean root values,pair_8d6d2aa2,shared binary core,App,2183
Matched human Lean root values,pair_8d6d2aa2,shared binary core,Lam,176
Matched human Lean root values,pair_8d6d2aa2,shared binary core,Pi,13
Matched human Lean root values,pair_8d6d2aa2,shared binary core,Let,11
Matched AI Lean root values,pair_8d6d2aa2,all normalized constructors,App,1584
Matched AI Lean root values,pair_8d6d2aa2,all normalized constructors,Lam,176
Matched AI Lean root values,pair_8d6d2aa2,all normalized constructors,Pi,8
Matched AI Lean root values,pair_8d6d2aa2,all normalized constructors,Let,1
Matched AI Lean root values,pair_8d6d2aa2,shared binary core,App,1584
Matched AI Lean root values,pair_8d6d2aa2,shared binary core,Lam,176
Matched AI Lean root values,pair_8d6d2aa2,shared binary core,Pi,8
Matched AI Lean root values,pair_8d6d2aa2,shared binary core,Let,1
Matched human Lean root values,pair_8e82b67b,all normalized constructors,App,1083
Matched human Lean root values,pair_8e82b67b,all normalized constructors,Lam,6
Matched human Lean root values,pair_8e82b67b,all normalized constructors,Pi,2
Matched human Lean root values,pair_8e82b67b,shared binary core,App,1083
Matched human Lean root values,pair_8e82b67b,shared binary core,Lam,6
Matched human Lean root values,pair_8e82b67b,shared binary core,Pi,2
Matched AI Lean root values,pair_8e82b67b,all normalized constructors,App,2142
Matched AI Lean root values,pair_8e82b67b,all normalized constructors,Lam,12
Matched AI Lean root values,pair_8e82b67b,all normalized constructors,Pi,3
Matched AI Lean root values,pair_8e82b67b,all normalized constructors,Let,4
Matched AI Lean root values,pair_8e82b67b,shared binary core,App,2142
Matched AI Lean root values,pair_8e82b67b,shared binary core,Lam,12
Matched AI Lean root values,pair_8e82b67b,shared binary core,Pi,3
Matched AI Lean root values,pair_8e82b67b,shared binary core,Let,4
Matched human Lean root values,pair_915d7da0,all normalized constructors,App,2539
Matched human Lean root values,pair_915d7da0,all normalized constructors,Pi,8
Matched human Lean root values,pair_915d7da0,all normalized constructors,Lam,15
Matched human Lean root values,pair_915d7da0,shared binary core,App,2539
Matched human Lean root values,pair_915d7da0,shared binary core,Pi,8
Matched human Lean root values,pair_915d7da0,shared binary core,Lam,15
Matched AI Lean root values,pair_915d7da0,all normalized constructors,App,2955
Matched AI Lean root values,pair_915d7da0,all normalized constructors,Lam,13
Matched AI Lean root values,pair_915d7da0,all normalized constructors,Pi,7
Matched AI Lean root values,pair_915d7da0,all normalized constructors,Let,2
Matched AI Lean root values,pair_915d7da0,shared binary core,App,2955
Matched AI Lean root values,pair_915d7da0,shared binary core,Lam,13
Matched AI Lean root values,pair_915d7da0,shared binary core,Pi,7
Matched AI Lean root values,pair_915d7da0,shared binary core,Let,2
Matched human Lean root values,pair_919a0d3c,all normalized constructors,App,58
Matched human Lean root values,pair_919a0d3c,all normalized constructors,Pi,9
Matched human Lean root values,pair_919a0d3c,all normalized constructors,Lam,11
Matched human Lean root values,pair_919a0d3c,shared binary core,App,58
Matched human Lean root values,pair_919a0d3c,shared binary core,Pi,9
Matched human Lean root values,pair_919a0d3c,shared binary core,Lam,11
Matched AI Lean root values,pair_919a0d3c,all normalized constructors,App,54
Matched AI Lean root values,pair_919a0d3c,all normalized constructors,Pi,9
Matched AI Lean root values,pair_919a0d3c,all normalized constructors,Lam,11
Matched AI Lean root values,pair_919a0d3c,shared binary core,App,54
Matched AI Lean root values,pair_919a0d3c,shared binary core,Pi,9
Matched AI Lean root values,pair_919a0d3c,shared binary core,Lam,11
Matched human Lean root values,pair_92daf189,all normalized constructors,App,4809
Matched human Lean root values,pair_92daf189,all normalized constructors,Lam,44
Matched human Lean root values,pair_92daf189,all normalized constructors,Pi,8
Matched human Lean root values,pair_92daf189,all normalized constructors,Let,16
Matched human Lean root values,pair_92daf189,shared binary core,App,4809
Matched human Lean root values,pair_92daf189,shared binary core,Lam,44
Matched human Lean root values,pair_92daf189,shared binary core,Pi,8
Matched human Lean root values,pair_92daf189,shared binary core,Let,16
Matched AI Lean root values,pair_92daf189,all normalized constructors,App,5533
Matched AI Lean root values,pair_92daf189,all normalized constructors,Lam,38
Matched AI Lean root values,pair_92daf189,all normalized constructors,Pi,6
Matched AI Lean root values,pair_92daf189,all normalized constructors,Let,8
Matched AI Lean root values,pair_92daf189,shared binary core,App,5533
Matched AI Lean root values,pair_92daf189,shared binary core,Lam,38
Matched AI Lean root values,pair_92daf189,shared binary core,Pi,6
Matched AI Lean root values,pair_92daf189,shared binary core,Let,8
Matched human Lean root values,pair_95cc16d3,all normalized constructors,App,2318
Matched human Lean root values,pair_95cc16d3,all normalized constructors,Lam,22
Matched human Lean root values,pair_95cc16d3,all normalized constructors,Pi,4
Matched human Lean root values,pair_95cc16d3,shared binary core,App,2318
Matched human Lean root values,pair_95cc16d3,shared binary core,Lam,22
Matched human Lean root values,pair_95cc16d3,shared binary core,Pi,4
Matched AI Lean root values,pair_95cc16d3,all normalized constructors,App,2652
Matched AI Lean root values,pair_95cc16d3,all normalized constructors,Lam,22
Matched AI Lean root values,pair_95cc16d3,all normalized constructors,Pi,5
Matched AI Lean root values,pair_95cc16d3,shared binary core,App,2652
Matched AI Lean root values,pair_95cc16d3,shared binary core,Lam,22
Matched AI Lean root values,pair_95cc16d3,shared binary core,Pi,5
Matched human Lean root values,pair_95ff000b,all normalized constructors,Pi,10
Matched human Lean root values,pair_95ff000b,all normalized constructors,App,7943
Matched human Lean root values,pair_95ff000b,all normalized constructors,Lam,67
Matched human Lean root values,pair_95ff000b,all normalized constructors,Let,7
Matched human Lean root values,pair_95ff000b,shared binary core,Pi,10
Matched human Lean root values,pair_95ff000b,shared binary core,App,7943
Matched human Lean root values,pair_95ff000b,shared binary core,Lam,67
Matched human Lean root values,pair_95ff000b,shared binary core,Let,7
Matched AI Lean root values,pair_95ff000b,all normalized constructors,Pi,9
Matched AI Lean root values,pair_95ff000b,all normalized constructors,App,7383
Matched AI Lean root values,pair_95ff000b,all normalized constructors,Lam,61
Matched AI Lean root values,pair_95ff000b,all normalized constructors,Let,5
Matched AI Lean root values,pair_95ff000b,shared binary core,Pi,9
Matched AI Lean root values,pair_95ff000b,shared binary core,App,7383
Matched AI Lean root values,pair_95ff000b,shared binary core,Lam,61
Matched AI Lean root values,pair_95ff000b,shared binary core,Let,5
Matched human Lean root values,pair_965e479d,all normalized constructors,App,7208
Matched human Lean root values,pair_965e479d,all normalized constructors,Lam,39
Matched human Lean root values,pair_965e479d,all normalized constructors,Pi,5
Matched human Lean root values,pair_965e479d,all normalized constructors,Let,14
Matched human Lean root values,pair_965e479d,all normalized constructors,Proj,1
Matched human Lean root values,pair_965e479d,shared binary core,App,7208
Matched human Lean root values,pair_965e479d,shared binary core,Lam,39
Matched human Lean root values,pair_965e479d,shared binary core,Pi,5
Matched human Lean root values,pair_965e479d,shared binary core,Let,14
Matched AI Lean root values,pair_965e479d,all normalized constructors,App,12996
Matched AI Lean root values,pair_965e479d,all normalized constructors,Lam,41
Matched AI Lean root values,pair_965e479d,all normalized constructors,Pi,4
Matched AI Lean root values,pair_965e479d,all normalized constructors,Let,12
Matched AI Lean root values,pair_965e479d,shared binary core,App,12996
Matched AI Lean root values,pair_965e479d,shared binary core,Lam,41
Matched AI Lean root values,pair_965e479d,shared binary core,Pi,4
Matched AI Lean root values,pair_965e479d,shared binary core,Let,12
Matched human Lean root values,pair_98273f65,all normalized constructors,App,5406
Matched human Lean root values,pair_98273f65,all normalized constructors,Pi,26
Matched human Lean root values,pair_98273f65,all normalized constructors,Lam,84
Matched human Lean root values,pair_98273f65,all normalized constructors,Let,3
Matched human Lean root values,pair_98273f65,shared binary core,App,5406
Matched human Lean root values,pair_98273f65,shared binary core,Pi,26
Matched human Lean root values,pair_98273f65,shared binary core,Lam,84
Matched human Lean root values,pair_98273f65,shared binary core,Let,3
Matched AI Lean root values,pair_98273f65,all normalized constructors,App,10633
Matched AI Lean root values,pair_98273f65,all normalized constructors,Lam,37
Matched AI Lean root values,pair_98273f65,all normalized constructors,Pi,4
Matched AI Lean root values,pair_98273f65,all normalized constructors,Let,15
Matched AI Lean root values,pair_98273f65,shared binary core,App,10633
Matched AI Lean root values,pair_98273f65,shared binary core,Lam,37
Matched AI Lean root values,pair_98273f65,shared binary core,Pi,4
Matched AI Lean root values,pair_98273f65,shared binary core,Let,15
Matched human Lean root values,pair_99ea5bb6,all normalized constructors,Pi,18
Matched human Lean root values,pair_99ea5bb6,all normalized constructors,App,4353
Matched human Lean root values,pair_99ea5bb6,all normalized constructors,Lam,62
Matched human Lean root values,pair_99ea5bb6,all normalized constructors,Let,9
Matched human Lean root values,pair_99ea5bb6,shared binary core,Pi,18
Matched human Lean root values,pair_99ea5bb6,shared binary core,App,4353
Matched human Lean root values,pair_99ea5bb6,shared binary core,Lam,62
Matched human Lean root values,pair_99ea5bb6,shared binary core,Let,9
Matched AI Lean root values,pair_99ea5bb6,all normalized constructors,Pi,23
Matched AI Lean root values,pair_99ea5bb6,all normalized constructors,App,4192
Matched AI Lean root values,pair_99ea5bb6,all normalized constructors,Lam,106
Matched AI Lean root values,pair_99ea5bb6,all normalized constructors,Let,10
Matched AI Lean root values,pair_99ea5bb6,shared binary core,Pi,23
Matched AI Lean root values,pair_99ea5bb6,shared binary core,App,4192
Matched AI Lean root values,pair_99ea5bb6,shared binary core,Lam,106
Matched AI Lean root values,pair_99ea5bb6,shared binary core,Let,10
Matched human Lean root values,pair_99eea8ae,all normalized constructors,App,104
Matched human Lean root values,pair_99eea8ae,all normalized constructors,Lam,9
Matched human Lean root values,pair_99eea8ae,all normalized constructors,Let,1
Matched human Lean root values,pair_99eea8ae,shared binary core,App,104
Matched human Lean root values,pair_99eea8ae,shared binary core,Lam,9
Matched human Lean root values,pair_99eea8ae,shared binary core,Let,1
Matched AI Lean root values,pair_99eea8ae,all normalized constructors,App,1282
Matched AI Lean root values,pair_99eea8ae,all normalized constructors,Lam,13
Matched AI Lean root values,pair_99eea8ae,all normalized constructors,Pi,3
Matched AI Lean root values,pair_99eea8ae,all normalized constructors,Let,1
Matched AI Lean root values,pair_99eea8ae,shared binary core,App,1282
Matched AI Lean root values,pair_99eea8ae,shared binary core,Lam,13
Matched AI Lean root values,pair_99eea8ae,shared binary core,Pi,3
Matched AI Lean root values,pair_99eea8ae,shared binary core,Let,1
Matched human Lean root values,pair_9a76e23c,all normalized constructors,App,9669
Matched human Lean root values,pair_9a76e23c,all normalized constructors,Lam,110
Matched human Lean root values,pair_9a76e23c,all normalized constructors,Pi,3
Matched human Lean root values,pair_9a76e23c,all normalized constructors,Let,24
Matched human Lean root values,pair_9a76e23c,shared binary core,App,9669
Matched human Lean root values,pair_9a76e23c,shared binary core,Lam,110
Matched human Lean root values,pair_9a76e23c,shared binary core,Pi,3
Matched human Lean root values,pair_9a76e23c,shared binary core,Let,24
Matched AI Lean root values,pair_9a76e23c,all normalized constructors,App,10788
Matched AI Lean root values,pair_9a76e23c,all normalized constructors,Lam,120
Matched AI Lean root values,pair_9a76e23c,all normalized constructors,Pi,3
Matched AI Lean root values,pair_9a76e23c,all normalized constructors,Let,33
Matched AI Lean root values,pair_9a76e23c,shared binary core,App,10788
Matched AI Lean root values,pair_9a76e23c,shared binary core,Lam,120
Matched AI Lean root values,pair_9a76e23c,shared binary core,Pi,3
Matched AI Lean root values,pair_9a76e23c,shared binary core,Let,33
Matched human Lean root values,pair_9a84ead7,all normalized constructors,App,1043
Matched human Lean root values,pair_9a84ead7,all normalized constructors,Lam,5
Matched human Lean root values,pair_9a84ead7,all normalized constructors,Pi,7
Matched human Lean root values,pair_9a84ead7,all normalized constructors,Let,1
Matched human Lean root values,pair_9a84ead7,shared binary core,App,1043
Matched human Lean root values,pair_9a84ead7,shared binary core,Lam,5
Matched human Lean root values,pair_9a84ead7,shared binary core,Pi,7
Matched human Lean root values,pair_9a84ead7,shared binary core,Let,1
Matched AI Lean root values,pair_9a84ead7,all normalized constructors,App,457
Matched AI Lean root values,pair_9a84ead7,all normalized constructors,Pi,5
Matched AI Lean root values,pair_9a84ead7,all normalized constructors,Lam,3
Matched AI Lean root values,pair_9a84ead7,shared binary core,App,457
Matched AI Lean root values,pair_9a84ead7,shared binary core,Pi,5
Matched AI Lean root values,pair_9a84ead7,shared binary core,Lam,3
Matched human Lean root values,pair_9af28884,all normalized constructors,App,1193
Matched human Lean root values,pair_9af28884,all normalized constructors,Lam,5
Matched human Lean root values,pair_9af28884,all normalized constructors,Pi,7
Matched human Lean root values,pair_9af28884,all normalized constructors,Let,1
Matched human Lean root values,pair_9af28884,shared binary core,App,1193
Matched human Lean root values,pair_9af28884,shared binary core,Lam,5
Matched human Lean root values,pair_9af28884,shared binary core,Pi,7
Matched human Lean root values,pair_9af28884,shared binary core,Let,1
Matched AI Lean root values,pair_9af28884,all normalized constructors,App,575
Matched AI Lean root values,pair_9af28884,all normalized constructors,Lam,3
Matched AI Lean root values,pair_9af28884,all normalized constructors,Pi,3
Matched AI Lean root values,pair_9af28884,shared binary core,App,575
Matched AI Lean root values,pair_9af28884,shared binary core,Lam,3
Matched AI Lean root values,pair_9af28884,shared binary core,Pi,3
Matched human Lean root values,pair_9b461a0f,all normalized constructors,App,3349
Matched human Lean root values,pair_9b461a0f,all normalized constructors,Lam,26
Matched human Lean root values,pair_9b461a0f,all normalized constructors,Pi,7
Matched human Lean root values,pair_9b461a0f,all normalized constructors,Let,2
Matched human Lean root values,pair_9b461a0f,shared binary core,App,3349
Matched human Lean root values,pair_9b461a0f,shared binary core,Lam,26
Matched human Lean root values,pair_9b461a0f,shared binary core,Pi,7
Matched human Lean root values,pair_9b461a0f,shared binary core,Let,2
Matched AI Lean root values,pair_9b461a0f,all normalized constructors,App,4337
Matched AI Lean root values,pair_9b461a0f,all normalized constructors,Lam,18
Matched AI Lean root values,pair_9b461a0f,all normalized constructors,Pi,9
Matched AI Lean root values,pair_9b461a0f,all normalized constructors,Let,4
Matched AI Lean root values,pair_9b461a0f,shared binary core,App,4337
Matched AI Lean root values,pair_9b461a0f,shared binary core,Lam,18
Matched AI Lean root values,pair_9b461a0f,shared binary core,Pi,9
Matched AI Lean root values,pair_9b461a0f,shared binary core,Let,4
Matched human Lean root values,pair_9d3572bb,all normalized constructors,Pi,6
Matched human Lean root values,pair_9d3572bb,all normalized constructors,App,642
Matched human Lean root values,pair_9d3572bb,all normalized constructors,Lam,5
Matched human Lean root values,pair_9d3572bb,shared binary core,Pi,6
Matched human Lean root values,pair_9d3572bb,shared binary core,App,642
Matched human Lean root values,pair_9d3572bb,shared binary core,Lam,5
Matched AI Lean root values,pair_9d3572bb,all normalized constructors,Pi,6
Matched AI Lean root values,pair_9d3572bb,all normalized constructors,App,540
Matched AI Lean root values,pair_9d3572bb,all normalized constructors,Lam,4
Matched AI Lean root values,pair_9d3572bb,all normalized constructors,Let,2
Matched AI Lean root values,pair_9d3572bb,shared binary core,Pi,6
Matched AI Lean root values,pair_9d3572bb,shared binary core,App,540
Matched AI Lean root values,pair_9d3572bb,shared binary core,Lam,4
Matched AI Lean root values,pair_9d3572bb,shared binary core,Let,2
Matched human Lean root values,pair_9d50620a,all normalized constructors,App,6355
Matched human Lean root values,pair_9d50620a,all normalized constructors,Pi,14
Matched human Lean root values,pair_9d50620a,all normalized constructors,Lam,29
Matched human Lean root values,pair_9d50620a,all normalized constructors,Let,7
Matched human Lean root values,pair_9d50620a,shared binary core,App,6355
Matched human Lean root values,pair_9d50620a,shared binary core,Pi,14
Matched human Lean root values,pair_9d50620a,shared binary core,Lam,29
Matched human Lean root values,pair_9d50620a,shared binary core,Let,7
Matched AI Lean root values,pair_9d50620a,all normalized constructors,App,7918
Matched AI Lean root values,pair_9d50620a,all normalized constructors,Pi,13
Matched AI Lean root values,pair_9d50620a,all normalized constructors,Lam,41
Matched AI Lean root values,pair_9d50620a,all normalized constructors,Let,10
Matched AI Lean root values,pair_9d50620a,shared binary core,App,7918
Matched AI Lean root values,pair_9d50620a,shared binary core,Pi,13
Matched AI Lean root values,pair_9d50620a,shared binary core,Lam,41
Matched AI Lean root values,pair_9d50620a,shared binary core,Let,10
Matched human Lean root values,pair_9effdc53,all normalized constructors,App,1839
Matched human Lean root values,pair_9effdc53,all normalized constructors,Lam,28
Matched human Lean root values,pair_9effdc53,all normalized constructors,Pi,14
Matched human Lean root values,pair_9effdc53,all normalized constructors,Let,1
Matched human Lean root values,pair_9effdc53,shared binary core,App,1839
Matched human Lean root values,pair_9effdc53,shared binary core,Lam,28
Matched human Lean root values,pair_9effdc53,shared binary core,Pi,14
Matched human Lean root values,pair_9effdc53,shared binary core,Let,1
Matched AI Lean root values,pair_9effdc53,all normalized constructors,App,2425
Matched AI Lean root values,pair_9effdc53,all normalized constructors,Lam,22
Matched AI Lean root values,pair_9effdc53,all normalized constructors,Pi,5
Matched AI Lean root values,pair_9effdc53,all normalized constructors,Let,2
Matched AI Lean root values,pair_9effdc53,shared binary core,App,2425
Matched AI Lean root values,pair_9effdc53,shared binary core,Lam,22
Matched AI Lean root values,pair_9effdc53,shared binary core,Pi,5
Matched AI Lean root values,pair_9effdc53,shared binary core,Let,2
Matched human Lean root values,pair_9f0d7c77,all normalized constructors,App,2185
Matched human Lean root values,pair_9f0d7c77,all normalized constructors,Lam,19
Matched human Lean root values,pair_9f0d7c77,all normalized constructors,Pi,6
Matched human Lean root values,pair_9f0d7c77,all normalized constructors,Let,1
Matched human Lean root values,pair_9f0d7c77,shared binary core,App,2185
Matched human Lean root values,pair_9f0d7c77,shared binary core,Lam,19
Matched human Lean root values,pair_9f0d7c77,shared binary core,Pi,6
Matched human Lean root values,pair_9f0d7c77,shared binary core,Let,1
Matched AI Lean root values,pair_9f0d7c77,all normalized constructors,App,2995
Matched AI Lean root values,pair_9f0d7c77,all normalized constructors,Lam,29
Matched AI Lean root values,pair_9f0d7c77,all normalized constructors,Pi,6
Matched AI Lean root values,pair_9f0d7c77,all normalized constructors,Let,6
Matched AI Lean root values,pair_9f0d7c77,shared binary core,App,2995
Matched AI Lean root values,pair_9f0d7c77,shared binary core,Lam,29
Matched AI Lean root values,pair_9f0d7c77,shared binary core,Pi,6
Matched AI Lean root values,pair_9f0d7c77,shared binary core,Let,6
Matched human Lean root values,pair_a0095248,all normalized constructors,App,6566
Matched human Lean root values,pair_a0095248,all normalized constructors,Lam,85
Matched human Lean root values,pair_a0095248,all normalized constructors,Pi,54
Matched human Lean root values,pair_a0095248,all normalized constructors,Let,3
Matched human Lean root values,pair_a0095248,shared binary core,App,6566
Matched human Lean root values,pair_a0095248,shared binary core,Lam,85
Matched human Lean root values,pair_a0095248,shared binary core,Pi,54
Matched human Lean root values,pair_a0095248,shared binary core,Let,3
Matched AI Lean root values,pair_a0095248,all normalized constructors,App,9608
Matched AI Lean root values,pair_a0095248,all normalized constructors,Lam,96
Matched AI Lean root values,pair_a0095248,all normalized constructors,Pi,6
Matched AI Lean root values,pair_a0095248,all normalized constructors,Let,15
Matched AI Lean root values,pair_a0095248,shared binary core,App,9608
Matched AI Lean root values,pair_a0095248,shared binary core,Lam,96
Matched AI Lean root values,pair_a0095248,shared binary core,Pi,6
Matched AI Lean root values,pair_a0095248,shared binary core,Let,15
Matched human Lean root values,pair_a00e8681,all normalized constructors,Pi,17
Matched human Lean root values,pair_a00e8681,all normalized constructors,App,3034
Matched human Lean root values,pair_a00e8681,all normalized constructors,Lam,37
Matched human Lean root values,pair_a00e8681,all normalized constructors,Let,10
Matched human Lean root values,pair_a00e8681,shared binary core,Pi,17
Matched human Lean root values,pair_a00e8681,shared binary core,App,3034
Matched human Lean root values,pair_a00e8681,shared binary core,Lam,37
Matched human Lean root values,pair_a00e8681,shared binary core,Let,10
Matched AI Lean root values,pair_a00e8681,all normalized constructors,Pi,12
Matched AI Lean root values,pair_a00e8681,all normalized constructors,App,3340
Matched AI Lean root values,pair_a00e8681,all normalized constructors,Lam,25
Matched AI Lean root values,pair_a00e8681,all normalized constructors,Let,6
Matched AI Lean root values,pair_a00e8681,shared binary core,Pi,12
Matched AI Lean root values,pair_a00e8681,shared binary core,App,3340
Matched AI Lean root values,pair_a00e8681,shared binary core,Lam,25
Matched AI Lean root values,pair_a00e8681,shared binary core,Let,6
Matched human Lean root values,pair_a10926bc,all normalized constructors,App,1656
Matched human Lean root values,pair_a10926bc,all normalized constructors,Lam,14
Matched human Lean root values,pair_a10926bc,all normalized constructors,Pi,2
Matched human Lean root values,pair_a10926bc,shared binary core,App,1656
Matched human Lean root values,pair_a10926bc,shared binary core,Lam,14
Matched human Lean root values,pair_a10926bc,shared binary core,Pi,2
Matched AI Lean root values,pair_a10926bc,all normalized constructors,App,2145
Matched AI Lean root values,pair_a10926bc,all normalized constructors,Lam,18
Matched AI Lean root values,pair_a10926bc,all normalized constructors,Pi,2
Matched AI Lean root values,pair_a10926bc,all normalized constructors,Let,1
Matched AI Lean root values,pair_a10926bc,shared binary core,App,2145
Matched AI Lean root values,pair_a10926bc,shared binary core,Lam,18
Matched AI Lean root values,pair_a10926bc,shared binary core,Pi,2
Matched AI Lean root values,pair_a10926bc,shared binary core,Let,1
Matched human Lean root values,pair_a302a9d8,all normalized constructors,App,491
Matched human Lean root values,pair_a302a9d8,all normalized constructors,Lam,17
Matched human Lean root values,pair_a302a9d8,all normalized constructors,Pi,7
Matched human Lean root values,pair_a302a9d8,shared binary core,App,491
Matched human Lean root values,pair_a302a9d8,shared binary core,Lam,17
Matched human Lean root values,pair_a302a9d8,shared binary core,Pi,7
Matched AI Lean root values,pair_a302a9d8,all normalized constructors,App,395
Matched AI Lean root values,pair_a302a9d8,all normalized constructors,Lam,18
Matched AI Lean root values,pair_a302a9d8,all normalized constructors,Pi,6
Matched AI Lean root values,pair_a302a9d8,all normalized constructors,Let,1
Matched AI Lean root values,pair_a302a9d8,shared binary core,App,395
Matched AI Lean root values,pair_a302a9d8,shared binary core,Lam,18
Matched AI Lean root values,pair_a302a9d8,shared binary core,Pi,6
Matched AI Lean root values,pair_a302a9d8,shared binary core,Let,1
Matched human Lean root values,pair_a3b6f8e9,all normalized constructors,App,3190
Matched human Lean root values,pair_a3b6f8e9,all normalized constructors,Lam,25
Matched human Lean root values,pair_a3b6f8e9,all normalized constructors,Pi,4
Matched human Lean root values,pair_a3b6f8e9,all normalized constructors,Let,5
Matched human Lean root values,pair_a3b6f8e9,shared binary core,App,3190
Matched human Lean root values,pair_a3b6f8e9,shared binary core,Lam,25
Matched human Lean root values,pair_a3b6f8e9,shared binary core,Pi,4
Matched human Lean root values,pair_a3b6f8e9,shared binary core,Let,5
Matched AI Lean root values,pair_a3b6f8e9,all normalized constructors,App,4094
Matched AI Lean root values,pair_a3b6f8e9,all normalized constructors,Lam,22
Matched AI Lean root values,pair_a3b6f8e9,all normalized constructors,Pi,4
Matched AI Lean root values,pair_a3b6f8e9,all normalized constructors,Let,3
Matched AI Lean root values,pair_a3b6f8e9,shared binary core,App,4094
Matched AI Lean root values,pair_a3b6f8e9,shared binary core,Lam,22
Matched AI Lean root values,pair_a3b6f8e9,shared binary core,Pi,4
Matched AI Lean root values,pair_a3b6f8e9,shared binary core,Let,3
Matched human Lean root values,pair_a41e71a8,all normalized constructors,App,2743
Matched human Lean root values,pair_a41e71a8,all normalized constructors,Lam,48
Matched human Lean root values,pair_a41e71a8,all normalized constructors,Pi,7
Matched human Lean root values,pair_a41e71a8,shared binary core,App,2743
Matched human Lean root values,pair_a41e71a8,shared binary core,Lam,48
Matched human Lean root values,pair_a41e71a8,shared binary core,Pi,7
Matched AI Lean root values,pair_a41e71a8,all normalized constructors,App,4944
Matched AI Lean root values,pair_a41e71a8,all normalized constructors,Lam,59
Matched AI Lean root values,pair_a41e71a8,all normalized constructors,Pi,6
Matched AI Lean root values,pair_a41e71a8,all normalized constructors,Let,20
Matched AI Lean root values,pair_a41e71a8,shared binary core,App,4944
Matched AI Lean root values,pair_a41e71a8,shared binary core,Lam,59
Matched AI Lean root values,pair_a41e71a8,shared binary core,Pi,6
Matched AI Lean root values,pair_a41e71a8,shared binary core,Let,20
Matched human Lean root values,pair_a57e4b7b,all normalized constructors,App,3165
Matched human Lean root values,pair_a57e4b7b,all normalized constructors,Lam,36
Matched human Lean root values,pair_a57e4b7b,all normalized constructors,Pi,2
Matched human Lean root values,pair_a57e4b7b,all normalized constructors,Let,1
Matched human Lean root values,pair_a57e4b7b,shared binary core,App,3165
Matched human Lean root values,pair_a57e4b7b,shared binary core,Lam,36
Matched human Lean root values,pair_a57e4b7b,shared binary core,Pi,2
Matched human Lean root values,pair_a57e4b7b,shared binary core,Let,1
Matched AI Lean root values,pair_a57e4b7b,all normalized constructors,App,6690
Matched AI Lean root values,pair_a57e4b7b,all normalized constructors,Lam,56
Matched AI Lean root values,pair_a57e4b7b,all normalized constructors,Pi,2
Matched AI Lean root values,pair_a57e4b7b,all normalized constructors,Let,13
Matched AI Lean root values,pair_a57e4b7b,shared binary core,App,6690
Matched AI Lean root values,pair_a57e4b7b,shared binary core,Lam,56
Matched AI Lean root values,pair_a57e4b7b,shared binary core,Pi,2
Matched AI Lean root values,pair_a57e4b7b,shared binary core,Let,13
Matched human Lean root values,pair_aa25e669,all normalized constructors,Pi,11
Matched human Lean root values,pair_aa25e669,all normalized constructors,App,783
Matched human Lean root values,pair_aa25e669,all normalized constructors,Lam,20
Matched human Lean root values,pair_aa25e669,all normalized constructors,Let,2
Matched human Lean root values,pair_aa25e669,shared binary core,Pi,11
Matched human Lean root values,pair_aa25e669,shared binary core,App,783
Matched human Lean root values,pair_aa25e669,shared binary core,Lam,20
Matched human Lean root values,pair_aa25e669,shared binary core,Let,2
Matched AI Lean root values,pair_aa25e669,all normalized constructors,Pi,7
Matched AI Lean root values,pair_aa25e669,all normalized constructors,App,3498
Matched AI Lean root values,pair_aa25e669,all normalized constructors,Lam,49
Matched AI Lean root values,pair_aa25e669,all normalized constructors,Let,11
Matched AI Lean root values,pair_aa25e669,shared binary core,Pi,7
Matched AI Lean root values,pair_aa25e669,shared binary core,App,3498
Matched AI Lean root values,pair_aa25e669,shared binary core,Lam,49
Matched AI Lean root values,pair_aa25e669,shared binary core,Let,11
Matched human Lean root values,pair_ab0f093e,all normalized constructors,App,938
Matched human Lean root values,pair_ab0f093e,all normalized constructors,Lam,47
Matched human Lean root values,pair_ab0f093e,all normalized constructors,Pi,9
Matched human Lean root values,pair_ab0f093e,all normalized constructors,Let,6
Matched human Lean root values,pair_ab0f093e,shared binary core,App,938
Matched human Lean root values,pair_ab0f093e,shared binary core,Lam,47
Matched human Lean root values,pair_ab0f093e,shared binary core,Pi,9
Matched human Lean root values,pair_ab0f093e,shared binary core,Let,6
Matched AI Lean root values,pair_ab0f093e,all normalized constructors,App,315
Matched AI Lean root values,pair_ab0f093e,all normalized constructors,Lam,10
Matched AI Lean root values,pair_ab0f093e,all normalized constructors,Pi,2
Matched AI Lean root values,pair_ab0f093e,all normalized constructors,Let,2
Matched AI Lean root values,pair_ab0f093e,shared binary core,App,315
Matched AI Lean root values,pair_ab0f093e,shared binary core,Lam,10
Matched AI Lean root values,pair_ab0f093e,shared binary core,Pi,2
Matched AI Lean root values,pair_ab0f093e,shared binary core,Let,2
Matched human Lean root values,pair_acbd062f,all normalized constructors,App,3267
Matched human Lean root values,pair_acbd062f,all normalized constructors,Lam,23
Matched human Lean root values,pair_acbd062f,all normalized constructors,Pi,4
Matched human Lean root values,pair_acbd062f,all normalized constructors,Let,1
Matched human Lean root values,pair_acbd062f,shared binary core,App,3267
Matched human Lean root values,pair_acbd062f,shared binary core,Lam,23
Matched human Lean root values,pair_acbd062f,shared binary core,Pi,4
Matched human Lean root values,pair_acbd062f,shared binary core,Let,1
Matched AI Lean root values,pair_acbd062f,all normalized constructors,App,2448
Matched AI Lean root values,pair_acbd062f,all normalized constructors,Lam,29
Matched AI Lean root values,pair_acbd062f,all normalized constructors,Pi,6
Matched AI Lean root values,pair_acbd062f,all normalized constructors,Let,6
Matched AI Lean root values,pair_acbd062f,shared binary core,App,2448
Matched AI Lean root values,pair_acbd062f,shared binary core,Lam,29
Matched AI Lean root values,pair_acbd062f,shared binary core,Pi,6
Matched AI Lean root values,pair_acbd062f,shared binary core,Let,6
Matched human Lean root values,pair_ad39313c,all normalized constructors,App,122
Matched human Lean root values,pair_ad39313c,all normalized constructors,Lam,7
Matched human Lean root values,pair_ad39313c,shared binary core,App,122
Matched human Lean root values,pair_ad39313c,shared binary core,Lam,7
Matched AI Lean root values,pair_ad39313c,all normalized constructors,App,556
Matched AI Lean root values,pair_ad39313c,all normalized constructors,Lam,14
Matched AI Lean root values,pair_ad39313c,all normalized constructors,Pi,5
Matched AI Lean root values,pair_ad39313c,shared binary core,App,556
Matched AI Lean root values,pair_ad39313c,shared binary core,Lam,14
Matched AI Lean root values,pair_ad39313c,shared binary core,Pi,5
Matched human Lean root values,pair_ae900f0c,all normalized constructors,App,3426
Matched human Lean root values,pair_ae900f0c,all normalized constructors,Lam,33
Matched human Lean root values,pair_ae900f0c,all normalized constructors,Pi,4
Matched human Lean root values,pair_ae900f0c,all normalized constructors,Let,1
Matched human Lean root values,pair_ae900f0c,shared binary core,App,3426
Matched human Lean root values,pair_ae900f0c,shared binary core,Lam,33
Matched human Lean root values,pair_ae900f0c,shared binary core,Pi,4
Matched human Lean root values,pair_ae900f0c,shared binary core,Let,1
Matched AI Lean root values,pair_ae900f0c,all normalized constructors,App,880
Matched AI Lean root values,pair_ae900f0c,all normalized constructors,Lam,16
Matched AI Lean root values,pair_ae900f0c,all normalized constructors,Pi,2
Matched AI Lean root values,pair_ae900f0c,all normalized constructors,Let,1
Matched AI Lean root values,pair_ae900f0c,shared binary core,App,880
Matched AI Lean root values,pair_ae900f0c,shared binary core,Lam,16
Matched AI Lean root values,pair_ae900f0c,shared binary core,Pi,2
Matched AI Lean root values,pair_ae900f0c,shared binary core,Let,1
Matched human Lean root values,pair_ae9ff2a1,all normalized constructors,App,19199
Matched human Lean root values,pair_ae9ff2a1,all normalized constructors,Lam,52
Matched human Lean root values,pair_ae9ff2a1,all normalized constructors,Pi,8
Matched human Lean root values,pair_ae9ff2a1,all normalized constructors,Let,10
Matched human Lean root values,pair_ae9ff2a1,shared binary core,App,19199
Matched human Lean root values,pair_ae9ff2a1,shared binary core,Lam,52
Matched human Lean root values,pair_ae9ff2a1,shared binary core,Pi,8
Matched human Lean root values,pair_ae9ff2a1,shared binary core,Let,10
Matched AI Lean root values,pair_ae9ff2a1,all normalized constructors,App,7384
Matched AI Lean root values,pair_ae9ff2a1,all normalized constructors,Lam,15
Matched AI Lean root values,pair_ae9ff2a1,all normalized constructors,Pi,4
Matched AI Lean root values,pair_ae9ff2a1,shared binary core,App,7384
Matched AI Lean root values,pair_ae9ff2a1,shared binary core,Lam,15
Matched AI Lean root values,pair_ae9ff2a1,shared binary core,Pi,4
Matched human Lean root values,pair_af58b0a0,all normalized constructors,Pi,4
Matched human Lean root values,pair_af58b0a0,all normalized constructors,App,2255
Matched human Lean root values,pair_af58b0a0,all normalized constructors,Lam,25
Matched human Lean root values,pair_af58b0a0,all normalized constructors,Let,2
Matched human Lean root values,pair_af58b0a0,shared binary core,Pi,4
Matched human Lean root values,pair_af58b0a0,shared binary core,App,2255
Matched human Lean root values,pair_af58b0a0,shared binary core,Lam,25
Matched human Lean root values,pair_af58b0a0,shared binary core,Let,2
Matched AI Lean root values,pair_af58b0a0,all normalized constructors,Pi,4
Matched AI Lean root values,pair_af58b0a0,all normalized constructors,App,2614
Matched AI Lean root values,pair_af58b0a0,all normalized constructors,Lam,28
Matched AI Lean root values,pair_af58b0a0,all normalized constructors,Let,7
Matched AI Lean root values,pair_af58b0a0,shared binary core,Pi,4
Matched AI Lean root values,pair_af58b0a0,shared binary core,App,2614
Matched AI Lean root values,pair_af58b0a0,shared binary core,Lam,28
Matched AI Lean root values,pair_af58b0a0,shared binary core,Let,7
Matched human Lean root values,pair_b0ad8896,all normalized constructors,Pi,31
Matched human Lean root values,pair_b0ad8896,all normalized constructors,App,7517
Matched human Lean root values,pair_b0ad8896,all normalized constructors,Lam,78
Matched human Lean root values,pair_b0ad8896,all normalized constructors,Let,11
Matched human Lean root values,pair_b0ad8896,shared binary core,Pi,31
Matched human Lean root values,pair_b0ad8896,shared binary core,App,7517
Matched human Lean root values,pair_b0ad8896,shared binary core,Lam,78
Matched human Lean root values,pair_b0ad8896,shared binary core,Let,11
Matched AI Lean root values,pair_b0ad8896,all normalized constructors,Pi,15
Matched AI Lean root values,pair_b0ad8896,all normalized constructors,App,6114
Matched AI Lean root values,pair_b0ad8896,all normalized constructors,Lam,58
Matched AI Lean root values,pair_b0ad8896,all normalized constructors,Let,16
Matched AI Lean root values,pair_b0ad8896,shared binary core,Pi,15
Matched AI Lean root values,pair_b0ad8896,shared binary core,App,6114
Matched AI Lean root values,pair_b0ad8896,shared binary core,Lam,58
Matched AI Lean root values,pair_b0ad8896,shared binary core,Let,16
Matched human Lean root values,pair_b1a1594e,all normalized constructors,Pi,40
Matched human Lean root values,pair_b1a1594e,all normalized constructors,App,11063
Matched human Lean root values,pair_b1a1594e,all normalized constructors,Lam,130
Matched human Lean root values,pair_b1a1594e,all normalized constructors,Let,15
Matched human Lean root values,pair_b1a1594e,shared binary core,Pi,40
Matched human Lean root values,pair_b1a1594e,shared binary core,App,11063
Matched human Lean root values,pair_b1a1594e,shared binary core,Lam,130
Matched human Lean root values,pair_b1a1594e,shared binary core,Let,15
Matched AI Lean root values,pair_b1a1594e,all normalized constructors,Pi,28
Matched AI Lean root values,pair_b1a1594e,all normalized constructors,App,9895
Matched AI Lean root values,pair_b1a1594e,all normalized constructors,Lam,134
Matched AI Lean root values,pair_b1a1594e,all normalized constructors,Let,12
Matched AI Lean root values,pair_b1a1594e,shared binary core,Pi,28
Matched AI Lean root values,pair_b1a1594e,shared binary core,App,9895
Matched AI Lean root values,pair_b1a1594e,shared binary core,Lam,134
Matched AI Lean root values,pair_b1a1594e,shared binary core,Let,12
Matched human Lean root values,pair_b21abbab,all normalized constructors,App,1806
Matched human Lean root values,pair_b21abbab,all normalized constructors,Lam,35
Matched human Lean root values,pair_b21abbab,all normalized constructors,Pi,9
Matched human Lean root values,pair_b21abbab,all normalized constructors,Let,2
Matched human Lean root values,pair_b21abbab,shared binary core,App,1806
Matched human Lean root values,pair_b21abbab,shared binary core,Lam,35
Matched human Lean root values,pair_b21abbab,shared binary core,Pi,9
Matched human Lean root values,pair_b21abbab,shared binary core,Let,2
Matched AI Lean root values,pair_b21abbab,all normalized constructors,App,4792
Matched AI Lean root values,pair_b21abbab,all normalized constructors,Lam,55
Matched AI Lean root values,pair_b21abbab,all normalized constructors,Pi,5
Matched AI Lean root values,pair_b21abbab,all normalized constructors,Let,10
Matched AI Lean root values,pair_b21abbab,shared binary core,App,4792
Matched AI Lean root values,pair_b21abbab,shared binary core,Lam,55
Matched AI Lean root values,pair_b21abbab,shared binary core,Pi,5
Matched AI Lean root values,pair_b21abbab,shared binary core,Let,10
Matched human Lean root values,pair_b39511ce,all normalized constructors,App,6098
Matched human Lean root values,pair_b39511ce,all normalized constructors,Lam,18
Matched human Lean root values,pair_b39511ce,all normalized constructors,Pi,4
Matched human Lean root values,pair_b39511ce,all normalized constructors,Let,9
Matched human Lean root values,pair_b39511ce,shared binary core,App,6098
Matched human Lean root values,pair_b39511ce,shared binary core,Lam,18
Matched human Lean root values,pair_b39511ce,shared binary core,Pi,4
Matched human Lean root values,pair_b39511ce,shared binary core,Let,9
Matched AI Lean root values,pair_b39511ce,all normalized constructors,App,3880
Matched AI Lean root values,pair_b39511ce,all normalized constructors,Lam,11
Matched AI Lean root values,pair_b39511ce,all normalized constructors,Pi,4
Matched AI Lean root values,pair_b39511ce,shared binary core,App,3880
Matched AI Lean root values,pair_b39511ce,shared binary core,Lam,11
Matched AI Lean root values,pair_b39511ce,shared binary core,Pi,4
Matched human Lean root values,pair_b40cb2db,all normalized constructors,App,1646
Matched human Lean root values,pair_b40cb2db,all normalized constructors,Lam,10
Matched human Lean root values,pair_b40cb2db,all normalized constructors,Pi,3
Matched human Lean root values,pair_b40cb2db,all normalized constructors,Let,3
Matched human Lean root values,pair_b40cb2db,shared binary core,App,1646
Matched human Lean root values,pair_b40cb2db,shared binary core,Lam,10
Matched human Lean root values,pair_b40cb2db,shared binary core,Pi,3
Matched human Lean root values,pair_b40cb2db,shared binary core,Let,3
Matched AI Lean root values,pair_b40cb2db,all normalized constructors,App,1963
Matched AI Lean root values,pair_b40cb2db,all normalized constructors,Lam,15
Matched AI Lean root values,pair_b40cb2db,all normalized constructors,Pi,2
Matched AI Lean root values,pair_b40cb2db,all normalized constructors,Let,2
Matched AI Lean root values,pair_b40cb2db,shared binary core,App,1963
Matched AI Lean root values,pair_b40cb2db,shared binary core,Lam,15
Matched AI Lean root values,pair_b40cb2db,shared binary core,Pi,2
Matched AI Lean root values,pair_b40cb2db,shared binary core,Let,2
Matched human Lean root values,pair_b4b63346,all normalized constructors,Pi,24
Matched human Lean root values,pair_b4b63346,all normalized constructors,App,920
Matched human Lean root values,pair_b4b63346,all normalized constructors,Lam,76
Matched human Lean root values,pair_b4b63346,all normalized constructors,Proj,1
Matched human Lean root values,pair_b4b63346,all normalized constructors,Let,16
Matched human Lean root values,pair_b4b63346,shared binary core,Pi,24
Matched human Lean root values,pair_b4b63346,shared binary core,App,920
Matched human Lean root values,pair_b4b63346,shared binary core,Lam,76
Matched human Lean root values,pair_b4b63346,shared binary core,Let,16
Matched AI Lean root values,pair_b4b63346,all normalized constructors,Pi,27
Matched AI Lean root values,pair_b4b63346,all normalized constructors,App,1815
Matched AI Lean root values,pair_b4b63346,all normalized constructors,Lam,83
Matched AI Lean root values,pair_b4b63346,all normalized constructors,Proj,1
Matched AI Lean root values,pair_b4b63346,all normalized constructors,Let,18
Matched AI Lean root values,pair_b4b63346,shared binary core,Pi,27
Matched AI Lean root values,pair_b4b63346,shared binary core,App,1815
Matched AI Lean root values,pair_b4b63346,shared binary core,Lam,83
Matched AI Lean root values,pair_b4b63346,shared binary core,Let,18
Matched human Lean root values,pair_b4b897fd,all normalized constructors,App,819
Matched human Lean root values,pair_b4b897fd,all normalized constructors,Pi,5
Matched human Lean root values,pair_b4b897fd,all normalized constructors,Lam,6
Matched human Lean root values,pair_b4b897fd,shared binary core,App,819
Matched human Lean root values,pair_b4b897fd,shared binary core,Pi,5
Matched human Lean root values,pair_b4b897fd,shared binary core,Lam,6
Matched AI Lean root values,pair_b4b897fd,all normalized constructors,App,795
Matched AI Lean root values,pair_b4b897fd,all normalized constructors,Lam,7
Matched AI Lean root values,pair_b4b897fd,all normalized constructors,Pi,5
Matched AI Lean root values,pair_b4b897fd,all normalized constructors,Let,3
Matched AI Lean root values,pair_b4b897fd,shared binary core,App,795
Matched AI Lean root values,pair_b4b897fd,shared binary core,Lam,7
Matched AI Lean root values,pair_b4b897fd,shared binary core,Pi,5
Matched AI Lean root values,pair_b4b897fd,shared binary core,Let,3
Matched human Lean root values,pair_b4d61cac,all normalized constructors,App,4046
Matched human Lean root values,pair_b4d61cac,all normalized constructors,Lam,44
Matched human Lean root values,pair_b4d61cac,all normalized constructors,Pi,6
Matched human Lean root values,pair_b4d61cac,all normalized constructors,Let,7
Matched human Lean root values,pair_b4d61cac,shared binary core,App,4046
Matched human Lean root values,pair_b4d61cac,shared binary core,Lam,44
Matched human Lean root values,pair_b4d61cac,shared binary core,Pi,6
Matched human Lean root values,pair_b4d61cac,shared binary core,Let,7
Matched AI Lean root values,pair_b4d61cac,all normalized constructors,App,5493
Matched AI Lean root values,pair_b4d61cac,all normalized constructors,Lam,53
Matched AI Lean root values,pair_b4d61cac,all normalized constructors,Pi,6
Matched AI Lean root values,pair_b4d61cac,all normalized constructors,Let,16
Matched AI Lean root values,pair_b4d61cac,shared binary core,App,5493
Matched AI Lean root values,pair_b4d61cac,shared binary core,Lam,53
Matched AI Lean root values,pair_b4d61cac,shared binary core,Pi,6
Matched AI Lean root values,pair_b4d61cac,shared binary core,Let,16
Matched human Lean root values,pair_b5dab1a1,all normalized constructors,App,726
Matched human Lean root values,pair_b5dab1a1,all normalized constructors,Pi,9
Matched human Lean root values,pair_b5dab1a1,all normalized constructors,Lam,17
Matched human Lean root values,pair_b5dab1a1,all normalized constructors,Let,2
Matched human Lean root values,pair_b5dab1a1,shared binary core,App,726
Matched human Lean root values,pair_b5dab1a1,shared binary core,Pi,9
Matched human Lean root values,pair_b5dab1a1,shared binary core,Lam,17
Matched human Lean root values,pair_b5dab1a1,shared binary core,Let,2
Matched AI Lean root values,pair_b5dab1a1,all normalized constructors,App,549
Matched AI Lean root values,pair_b5dab1a1,all normalized constructors,Pi,9
Matched AI Lean root values,pair_b5dab1a1,all normalized constructors,Lam,13
Matched AI Lean root values,pair_b5dab1a1,all normalized constructors,Let,2
Matched AI Lean root values,pair_b5dab1a1,shared binary core,App,549
Matched AI Lean root values,pair_b5dab1a1,shared binary core,Pi,9
Matched AI Lean root values,pair_b5dab1a1,shared binary core,Lam,13
Matched AI Lean root values,pair_b5dab1a1,shared binary core,Let,2
Matched human Lean root values,pair_b7bb3d8e,all normalized constructors,App,254
Matched human Lean root values,pair_b7bb3d8e,all normalized constructors,Lam,10
Matched human Lean root values,pair_b7bb3d8e,all normalized constructors,Pi,2
Matched human Lean root values,pair_b7bb3d8e,shared binary core,App,254
Matched human Lean root values,pair_b7bb3d8e,shared binary core,Lam,10
Matched human Lean root values,pair_b7bb3d8e,shared binary core,Pi,2
Matched AI Lean root values,pair_b7bb3d8e,all normalized constructors,App,279
Matched AI Lean root values,pair_b7bb3d8e,all normalized constructors,Lam,10
Matched AI Lean root values,pair_b7bb3d8e,all normalized constructors,Pi,2
Matched AI Lean root values,pair_b7bb3d8e,shared binary core,App,279
Matched AI Lean root values,pair_b7bb3d8e,shared binary core,Lam,10
Matched AI Lean root values,pair_b7bb3d8e,shared binary core,Pi,2
Matched human Lean root values,pair_b94f69f4,all normalized constructors,App,3643
Matched human Lean root values,pair_b94f69f4,all normalized constructors,Lam,21
Matched human Lean root values,pair_b94f69f4,all normalized constructors,Pi,6
Matched human Lean root values,pair_b94f69f4,all normalized constructors,Let,1
Matched human Lean root values,pair_b94f69f4,shared binary core,App,3643
Matched human Lean root values,pair_b94f69f4,shared binary core,Lam,21
Matched human Lean root values,pair_b94f69f4,shared binary core,Pi,6
Matched human Lean root values,pair_b94f69f4,shared binary core,Let,1
Matched AI Lean root values,pair_b94f69f4,all normalized constructors,App,4877
Matched AI Lean root values,pair_b94f69f4,all normalized constructors,Lam,29
Matched AI Lean root values,pair_b94f69f4,all normalized constructors,Pi,6
Matched AI Lean root values,pair_b94f69f4,all normalized constructors,Let,4
Matched AI Lean root values,pair_b94f69f4,shared binary core,App,4877
Matched AI Lean root values,pair_b94f69f4,shared binary core,Lam,29
Matched AI Lean root values,pair_b94f69f4,shared binary core,Pi,6
Matched AI Lean root values,pair_b94f69f4,shared binary core,Let,4
Matched human Lean root values,pair_b9bbcc78,all normalized constructors,App,5096
Matched human Lean root values,pair_b9bbcc78,all normalized constructors,Lam,31
Matched human Lean root values,pair_b9bbcc78,all normalized constructors,Let,8
Matched human Lean root values,pair_b9bbcc78,all normalized constructors,Pi,5
Matched human Lean root values,pair_b9bbcc78,shared binary core,App,5096
Matched human Lean root values,pair_b9bbcc78,shared binary core,Lam,31
Matched human Lean root values,pair_b9bbcc78,shared binary core,Let,8
Matched human Lean root values,pair_b9bbcc78,shared binary core,Pi,5
Matched AI Lean root values,pair_b9bbcc78,all normalized constructors,App,5824
Matched AI Lean root values,pair_b9bbcc78,all normalized constructors,Lam,35
Matched AI Lean root values,pair_b9bbcc78,all normalized constructors,Pi,5
Matched AI Lean root values,pair_b9bbcc78,all normalized constructors,Let,15
Matched AI Lean root values,pair_b9bbcc78,shared binary core,App,5824
Matched AI Lean root values,pair_b9bbcc78,shared binary core,Lam,35
Matched AI Lean root values,pair_b9bbcc78,shared binary core,Pi,5
Matched AI Lean root values,pair_b9bbcc78,shared binary core,Let,15
Matched human Lean root values,pair_ba39d0a3,all normalized constructors,App,3025
Matched human Lean root values,pair_ba39d0a3,all normalized constructors,Lam,75
Matched human Lean root values,pair_ba39d0a3,all normalized constructors,Pi,35
Matched human Lean root values,pair_ba39d0a3,all normalized constructors,Let,10
Matched human Lean root values,pair_ba39d0a3,shared binary core,App,3025
Matched human Lean root values,pair_ba39d0a3,shared binary core,Lam,75
Matched human Lean root values,pair_ba39d0a3,shared binary core,Pi,35
Matched human Lean root values,pair_ba39d0a3,shared binary core,Let,10
Matched AI Lean root values,pair_ba39d0a3,all normalized constructors,App,3162
Matched AI Lean root values,pair_ba39d0a3,all normalized constructors,Lam,132
Matched AI Lean root values,pair_ba39d0a3,all normalized constructors,Pi,11
Matched AI Lean root values,pair_ba39d0a3,all normalized constructors,Let,5
Matched AI Lean root values,pair_ba39d0a3,shared binary core,App,3162
Matched AI Lean root values,pair_ba39d0a3,shared binary core,Lam,132
Matched AI Lean root values,pair_ba39d0a3,shared binary core,Pi,11
Matched AI Lean root values,pair_ba39d0a3,shared binary core,Let,5
Matched human Lean root values,pair_babc83eb,all normalized constructors,App,5559
Matched human Lean root values,pair_babc83eb,all normalized constructors,Lam,28
Matched human Lean root values,pair_babc83eb,all normalized constructors,Pi,7
Matched human Lean root values,pair_babc83eb,all normalized constructors,Let,5
Matched human Lean root values,pair_babc83eb,shared binary core,App,5559
Matched human Lean root values,pair_babc83eb,shared binary core,Lam,28
Matched human Lean root values,pair_babc83eb,shared binary core,Pi,7
Matched human Lean root values,pair_babc83eb,shared binary core,Let,5
Matched AI Lean root values,pair_babc83eb,all normalized constructors,App,6807
Matched AI Lean root values,pair_babc83eb,all normalized constructors,Lam,46
Matched AI Lean root values,pair_babc83eb,all normalized constructors,Pi,8
Matched AI Lean root values,pair_babc83eb,all normalized constructors,Let,11
Matched AI Lean root values,pair_babc83eb,shared binary core,App,6807
Matched AI Lean root values,pair_babc83eb,shared binary core,Lam,46
Matched AI Lean root values,pair_babc83eb,shared binary core,Pi,8
Matched AI Lean root values,pair_babc83eb,shared binary core,Let,11
Matched human Lean root values,pair_bb5a8572,all normalized constructors,Pi,14
Matched human Lean root values,pair_bb5a8572,all normalized constructors,App,1640
Matched human Lean root values,pair_bb5a8572,all normalized constructors,Lam,66
Matched human Lean root values,pair_bb5a8572,all normalized constructors,Let,3
Matched human Lean root values,pair_bb5a8572,shared binary core,Pi,14
Matched human Lean root values,pair_bb5a8572,shared binary core,App,1640
Matched human Lean root values,pair_bb5a8572,shared binary core,Lam,66
Matched human Lean root values,pair_bb5a8572,shared binary core,Let,3
Matched AI Lean root values,pair_bb5a8572,all normalized constructors,Pi,6
Matched AI Lean root values,pair_bb5a8572,all normalized constructors,App,3036
Matched AI Lean root values,pair_bb5a8572,all normalized constructors,Lam,32
Matched AI Lean root values,pair_bb5a8572,all normalized constructors,Let,7
Matched AI Lean root values,pair_bb5a8572,shared binary core,Pi,6
Matched AI Lean root values,pair_bb5a8572,shared binary core,App,3036
Matched AI Lean root values,pair_bb5a8572,shared binary core,Lam,32
Matched AI Lean root values,pair_bb5a8572,shared binary core,Let,7
Matched human Lean root values,pair_bc3e9c75,all normalized constructors,Pi,20
Matched human Lean root values,pair_bc3e9c75,all normalized constructors,App,1575
Matched human Lean root values,pair_bc3e9c75,all normalized constructors,Lam,21
Matched human Lean root values,pair_bc3e9c75,all normalized constructors,Let,5
Matched human Lean root values,pair_bc3e9c75,shared binary core,Pi,20
Matched human Lean root values,pair_bc3e9c75,shared binary core,App,1575
Matched human Lean root values,pair_bc3e9c75,shared binary core,Lam,21
Matched human Lean root values,pair_bc3e9c75,shared binary core,Let,5
Matched AI Lean root values,pair_bc3e9c75,all normalized constructors,Pi,6
Matched AI Lean root values,pair_bc3e9c75,all normalized constructors,App,2264
Matched AI Lean root values,pair_bc3e9c75,all normalized constructors,Lam,43
Matched AI Lean root values,pair_bc3e9c75,all normalized constructors,Let,14
Matched AI Lean root values,pair_bc3e9c75,shared binary core,Pi,6
Matched AI Lean root values,pair_bc3e9c75,shared binary core,App,2264
Matched AI Lean root values,pair_bc3e9c75,shared binary core,Lam,43
Matched AI Lean root values,pair_bc3e9c75,shared binary core,Let,14
Matched human Lean root values,pair_bd329034,all normalized constructors,App,39840
Matched human Lean root values,pair_bd329034,all normalized constructors,Lam,16174
Matched human Lean root values,pair_bd329034,all normalized constructors,Pi,28
Matched human Lean root values,pair_bd329034,all normalized constructors,Let,42
Matched human Lean root values,pair_bd329034,shared binary core,App,39840
Matched human Lean root values,pair_bd329034,shared binary core,Lam,16174
Matched human Lean root values,pair_bd329034,shared binary core,Pi,28
Matched human Lean root values,pair_bd329034,shared binary core,Let,42
Matched AI Lean root values,pair_bd329034,all normalized constructors,App,39840
Matched AI Lean root values,pair_bd329034,all normalized constructors,Lam,16174
Matched AI Lean root values,pair_bd329034,all normalized constructors,Pi,28
Matched AI Lean root values,pair_bd329034,all normalized constructors,Let,42
Matched AI Lean root values,pair_bd329034,shared binary core,App,39840
Matched AI Lean root values,pair_bd329034,shared binary core,Lam,16174
Matched AI Lean root values,pair_bd329034,shared binary core,Pi,28
Matched AI Lean root values,pair_bd329034,shared binary core,Let,42
Matched human Lean root values,pair_bde52c9a,all normalized constructors,App,10792
Matched human Lean root values,pair_bde52c9a,all normalized constructors,Lam,18
Matched human Lean root values,pair_bde52c9a,all normalized constructors,Pi,4
Matched human Lean root values,pair_bde52c9a,all normalized constructors,Let,1
Matched human Lean root values,pair_bde52c9a,shared binary core,App,10792
Matched human Lean root values,pair_bde52c9a,shared binary core,Lam,18
Matched human Lean root values,pair_bde52c9a,shared binary core,Pi,4
Matched human Lean root values,pair_bde52c9a,shared binary core,Let,1
Matched AI Lean root values,pair_bde52c9a,all normalized constructors,App,5891
Matched AI Lean root values,pair_bde52c9a,all normalized constructors,Lam,31
Matched AI Lean root values,pair_bde52c9a,all normalized constructors,Pi,2
Matched AI Lean root values,pair_bde52c9a,all normalized constructors,Let,5
Matched AI Lean root values,pair_bde52c9a,shared binary core,App,5891
Matched AI Lean root values,pair_bde52c9a,shared binary core,Lam,31
Matched AI Lean root values,pair_bde52c9a,shared binary core,Pi,2
Matched AI Lean root values,pair_bde52c9a,shared binary core,Let,5
Matched human Lean root values,pair_bf349feb,all normalized constructors,App,1098
Matched human Lean root values,pair_bf349feb,all normalized constructors,Pi,5
Matched human Lean root values,pair_bf349feb,all normalized constructors,Lam,17
Matched human Lean root values,pair_bf349feb,shared binary core,App,1098
Matched human Lean root values,pair_bf349feb,shared binary core,Pi,5
Matched human Lean root values,pair_bf349feb,shared binary core,Lam,17
Matched AI Lean root values,pair_bf349feb,all normalized constructors,App,3006
Matched AI Lean root values,pair_bf349feb,all normalized constructors,Pi,6
Matched AI Lean root values,pair_bf349feb,all normalized constructors,Lam,49
Matched AI Lean root values,pair_bf349feb,all normalized constructors,Let,5
Matched AI Lean root values,pair_bf349feb,shared binary core,App,3006
Matched AI Lean root values,pair_bf349feb,shared binary core,Pi,6
Matched AI Lean root values,pair_bf349feb,shared binary core,Lam,49
Matched AI Lean root values,pair_bf349feb,shared binary core,Let,5
Matched human Lean root values,pair_bf40e969,all normalized constructors,App,1616
Matched human Lean root values,pair_bf40e969,all normalized constructors,Lam,24
Matched human Lean root values,pair_bf40e969,all normalized constructors,Pi,7
Matched human Lean root values,pair_bf40e969,all normalized constructors,Let,1
Matched human Lean root values,pair_bf40e969,shared binary core,App,1616
Matched human Lean root values,pair_bf40e969,shared binary core,Lam,24
Matched human Lean root values,pair_bf40e969,shared binary core,Pi,7
Matched human Lean root values,pair_bf40e969,shared binary core,Let,1
Matched AI Lean root values,pair_bf40e969,all normalized constructors,App,4726
Matched AI Lean root values,pair_bf40e969,all normalized constructors,Lam,36
Matched AI Lean root values,pair_bf40e969,all normalized constructors,Pi,6
Matched AI Lean root values,pair_bf40e969,all normalized constructors,Let,10
Matched AI Lean root values,pair_bf40e969,shared binary core,App,4726
Matched AI Lean root values,pair_bf40e969,shared binary core,Lam,36
Matched AI Lean root values,pair_bf40e969,shared binary core,Pi,6
Matched AI Lean root values,pair_bf40e969,shared binary core,Let,10
Matched human Lean root values,pair_bf419b23,all normalized constructors,App,75
Matched human Lean root values,pair_bf419b23,all normalized constructors,Pi,2
Matched human Lean root values,pair_bf419b23,all normalized constructors,Lam,1
Matched human Lean root values,pair_bf419b23,all normalized constructors,Let,1
Matched human Lean root values,pair_bf419b23,shared binary core,App,75
Matched human Lean root values,pair_bf419b23,shared binary core,Pi,2
Matched human Lean root values,pair_bf419b23,shared binary core,Lam,1
Matched human Lean root values,pair_bf419b23,shared binary core,Let,1
Matched AI Lean root values,pair_bf419b23,all normalized constructors,App,72
Matched AI Lean root values,pair_bf419b23,all normalized constructors,Lam,1
Matched AI Lean root values,pair_bf419b23,all normalized constructors,Pi,2
Matched AI Lean root values,pair_bf419b23,shared binary core,App,72
Matched AI Lean root values,pair_bf419b23,shared binary core,Lam,1
Matched AI Lean root values,pair_bf419b23,shared binary core,Pi,2
Matched human Lean root values,pair_bf476baa,all normalized constructors,App,10268
Matched human Lean root values,pair_bf476baa,all normalized constructors,Lam,24
Matched human Lean root values,pair_bf476baa,all normalized constructors,Pi,4
Matched human Lean root values,pair_bf476baa,all normalized constructors,Let,2
Matched human Lean root values,pair_bf476baa,shared binary core,App,10268
Matched human Lean root values,pair_bf476baa,shared binary core,Lam,24
Matched human Lean root values,pair_bf476baa,shared binary core,Pi,4
Matched human Lean root values,pair_bf476baa,shared binary core,Let,2
Matched AI Lean root values,pair_bf476baa,all normalized constructors,App,10603
Matched AI Lean root values,pair_bf476baa,all normalized constructors,Lam,26
Matched AI Lean root values,pair_bf476baa,all normalized constructors,Pi,4
Matched AI Lean root values,pair_bf476baa,all normalized constructors,Let,3
Matched AI Lean root values,pair_bf476baa,shared binary core,App,10603
Matched AI Lean root values,pair_bf476baa,shared binary core,Lam,26
Matched AI Lean root values,pair_bf476baa,shared binary core,Pi,4
Matched AI Lean root values,pair_bf476baa,shared binary core,Let,3
Matched human Lean root values,pair_bfdd51b8,all normalized constructors,App,2307
Matched human Lean root values,pair_bfdd51b8,all normalized constructors,Pi,10
Matched human Lean root values,pair_bfdd51b8,all normalized constructors,Lam,49
Matched human Lean root values,pair_bfdd51b8,all normalized constructors,Let,2
Matched human Lean root values,pair_bfdd51b8,shared binary core,App,2307
Matched human Lean root values,pair_bfdd51b8,shared binary core,Pi,10
Matched human Lean root values,pair_bfdd51b8,shared binary core,Lam,49
Matched human Lean root values,pair_bfdd51b8,shared binary core,Let,2
Matched AI Lean root values,pair_bfdd51b8,all normalized constructors,App,6533
Matched AI Lean root values,pair_bfdd51b8,all normalized constructors,Lam,53
Matched AI Lean root values,pair_bfdd51b8,all normalized constructors,Pi,6
Matched AI Lean root values,pair_bfdd51b8,all normalized constructors,Let,13
Matched AI Lean root values,pair_bfdd51b8,shared binary core,App,6533
Matched AI Lean root values,pair_bfdd51b8,shared binary core,Lam,53
Matched AI Lean root values,pair_bfdd51b8,shared binary core,Pi,6
Matched AI Lean root values,pair_bfdd51b8,shared binary core,Let,13
Matched human Lean root values,pair_c021c917,all normalized constructors,App,89
Matched human Lean root values,pair_c021c917,all normalized constructors,Lam,6
Matched human Lean root values,pair_c021c917,shared binary core,App,89
Matched human Lean root values,pair_c021c917,shared binary core,Lam,6
Matched AI Lean root values,pair_c021c917,all normalized constructors,App,73
Matched AI Lean root values,pair_c021c917,all normalized constructors,Lam,6
Matched AI Lean root values,pair_c021c917,shared binary core,App,73
Matched AI Lean root values,pair_c021c917,shared binary core,Lam,6
Matched human Lean root values,pair_c0d3928e,all normalized constructors,App,790
Matched human Lean root values,pair_c0d3928e,all normalized constructors,Lam,4
Matched human Lean root values,pair_c0d3928e,all normalized constructors,Pi,2
Matched human Lean root values,pair_c0d3928e,all normalized constructors,Let,3
Matched human Lean root values,pair_c0d3928e,shared binary core,App,790
Matched human Lean root values,pair_c0d3928e,shared binary core,Lam,4
Matched human Lean root values,pair_c0d3928e,shared binary core,Pi,2
Matched human Lean root values,pair_c0d3928e,shared binary core,Let,3
Matched AI Lean root values,pair_c0d3928e,all normalized constructors,App,1757
Matched AI Lean root values,pair_c0d3928e,all normalized constructors,Lam,9
Matched AI Lean root values,pair_c0d3928e,all normalized constructors,Pi,3
Matched AI Lean root values,pair_c0d3928e,all normalized constructors,Let,16
Matched AI Lean root values,pair_c0d3928e,shared binary core,App,1757
Matched AI Lean root values,pair_c0d3928e,shared binary core,Lam,9
Matched AI Lean root values,pair_c0d3928e,shared binary core,Pi,3
Matched AI Lean root values,pair_c0d3928e,shared binary core,Let,16
Matched human Lean root values,pair_c287c8cc,all normalized constructors,App,11551
Matched human Lean root values,pair_c287c8cc,all normalized constructors,Pi,5
Matched human Lean root values,pair_c287c8cc,all normalized constructors,Lam,42
Matched human Lean root values,pair_c287c8cc,all normalized constructors,Let,6
Matched human Lean root values,pair_c287c8cc,shared binary core,App,11551
Matched human Lean root values,pair_c287c8cc,shared binary core,Pi,5
Matched human Lean root values,pair_c287c8cc,shared binary core,Lam,42
Matched human Lean root values,pair_c287c8cc,shared binary core,Let,6
Matched AI Lean root values,pair_c287c8cc,all normalized constructors,App,12215
Matched AI Lean root values,pair_c287c8cc,all normalized constructors,Lam,60
Matched AI Lean root values,pair_c287c8cc,all normalized constructors,Pi,7
Matched AI Lean root values,pair_c287c8cc,all normalized constructors,Let,7
Matched AI Lean root values,pair_c287c8cc,shared binary core,App,12215
Matched AI Lean root values,pair_c287c8cc,shared binary core,Lam,60
Matched AI Lean root values,pair_c287c8cc,shared binary core,Pi,7
Matched AI Lean root values,pair_c287c8cc,shared binary core,Let,7
Matched human Lean root values,pair_c3b332ce,all normalized constructors,App,322
Matched human Lean root values,pair_c3b332ce,all normalized constructors,Lam,5
Matched human Lean root values,pair_c3b332ce,all normalized constructors,Pi,4
Matched human Lean root values,pair_c3b332ce,shared binary core,App,322
Matched human Lean root values,pair_c3b332ce,shared binary core,Lam,5
Matched human Lean root values,pair_c3b332ce,shared binary core,Pi,4
Matched AI Lean root values,pair_c3b332ce,all normalized constructors,App,207
Matched AI Lean root values,pair_c3b332ce,all normalized constructors,Lam,6
Matched AI Lean root values,pair_c3b332ce,shared binary core,App,207
Matched AI Lean root values,pair_c3b332ce,shared binary core,Lam,6
Matched human Lean root values,pair_c4fe0db7,all normalized constructors,App,7961
Matched human Lean root values,pair_c4fe0db7,all normalized constructors,Lam,30
Matched human Lean root values,pair_c4fe0db7,all normalized constructors,Pi,6
Matched human Lean root values,pair_c4fe0db7,all normalized constructors,Let,7
Matched human Lean root values,pair_c4fe0db7,shared binary core,App,7961
Matched human Lean root values,pair_c4fe0db7,shared binary core,Lam,30
Matched human Lean root values,pair_c4fe0db7,shared binary core,Pi,6
Matched human Lean root values,pair_c4fe0db7,shared binary core,Let,7
Matched AI Lean root values,pair_c4fe0db7,all normalized constructors,App,30158
Matched AI Lean root values,pair_c4fe0db7,all normalized constructors,Lam,80
Matched AI Lean root values,pair_c4fe0db7,all normalized constructors,Pi,11
Matched AI Lean root values,pair_c4fe0db7,all normalized constructors,Let,12
Matched AI Lean root values,pair_c4fe0db7,shared binary core,App,30158
Matched AI Lean root values,pair_c4fe0db7,shared binary core,Lam,80
Matched AI Lean root values,pair_c4fe0db7,shared binary core,Pi,11
Matched AI Lean root values,pair_c4fe0db7,shared binary core,Let,12
Matched human Lean root values,pair_c5fb8da2,all normalized constructors,App,295
Matched human Lean root values,pair_c5fb8da2,all normalized constructors,Pi,4
Matched human Lean root values,pair_c5fb8da2,all normalized constructors,Lam,9
Matched human Lean root values,pair_c5fb8da2,shared binary core,App,295
Matched human Lean root values,pair_c5fb8da2,shared binary core,Pi,4
Matched human Lean root values,pair_c5fb8da2,shared binary core,Lam,9
Matched AI Lean root values,pair_c5fb8da2,all normalized constructors,App,426
Matched AI Lean root values,pair_c5fb8da2,all normalized constructors,Lam,14
Matched AI Lean root values,pair_c5fb8da2,all normalized constructors,Pi,4
Matched AI Lean root values,pair_c5fb8da2,all normalized constructors,Let,3
Matched AI Lean root values,pair_c5fb8da2,shared binary core,App,426
Matched AI Lean root values,pair_c5fb8da2,shared binary core,Lam,14
Matched AI Lean root values,pair_c5fb8da2,shared binary core,Pi,4
Matched AI Lean root values,pair_c5fb8da2,shared binary core,Let,3
Matched human Lean root values,pair_c7a11f6b,all normalized constructors,App,82032
Matched human Lean root values,pair_c7a11f6b,all normalized constructors,Lam,48882
Matched human Lean root values,pair_c7a11f6b,all normalized constructors,Pi,9
Matched human Lean root values,pair_c7a11f6b,shared binary core,App,82032
Matched human Lean root values,pair_c7a11f6b,shared binary core,Lam,48882
Matched human Lean root values,pair_c7a11f6b,shared binary core,Pi,9
Matched AI Lean root values,pair_c7a11f6b,all normalized constructors,App,1354
Matched AI Lean root values,pair_c7a11f6b,all normalized constructors,Lam,552
Matched AI Lean root values,pair_c7a11f6b,all normalized constructors,Pi,6
Matched AI Lean root values,pair_c7a11f6b,shared binary core,App,1354
Matched AI Lean root values,pair_c7a11f6b,shared binary core,Lam,552
Matched AI Lean root values,pair_c7a11f6b,shared binary core,Pi,6
Matched human Lean root values,pair_c84a0169,all normalized constructors,App,121
Matched human Lean root values,pair_c84a0169,all normalized constructors,Pi,6
Matched human Lean root values,pair_c84a0169,all normalized constructors,Let,5
Matched human Lean root values,pair_c84a0169,all normalized constructors,Lam,5
Matched human Lean root values,pair_c84a0169,shared binary core,App,121
Matched human Lean root values,pair_c84a0169,shared binary core,Pi,6
Matched human Lean root values,pair_c84a0169,shared binary core,Let,5
Matched human Lean root values,pair_c84a0169,shared binary core,Lam,5
Matched AI Lean root values,pair_c84a0169,all normalized constructors,App,151
Matched AI Lean root values,pair_c84a0169,all normalized constructors,Pi,6
Matched AI Lean root values,pair_c84a0169,all normalized constructors,Let,5
Matched AI Lean root values,pair_c84a0169,all normalized constructors,Lam,4
Matched AI Lean root values,pair_c84a0169,shared binary core,App,151
Matched AI Lean root values,pair_c84a0169,shared binary core,Pi,6
Matched AI Lean root values,pair_c84a0169,shared binary core,Let,5
Matched AI Lean root values,pair_c84a0169,shared binary core,Lam,4
Matched human Lean root values,pair_c8cf6c63,all normalized constructors,App,2064
Matched human Lean root values,pair_c8cf6c63,all normalized constructors,Lam,45
Matched human Lean root values,pair_c8cf6c63,all normalized constructors,Pi,11
Matched human Lean root values,pair_c8cf6c63,all normalized constructors,Let,7
Matched human Lean root values,pair_c8cf6c63,shared binary core,App,2064
Matched human Lean root values,pair_c8cf6c63,shared binary core,Lam,45
Matched human Lean root values,pair_c8cf6c63,shared binary core,Pi,11
Matched human Lean root values,pair_c8cf6c63,shared binary core,Let,7
Matched AI Lean root values,pair_c8cf6c63,all normalized constructors,App,200
Matched AI Lean root values,pair_c8cf6c63,all normalized constructors,Lam,7
Matched AI Lean root values,pair_c8cf6c63,all normalized constructors,Pi,4
Matched AI Lean root values,pair_c8cf6c63,shared binary core,App,200
Matched AI Lean root values,pair_c8cf6c63,shared binary core,Lam,7
Matched AI Lean root values,pair_c8cf6c63,shared binary core,Pi,4
Matched human Lean root values,pair_c9acf82e,all normalized constructors,App,9193
Matched human Lean root values,pair_c9acf82e,all normalized constructors,Lam,43
Matched human Lean root values,pair_c9acf82e,all normalized constructors,Pi,4
Matched human Lean root values,pair_c9acf82e,all normalized constructors,Let,3
Matched human Lean root values,pair_c9acf82e,shared binary core,App,9193
Matched human Lean root values,pair_c9acf82e,shared binary core,Lam,43
Matched human Lean root values,pair_c9acf82e,shared binary core,Pi,4
Matched human Lean root values,pair_c9acf82e,shared binary core,Let,3
Matched AI Lean root values,pair_c9acf82e,all normalized constructors,App,11766
Matched AI Lean root values,pair_c9acf82e,all normalized constructors,Lam,56
Matched AI Lean root values,pair_c9acf82e,all normalized constructors,Pi,4
Matched AI Lean root values,pair_c9acf82e,all normalized constructors,Let,19
Matched AI Lean root values,pair_c9acf82e,shared binary core,App,11766
Matched AI Lean root values,pair_c9acf82e,shared binary core,Lam,56
Matched AI Lean root values,pair_c9acf82e,shared binary core,Pi,4
Matched AI Lean root values,pair_c9acf82e,shared binary core,Let,19
Matched human Lean root values,pair_cb3b726a,all normalized constructors,App,1319
Matched human Lean root values,pair_cb3b726a,all normalized constructors,Lam,7
Matched human Lean root values,pair_cb3b726a,all normalized constructors,Pi,7
Matched human Lean root values,pair_cb3b726a,all normalized constructors,Let,1
Matched human Lean root values,pair_cb3b726a,shared binary core,App,1319
Matched human Lean root values,pair_cb3b726a,shared binary core,Lam,7
Matched human Lean root values,pair_cb3b726a,shared binary core,Pi,7
Matched human Lean root values,pair_cb3b726a,shared binary core,Let,1
Matched AI Lean root values,pair_cb3b726a,all normalized constructors,App,1325
Matched AI Lean root values,pair_cb3b726a,all normalized constructors,Lam,7
Matched AI Lean root values,pair_cb3b726a,all normalized constructors,Pi,7
Matched AI Lean root values,pair_cb3b726a,all normalized constructors,Let,1
Matched AI Lean root values,pair_cb3b726a,shared binary core,App,1325
Matched AI Lean root values,pair_cb3b726a,shared binary core,Lam,7
Matched AI Lean root values,pair_cb3b726a,shared binary core,Pi,7
Matched AI Lean root values,pair_cb3b726a,shared binary core,Let,1
Matched human Lean root values,pair_cc4ae138,all normalized constructors,App,32142
Matched human Lean root values,pair_cc4ae138,all normalized constructors,Lam,4513
Matched human Lean root values,pair_cc4ae138,all normalized constructors,Pi,7
Matched human Lean root values,pair_cc4ae138,all normalized constructors,Let,16
Matched human Lean root values,pair_cc4ae138,all normalized constructors,Proj,4
Matched human Lean root values,pair_cc4ae138,shared binary core,App,32142
Matched human Lean root values,pair_cc4ae138,shared binary core,Lam,4513
Matched human Lean root values,pair_cc4ae138,shared binary core,Pi,7
Matched human Lean root values,pair_cc4ae138,shared binary core,Let,16
Matched AI Lean root values,pair_cc4ae138,all normalized constructors,App,9814
Matched AI Lean root values,pair_cc4ae138,all normalized constructors,Pi,56
Matched AI Lean root values,pair_cc4ae138,all normalized constructors,Lam,4921
Matched AI Lean root values,pair_cc4ae138,all normalized constructors,Let,8
Matched AI Lean root values,pair_cc4ae138,shared binary core,App,9814
Matched AI Lean root values,pair_cc4ae138,shared binary core,Pi,56
Matched AI Lean root values,pair_cc4ae138,shared binary core,Lam,4921
Matched AI Lean root values,pair_cc4ae138,shared binary core,Let,8
Matched human Lean root values,pair_cc98e98a,all normalized constructors,App,2034
Matched human Lean root values,pair_cc98e98a,all normalized constructors,Lam,37
Matched human Lean root values,pair_cc98e98a,all normalized constructors,Pi,4
Matched human Lean root values,pair_cc98e98a,all normalized constructors,Let,16
Matched human Lean root values,pair_cc98e98a,shared binary core,App,2034
Matched human Lean root values,pair_cc98e98a,shared binary core,Lam,37
Matched human Lean root values,pair_cc98e98a,shared binary core,Pi,4
Matched human Lean root values,pair_cc98e98a,shared binary core,Let,16
Matched AI Lean root values,pair_cc98e98a,all normalized constructors,App,6045
Matched AI Lean root values,pair_cc98e98a,all normalized constructors,Lam,54
Matched AI Lean root values,pair_cc98e98a,all normalized constructors,Pi,4
Matched AI Lean root values,pair_cc98e98a,all normalized constructors,Let,8
Matched AI Lean root values,pair_cc98e98a,shared binary core,App,6045
Matched AI Lean root values,pair_cc98e98a,shared binary core,Lam,54
Matched AI Lean root values,pair_cc98e98a,shared binary core,Pi,4
Matched AI Lean root values,pair_cc98e98a,shared binary core,Let,8
Matched human Lean root values,pair_ce95c511,all normalized constructors,App,5156
Matched human Lean root values,pair_ce95c511,all normalized constructors,Lam,18
Matched human Lean root values,pair_ce95c511,all normalized constructors,Pi,4
Matched human Lean root values,pair_ce95c511,shared binary core,App,5156
Matched human Lean root values,pair_ce95c511,shared binary core,Lam,18
Matched human Lean root values,pair_ce95c511,shared binary core,Pi,4
Matched AI Lean root values,pair_ce95c511,all normalized constructors,App,4216
Matched AI Lean root values,pair_ce95c511,all normalized constructors,Lam,19
Matched AI Lean root values,pair_ce95c511,all normalized constructors,Pi,7
Matched AI Lean root values,pair_ce95c511,all normalized constructors,Let,3
Matched AI Lean root values,pair_ce95c511,shared binary core,App,4216
Matched AI Lean root values,pair_ce95c511,shared binary core,Lam,19
Matched AI Lean root values,pair_ce95c511,shared binary core,Pi,7
Matched AI Lean root values,pair_ce95c511,shared binary core,Let,3
Matched human Lean root values,pair_cffa85ea,all normalized constructors,App,5358
Matched human Lean root values,pair_cffa85ea,all normalized constructors,Lam,41
Matched human Lean root values,pair_cffa85ea,all normalized constructors,Pi,5
Matched human Lean root values,pair_cffa85ea,all normalized constructors,Let,2
Matched human Lean root values,pair_cffa85ea,shared binary core,App,5358
Matched human Lean root values,pair_cffa85ea,shared binary core,Lam,41
Matched human Lean root values,pair_cffa85ea,shared binary core,Pi,5
Matched human Lean root values,pair_cffa85ea,shared binary core,Let,2
Matched AI Lean root values,pair_cffa85ea,all normalized constructors,App,7779
Matched AI Lean root values,pair_cffa85ea,all normalized constructors,Lam,51
Matched AI Lean root values,pair_cffa85ea,all normalized constructors,Pi,6
Matched AI Lean root values,pair_cffa85ea,all normalized constructors,Let,9
Matched AI Lean root values,pair_cffa85ea,shared binary core,App,7779
Matched AI Lean root values,pair_cffa85ea,shared binary core,Lam,51
Matched AI Lean root values,pair_cffa85ea,shared binary core,Pi,6
Matched AI Lean root values,pair_cffa85ea,shared binary core,Let,9
Matched human Lean root values,pair_d020f221,all normalized constructors,App,7729
Matched human Lean root values,pair_d020f221,all normalized constructors,Lam,104
Matched human Lean root values,pair_d020f221,all normalized constructors,Pi,4
Matched human Lean root values,pair_d020f221,shared binary core,App,7729
Matched human Lean root values,pair_d020f221,shared binary core,Lam,104
Matched human Lean root values,pair_d020f221,shared binary core,Pi,4
Matched AI Lean root values,pair_d020f221,all normalized constructors,App,8529
Matched AI Lean root values,pair_d020f221,all normalized constructors,Lam,104
Matched AI Lean root values,pair_d020f221,all normalized constructors,Pi,5
Matched AI Lean root values,pair_d020f221,shared binary core,App,8529
Matched AI Lean root values,pair_d020f221,shared binary core,Lam,104
Matched AI Lean root values,pair_d020f221,shared binary core,Pi,5
Matched human Lean root values,pair_d0c1af2e,all normalized constructors,App,1715
Matched human Lean root values,pair_d0c1af2e,all normalized constructors,Lam,151
Matched human Lean root values,pair_d0c1af2e,all normalized constructors,Pi,3
Matched human Lean root values,pair_d0c1af2e,shared binary core,App,1715
Matched human Lean root values,pair_d0c1af2e,shared binary core,Lam,151
Matched human Lean root values,pair_d0c1af2e,shared binary core,Pi,3
Matched AI Lean root values,pair_d0c1af2e,all normalized constructors,App,3213
Matched AI Lean root values,pair_d0c1af2e,all normalized constructors,Lam,123
Matched AI Lean root values,pair_d0c1af2e,all normalized constructors,Pi,9
Matched AI Lean root values,pair_d0c1af2e,all normalized constructors,Let,5
Matched AI Lean root values,pair_d0c1af2e,shared binary core,App,3213
Matched AI Lean root values,pair_d0c1af2e,shared binary core,Lam,123
Matched AI Lean root values,pair_d0c1af2e,shared binary core,Pi,9
Matched AI Lean root values,pair_d0c1af2e,shared binary core,Let,5
Matched human Lean root values,pair_d2343074,all normalized constructors,App,16043
Matched human Lean root values,pair_d2343074,all normalized constructors,Lam,21
Matched human Lean root values,pair_d2343074,all normalized constructors,Pi,4
Matched human Lean root values,pair_d2343074,shared binary core,App,16043
Matched human Lean root values,pair_d2343074,shared binary core,Lam,21
Matched human Lean root values,pair_d2343074,shared binary core,Pi,4
Matched AI Lean root values,pair_d2343074,all normalized constructors,App,6835
Matched AI Lean root values,pair_d2343074,all normalized constructors,Lam,21
Matched AI Lean root values,pair_d2343074,all normalized constructors,Pi,4
Matched AI Lean root values,pair_d2343074,shared binary core,App,6835
Matched AI Lean root values,pair_d2343074,shared binary core,Lam,21
Matched AI Lean root values,pair_d2343074,shared binary core,Pi,4
Matched human Lean root values,pair_d339e847,all normalized constructors,App,1087
Matched human Lean root values,pair_d339e847,all normalized constructors,Lam,21
Matched human Lean root values,pair_d339e847,all normalized constructors,Pi,4
Matched human Lean root values,pair_d339e847,all normalized constructors,Let,3
Matched human Lean root values,pair_d339e847,shared binary core,App,1087
Matched human Lean root values,pair_d339e847,shared binary core,Lam,21
Matched human Lean root values,pair_d339e847,shared binary core,Pi,4
Matched human Lean root values,pair_d339e847,shared binary core,Let,3
Matched AI Lean root values,pair_d339e847,all normalized constructors,App,3672
Matched AI Lean root values,pair_d339e847,all normalized constructors,Lam,42
Matched AI Lean root values,pair_d339e847,all normalized constructors,Pi,17
Matched AI Lean root values,pair_d339e847,all normalized constructors,Let,9
Matched AI Lean root values,pair_d339e847,shared binary core,App,3672
Matched AI Lean root values,pair_d339e847,shared binary core,Lam,42
Matched AI Lean root values,pair_d339e847,shared binary core,Pi,17
Matched AI Lean root values,pair_d339e847,shared binary core,Let,9
Matched human Lean root values,pair_d43fae54,all normalized constructors,App,2255
Matched human Lean root values,pair_d43fae54,all normalized constructors,Lam,17
Matched human Lean root values,pair_d43fae54,all normalized constructors,Pi,4
Matched human Lean root values,pair_d43fae54,all normalized constructors,Let,2
Matched human Lean root values,pair_d43fae54,shared binary core,App,2255
Matched human Lean root values,pair_d43fae54,shared binary core,Lam,17
Matched human Lean root values,pair_d43fae54,shared binary core,Pi,4
Matched human Lean root values,pair_d43fae54,shared binary core,Let,2
Matched AI Lean root values,pair_d43fae54,all normalized constructors,App,2658
Matched AI Lean root values,pair_d43fae54,all normalized constructors,Lam,20
Matched AI Lean root values,pair_d43fae54,all normalized constructors,Pi,4
Matched AI Lean root values,pair_d43fae54,all normalized constructors,Let,3
Matched AI Lean root values,pair_d43fae54,shared binary core,App,2658
Matched AI Lean root values,pair_d43fae54,shared binary core,Lam,20
Matched AI Lean root values,pair_d43fae54,shared binary core,Pi,4
Matched AI Lean root values,pair_d43fae54,shared binary core,Let,3
Matched human Lean root values,pair_d71a4f84,all normalized constructors,App,2464
Matched human Lean root values,pair_d71a4f84,all normalized constructors,Lam,22
Matched human Lean root values,pair_d71a4f84,all normalized constructors,Pi,8
Matched human Lean root values,pair_d71a4f84,all normalized constructors,Let,3
Matched human Lean root values,pair_d71a4f84,shared binary core,App,2464
Matched human Lean root values,pair_d71a4f84,shared binary core,Lam,22
Matched human Lean root values,pair_d71a4f84,shared binary core,Pi,8
Matched human Lean root values,pair_d71a4f84,shared binary core,Let,3
Matched AI Lean root values,pair_d71a4f84,all normalized constructors,App,3219
Matched AI Lean root values,pair_d71a4f84,all normalized constructors,Lam,28
Matched AI Lean root values,pair_d71a4f84,all normalized constructors,Pi,9
Matched AI Lean root values,pair_d71a4f84,all normalized constructors,Let,9
Matched AI Lean root values,pair_d71a4f84,shared binary core,App,3219
Matched AI Lean root values,pair_d71a4f84,shared binary core,Lam,28
Matched AI Lean root values,pair_d71a4f84,shared binary core,Pi,9
Matched AI Lean root values,pair_d71a4f84,shared binary core,Let,9
Matched human Lean root values,pair_d72cfd93,all normalized constructors,App,7786
Matched human Lean root values,pair_d72cfd93,all normalized constructors,Lam,185
Matched human Lean root values,pair_d72cfd93,all normalized constructors,Pi,10
Matched human Lean root values,pair_d72cfd93,all normalized constructors,Let,1
Matched human Lean root values,pair_d72cfd93,shared binary core,App,7786
Matched human Lean root values,pair_d72cfd93,shared binary core,Lam,185
Matched human Lean root values,pair_d72cfd93,shared binary core,Pi,10
Matched human Lean root values,pair_d72cfd93,shared binary core,Let,1
Matched AI Lean root values,pair_d72cfd93,all normalized constructors,App,8237
Matched AI Lean root values,pair_d72cfd93,all normalized constructors,Lam,205
Matched AI Lean root values,pair_d72cfd93,all normalized constructors,Pi,10
Matched AI Lean root values,pair_d72cfd93,all normalized constructors,Let,23
Matched AI Lean root values,pair_d72cfd93,shared binary core,App,8237
Matched AI Lean root values,pair_d72cfd93,shared binary core,Lam,205
Matched AI Lean root values,pair_d72cfd93,shared binary core,Pi,10
Matched AI Lean root values,pair_d72cfd93,shared binary core,Let,23
Matched human Lean root values,pair_d746cf8d,all normalized constructors,App,22138
Matched human Lean root values,pair_d746cf8d,all normalized constructors,Lam,140
Matched human Lean root values,pair_d746cf8d,all normalized constructors,Pi,26
Matched human Lean root values,pair_d746cf8d,all normalized constructors,Let,43
Matched human Lean root values,pair_d746cf8d,shared binary core,App,22138
Matched human Lean root values,pair_d746cf8d,shared binary core,Lam,140
Matched human Lean root values,pair_d746cf8d,shared binary core,Pi,26
Matched human Lean root values,pair_d746cf8d,shared binary core,Let,43
Matched AI Lean root values,pair_d746cf8d,all normalized constructors,App,7732
Matched AI Lean root values,pair_d746cf8d,all normalized constructors,Lam,52
Matched AI Lean root values,pair_d746cf8d,all normalized constructors,Pi,5
Matched AI Lean root values,pair_d746cf8d,all normalized constructors,Let,14
Matched AI Lean root values,pair_d746cf8d,shared binary core,App,7732
Matched AI Lean root values,pair_d746cf8d,shared binary core,Lam,52
Matched AI Lean root values,pair_d746cf8d,shared binary core,Pi,5
Matched AI Lean root values,pair_d746cf8d,shared binary core,Let,14
Matched human Lean root values,pair_d869cc1a,all normalized constructors,App,1034
Matched human Lean root values,pair_d869cc1a,all normalized constructors,Lam,20
Matched human Lean root values,pair_d869cc1a,all normalized constructors,Pi,4
Matched human Lean root values,pair_d869cc1a,shared binary core,App,1034
Matched human Lean root values,pair_d869cc1a,shared binary core,Lam,20
Matched human Lean root values,pair_d869cc1a,shared binary core,Pi,4
Matched AI Lean root values,pair_d869cc1a,all normalized constructors,App,1369
Matched AI Lean root values,pair_d869cc1a,all normalized constructors,Lam,20
Matched AI Lean root values,pair_d869cc1a,all normalized constructors,Pi,5
Matched AI Lean root values,pair_d869cc1a,shared binary core,App,1369
Matched AI Lean root values,pair_d869cc1a,shared binary core,Lam,20
Matched AI Lean root values,pair_d869cc1a,shared binary core,Pi,5
Matched human Lean root values,pair_d92632b4,all normalized constructors,App,3036
Matched human Lean root values,pair_d92632b4,all normalized constructors,Lam,19
Matched human Lean root values,pair_d92632b4,all normalized constructors,Pi,3
Matched human Lean root values,pair_d92632b4,shared binary core,App,3036
Matched human Lean root values,pair_d92632b4,shared binary core,Lam,19
Matched human Lean root values,pair_d92632b4,shared binary core,Pi,3
Matched AI Lean root values,pair_d92632b4,all normalized constructors,App,3790
Matched AI Lean root values,pair_d92632b4,all normalized constructors,Lam,19
Matched AI Lean root values,pair_d92632b4,all normalized constructors,Pi,5
Matched AI Lean root values,pair_d92632b4,shared binary core,App,3790
Matched AI Lean root values,pair_d92632b4,shared binary core,Lam,19
Matched AI Lean root values,pair_d92632b4,shared binary core,Pi,5
Matched human Lean root values,pair_d96197fd,all normalized constructors,App,7738
Matched human Lean root values,pair_d96197fd,all normalized constructors,Lam,18
Matched human Lean root values,pair_d96197fd,all normalized constructors,Pi,4
Matched human Lean root values,pair_d96197fd,shared binary core,App,7738
Matched human Lean root values,pair_d96197fd,shared binary core,Lam,18
Matched human Lean root values,pair_d96197fd,shared binary core,Pi,4
Matched AI Lean root values,pair_d96197fd,all normalized constructors,App,9812
Matched AI Lean root values,pair_d96197fd,all normalized constructors,Lam,18
Matched AI Lean root values,pair_d96197fd,all normalized constructors,Pi,4
Matched AI Lean root values,pair_d96197fd,shared binary core,App,9812
Matched AI Lean root values,pair_d96197fd,shared binary core,Lam,18
Matched AI Lean root values,pair_d96197fd,shared binary core,Pi,4
Matched human Lean root values,pair_d9e524cd,all normalized constructors,Pi,3
Matched human Lean root values,pair_d9e524cd,all normalized constructors,App,137
Matched human Lean root values,pair_d9e524cd,all normalized constructors,Lam,6
Matched human Lean root values,pair_d9e524cd,shared binary core,Pi,3
Matched human Lean root values,pair_d9e524cd,shared binary core,App,137
Matched human Lean root values,pair_d9e524cd,shared binary core,Lam,6
Matched AI Lean root values,pair_d9e524cd,all normalized constructors,Pi,3
Matched AI Lean root values,pair_d9e524cd,all normalized constructors,App,137
Matched AI Lean root values,pair_d9e524cd,all normalized constructors,Lam,6
Matched AI Lean root values,pair_d9e524cd,shared binary core,Pi,3
Matched AI Lean root values,pair_d9e524cd,shared binary core,App,137
Matched AI Lean root values,pair_d9e524cd,shared binary core,Lam,6
Matched human Lean root values,pair_db1d04db,all normalized constructors,App,2090
Matched human Lean root values,pair_db1d04db,all normalized constructors,Pi,4
Matched human Lean root values,pair_db1d04db,all normalized constructors,Lam,12
Matched human Lean root values,pair_db1d04db,all normalized constructors,Let,4
Matched human Lean root values,pair_db1d04db,shared binary core,App,2090
Matched human Lean root values,pair_db1d04db,shared binary core,Pi,4
Matched human Lean root values,pair_db1d04db,shared binary core,Lam,12
Matched human Lean root values,pair_db1d04db,shared binary core,Let,4
Matched AI Lean root values,pair_db1d04db,all normalized constructors,App,2703
Matched AI Lean root values,pair_db1d04db,all normalized constructors,Pi,9
Matched AI Lean root values,pair_db1d04db,all normalized constructors,Lam,30
Matched AI Lean root values,pair_db1d04db,all normalized constructors,Let,10
Matched AI Lean root values,pair_db1d04db,shared binary core,App,2703
Matched AI Lean root values,pair_db1d04db,shared binary core,Pi,9
Matched AI Lean root values,pair_db1d04db,shared binary core,Lam,30
Matched AI Lean root values,pair_db1d04db,shared binary core,Let,10
Matched human Lean root values,pair_db881e0a,all normalized constructors,App,54
Matched human Lean root values,pair_db881e0a,all normalized constructors,Lam,3
Matched human Lean root values,pair_db881e0a,shared binary core,App,54
Matched human Lean root values,pair_db881e0a,shared binary core,Lam,3
Matched AI Lean root values,pair_db881e0a,all normalized constructors,App,133
Matched AI Lean root values,pair_db881e0a,all normalized constructors,Lam,4
Matched AI Lean root values,pair_db881e0a,all normalized constructors,Pi,2
Matched AI Lean root values,pair_db881e0a,shared binary core,App,133
Matched AI Lean root values,pair_db881e0a,shared binary core,Lam,4
Matched AI Lean root values,pair_db881e0a,shared binary core,Pi,2
Matched human Lean root values,pair_dd457978,all normalized constructors,Pi,7
Matched human Lean root values,pair_dd457978,all normalized constructors,App,2419
Matched human Lean root values,pair_dd457978,all normalized constructors,Lam,22
Matched human Lean root values,pair_dd457978,all normalized constructors,Let,1
Matched human Lean root values,pair_dd457978,shared binary core,Pi,7
Matched human Lean root values,pair_dd457978,shared binary core,App,2419
Matched human Lean root values,pair_dd457978,shared binary core,Lam,22
Matched human Lean root values,pair_dd457978,shared binary core,Let,1
Matched AI Lean root values,pair_dd457978,all normalized constructors,Pi,6
Matched AI Lean root values,pair_dd457978,all normalized constructors,App,1831
Matched AI Lean root values,pair_dd457978,all normalized constructors,Lam,22
Matched AI Lean root values,pair_dd457978,shared binary core,Pi,6
Matched AI Lean root values,pair_dd457978,shared binary core,App,1831
Matched AI Lean root values,pair_dd457978,shared binary core,Lam,22
Matched human Lean root values,pair_de1e8e19,all normalized constructors,App,5822
Matched human Lean root values,pair_de1e8e19,all normalized constructors,Lam,35
Matched human Lean root values,pair_de1e8e19,all normalized constructors,Pi,7
Matched human Lean root values,pair_de1e8e19,all normalized constructors,Let,3
Matched human Lean root values,pair_de1e8e19,shared binary core,App,5822
Matched human Lean root values,pair_de1e8e19,shared binary core,Lam,35
Matched human Lean root values,pair_de1e8e19,shared binary core,Pi,7
Matched human Lean root values,pair_de1e8e19,shared binary core,Let,3
Matched AI Lean root values,pair_de1e8e19,all normalized constructors,App,6552
Matched AI Lean root values,pair_de1e8e19,all normalized constructors,Lam,42
Matched AI Lean root values,pair_de1e8e19,all normalized constructors,Pi,5
Matched AI Lean root values,pair_de1e8e19,all normalized constructors,Let,11
Matched AI Lean root values,pair_de1e8e19,shared binary core,App,6552
Matched AI Lean root values,pair_de1e8e19,shared binary core,Lam,42
Matched AI Lean root values,pair_de1e8e19,shared binary core,Pi,5
Matched AI Lean root values,pair_de1e8e19,shared binary core,Let,11
Matched human Lean root values,pair_de483a80,all normalized constructors,App,4487
Matched human Lean root values,pair_de483a80,all normalized constructors,Lam,25
Matched human Lean root values,pair_de483a80,all normalized constructors,Pi,6
Matched human Lean root values,pair_de483a80,all normalized constructors,Let,7
Matched human Lean root values,pair_de483a80,shared binary core,App,4487
Matched human Lean root values,pair_de483a80,shared binary core,Lam,25
Matched human Lean root values,pair_de483a80,shared binary core,Pi,6
Matched human Lean root values,pair_de483a80,shared binary core,Let,7
Matched AI Lean root values,pair_de483a80,all normalized constructors,App,2748
Matched AI Lean root values,pair_de483a80,all normalized constructors,Lam,32
Matched AI Lean root values,pair_de483a80,all normalized constructors,Pi,5
Matched AI Lean root values,pair_de483a80,all normalized constructors,Let,4
Matched AI Lean root values,pair_de483a80,shared binary core,App,2748
Matched AI Lean root values,pair_de483a80,shared binary core,Lam,32
Matched AI Lean root values,pair_de483a80,shared binary core,Pi,5
Matched AI Lean root values,pair_de483a80,shared binary core,Let,4
Matched human Lean root values,pair_de5a08c0,all normalized constructors,Pi,4
Matched human Lean root values,pair_de5a08c0,all normalized constructors,App,662
Matched human Lean root values,pair_de5a08c0,all normalized constructors,Lam,14
Matched human Lean root values,pair_de5a08c0,shared binary core,Pi,4
Matched human Lean root values,pair_de5a08c0,shared binary core,App,662
Matched human Lean root values,pair_de5a08c0,shared binary core,Lam,14
Matched AI Lean root values,pair_de5a08c0,all normalized constructors,Pi,4
Matched AI Lean root values,pair_de5a08c0,all normalized constructors,App,94
Matched AI Lean root values,pair_de5a08c0,all normalized constructors,Lam,5
Matched AI Lean root values,pair_de5a08c0,shared binary core,Pi,4
Matched AI Lean root values,pair_de5a08c0,shared binary core,App,94
Matched AI Lean root values,pair_de5a08c0,shared binary core,Lam,5
Matched human Lean root values,pair_debcd118,all normalized constructors,App,542
Matched human Lean root values,pair_debcd118,all normalized constructors,Lam,31
Matched human Lean root values,pair_debcd118,all normalized constructors,Pi,46
Matched human Lean root values,pair_debcd118,all normalized constructors,Let,13
Matched human Lean root values,pair_debcd118,shared binary core,App,542
Matched human Lean root values,pair_debcd118,shared binary core,Lam,31
Matched human Lean root values,pair_debcd118,shared binary core,Pi,46
Matched human Lean root values,pair_debcd118,shared binary core,Let,13
Matched AI Lean root values,pair_debcd118,all normalized constructors,App,2457
Matched AI Lean root values,pair_debcd118,all normalized constructors,Lam,1440
Matched AI Lean root values,pair_debcd118,all normalized constructors,Pi,7
Matched AI Lean root values,pair_debcd118,shared binary core,App,2457
Matched AI Lean root values,pair_debcd118,shared binary core,Lam,1440
Matched AI Lean root values,pair_debcd118,shared binary core,Pi,7
Matched human Lean root values,pair_df433d2d,all normalized constructors,App,2599
Matched human Lean root values,pair_df433d2d,all normalized constructors,Lam,39
Matched human Lean root values,pair_df433d2d,all normalized constructors,Pi,9
Matched human Lean root values,pair_df433d2d,all normalized constructors,Let,3
Matched human Lean root values,pair_df433d2d,shared binary core,App,2599
Matched human Lean root values,pair_df433d2d,shared binary core,Lam,39
Matched human Lean root values,pair_df433d2d,shared binary core,Pi,9
Matched human Lean root values,pair_df433d2d,shared binary core,Let,3
Matched AI Lean root values,pair_df433d2d,all normalized constructors,App,2416
Matched AI Lean root values,pair_df433d2d,all normalized constructors,Lam,202
Matched AI Lean root values,pair_df433d2d,all normalized constructors,Pi,8
Matched AI Lean root values,pair_df433d2d,all normalized constructors,Let,2
Matched AI Lean root values,pair_df433d2d,shared binary core,App,2416
Matched AI Lean root values,pair_df433d2d,shared binary core,Lam,202
Matched AI Lean root values,pair_df433d2d,shared binary core,Pi,8
Matched AI Lean root values,pair_df433d2d,shared binary core,Let,2
Matched human Lean root values,pair_e21630bd,all normalized constructors,App,11489
Matched human Lean root values,pair_e21630bd,all normalized constructors,Lam,97
Matched human Lean root values,pair_e21630bd,all normalized constructors,Pi,18
Matched human Lean root values,pair_e21630bd,all normalized constructors,Let,19
Matched human Lean root values,pair_e21630bd,shared binary core,App,11489
Matched human Lean root values,pair_e21630bd,shared binary core,Lam,97
Matched human Lean root values,pair_e21630bd,shared binary core,Pi,18
Matched human Lean root values,pair_e21630bd,shared binary core,Let,19
Matched AI Lean root values,pair_e21630bd,all normalized constructors,App,18988
Matched AI Lean root values,pair_e21630bd,all normalized constructors,Lam,74
Matched AI Lean root values,pair_e21630bd,all normalized constructors,Pi,7
Matched AI Lean root values,pair_e21630bd,all normalized constructors,Let,15
Matched AI Lean root values,pair_e21630bd,shared binary core,App,18988
Matched AI Lean root values,pair_e21630bd,shared binary core,Lam,74
Matched AI Lean root values,pair_e21630bd,shared binary core,Pi,7
Matched AI Lean root values,pair_e21630bd,shared binary core,Let,15
Matched human Lean root values,pair_e23940b8,all normalized constructors,App,1995
Matched human Lean root values,pair_e23940b8,all normalized constructors,Lam,18
Matched human Lean root values,pair_e23940b8,all normalized constructors,Pi,3
Matched human Lean root values,pair_e23940b8,all normalized constructors,Let,3
Matched human Lean root values,pair_e23940b8,shared binary core,App,1995
Matched human Lean root values,pair_e23940b8,shared binary core,Lam,18
Matched human Lean root values,pair_e23940b8,shared binary core,Pi,3
Matched human Lean root values,pair_e23940b8,shared binary core,Let,3
Matched AI Lean root values,pair_e23940b8,all normalized constructors,App,214
Matched AI Lean root values,pair_e23940b8,all normalized constructors,Lam,15
Matched AI Lean root values,pair_e23940b8,all normalized constructors,Let,5
Matched AI Lean root values,pair_e23940b8,shared binary core,App,214
Matched AI Lean root values,pair_e23940b8,shared binary core,Lam,15
Matched AI Lean root values,pair_e23940b8,shared binary core,Let,5
Matched human Lean root values,pair_e24e2569,all normalized constructors,App,19965
Matched human Lean root values,pair_e24e2569,all normalized constructors,Lam,131
Matched human Lean root values,pair_e24e2569,all normalized constructors,Pi,7
Matched human Lean root values,pair_e24e2569,all normalized constructors,Let,10
Matched human Lean root values,pair_e24e2569,all normalized constructors,Proj,2
Matched human Lean root values,pair_e24e2569,shared binary core,App,19965
Matched human Lean root values,pair_e24e2569,shared binary core,Lam,131
Matched human Lean root values,pair_e24e2569,shared binary core,Pi,7
Matched human Lean root values,pair_e24e2569,shared binary core,Let,10
Matched AI Lean root values,pair_e24e2569,all normalized constructors,App,22415
Matched AI Lean root values,pair_e24e2569,all normalized constructors,Lam,87
Matched AI Lean root values,pair_e24e2569,all normalized constructors,Pi,4
Matched AI Lean root values,pair_e24e2569,all normalized constructors,Let,13
Matched AI Lean root values,pair_e24e2569,shared binary core,App,22415
Matched AI Lean root values,pair_e24e2569,shared binary core,Lam,87
Matched AI Lean root values,pair_e24e2569,shared binary core,Pi,4
Matched AI Lean root values,pair_e24e2569,shared binary core,Let,13
Matched human Lean root values,pair_e289753a,all normalized constructors,App,469
Matched human Lean root values,pair_e289753a,all normalized constructors,Lam,10
Matched human Lean root values,pair_e289753a,all normalized constructors,Let,2
Matched human Lean root values,pair_e289753a,shared binary core,App,469
Matched human Lean root values,pair_e289753a,shared binary core,Lam,10
Matched human Lean root values,pair_e289753a,shared binary core,Let,2
Matched AI Lean root values,pair_e289753a,all normalized constructors,App,216
Matched AI Lean root values,pair_e289753a,all normalized constructors,Lam,5
Matched AI Lean root values,pair_e289753a,shared binary core,App,216
Matched AI Lean root values,pair_e289753a,shared binary core,Lam,5
Matched human Lean root values,pair_e38bc8a1,all normalized constructors,Pi,8
Matched human Lean root values,pair_e38bc8a1,all normalized constructors,App,3838
Matched human Lean root values,pair_e38bc8a1,all normalized constructors,Lam,64
Matched human Lean root values,pair_e38bc8a1,all normalized constructors,Let,27
Matched human Lean root values,pair_e38bc8a1,shared binary core,Pi,8
Matched human Lean root values,pair_e38bc8a1,shared binary core,App,3838
Matched human Lean root values,pair_e38bc8a1,shared binary core,Lam,64
Matched human Lean root values,pair_e38bc8a1,shared binary core,Let,27
Matched AI Lean root values,pair_e38bc8a1,all normalized constructors,Pi,8
Matched AI Lean root values,pair_e38bc8a1,all normalized constructors,App,5439
Matched AI Lean root values,pair_e38bc8a1,all normalized constructors,Lam,70
Matched AI Lean root values,pair_e38bc8a1,all normalized constructors,Let,25
Matched AI Lean root values,pair_e38bc8a1,shared binary core,Pi,8
Matched AI Lean root values,pair_e38bc8a1,shared binary core,App,5439
Matched AI Lean root values,pair_e38bc8a1,shared binary core,Lam,70
Matched AI Lean root values,pair_e38bc8a1,shared binary core,Let,25
Matched human Lean root values,pair_e39b5195,all normalized constructors,App,8213
Matched human Lean root values,pair_e39b5195,all normalized constructors,Pi,24
Matched human Lean root values,pair_e39b5195,all normalized constructors,Lam,61
Matched human Lean root values,pair_e39b5195,all normalized constructors,Let,10
Matched human Lean root values,pair_e39b5195,shared binary core,App,8213
Matched human Lean root values,pair_e39b5195,shared binary core,Pi,24
Matched human Lean root values,pair_e39b5195,shared binary core,Lam,61
Matched human Lean root values,pair_e39b5195,shared binary core,Let,10
Matched AI Lean root values,pair_e39b5195,all normalized constructors,App,154
Matched AI Lean root values,pair_e39b5195,all normalized constructors,Pi,4
Matched AI Lean root values,pair_e39b5195,all normalized constructors,Let,8
Matched AI Lean root values,pair_e39b5195,all normalized constructors,Lam,7
Matched AI Lean root values,pair_e39b5195,shared binary core,App,154
Matched AI Lean root values,pair_e39b5195,shared binary core,Pi,4
Matched AI Lean root values,pair_e39b5195,shared binary core,Let,8
Matched AI Lean root values,pair_e39b5195,shared binary core,Lam,7
Matched human Lean root values,pair_e45dd21b,all normalized constructors,App,7477
Matched human Lean root values,pair_e45dd21b,all normalized constructors,Pi,11
Matched human Lean root values,pair_e45dd21b,all normalized constructors,Lam,18
Matched human Lean root values,pair_e45dd21b,all normalized constructors,Let,15
Matched human Lean root values,pair_e45dd21b,shared binary core,App,7477
Matched human Lean root values,pair_e45dd21b,shared binary core,Pi,11
Matched human Lean root values,pair_e45dd21b,shared binary core,Lam,18
Matched human Lean root values,pair_e45dd21b,shared binary core,Let,15
Matched AI Lean root values,pair_e45dd21b,all normalized constructors,App,9365
Matched AI Lean root values,pair_e45dd21b,all normalized constructors,Pi,9
Matched AI Lean root values,pair_e45dd21b,all normalized constructors,Lam,15
Matched AI Lean root values,pair_e45dd21b,all normalized constructors,Let,2
Matched AI Lean root values,pair_e45dd21b,shared binary core,App,9365
Matched AI Lean root values,pair_e45dd21b,shared binary core,Pi,9
Matched AI Lean root values,pair_e45dd21b,shared binary core,Lam,15
Matched AI Lean root values,pair_e45dd21b,shared binary core,Let,2
Matched human Lean root values,pair_e4b3d3b7,all normalized constructors,App,3406
Matched human Lean root values,pair_e4b3d3b7,all normalized constructors,Lam,13
Matched human Lean root values,pair_e4b3d3b7,all normalized constructors,Pi,4
Matched human Lean root values,pair_e4b3d3b7,all normalized constructors,Let,1
Matched human Lean root values,pair_e4b3d3b7,shared binary core,App,3406
Matched human Lean root values,pair_e4b3d3b7,shared binary core,Lam,13
Matched human Lean root values,pair_e4b3d3b7,shared binary core,Pi,4
Matched human Lean root values,pair_e4b3d3b7,shared binary core,Let,1
Matched AI Lean root values,pair_e4b3d3b7,all normalized constructors,App,2869
Matched AI Lean root values,pair_e4b3d3b7,all normalized constructors,Lam,18
Matched AI Lean root values,pair_e4b3d3b7,all normalized constructors,Pi,4
Matched AI Lean root values,pair_e4b3d3b7,all normalized constructors,Let,3
Matched AI Lean root values,pair_e4b3d3b7,shared binary core,App,2869
Matched AI Lean root values,pair_e4b3d3b7,shared binary core,Lam,18
Matched AI Lean root values,pair_e4b3d3b7,shared binary core,Pi,4
Matched AI Lean root values,pair_e4b3d3b7,shared binary core,Let,3
Matched human Lean root values,pair_e5328112,all normalized constructors,Pi,8
Matched human Lean root values,pair_e5328112,all normalized constructors,App,2098
Matched human Lean root values,pair_e5328112,all normalized constructors,Lam,34
Matched human Lean root values,pair_e5328112,shared binary core,Pi,8
Matched human Lean root values,pair_e5328112,shared binary core,App,2098
Matched human Lean root values,pair_e5328112,shared binary core,Lam,34
Matched AI Lean root values,pair_e5328112,all normalized constructors,Pi,8
Matched AI Lean root values,pair_e5328112,all normalized constructors,App,2308
Matched AI Lean root values,pair_e5328112,all normalized constructors,Lam,33
Matched AI Lean root values,pair_e5328112,all normalized constructors,Let,1
Matched AI Lean root values,pair_e5328112,shared binary core,Pi,8
Matched AI Lean root values,pair_e5328112,shared binary core,App,2308
Matched AI Lean root values,pair_e5328112,shared binary core,Lam,33
Matched AI Lean root values,pair_e5328112,shared binary core,Let,1
Matched human Lean root values,pair_e5e14291,all normalized constructors,App,279
Matched human Lean root values,pair_e5e14291,all normalized constructors,Lam,8
Matched human Lean root values,pair_e5e14291,all normalized constructors,Pi,4
Matched human Lean root values,pair_e5e14291,shared binary core,App,279
Matched human Lean root values,pair_e5e14291,shared binary core,Lam,8
Matched human Lean root values,pair_e5e14291,shared binary core,Pi,4
Matched AI Lean root values,pair_e5e14291,all normalized constructors,App,160
Matched AI Lean root values,pair_e5e14291,all normalized constructors,Lam,10
Matched AI Lean root values,pair_e5e14291,all normalized constructors,Pi,1
Matched AI Lean root values,pair_e5e14291,shared binary core,App,160
Matched AI Lean root values,pair_e5e14291,shared binary core,Lam,10
Matched AI Lean root values,pair_e5e14291,shared binary core,Pi,1
Matched human Lean root values,pair_e653c233,all normalized constructors,Pi,7
Matched human Lean root values,pair_e653c233,all normalized constructors,App,4386
Matched human Lean root values,pair_e653c233,all normalized constructors,Lam,46
Matched human Lean root values,pair_e653c233,all normalized constructors,Let,4
Matched human Lean root values,pair_e653c233,shared binary core,Pi,7
Matched human Lean root values,pair_e653c233,shared binary core,App,4386
Matched human Lean root values,pair_e653c233,shared binary core,Lam,46
Matched human Lean root values,pair_e653c233,shared binary core,Let,4
Matched AI Lean root values,pair_e653c233,all normalized constructors,Pi,10
Matched AI Lean root values,pair_e653c233,all normalized constructors,App,3316
Matched AI Lean root values,pair_e653c233,all normalized constructors,Lam,58
Matched AI Lean root values,pair_e653c233,all normalized constructors,Let,13
Matched AI Lean root values,pair_e653c233,shared binary core,Pi,10
Matched AI Lean root values,pair_e653c233,shared binary core,App,3316
Matched AI Lean root values,pair_e653c233,shared binary core,Lam,58
Matched AI Lean root values,pair_e653c233,shared binary core,Let,13
Matched human Lean root values,pair_e662ae99,all normalized constructors,App,97
Matched human Lean root values,pair_e662ae99,all normalized constructors,Lam,8
Matched human Lean root values,pair_e662ae99,shared binary core,App,97
Matched human Lean root values,pair_e662ae99,shared binary core,Lam,8
Matched AI Lean root values,pair_e662ae99,all normalized constructors,App,1084
Matched AI Lean root values,pair_e662ae99,all normalized constructors,Lam,12
Matched AI Lean root values,pair_e662ae99,all normalized constructors,Pi,3
Matched AI Lean root values,pair_e662ae99,all normalized constructors,Let,1
Matched AI Lean root values,pair_e662ae99,shared binary core,App,1084
Matched AI Lean root values,pair_e662ae99,shared binary core,Lam,12
Matched AI Lean root values,pair_e662ae99,shared binary core,Pi,3
Matched AI Lean root values,pair_e662ae99,shared binary core,Let,1
Matched human Lean root values,pair_e6f73d93,all normalized constructors,App,7548
Matched human Lean root values,pair_e6f73d93,all normalized constructors,Lam,173
Matched human Lean root values,pair_e6f73d93,all normalized constructors,Pi,33
Matched human Lean root values,pair_e6f73d93,all normalized constructors,Let,17
Matched human Lean root values,pair_e6f73d93,shared binary core,App,7548
Matched human Lean root values,pair_e6f73d93,shared binary core,Lam,173
Matched human Lean root values,pair_e6f73d93,shared binary core,Pi,33
Matched human Lean root values,pair_e6f73d93,shared binary core,Let,17
Matched AI Lean root values,pair_e6f73d93,all normalized constructors,App,8677
Matched AI Lean root values,pair_e6f73d93,all normalized constructors,Lam,139
Matched AI Lean root values,pair_e6f73d93,all normalized constructors,Pi,7
Matched AI Lean root values,pair_e6f73d93,all normalized constructors,Let,21
Matched AI Lean root values,pair_e6f73d93,shared binary core,App,8677
Matched AI Lean root values,pair_e6f73d93,shared binary core,Lam,139
Matched AI Lean root values,pair_e6f73d93,shared binary core,Pi,7
Matched AI Lean root values,pair_e6f73d93,shared binary core,Let,21
Matched human Lean root values,pair_e7575bee,all normalized constructors,Pi,14
Matched human Lean root values,pair_e7575bee,all normalized constructors,App,235
Matched human Lean root values,pair_e7575bee,all normalized constructors,Lam,21
Matched human Lean root values,pair_e7575bee,all normalized constructors,Let,4
Matched human Lean root values,pair_e7575bee,shared binary core,Pi,14
Matched human Lean root values,pair_e7575bee,shared binary core,App,235
Matched human Lean root values,pair_e7575bee,shared binary core,Lam,21
Matched human Lean root values,pair_e7575bee,shared binary core,Let,4
Matched AI Lean root values,pair_e7575bee,all normalized constructors,Pi,12
Matched AI Lean root values,pair_e7575bee,all normalized constructors,App,268
Matched AI Lean root values,pair_e7575bee,all normalized constructors,Lam,23
Matched AI Lean root values,pair_e7575bee,all normalized constructors,Let,18
Matched AI Lean root values,pair_e7575bee,shared binary core,Pi,12
Matched AI Lean root values,pair_e7575bee,shared binary core,App,268
Matched AI Lean root values,pair_e7575bee,shared binary core,Lam,23
Matched AI Lean root values,pair_e7575bee,shared binary core,Let,18
Matched human Lean root values,pair_e83bd10d,all normalized constructors,App,6734
Matched human Lean root values,pair_e83bd10d,all normalized constructors,Lam,61
Matched human Lean root values,pair_e83bd10d,all normalized constructors,Pi,15
Matched human Lean root values,pair_e83bd10d,all normalized constructors,Let,11
Matched human Lean root values,pair_e83bd10d,shared binary core,App,6734
Matched human Lean root values,pair_e83bd10d,shared binary core,Lam,61
Matched human Lean root values,pair_e83bd10d,shared binary core,Pi,15
Matched human Lean root values,pair_e83bd10d,shared binary core,Let,11
Matched AI Lean root values,pair_e83bd10d,all normalized constructors,App,8127
Matched AI Lean root values,pair_e83bd10d,all normalized constructors,Lam,69
Matched AI Lean root values,pair_e83bd10d,all normalized constructors,Pi,12
Matched AI Lean root values,pair_e83bd10d,all normalized constructors,Let,12
Matched AI Lean root values,pair_e83bd10d,shared binary core,App,8127
Matched AI Lean root values,pair_e83bd10d,shared binary core,Lam,69
Matched AI Lean root values,pair_e83bd10d,shared binary core,Pi,12
Matched AI Lean root values,pair_e83bd10d,shared binary core,Let,12
Matched human Lean root values,pair_e8903db6,all normalized constructors,App,13594
Matched human Lean root values,pair_e8903db6,all normalized constructors,Lam,202
Matched human Lean root values,pair_e8903db6,all normalized constructors,Pi,90
Matched human Lean root values,pair_e8903db6,all normalized constructors,Let,8
Matched human Lean root values,pair_e8903db6,shared binary core,App,13594
Matched human Lean root values,pair_e8903db6,shared binary core,Lam,202
Matched human Lean root values,pair_e8903db6,shared binary core,Pi,90
Matched human Lean root values,pair_e8903db6,shared binary core,Let,8
Matched AI Lean root values,pair_e8903db6,all normalized constructors,App,8794
Matched AI Lean root values,pair_e8903db6,all normalized constructors,Lam,89
Matched AI Lean root values,pair_e8903db6,all normalized constructors,Pi,6
Matched AI Lean root values,pair_e8903db6,all normalized constructors,Let,13
Matched AI Lean root values,pair_e8903db6,shared binary core,App,8794
Matched AI Lean root values,pair_e8903db6,shared binary core,Lam,89
Matched AI Lean root values,pair_e8903db6,shared binary core,Pi,6
Matched AI Lean root values,pair_e8903db6,shared binary core,Let,13
Matched human Lean root values,pair_e8d98c67,all normalized constructors,App,60
Matched human Lean root values,pair_e8d98c67,all normalized constructors,Lam,10
Matched human Lean root values,pair_e8d98c67,shared binary core,App,60
Matched human Lean root values,pair_e8d98c67,shared binary core,Lam,10
Matched AI Lean root values,pair_e8d98c67,all normalized constructors,App,229
Matched AI Lean root values,pair_e8d98c67,all normalized constructors,Pi,8
Matched AI Lean root values,pair_e8d98c67,all normalized constructors,Lam,19
Matched AI Lean root values,pair_e8d98c67,shared binary core,App,229
Matched AI Lean root values,pair_e8d98c67,shared binary core,Pi,8
Matched AI Lean root values,pair_e8d98c67,shared binary core,Lam,19
Matched human Lean root values,pair_e970e4c4,all normalized constructors,App,3173
Matched human Lean root values,pair_e970e4c4,all normalized constructors,Lam,35
Matched human Lean root values,pair_e970e4c4,all normalized constructors,Pi,11
Matched human Lean root values,pair_e970e4c4,shared binary core,App,3173
Matched human Lean root values,pair_e970e4c4,shared binary core,Lam,35
Matched human Lean root values,pair_e970e4c4,shared binary core,Pi,11
Matched AI Lean root values,pair_e970e4c4,all normalized constructors,App,3931
Matched AI Lean root values,pair_e970e4c4,all normalized constructors,Lam,29
Matched AI Lean root values,pair_e970e4c4,all normalized constructors,Pi,10
Matched AI Lean root values,pair_e970e4c4,all normalized constructors,Let,6
Matched AI Lean root values,pair_e970e4c4,shared binary core,App,3931
Matched AI Lean root values,pair_e970e4c4,shared binary core,Lam,29
Matched AI Lean root values,pair_e970e4c4,shared binary core,Pi,10
Matched AI Lean root values,pair_e970e4c4,shared binary core,Let,6
Matched human Lean root values,pair_eabc1c29,all normalized constructors,App,3874
Matched human Lean root values,pair_eabc1c29,all normalized constructors,Pi,15
Matched human Lean root values,pair_eabc1c29,all normalized constructors,Lam,50
Matched human Lean root values,pair_eabc1c29,all normalized constructors,Let,10
Matched human Lean root values,pair_eabc1c29,shared binary core,App,3874
Matched human Lean root values,pair_eabc1c29,shared binary core,Pi,15
Matched human Lean root values,pair_eabc1c29,shared binary core,Lam,50
Matched human Lean root values,pair_eabc1c29,shared binary core,Let,10
Matched AI Lean root values,pair_eabc1c29,all normalized constructors,App,5374
Matched AI Lean root values,pair_eabc1c29,all normalized constructors,Pi,6
Matched AI Lean root values,pair_eabc1c29,all normalized constructors,Lam,77
Matched AI Lean root values,pair_eabc1c29,all normalized constructors,Let,6
Matched AI Lean root values,pair_eabc1c29,shared binary core,App,5374
Matched AI Lean root values,pair_eabc1c29,shared binary core,Pi,6
Matched AI Lean root values,pair_eabc1c29,shared binary core,Lam,77
Matched AI Lean root values,pair_eabc1c29,shared binary core,Let,6
Matched human Lean root values,pair_eb63c4a0,all normalized constructors,App,2668
Matched human Lean root values,pair_eb63c4a0,all normalized constructors,Pi,25
Matched human Lean root values,pair_eb63c4a0,all normalized constructors,Lam,37
Matched human Lean root values,pair_eb63c4a0,all normalized constructors,Let,4
Matched human Lean root values,pair_eb63c4a0,shared binary core,App,2668
Matched human Lean root values,pair_eb63c4a0,shared binary core,Pi,25
Matched human Lean root values,pair_eb63c4a0,shared binary core,Lam,37
Matched human Lean root values,pair_eb63c4a0,shared binary core,Let,4
Matched AI Lean root values,pair_eb63c4a0,all normalized constructors,App,1950
Matched AI Lean root values,pair_eb63c4a0,all normalized constructors,Lam,22
Matched AI Lean root values,pair_eb63c4a0,all normalized constructors,Pi,6
Matched AI Lean root values,pair_eb63c4a0,all normalized constructors,Let,1
Matched AI Lean root values,pair_eb63c4a0,shared binary core,App,1950
Matched AI Lean root values,pair_eb63c4a0,shared binary core,Lam,22
Matched AI Lean root values,pair_eb63c4a0,shared binary core,Pi,6
Matched AI Lean root values,pair_eb63c4a0,shared binary core,Let,1
Matched human Lean root values,pair_ebc61bc9,all normalized constructors,App,6733
Matched human Lean root values,pair_ebc61bc9,all normalized constructors,Lam,133
Matched human Lean root values,pair_ebc61bc9,all normalized constructors,Pi,39
Matched human Lean root values,pair_ebc61bc9,all normalized constructors,Let,27
Matched human Lean root values,pair_ebc61bc9,shared binary core,App,6733
Matched human Lean root values,pair_ebc61bc9,shared binary core,Lam,133
Matched human Lean root values,pair_ebc61bc9,shared binary core,Pi,39
Matched human Lean root values,pair_ebc61bc9,shared binary core,Let,27
Matched AI Lean root values,pair_ebc61bc9,all normalized constructors,App,789
Matched AI Lean root values,pair_ebc61bc9,all normalized constructors,Lam,78
Matched AI Lean root values,pair_ebc61bc9,all normalized constructors,Pi,4
Matched AI Lean root values,pair_ebc61bc9,shared binary core,App,789
Matched AI Lean root values,pair_ebc61bc9,shared binary core,Lam,78
Matched AI Lean root values,pair_ebc61bc9,shared binary core,Pi,4
Matched human Lean root values,pair_ec20e9b4,all normalized constructors,Pi,10
Matched human Lean root values,pair_ec20e9b4,all normalized constructors,App,966
Matched human Lean root values,pair_ec20e9b4,all normalized constructors,Lam,15
Matched human Lean root values,pair_ec20e9b4,all normalized constructors,Let,1
Matched human Lean root values,pair_ec20e9b4,shared binary core,Pi,10
Matched human Lean root values,pair_ec20e9b4,shared binary core,App,966
Matched human Lean root values,pair_ec20e9b4,shared binary core,Lam,15
Matched human Lean root values,pair_ec20e9b4,shared binary core,Let,1
Matched AI Lean root values,pair_ec20e9b4,all normalized constructors,Pi,8
Matched AI Lean root values,pair_ec20e9b4,all normalized constructors,App,5643
Matched AI Lean root values,pair_ec20e9b4,all normalized constructors,Lam,56
Matched AI Lean root values,pair_ec20e9b4,all normalized constructors,Let,13
Matched AI Lean root values,pair_ec20e9b4,shared binary core,Pi,8
Matched AI Lean root values,pair_ec20e9b4,shared binary core,App,5643
Matched AI Lean root values,pair_ec20e9b4,shared binary core,Lam,56
Matched AI Lean root values,pair_ec20e9b4,shared binary core,Let,13
Matched human Lean root values,pair_ec7f806f,all normalized constructors,App,7064
Matched human Lean root values,pair_ec7f806f,all normalized constructors,Pi,22
Matched human Lean root values,pair_ec7f806f,all normalized constructors,Lam,49
Matched human Lean root values,pair_ec7f806f,all normalized constructors,Let,14
Matched human Lean root values,pair_ec7f806f,shared binary core,App,7064
Matched human Lean root values,pair_ec7f806f,shared binary core,Pi,22
Matched human Lean root values,pair_ec7f806f,shared binary core,Lam,49
Matched human Lean root values,pair_ec7f806f,shared binary core,Let,14
Matched AI Lean root values,pair_ec7f806f,all normalized constructors,App,3276
Matched AI Lean root values,pair_ec7f806f,all normalized constructors,Pi,8
Matched AI Lean root values,pair_ec7f806f,all normalized constructors,Lam,19
Matched AI Lean root values,pair_ec7f806f,all normalized constructors,Let,3
Matched AI Lean root values,pair_ec7f806f,shared binary core,App,3276
Matched AI Lean root values,pair_ec7f806f,shared binary core,Pi,8
Matched AI Lean root values,pair_ec7f806f,shared binary core,Lam,19
Matched AI Lean root values,pair_ec7f806f,shared binary core,Let,3
Matched human Lean root values,pair_ec8eb018,all normalized constructors,App,3897
Matched human Lean root values,pair_ec8eb018,all normalized constructors,Lam,115
Matched human Lean root values,pair_ec8eb018,all normalized constructors,Pi,8
Matched human Lean root values,pair_ec8eb018,all normalized constructors,Let,15
Matched human Lean root values,pair_ec8eb018,shared binary core,App,3897
Matched human Lean root values,pair_ec8eb018,shared binary core,Lam,115
Matched human Lean root values,pair_ec8eb018,shared binary core,Pi,8
Matched human Lean root values,pair_ec8eb018,shared binary core,Let,15
Matched AI Lean root values,pair_ec8eb018,all normalized constructors,App,10416
Matched AI Lean root values,pair_ec8eb018,all normalized constructors,Lam,170
Matched AI Lean root values,pair_ec8eb018,all normalized constructors,Pi,9
Matched AI Lean root values,pair_ec8eb018,all normalized constructors,Let,33
Matched AI Lean root values,pair_ec8eb018,shared binary core,App,10416
Matched AI Lean root values,pair_ec8eb018,shared binary core,Lam,170
Matched AI Lean root values,pair_ec8eb018,shared binary core,Pi,9
Matched AI Lean root values,pair_ec8eb018,shared binary core,Let,33
Matched human Lean root values,pair_edc1fe33,all normalized constructors,App,4195
Matched human Lean root values,pair_edc1fe33,all normalized constructors,Lam,28
Matched human Lean root values,pair_edc1fe33,all normalized constructors,Pi,12
Matched human Lean root values,pair_edc1fe33,all normalized constructors,Let,7
Matched human Lean root values,pair_edc1fe33,shared binary core,App,4195
Matched human Lean root values,pair_edc1fe33,shared binary core,Lam,28
Matched human Lean root values,pair_edc1fe33,shared binary core,Pi,12
Matched human Lean root values,pair_edc1fe33,shared binary core,Let,7
Matched AI Lean root values,pair_edc1fe33,all normalized constructors,App,2791
Matched AI Lean root values,pair_edc1fe33,all normalized constructors,Lam,28
Matched AI Lean root values,pair_edc1fe33,all normalized constructors,Pi,7
Matched AI Lean root values,pair_edc1fe33,all normalized constructors,Let,8
Matched AI Lean root values,pair_edc1fe33,shared binary core,App,2791
Matched AI Lean root values,pair_edc1fe33,shared binary core,Lam,28
Matched AI Lean root values,pair_edc1fe33,shared binary core,Pi,7
Matched AI Lean root values,pair_edc1fe33,shared binary core,Let,8
Matched human Lean root values,pair_ee1554cd,all normalized constructors,App,4043
Matched human Lean root values,pair_ee1554cd,all normalized constructors,Pi,25
Matched human Lean root values,pair_ee1554cd,all normalized constructors,Lam,297
Matched human Lean root values,pair_ee1554cd,all normalized constructors,Let,7
Matched human Lean root values,pair_ee1554cd,shared binary core,App,4043
Matched human Lean root values,pair_ee1554cd,shared binary core,Pi,25
Matched human Lean root values,pair_ee1554cd,shared binary core,Lam,297
Matched human Lean root values,pair_ee1554cd,shared binary core,Let,7
Matched AI Lean root values,pair_ee1554cd,all normalized constructors,App,3513
Matched AI Lean root values,pair_ee1554cd,all normalized constructors,Pi,23
Matched AI Lean root values,pair_ee1554cd,all normalized constructors,Lam,509
Matched AI Lean root values,pair_ee1554cd,all normalized constructors,Let,8
Matched AI Lean root values,pair_ee1554cd,shared binary core,App,3513
Matched AI Lean root values,pair_ee1554cd,shared binary core,Pi,23
Matched AI Lean root values,pair_ee1554cd,shared binary core,Lam,509
Matched AI Lean root values,pair_ee1554cd,shared binary core,Let,8
Matched human Lean root values,pair_ee294964,all normalized constructors,App,4699
Matched human Lean root values,pair_ee294964,all normalized constructors,Lam,21
Matched human Lean root values,pair_ee294964,all normalized constructors,Pi,6
Matched human Lean root values,pair_ee294964,all normalized constructors,Let,1
Matched human Lean root values,pair_ee294964,shared binary core,App,4699
Matched human Lean root values,pair_ee294964,shared binary core,Lam,21
Matched human Lean root values,pair_ee294964,shared binary core,Pi,6
Matched human Lean root values,pair_ee294964,shared binary core,Let,1
Matched AI Lean root values,pair_ee294964,all normalized constructors,App,5847
Matched AI Lean root values,pair_ee294964,all normalized constructors,Lam,27
Matched AI Lean root values,pair_ee294964,all normalized constructors,Pi,6
Matched AI Lean root values,pair_ee294964,all normalized constructors,Let,1
Matched AI Lean root values,pair_ee294964,shared binary core,App,5847
Matched AI Lean root values,pair_ee294964,shared binary core,Lam,27
Matched AI Lean root values,pair_ee294964,shared binary core,Pi,6
Matched AI Lean root values,pair_ee294964,shared binary core,Let,1
Matched human Lean root values,pair_ee52321c,all normalized constructors,App,1647
Matched human Lean root values,pair_ee52321c,all normalized constructors,Lam,34
Matched human Lean root values,pair_ee52321c,all normalized constructors,Pi,19
Matched human Lean root values,pair_ee52321c,all normalized constructors,Let,3
Matched human Lean root values,pair_ee52321c,shared binary core,App,1647
Matched human Lean root values,pair_ee52321c,shared binary core,Lam,34
Matched human Lean root values,pair_ee52321c,shared binary core,Pi,19
Matched human Lean root values,pair_ee52321c,shared binary core,Let,3
Matched AI Lean root values,pair_ee52321c,all normalized constructors,App,6602
Matched AI Lean root values,pair_ee52321c,all normalized constructors,Lam,1671
Matched AI Lean root values,pair_ee52321c,all normalized constructors,Pi,26
Matched AI Lean root values,pair_ee52321c,all normalized constructors,Let,17
Matched AI Lean root values,pair_ee52321c,shared binary core,App,6602
Matched AI Lean root values,pair_ee52321c,shared binary core,Lam,1671
Matched AI Lean root values,pair_ee52321c,shared binary core,Pi,26
Matched AI Lean root values,pair_ee52321c,shared binary core,Let,17
Matched human Lean root values,pair_eeb3bb08,all normalized constructors,App,3341
Matched human Lean root values,pair_eeb3bb08,all normalized constructors,Pi,9
Matched human Lean root values,pair_eeb3bb08,all normalized constructors,Lam,29
Matched human Lean root values,pair_eeb3bb08,all normalized constructors,Let,6
Matched human Lean root values,pair_eeb3bb08,shared binary core,App,3341
Matched human Lean root values,pair_eeb3bb08,shared binary core,Pi,9
Matched human Lean root values,pair_eeb3bb08,shared binary core,Lam,29
Matched human Lean root values,pair_eeb3bb08,shared binary core,Let,6
Matched AI Lean root values,pair_eeb3bb08,all normalized constructors,App,6823
Matched AI Lean root values,pair_eeb3bb08,all normalized constructors,Lam,51
Matched AI Lean root values,pair_eeb3bb08,all normalized constructors,Pi,6
Matched AI Lean root values,pair_eeb3bb08,all normalized constructors,Let,24
Matched AI Lean root values,pair_eeb3bb08,shared binary core,App,6823
Matched AI Lean root values,pair_eeb3bb08,shared binary core,Lam,51
Matched AI Lean root values,pair_eeb3bb08,shared binary core,Pi,6
Matched AI Lean root values,pair_eeb3bb08,shared binary core,Let,24
Matched human Lean root values,pair_eed4f922,all normalized constructors,App,1062
Matched human Lean root values,pair_eed4f922,all normalized constructors,Pi,11
Matched human Lean root values,pair_eed4f922,all normalized constructors,Lam,16
Matched human Lean root values,pair_eed4f922,all normalized constructors,Let,6
Matched human Lean root values,pair_eed4f922,shared binary core,App,1062
Matched human Lean root values,pair_eed4f922,shared binary core,Pi,11
Matched human Lean root values,pair_eed4f922,shared binary core,Lam,16
Matched human Lean root values,pair_eed4f922,shared binary core,Let,6
Matched AI Lean root values,pair_eed4f922,all normalized constructors,App,1353
Matched AI Lean root values,pair_eed4f922,all normalized constructors,Pi,14
Matched AI Lean root values,pair_eed4f922,all normalized constructors,Let,8
Matched AI Lean root values,pair_eed4f922,all normalized constructors,Lam,21
Matched AI Lean root values,pair_eed4f922,shared binary core,App,1353
Matched AI Lean root values,pair_eed4f922,shared binary core,Pi,14
Matched AI Lean root values,pair_eed4f922,shared binary core,Let,8
Matched AI Lean root values,pair_eed4f922,shared binary core,Lam,21
Matched human Lean root values,pair_f0d3d3dd,all normalized constructors,Pi,10
Matched human Lean root values,pair_f0d3d3dd,all normalized constructors,App,1037
Matched human Lean root values,pair_f0d3d3dd,all normalized constructors,Lam,11
Matched human Lean root values,pair_f0d3d3dd,all normalized constructors,Let,2
Matched human Lean root values,pair_f0d3d3dd,shared binary core,Pi,10
Matched human Lean root values,pair_f0d3d3dd,shared binary core,App,1037
Matched human Lean root values,pair_f0d3d3dd,shared binary core,Lam,11
Matched human Lean root values,pair_f0d3d3dd,shared binary core,Let,2
Matched AI Lean root values,pair_f0d3d3dd,all normalized constructors,Pi,11
Matched AI Lean root values,pair_f0d3d3dd,all normalized constructors,App,893
Matched AI Lean root values,pair_f0d3d3dd,all normalized constructors,Lam,9
Matched AI Lean root values,pair_f0d3d3dd,all normalized constructors,Let,2
Matched AI Lean root values,pair_f0d3d3dd,shared binary core,Pi,11
Matched AI Lean root values,pair_f0d3d3dd,shared binary core,App,893
Matched AI Lean root values,pair_f0d3d3dd,shared binary core,Lam,9
Matched AI Lean root values,pair_f0d3d3dd,shared binary core,Let,2
Matched human Lean root values,pair_f1a813ba,all normalized constructors,App,1017
Matched human Lean root values,pair_f1a813ba,all normalized constructors,Lam,13
Matched human Lean root values,pair_f1a813ba,all normalized constructors,Pi,2
Matched human Lean root values,pair_f1a813ba,all normalized constructors,Let,4
Matched human Lean root values,pair_f1a813ba,shared binary core,App,1017
Matched human Lean root values,pair_f1a813ba,shared binary core,Lam,13
Matched human Lean root values,pair_f1a813ba,shared binary core,Pi,2
Matched human Lean root values,pair_f1a813ba,shared binary core,Let,4
Matched AI Lean root values,pair_f1a813ba,all normalized constructors,App,1037
Matched AI Lean root values,pair_f1a813ba,all normalized constructors,Lam,19
Matched AI Lean root values,pair_f1a813ba,all normalized constructors,Pi,2
Matched AI Lean root values,pair_f1a813ba,all normalized constructors,Let,3
Matched AI Lean root values,pair_f1a813ba,shared binary core,App,1037
Matched AI Lean root values,pair_f1a813ba,shared binary core,Lam,19
Matched AI Lean root values,pair_f1a813ba,shared binary core,Pi,2
Matched AI Lean root values,pair_f1a813ba,shared binary core,Let,3
Matched human Lean root values,pair_f2ee8d3a,all normalized constructors,App,8410
Matched human Lean root values,pair_f2ee8d3a,all normalized constructors,Lam,99
Matched human Lean root values,pair_f2ee8d3a,all normalized constructors,Pi,18
Matched human Lean root values,pair_f2ee8d3a,all normalized constructors,Let,6
Matched human Lean root values,pair_f2ee8d3a,shared binary core,App,8410
Matched human Lean root values,pair_f2ee8d3a,shared binary core,Lam,99
Matched human Lean root values,pair_f2ee8d3a,shared binary core,Pi,18
Matched human Lean root values,pair_f2ee8d3a,shared binary core,Let,6
Matched AI Lean root values,pair_f2ee8d3a,all normalized constructors,App,13281
Matched AI Lean root values,pair_f2ee8d3a,all normalized constructors,Lam,122
Matched AI Lean root values,pair_f2ee8d3a,all normalized constructors,Pi,29
Matched AI Lean root values,pair_f2ee8d3a,all normalized constructors,Let,26
Matched AI Lean root values,pair_f2ee8d3a,shared binary core,App,13281
Matched AI Lean root values,pair_f2ee8d3a,shared binary core,Lam,122
Matched AI Lean root values,pair_f2ee8d3a,shared binary core,Pi,29
Matched AI Lean root values,pair_f2ee8d3a,shared binary core,Let,26
Matched human Lean root values,pair_f39ff433,all normalized constructors,App,3281
Matched human Lean root values,pair_f39ff433,all normalized constructors,Lam,133
Matched human Lean root values,pair_f39ff433,all normalized constructors,Pi,2
Matched human Lean root values,pair_f39ff433,all normalized constructors,Let,6
Matched human Lean root values,pair_f39ff433,shared binary core,App,3281
Matched human Lean root values,pair_f39ff433,shared binary core,Lam,133
Matched human Lean root values,pair_f39ff433,shared binary core,Pi,2
Matched human Lean root values,pair_f39ff433,shared binary core,Let,6
Matched AI Lean root values,pair_f39ff433,all normalized constructors,App,1774
Matched AI Lean root values,pair_f39ff433,all normalized constructors,Lam,240
Matched AI Lean root values,pair_f39ff433,all normalized constructors,Pi,26
Matched AI Lean root values,pair_f39ff433,all normalized constructors,Let,4
Matched AI Lean root values,pair_f39ff433,shared binary core,App,1774
Matched AI Lean root values,pair_f39ff433,shared binary core,Lam,240
Matched AI Lean root values,pair_f39ff433,shared binary core,Pi,26
Matched AI Lean root values,pair_f39ff433,shared binary core,Let,4
Matched human Lean root values,pair_f46b4569,all normalized constructors,App,3206
Matched human Lean root values,pair_f46b4569,all normalized constructors,Lam,39
Matched human Lean root values,pair_f46b4569,all normalized constructors,Pi,6
Matched human Lean root values,pair_f46b4569,all normalized constructors,Let,1
Matched human Lean root values,pair_f46b4569,shared binary core,App,3206
Matched human Lean root values,pair_f46b4569,shared binary core,Lam,39
Matched human Lean root values,pair_f46b4569,shared binary core,Pi,6
Matched human Lean root values,pair_f46b4569,shared binary core,Let,1
Matched AI Lean root values,pair_f46b4569,all normalized constructors,App,6246
Matched AI Lean root values,pair_f46b4569,all normalized constructors,Lam,22
Matched AI Lean root values,pair_f46b4569,all normalized constructors,Pi,4
Matched AI Lean root values,pair_f46b4569,all normalized constructors,Let,2
Matched AI Lean root values,pair_f46b4569,shared binary core,App,6246
Matched AI Lean root values,pair_f46b4569,shared binary core,Lam,22
Matched AI Lean root values,pair_f46b4569,shared binary core,Pi,4
Matched AI Lean root values,pair_f46b4569,shared binary core,Let,2
Matched human Lean root values,pair_f4b1f0c5,all normalized constructors,App,10906
Matched human Lean root values,pair_f4b1f0c5,all normalized constructors,Lam,104
Matched human Lean root values,pair_f4b1f0c5,all normalized constructors,Let,31
Matched human Lean root values,pair_f4b1f0c5,all normalized constructors,Pi,4
Matched human Lean root values,pair_f4b1f0c5,shared binary core,App,10906
Matched human Lean root values,pair_f4b1f0c5,shared binary core,Lam,104
Matched human Lean root values,pair_f4b1f0c5,shared binary core,Let,31
Matched human Lean root values,pair_f4b1f0c5,shared binary core,Pi,4
Matched AI Lean root values,pair_f4b1f0c5,all normalized constructors,App,7305
Matched AI Lean root values,pair_f4b1f0c5,all normalized constructors,Lam,90
Matched AI Lean root values,pair_f4b1f0c5,all normalized constructors,Pi,4
Matched AI Lean root values,pair_f4b1f0c5,all normalized constructors,Let,18
Matched AI Lean root values,pair_f4b1f0c5,shared binary core,App,7305
Matched AI Lean root values,pair_f4b1f0c5,shared binary core,Lam,90
Matched AI Lean root values,pair_f4b1f0c5,shared binary core,Pi,4
Matched AI Lean root values,pair_f4b1f0c5,shared binary core,Let,18
Matched human Lean root values,pair_f508c4f1,all normalized constructors,App,472
Matched human Lean root values,pair_f508c4f1,all normalized constructors,Lam,29
Matched human Lean root values,pair_f508c4f1,all normalized constructors,Pi,23
Matched human Lean root values,pair_f508c4f1,shared binary core,App,472
Matched human Lean root values,pair_f508c4f1,shared binary core,Lam,29
Matched human Lean root values,pair_f508c4f1,shared binary core,Pi,23
Matched AI Lean root values,pair_f508c4f1,all normalized constructors,App,2324
Matched AI Lean root values,pair_f508c4f1,all normalized constructors,Lam,40
Matched AI Lean root values,pair_f508c4f1,all normalized constructors,Pi,8
Matched AI Lean root values,pair_f508c4f1,all normalized constructors,Let,3
Matched AI Lean root values,pair_f508c4f1,shared binary core,App,2324
Matched AI Lean root values,pair_f508c4f1,shared binary core,Lam,40
Matched AI Lean root values,pair_f508c4f1,shared binary core,Pi,8
Matched AI Lean root values,pair_f508c4f1,shared binary core,Let,3
Matched human Lean root values,pair_f54301fd,all normalized constructors,Pi,8
Matched human Lean root values,pair_f54301fd,all normalized constructors,App,3253
Matched human Lean root values,pair_f54301fd,all normalized constructors,Lam,37
Matched human Lean root values,pair_f54301fd,all normalized constructors,Let,1
Matched human Lean root values,pair_f54301fd,shared binary core,Pi,8
Matched human Lean root values,pair_f54301fd,shared binary core,App,3253
Matched human Lean root values,pair_f54301fd,shared binary core,Lam,37
Matched human Lean root values,pair_f54301fd,shared binary core,Let,1
Matched AI Lean root values,pair_f54301fd,all normalized constructors,Pi,7
Matched AI Lean root values,pair_f54301fd,all normalized constructors,App,5955
Matched AI Lean root values,pair_f54301fd,all normalized constructors,Lam,61
Matched AI Lean root values,pair_f54301fd,all normalized constructors,Let,18
Matched AI Lean root values,pair_f54301fd,shared binary core,Pi,7
Matched AI Lean root values,pair_f54301fd,shared binary core,App,5955
Matched AI Lean root values,pair_f54301fd,shared binary core,Lam,61
Matched AI Lean root values,pair_f54301fd,shared binary core,Let,18
Matched human Lean root values,pair_f549052a,all normalized constructors,Pi,44
Matched human Lean root values,pair_f549052a,all normalized constructors,App,1334
Matched human Lean root values,pair_f549052a,all normalized constructors,Lam,55
Matched human Lean root values,pair_f549052a,all normalized constructors,Let,1
Matched human Lean root values,pair_f549052a,shared binary core,Pi,44
Matched human Lean root values,pair_f549052a,shared binary core,App,1334
Matched human Lean root values,pair_f549052a,shared binary core,Lam,55
Matched human Lean root values,pair_f549052a,shared binary core,Let,1
Matched AI Lean root values,pair_f549052a,all normalized constructors,Pi,38
Matched AI Lean root values,pair_f549052a,all normalized constructors,App,4377
Matched AI Lean root values,pair_f549052a,all normalized constructors,Lam,83
Matched AI Lean root values,pair_f549052a,all normalized constructors,Let,17
Matched AI Lean root values,pair_f549052a,shared binary core,Pi,38
Matched AI Lean root values,pair_f549052a,shared binary core,App,4377
Matched AI Lean root values,pair_f549052a,shared binary core,Lam,83
Matched AI Lean root values,pair_f549052a,shared binary core,Let,17
Matched human Lean root values,pair_f5a9005d,all normalized constructors,Pi,9
Matched human Lean root values,pair_f5a9005d,all normalized constructors,App,4618
Matched human Lean root values,pair_f5a9005d,all normalized constructors,Lam,79
Matched human Lean root values,pair_f5a9005d,all normalized constructors,Let,1
Matched human Lean root values,pair_f5a9005d,shared binary core,Pi,9
Matched human Lean root values,pair_f5a9005d,shared binary core,App,4618
Matched human Lean root values,pair_f5a9005d,shared binary core,Lam,79
Matched human Lean root values,pair_f5a9005d,shared binary core,Let,1
Matched AI Lean root values,pair_f5a9005d,all normalized constructors,Pi,9
Matched AI Lean root values,pair_f5a9005d,all normalized constructors,App,7269
Matched AI Lean root values,pair_f5a9005d,all normalized constructors,Lam,93
Matched AI Lean root values,pair_f5a9005d,all normalized constructors,Let,12
Matched AI Lean root values,pair_f5a9005d,shared binary core,Pi,9
Matched AI Lean root values,pair_f5a9005d,shared binary core,App,7269
Matched AI Lean root values,pair_f5a9005d,shared binary core,Lam,93
Matched AI Lean root values,pair_f5a9005d,shared binary core,Let,12
Matched human Lean root values,pair_f5d4e5bf,all normalized constructors,Pi,6
Matched human Lean root values,pair_f5d4e5bf,all normalized constructors,App,3368
Matched human Lean root values,pair_f5d4e5bf,all normalized constructors,Lam,18
Matched human Lean root values,pair_f5d4e5bf,all normalized constructors,Let,4
Matched human Lean root values,pair_f5d4e5bf,shared binary core,Pi,6
Matched human Lean root values,pair_f5d4e5bf,shared binary core,App,3368
Matched human Lean root values,pair_f5d4e5bf,shared binary core,Lam,18
Matched human Lean root values,pair_f5d4e5bf,shared binary core,Let,4
Matched AI Lean root values,pair_f5d4e5bf,all normalized constructors,Pi,4
Matched AI Lean root values,pair_f5d4e5bf,all normalized constructors,App,1606
Matched AI Lean root values,pair_f5d4e5bf,all normalized constructors,Lam,15
Matched AI Lean root values,pair_f5d4e5bf,all normalized constructors,Let,2
Matched AI Lean root values,pair_f5d4e5bf,shared binary core,Pi,4
Matched AI Lean root values,pair_f5d4e5bf,shared binary core,App,1606
Matched AI Lean root values,pair_f5d4e5bf,shared binary core,Lam,15
Matched AI Lean root values,pair_f5d4e5bf,shared binary core,Let,2
Matched human Lean root values,pair_f5e39d77,all normalized constructors,Pi,9
Matched human Lean root values,pair_f5e39d77,all normalized constructors,App,1502
Matched human Lean root values,pair_f5e39d77,all normalized constructors,Lam,29
Matched human Lean root values,pair_f5e39d77,all normalized constructors,Let,8
Matched human Lean root values,pair_f5e39d77,shared binary core,Pi,9
Matched human Lean root values,pair_f5e39d77,shared binary core,App,1502
Matched human Lean root values,pair_f5e39d77,shared binary core,Lam,29
Matched human Lean root values,pair_f5e39d77,shared binary core,Let,8
Matched AI Lean root values,pair_f5e39d77,all normalized constructors,Pi,3
Matched AI Lean root values,pair_f5e39d77,all normalized constructors,App,1059
Matched AI Lean root values,pair_f5e39d77,all normalized constructors,Lam,3
Matched AI Lean root values,pair_f5e39d77,shared binary core,Pi,3
Matched AI Lean root values,pair_f5e39d77,shared binary core,App,1059
Matched AI Lean root values,pair_f5e39d77,shared binary core,Lam,3
Matched human Lean root values,pair_f700873e,all normalized constructors,Pi,9
Matched human Lean root values,pair_f700873e,all normalized constructors,App,497
Matched human Lean root values,pair_f700873e,all normalized constructors,Lam,17
Matched human Lean root values,pair_f700873e,all normalized constructors,Let,6
Matched human Lean root values,pair_f700873e,shared binary core,Pi,9
Matched human Lean root values,pair_f700873e,shared binary core,App,497
Matched human Lean root values,pair_f700873e,shared binary core,Lam,17
Matched human Lean root values,pair_f700873e,shared binary core,Let,6
Matched AI Lean root values,pair_f700873e,all normalized constructors,Pi,10
Matched AI Lean root values,pair_f700873e,all normalized constructors,App,1644
Matched AI Lean root values,pair_f700873e,all normalized constructors,Lam,17
Matched AI Lean root values,pair_f700873e,all normalized constructors,Let,4
Matched AI Lean root values,pair_f700873e,shared binary core,Pi,10
Matched AI Lean root values,pair_f700873e,shared binary core,App,1644
Matched AI Lean root values,pair_f700873e,shared binary core,Lam,17
Matched AI Lean root values,pair_f700873e,shared binary core,Let,4
Matched human Lean root values,pair_f7ca2998,all normalized constructors,Pi,5
Matched human Lean root values,pair_f7ca2998,all normalized constructors,App,1106
Matched human Lean root values,pair_f7ca2998,all normalized constructors,Lam,7
Matched human Lean root values,pair_f7ca2998,all normalized constructors,Let,3
Matched human Lean root values,pair_f7ca2998,shared binary core,Pi,5
Matched human Lean root values,pair_f7ca2998,shared binary core,App,1106
Matched human Lean root values,pair_f7ca2998,shared binary core,Lam,7
Matched human Lean root values,pair_f7ca2998,shared binary core,Let,3
Matched AI Lean root values,pair_f7ca2998,all normalized constructors,Pi,6
Matched AI Lean root values,pair_f7ca2998,all normalized constructors,App,1594
Matched AI Lean root values,pair_f7ca2998,all normalized constructors,Lam,13
Matched AI Lean root values,pair_f7ca2998,all normalized constructors,Let,6
Matched AI Lean root values,pair_f7ca2998,shared binary core,Pi,6
Matched AI Lean root values,pair_f7ca2998,shared binary core,App,1594
Matched AI Lean root values,pair_f7ca2998,shared binary core,Lam,13
Matched AI Lean root values,pair_f7ca2998,shared binary core,Let,6
Matched human Lean root values,pair_f8026f2d,all normalized constructors,App,668
Matched human Lean root values,pair_f8026f2d,all normalized constructors,Lam,18
Matched human Lean root values,pair_f8026f2d,all normalized constructors,Pi,22
Matched human Lean root values,pair_f8026f2d,shared binary core,App,668
Matched human Lean root values,pair_f8026f2d,shared binary core,Lam,18
Matched human Lean root values,pair_f8026f2d,shared binary core,Pi,22
Matched AI Lean root values,pair_f8026f2d,all normalized constructors,App,542
Matched AI Lean root values,pair_f8026f2d,all normalized constructors,Lam,19
Matched AI Lean root values,pair_f8026f2d,all normalized constructors,Pi,5
Matched AI Lean root values,pair_f8026f2d,shared binary core,App,542
Matched AI Lean root values,pair_f8026f2d,shared binary core,Lam,19
Matched AI Lean root values,pair_f8026f2d,shared binary core,Pi,5
Matched human Lean root values,pair_f827a253,all normalized constructors,App,3801
Matched human Lean root values,pair_f827a253,all normalized constructors,Lam,570
Matched human Lean root values,pair_f827a253,all normalized constructors,Pi,22
Matched human Lean root values,pair_f827a253,all normalized constructors,Let,14
Matched human Lean root values,pair_f827a253,shared binary core,App,3801
Matched human Lean root values,pair_f827a253,shared binary core,Lam,570
Matched human Lean root values,pair_f827a253,shared binary core,Pi,22
Matched human Lean root values,pair_f827a253,shared binary core,Let,14
Matched AI Lean root values,pair_f827a253,all normalized constructors,App,3122
Matched AI Lean root values,pair_f827a253,all normalized constructors,Lam,181
Matched AI Lean root values,pair_f827a253,all normalized constructors,Let,44
Matched AI Lean root values,pair_f827a253,all normalized constructors,Pi,25
Matched AI Lean root values,pair_f827a253,shared binary core,App,3122
Matched AI Lean root values,pair_f827a253,shared binary core,Lam,181
Matched AI Lean root values,pair_f827a253,shared binary core,Let,44
Matched AI Lean root values,pair_f827a253,shared binary core,Pi,25
Matched human Lean root values,pair_f85a44af,all normalized constructors,App,7084
Matched human Lean root values,pair_f85a44af,all normalized constructors,Lam,55
Matched human Lean root values,pair_f85a44af,all normalized constructors,Pi,8
Matched human Lean root values,pair_f85a44af,all normalized constructors,Let,6
Matched human Lean root values,pair_f85a44af,shared binary core,App,7084
Matched human Lean root values,pair_f85a44af,shared binary core,Lam,55
Matched human Lean root values,pair_f85a44af,shared binary core,Pi,8
Matched human Lean root values,pair_f85a44af,shared binary core,Let,6
Matched AI Lean root values,pair_f85a44af,all normalized constructors,App,7343
Matched AI Lean root values,pair_f85a44af,all normalized constructors,Lam,75
Matched AI Lean root values,pair_f85a44af,all normalized constructors,Pi,3
Matched AI Lean root values,pair_f85a44af,all normalized constructors,Let,19
Matched AI Lean root values,pair_f85a44af,shared binary core,App,7343
Matched AI Lean root values,pair_f85a44af,shared binary core,Lam,75
Matched AI Lean root values,pair_f85a44af,shared binary core,Pi,3
Matched AI Lean root values,pair_f85a44af,shared binary core,Let,19
Matched human Lean root values,pair_f9baa4be,all normalized constructors,App,2028
Matched human Lean root values,pair_f9baa4be,all normalized constructors,Lam,17
Matched human Lean root values,pair_f9baa4be,all normalized constructors,Pi,4
Matched human Lean root values,pair_f9baa4be,shared binary core,App,2028
Matched human Lean root values,pair_f9baa4be,shared binary core,Lam,17
Matched human Lean root values,pair_f9baa4be,shared binary core,Pi,4
Matched AI Lean root values,pair_f9baa4be,all normalized constructors,App,1983
Matched AI Lean root values,pair_f9baa4be,all normalized constructors,Pi,3
Matched AI Lean root values,pair_f9baa4be,all normalized constructors,Lam,17
Matched AI Lean root values,pair_f9baa4be,shared binary core,App,1983
Matched AI Lean root values,pair_f9baa4be,shared binary core,Pi,3
Matched AI Lean root values,pair_f9baa4be,shared binary core,Lam,17
Matched human Lean root values,pair_fc9929da,all normalized constructors,App,121
Matched human Lean root values,pair_fc9929da,all normalized constructors,Lam,17
Matched human Lean root values,pair_fc9929da,shared binary core,App,121
Matched human Lean root values,pair_fc9929da,shared binary core,Lam,17
Matched AI Lean root values,pair_fc9929da,all normalized constructors,App,292
Matched AI Lean root values,pair_fc9929da,all normalized constructors,Lam,28
Matched AI Lean root values,pair_fc9929da,all normalized constructors,Let,7
Matched AI Lean root values,pair_fc9929da,shared binary core,App,292
Matched AI Lean root values,pair_fc9929da,shared binary core,Lam,28
Matched AI Lean root values,pair_fc9929da,shared binary core,Let,7
Matched human Lean root values,pair_fccad9e3,all normalized constructors,App,2458
Matched human Lean root values,pair_fccad9e3,all normalized constructors,Lam,35
Matched human Lean root values,pair_fccad9e3,all normalized constructors,Pi,9
Matched human Lean root values,pair_fccad9e3,all normalized constructors,Let,15
Matched human Lean root values,pair_fccad9e3,shared binary core,App,2458
Matched human Lean root values,pair_fccad9e3,shared binary core,Lam,35
Matched human Lean root values,pair_fccad9e3,shared binary core,Pi,9
Matched human Lean root values,pair_fccad9e3,shared binary core,Let,15
Matched AI Lean root values,pair_fccad9e3,all normalized constructors,App,1481
Matched AI Lean root values,pair_fccad9e3,all normalized constructors,Lam,24
Matched AI Lean root values,pair_fccad9e3,all normalized constructors,Let,9
Matched AI Lean root values,pair_fccad9e3,all normalized constructors,Pi,4
Matched AI Lean root values,pair_fccad9e3,shared binary core,App,1481
Matched AI Lean root values,pair_fccad9e3,shared binary core,Lam,24
Matched AI Lean root values,pair_fccad9e3,shared binary core,Let,9
Matched AI Lean root values,pair_fccad9e3,shared binary core,Pi,4
Matched human Lean root values,pair_fd852ae5,all normalized constructors,Pi,31
Matched human Lean root values,pair_fd852ae5,all normalized constructors,App,9363
Matched human Lean root values,pair_fd852ae5,all normalized constructors,Lam,96
Matched human Lean root values,pair_fd852ae5,all normalized constructors,Let,15
Matched human Lean root values,pair_fd852ae5,shared binary core,Pi,31
Matched human Lean root values,pair_fd852ae5,shared binary core,App,9363
Matched human Lean root values,pair_fd852ae5,shared binary core,Lam,96
Matched human Lean root values,pair_fd852ae5,shared binary core,Let,15
Matched AI Lean root values,pair_fd852ae5,all normalized constructors,Pi,24
Matched AI Lean root values,pair_fd852ae5,all normalized constructors,App,4916
Matched AI Lean root values,pair_fd852ae5,all normalized constructors,Lam,61
Matched AI Lean root values,pair_fd852ae5,all normalized constructors,Let,10
Matched AI Lean root values,pair_fd852ae5,shared binary core,Pi,24
Matched AI Lean root values,pair_fd852ae5,shared binary core,App,4916
Matched AI Lean root values,pair_fd852ae5,shared binary core,Lam,61
Matched AI Lean root values,pair_fd852ae5,shared binary core,Let,10
Matched human Lean root values,pair_fe3e5ba4,all normalized constructors,App,1608
Matched human Lean root values,pair_fe3e5ba4,all normalized constructors,Lam,40
Matched human Lean root values,pair_fe3e5ba4,all normalized constructors,Pi,15
Matched human Lean root values,pair_fe3e5ba4,shared binary core,App,1608
Matched human Lean root values,pair_fe3e5ba4,shared binary core,Lam,40
Matched human Lean root values,pair_fe3e5ba4,shared binary core,Pi,15
Matched AI Lean root values,pair_fe3e5ba4,all normalized constructors,App,4999
Matched AI Lean root values,pair_fe3e5ba4,all normalized constructors,Lam,26
Matched AI Lean root values,pair_fe3e5ba4,all normalized constructors,Pi,7
Matched AI Lean root values,pair_fe3e5ba4,all normalized constructors,Let,5
Matched AI Lean root values,pair_fe3e5ba4,shared binary core,App,4999
Matched AI Lean root values,pair_fe3e5ba4,shared binary core,Lam,26
Matched AI Lean root values,pair_fe3e5ba4,shared binary core,Pi,7
Matched AI Lean root values,pair_fe3e5ba4,shared binary core,Let,5
