corpus,name,nodes,positive_nodes,zero_fraction,positive_mean,positive_variance,variance_ratio_to_ztp,fraction_degree_1,fraction_degree_2,fraction_degree_3,max_degree,poisson_lambda,poisson_ks,poisson_bootstrap_p,poisson_aic,geometric_aic,negative_binomial_aic,cmp_aic,cmp_nu,cmp_at_bound,aic_winner,delta_aic_poisson_cmp,delta_aic_poisson_cmp_per_positive_node,ordinary_poisson_aic_all,zero_inflated_poisson_aic_all,zip_lambda,zip_pi,zip_at_zero_boundary,zip_ks,zip_bootstrap_p,hurdle_poisson_aic_all,hurdle_geometric_aic_all,hurdle_negative_binomial_aic_all,hurdle_cmp_aic_all,mixed_model_aic_winner,delta_aic_zip_hurdle_cmp,delta_aic_zip_best_full_model,delta_aic_hurdle_poisson_cmp,schema
Coq root values,Alt_PI_eq,5428,4659,0.14167280766396462,2.0489375402446877,0.06414300082082233,0.05132007154744555,0.006224511697789225,0.9411890963726122,0.05001073191672033,4,1.6589424085694704,0.3837706199774232,0.005,10818.752455044589,13230.119821699649,10820.753178713801,2473.1682509268867,18.63172776453394,False,cmp,8345.584204117702,1.7912822932212282,15305.717186640564,15307.717186640564,1.7586588061901254,0.0,True,0.3282345785133154,0.005,15249.875977520867,17661.243344175928,15251.876701190082,6904.291773403166,hurdle_cmp,8403.425413237397,8403.425413237397,8345.584204117702,all normalized constructors
Coq root values,Alt_PI_eq,5267,4498,0.1460034175052212,2.0509115162294353,0.05009810199721195,0.040002001623828075,0.0008892841262783459,0.947309915518008,0.05180080035571365,3,1.6615618878735336,0.38846034422961867,0.005,10429.340374165993,12784.880236103503,10431.340960569321,1901.0338905512472,24.365521749640212,False,cmp,8528.306483614746,1.896021894978823,14853.54238349463,14855.54238349463,1.7514714258591229,0.0,True,0.3306681554111078,0.005,14810.466478961065,17166.006340898573,14812.467065364392,6282.159995346318,hurdle_cmp,8573.382388148311,8573.382388148311,8528.306483614746,shared binary core
Coq root values,Bertrand,1197,1014,0.15288220551378445,2.0187376725838266,0.028248505148823766,0.0233225815050106,0.0029585798816568047,0.9773175542406312,0.01775147928994083,4,1.6187206981165687,0.39705839458559683,0.005,2316.12453854303,2839.568199037658,2318.1248110682614,283.438627516618,22.562753545602828,False,cmp,2032.6859110264122,2.004621214029992,3350.369400940436,3352.369400940436,1.710108604845447,0.0,True,0.3347242382103077,0.005,3341.9812602503694,3865.424920744997,3343.9815327756005,1309.2953492239571,hurdle_cmp,2043.074051716479,2043.074051716479,2032.6859110264122,all normalized constructors
Coq root values,Bertrand,1167,984,0.15681233933161953,2.018292682926829,0.01795806067816776,0.01483353746640929,0.0,0.9817073170731707,0.018292682926829267,3,1.618125960700489,0.40016672222633554,0.005,2243.6413464763136,2755.0174569564942,2245.6414652953945,183.7138544159825,126.61976731753207,False,cmp,2059.927492060331,2.0934222480287916,3265.8060584046966,3267.8060584046966,1.7017994858611825,0.0,True,0.3358745307970466,0.005,3259.4049188943404,3770.781029374521,3261.4050377134213,1199.4774268340093,hurdle_cmp,2068.3286315706873,2068.3286315706873,2059.927492060331,shared binary core
Coq root values,CSB,75,55,0.26666666666666666,1.981818181818182,0.017851239669421492,0.01533587809542996,0.01818181818181818,0.9818181818181818,0.0,2,1.5691667639575275,0.3944695996788323,0.005,125.56778933883999,153.0969109214399,127.56798238876672,13.996373346639302,403.0120973608778,False,cmp,111.57141599220068,2.0285711998581943,213.35846592543643,214.55506505155512,1.5691667639575275,0.0738184323583674,False,0.28927770643114364,0.005,214.55506505155512,242.08418663415503,216.55525810148185,102.98364905935443,hurdle_cmp,111.57141599220068,111.57141599220068,111.57141599220068,all normalized constructors
Coq root values,CSB,74,54,0.2702702702702703,2.0,0.0,0.0,0.0,1.0,0.0,2,1.5936242600400345,0.40637573995996135,0.005,123.78225032001399,151.7197910009482,125.7822630636729,4.000000000007276,438.8091972188949,False,cmp,119.78225032000671,2.218189820740865,211.1976105737433,212.14431614312983,1.5936242600400345,0.08418847776401676,False,0.2965444588897015,0.005,212.14431614312983,240.08185682406403,214.14432888678874,92.36206582312312,hurdle_cmp,119.78225032000671,119.78225032000671,119.78225032000671,shared binary core
Coq root values,Cardan_Tartaglia,8253,7332,0.11159578335150855,2.0456901254773596,0.045784752859395074,0.036754136765042494,0.0008183306055646482,0.9529459901800328,0.04596290234588107,4,1.6546305397958518,0.3902412550759382,0.005,16954.496885136672,20787.546334762796,16956.975304208074,2887.3872976273415,24.326997795772073,False,cmp,14067.10958750933,1.9185910512151296,22985.38876416872,22987.38876416872,1.8173997334302678,0.0,True,0.3453570594596071,0.005,22730.935387147732,26563.984836773856,22733.413806219134,8663.825799638402,hurdle_cmp,14323.56296453032,14323.56296453032,14067.10958750933,all normalized constructors
Coq root values,Cardan_Tartaglia,8015,7094,0.11490954460386775,2.0472230053566394,0.045556849902104006,0.03651365044256112,0.000281928390188892,0.9522131378629828,0.04750493374682831,3,1.6566662671004535,0.39027480986599233,0.005,16412.939829923725,20127.42492321209,16414.940658191434,2751.86907782848,27.437890657891273,False,cmp,13661.070752095246,1.9257218426973846,22354.575432840247,22356.575432840247,1.8119775421085464,0.0,True,0.34412353128987927,0.005,22132.173819678563,25846.658912966926,22134.17464794627,8471.103067583317,hurdle_cmp,13885.47236525693,13885.47236525693,13661.070752095246,shared binary core
Coq root values,Cauchy_Schwarz_inequality,1678,1449,0.1364719904648391,2.028985507246377,0.03090587211570199,0.025243298123176876,0.0013802622498274672,0.9682539682539683,0.03036576949620428,3,1.6324003127969942,0.3952049321995508,0.005,3323.5692168190117,4077.105401282649,3325.5694139899465,428.37882844482374,24.70217425690674,False,cmp,2895.190388374188,1.9980609995681076,4687.10081890649,4689.10081890649,1.7520858164481525,0.0,True,0.33958043652436404,0.005,4662.958933208953,5416.49511767259,4664.959130379888,1767.7685448347647,hurdle_cmp,2921.332274071725,2921.332274071725,2895.190388374188,all normalized constructors
Coq root values,Cauchy_Schwarz_inequality,1643,1414,0.1393791844187462,2.0304101838755306,0.030899831749188252,0.02520083640581213,0.0007072135785007072,0.9681753889674681,0.031117397454031116,3,1.6342995421697746,0.39540342812725077,0.005,3245.015861008899,3981.407060223289,3247.076959783163,412.42124075753964,26.29092353507457,False,cmp,2832.594620251359,2.0032493778298157,4594.691674180043,4596.691674180043,1.7474132684114425,0.0,True,0.3386775897102118,0.005,4574.017415472486,5310.408614686878,4576.078514246751,1741.4227952211277,hurdle_cmp,2855.2688789589156,2855.2688789589156,2832.5946202513587,shared binary core
Coq root values,Cayley_Hamilton,982,791,0.1945010183299389,2.0012642225031607,0.02401862930151307,0.02020300012960009,0.007585335018963337,0.9873577749683944,0.0012642225031605564,4,1.5953209539944395,0.3983579334897536,0.005,1793.7402567983238,2196.5033419408055,1795.743289113455,194.01983155141352,22.18628021530273,False,cmp,1599.7204252469103,2.0224025603627185,2761.627848622133,2763.627848622133,1.6120162932790223,0.0,True,0.32044704112645894,0.005,2763.3717518842536,3166.1348370267356,2765.374784199385,1163.6513266373436,hurdle_cmp,1599.9765219847895,1599.9765219847895,1599.72042524691,all normalized constructors
Coq root values,Cayley_Hamilton,971,780,0.19670442842430483,2.0012820512820513,0.001280407626561473,0.001076979841520363,0.0,0.9987179487179487,0.001282051282051282,3,1.5953448781385402,0.4059371731435071,0.005,1762.3410726275754,2166.004857093115,1764.4414786106242,19.317305239848793,124.7471425861423,False,cmp,1743.0237673877266,2.2346458556252906,2725.3203044071884,2727.3203044071884,1.607621009268795,0.0,True,0.3257681937356084,0.005,2727.1841098290415,3130.847894294581,2729.28451581209,984.1603424413147,hurdle_cmp,1743.1599619658737,1743.1599619658737,1743.0237673877268,shared binary core
Coq root values,Ceva,2060,1587,0.22961165048543689,2.0396975425330814,0.03938188709541013,0.03181010219943048,0.000630119722747322,0.9590422180214241,0.04032766225582861,3,1.6466653894832999,0.3924020333270295,0.005,3659.486628078417,4488.208634215417,3661.4868380973467,557.0148291400692,25.89089990522253,False,cmp,3102.471798938348,1.9549286697784172,5889.419246554358,5881.3701021627685,1.6466653894832999,0.04573252505535597,False,0.3023019548009689,0.005,5881.3701021627685,6710.092108299768,5883.370312181698,2778.8983032244205,hurdle_cmp,3102.471798938348,3102.471798938348,3102.471798938348,all normalized constructors
Coq root values,Ceva,2040,1567,0.23186274509803922,2.0408423739629864,0.039174274452054146,0.03160499055084459,0.0,0.9591576260370134,0.0408423739629866,3,1.6481878961295149,0.39265447783346696,0.005,3614.743408869172,4434.088480853865,3616.7531362441164,538.6982572787674,78.6747225798153,False,cmp,3076.0451515904047,1.963015412629486,5835.458778094529,5826.134154112144,1.6481878961295149,0.04886629582411407,False,0.3016125327279621,0.005,5826.134154112144,6645.479226096836,5828.143881487087,2750.0890025217386,hurdle_cmp,3076.045151590405,3076.045151590405,3076.045151590405,shared binary core
Coq root values,Desargues,2055,1684,0.1805352798053528,2.0338479809976246,0.03745288900423716,0.030436067529631444,0.0017814726840855108,0.9631828978622328,0.0344418052256532,4,1.6388799125070077,0.3931865958065272,0.005,3873.321096288968,4749.109529902944,3875.84380697919,579.1918431924569,23.09335768195913,False,cmp,3294.129253096511,1.9561337607461466,5815.614137030577,5817.614137030577,1.6666666666666667,0.0,True,0.3216731404135468,0.005,5816.080305423875,6691.868739037851,5818.603016114097,2521.9510523273643,hurdle_cmp,3295.6630847032125,3295.6630847032125,3294.1292530965106,all normalized constructors
Coq root values,Desargues,2032,1661,0.18257874015748032,2.0349187236604456,0.033699406398370955,0.02735533540167216,0.0,0.9650812763395545,0.034918723660445516,3,1.6403057912001293,0.3946129324603118,0.005,3819.6287056388837,4686.679625463354,3821.628921086905,507.09964365058113,79.74688492467543,False,cmp,3312.5290619883026,1.9942980505649022,5752.2129440016815,5754.2129440016815,1.6633858267716535,0.0,True,0.3221229957392373,0.005,5753.171947598988,6620.2228674234575,5755.172163047008,2440.642885610685,hurdle_cmp,3313.5700583909966,3313.5700583909966,3312.5290619883026,shared binary core
Coq root values,Euler_Poincare_criterion,40,23,0.425,2.0,0.0,0.0,0.0,1.0,0.0,2,1.5936242600400345,0.40637573995996135,0.005,53.87021772889485,65.76954061151497,55.87023670135083,4.000000000040927,142.4357054701648,False,cmp,49.87021772885392,2.168270336037127,113.02667160724289,110.41858642735752,1.5936242600400345,0.2783744394233132,False,0.2336660504769777,0.005,110.41858642735752,122.31790930997764,112.41860539981349,60.548368698503594,hurdle_cmp,49.87021772885393,49.87021772885393,49.87021772885393,all normalized constructors
Coq root values,Euler_Poincare_criterion,40,23,0.425,2.0,0.0,0.0,0.0,1.0,0.0,2,1.5936242600400345,0.40637573995996135,0.005,53.87021772889485,65.76954061151497,55.87023670135083,4.000000000040927,142.4357054701648,False,cmp,49.87021772885392,2.168270336037127,113.02667160724289,110.41858642735752,1.5936242600400345,0.2783744394233132,False,0.2336660504769777,0.005,110.41858642735752,122.31790930997764,112.41860539981349,60.548368698503594,hurdle_cmp,49.87021772885393,49.87021772885393,49.87021772885393,shared binary core
Coq root values,Euler_exp_totient,624,509,0.1842948717948718,2.005893909626719,0.03336408304738672,0.027924805126472864,0.007858546168958742,0.9842829076620825,0.0019646365422396855,4,1.6015301074805548,0.3965052559772014,0.005,1158.661031025897,1417.397727803359,1160.7044752993595,161.63552696017723,20.667259025451063,False,cmp,997.0255040657198,1.9587927388324555,1755.7301443597332,1757.7301443597332,1.6362179487179487,0.0,True,0.3226062443533637,0.005,1757.0102203789631,2015.746917156425,1759.0536646524256,759.9847163132433,hurdle_cmp,997.7454280464899,997.7454280464899,997.0255040657198,all normalized constructors
Coq root values,Euler_exp_totient,613,498,0.18760195758564438,2.002008032128514,0.0020039999354849116,0.0016842950051753646,0.0,0.9979919678714859,0.002008032128514056,3,1.596318975077281,0.40568905705122876,0.005,1126.3664879734063,1384.1344750273356,1128.367726911322,18.419190776592586,117.29401075503134,False,cmp,1107.9472971968137,2.224793769471513,1718.7184633679417,1720.7184633679417,1.6264274061990212,0.0,True,0.32883457170075636,0.005,1720.1898331910998,1977.9578202450289,1722.1910721290155,612.242535994286,hurdle_cmp,1108.4759273736558,1108.4759273736558,1107.947297196814,shared binary core
Coq root values,FTA,81,54,0.3333333333333333,2.0,0.0,0.0,0.0,1.0,0.0,2,1.5936242600400345,0.40637573995996135,0.005,123.78225032001399,151.7197910009482,125.7822630636729,4.000000000007276,438.8091972188949,False,cmp,119.78225032000671,2.218189820740865,230.72056785088944,228.89754558377365,1.5936242600400345,0.16333268338934862,False,0.2709171599733076,0.005,228.89754558377365,256.83508626470785,230.8975583274326,109.11529526376695,hurdle_cmp,119.7822503200067,119.7822503200067,119.7822503200067,all normalized constructors
Coq root values,FTA,81,54,0.3333333333333333,2.0,0.0,0.0,0.0,1.0,0.0,2,1.5936242600400345,0.40637573995996135,0.005,123.78225032001399,151.7197910009482,125.7822630636729,4.000000000007276,438.8091972188949,False,cmp,119.78225032000671,2.218189820740865,230.72056785088944,228.89754558377365,1.5936242600400345,0.16333268338934862,False,0.2709171599733076,0.005,228.89754558377365,256.83508626470785,230.8975583274326,109.11529526376695,hurdle_cmp,119.7822503200067,119.7822503200067,119.7822503200067,shared binary core
Coq root values,FTC1,1181,959,0.18797629127857748,2.0072992700729926,0.01767351940509807,0.014770029282513327,0.0031282586027111575,0.9885297184567258,0.006256517205422315,4,1.603413594729574,0.40075741674070336,0.005,2177.1595718628987,2670.591190554236,2179.1696782859026,184.14826104771782,24.113860770719494,False,cmp,1993.0113108151809,2.0782182594527434,3319.447325774374,3321.447325774374,1.6299745977984759,0.0,True,0.3247863811419237,0.005,3320.655652543342,3814.0872712346795,3322.665758966346,1327.6443417281612,hurdle_cmp,1993.8029840462127,1993.8029840462127,1993.0113108151809,all normalized constructors
Coq root values,FTC1,1174,952,0.1890971039182283,2.0063025210084033,0.006262799237341995,0.0052394969675372055,0.0,0.9936974789915967,0.0063025210084033615,3,1.602077798782331,0.4042247222260679,0.005,2156.5354068340866,2649.8033815404524,2158.5361774321855,76.76377196639078,122.73270162198317,False,cmp,2079.771634867696,2.184634070239176,3295.793070357092,3297.793070357092,1.626916524701874,0.0,True,0.32718301720543885,0.005,3297.1066799511573,3790.374654657523,3299.107450549256,1217.3350450834612,hurdle_cmp,2080.4580252736305,2080.4580252736305,2079.771634867696,shared binary core
Coq root values,Goedel_sIncompleteness1st,221,153,0.3076923076923077,2.0588235294117645,0.09457900807381775,0.07491262887378708,0.013071895424836602,0.9215686274509803,0.058823529411764705,4,1.6720495774194617,0.37370205656746086,0.005,360.19697646468103,438.42554589877113,362.1969966527154,113.50155986435584,15.812080858739177,False,cmp,246.6954166003252,1.6123883437929751,642.7970225207408,635.017838685492,1.6720495774194617,0.1475495788135575,False,0.25871680839285743,0.005,635.017838685492,713.2464081195822,637.0178588735264,388.32242208516686,hurdle_cmp,246.6954166003252,246.6954166003252,246.6954166003252,all normalized constructors
Coq root values,Goedel_sIncompleteness1st,215,147,0.31627906976744186,2.061224489795918,0.05747605164514785,0.04541407080317224,0.0,0.9387755102040817,0.061224489795918366,3,1.6752284890415179,0.3859960007543953,0.005,344.45093874137325,421.77982536387367,346.50690408179,71.71512102302222,69.14932811662638,False,cmp,272.73581771835103,1.8553456987642927,623.6448571873358,614.7850624193693,1.6752284890415179,0.15874023466033327,False,0.2639135447018423,0.005,614.7850624193693,692.1139490418697,616.841027759786,342.0492447010182,hurdle_cmp,272.7358177183511,272.7358177183511,272.7358177183511,shared binary core
Coq root values,IVT_cor,643,526,0.18195956454121306,2.043726235741445,0.12546444216339692,0.10092147411292882,0.022813688212927757,0.9296577946768061,0.028517110266159697,4,1.6520213866785807,0.368891160849932,0.005,1231.9997045873188,1491.7743076302554,1234.0013713436658,458.3570058570258,13.81585572568433,False,cmp,773.642698730293,1.4708036097534087,1842.2596881745178,1844.2596881745178,1.671850699844479,0.0,True,0.30141598801405156,0.005,1844.0162434141516,2103.7908464570883,1846.0179101704987,1070.3735446838587,hurdle_cmp,773.8861434906592,773.8861434906592,773.642698730293,all normalized constructors
Coq root values,IVT_cor,612,495,0.19117647058823528,2.0282828282828285,0.03152331394755637,0.025766536586277703,0.00202020202020202,0.9676767676767677,0.030303030303030304,3,1.631463347338998,0.3947992789236241,0.005,1136.5308907538529,1393.6443131139267,1138.530947590267,152.782515286548,23.764816657428693,False,cmp,983.7483754673049,1.9873704554895049,1733.7976274326577,1735.7976274326577,1.6405228758169934,0.0,True,0.3191305300482761,0.005,1735.7503188632618,1992.8637412233356,1737.7503756996757,752.0019433959568,hurdle_cmp,983.7956840367009,983.7956840367009,983.748375467305,shared binary core
Coq root values,Lagrange,148,106,0.28378378378378377,2.0,0.05660377358490566,0.04767643221074554,0.018867924528301886,0.9716981132075472,0.0,4,1.5936242600400345,0.38750781543165946,0.005,243.2512715018082,295.8944045574168,245.25129900138484,54.296571998708714,17.828811393034055,False,cmp,188.95469950309948,1.7825915047462215,422.7698504710961,421.81276864842505,1.5936242600400345,0.10114795039801641,False,0.2775393813226751,0.005,421.81276864842505,474.4559017040337,423.8127961480017,232.8580691453256,hurdle_cmp,188.95469950309945,188.95469950309945,188.95469950309945,all normalized constructors
Coq root values,Lagrange,143,101,0.2937062937062937,2.0,0.0,0.0,0.0,1.0,0.0,2,1.5936242600400345,0.40637573995996135,0.005,229.77791263558188,282.0314609462179,231.77903819805937,3.9999999999417923,563.5224792713606,False,cmp,225.7779126356401,2.235424877580595,406.4648113480248,404.93288455217805,1.5936242600400345,0.11360071002437983,False,0.2870206275241685,0.005,404.93288455217805,457.18643286281406,406.9340101146555,179.15497191653793,hurdle_cmp,225.77791263564012,225.77791263564012,225.77791263564012,shared binary core
Coq root values,Law_of_the_Mean,1108,928,0.1624548736462094,2.009698275862069,0.009604219307372172,0.008005868823591332,0.0,0.990301724137931,0.009698275862068966,3,1.606627358698813,0.4030709171632518,0.005,2106.1640865328754,2587.3955516846354,2108.16419612672,105.35696076962631,111.41204167096623,False,cmp,2000.8071257632491,2.1560421613828114,3096.0285347206227,3098.0285347206227,1.6832129963898916,0.0,True,0.3360220208565662,0.005,3091.4438221140313,3572.675287265791,3093.443931707876,1090.6366963507821,hurdle_cmp,2007.3918383698406,2007.3918383698406,2000.8071257632491,all normalized constructors
Coq root values,Law_of_the_Mean,1107,927,0.16260162601626016,2.0097087378640777,0.00961447827316429,0.008014331102447468,0.0,0.9902912621359223,0.009708737864077669,3,1.606641369914897,0.40306736794917625,0.005,2103.908780915474,2584.622916336371,2105.9093230635494,105.33745898783673,111.38945596872115,False,cmp,1998.5713219276372,2.1559561185842906,3093.3585783650274,3095.3585783650274,1.6829268292682926,0.0,True,0.33596475836442374,0.005,3088.8337810528246,3569.5479164737217,3090.8343232009,1090.2624591251874,hurdle_cmp,2005.09611923984,2005.09611923984,1998.5713219276372,shared binary core
Coq root values,Liouville_theorem,1094,898,0.17915904936014626,2.0033407572383073,0.10800665671301231,0.090646192546766,0.035634743875278395,0.9420935412026726,0.005567928730512249,4,1.5981067508629536,0.36959926250007097,0.005,2065.561124629514,2495.9385528730427,2067.608543116638,703.534420525837,14.36138319252722,False,cmp,1362.0267041036768,1.5167335235007537,3096.4541161251,3098.4541161251,1.6444241316270567,0.0,True,0.3022915843024164,0.005,3096.174746304856,3526.5521745483848,3098.22216479198,1734.1480422011791,hurdle_cmp,1364.3060739239208,1364.3060739239208,1362.0267041036768,all normalized constructors
Coq root values,Liouville_theorem,1040,844,0.18846153846153846,2.004739336492891,0.0070865434289436435,0.005938575663300371,0.001184834123222749,0.9928909952606635,0.005924170616113744,3,1.5999822677973081,0.4035722345723564,0.005,1911.2672694683333,2347.6006027412714,1913.3845910633959,80.72070863499539,29.23214863570511,False,cmp,1830.546560833338,2.1688940294233863,2918.6714547746897,2920.6714547746897,1.626923076923077,0.0,True,0.326854949160183,0.005,2919.954975813665,3356.288309086603,2922.0722974087275,1089.408414980327,hurdle_cmp,1831.2630397943626,1831.2630397943626,1830.546560833338,shared binary core
Coq root values,Pigeonhole,110,73,0.33636363636363636,2.0,0.0273972602739726,0.023076263992415646,0.0136986301369863,0.9726027397260274,0.0136986301369863,3,1.5936242600400345,0.39267710982297505,0.005,167.442490834013,204.39897672350403,169.44249795538798,25.106602354865117,21.026404376315682,False,cmp,142.33588847914788,1.9498066914951764,313.3375518505196,309.93316736500685,1.5936242600400345,0.16713571664666976,False,0.2605948092461561,0.005,309.93316736500685,346.8896532544979,311.93317448638186,167.59727888585897,hurdle_cmp,142.33588847914788,142.33588847914788,142.33588847914788,all normalized constructors
Coq root values,Pigeonhole,108,71,0.3425925925925926,2.0140845070422535,0.013886133703630229,0.011521308875079751,0.0,0.9859154929577465,0.014084507042253521,3,1.6124986292154777,0.4015858778267716,0.005,163.3745061876625,200.23310057615473,165.37630716595444,14.511208652958885,129.45206053891116,False,cmp,148.8632975347036,2.096666162460614,308.3400909200418,304.2063831709545,1.6124986292154777,0.17886809322853967,False,0.2640055307935258,0.005,304.2063831709545,341.0649775594468,306.20818414924645,155.34308563625092,hurdle_cmp,148.86329753470358,148.86329753470358,148.86329753470358,shared binary core
Coq root values,Q_countable,338,252,0.25443786982248523,2.0555555555555554,0.33818342151675485,0.2687540377250036,0.0873015873015873,0.8253968253968254,0.031746031746031744,4,1.6677199937695275,0.3005339744844353,0.005,613.2831530831932,719.7220546032033,615.2832341062101,423.5378699066823,7.777340095197381,False,cmp,189.74528317651084,0.752957472922662,1001.7040826099116,998.6821833683532,1.6677199937695275,0.08105414312733096,False,0.22406675020733052,0.005,998.6821833683532,1105.1210848883634,1000.6822643913702,808.9369001918424,hurdle_cmp,189.74528317651084,189.74528317651084,189.74528317651084,all normalized constructors
Coq root values,Q_countable,301,215,0.2857142857142857,2.0372093023255813,0.035824770146024865,0.029011540277076975,0.0,0.9627906976744186,0.037209302325581395,3,1.6433549276324322,0.39385437469314455,0.005,496.74795520255304,609.0508033236589,498.7479909523879,72.35770701694128,80.75301900061302,False,cmp,424.39024818561177,1.9739081310958686,865.0359106897146,858.9062475308779,1.6433549276324322,0.11452512345732392,False,0.28132455335224604,0.005,858.9062475308779,971.2090956519837,860.9062832807127,434.5159993452661,hurdle_cmp,424.39024818561177,424.39024818561177,424.39024818561177,shared binary core
Coq root values,Quadratic_reciprocity,21097,18459,0.1250414750912452,2.0099680372717916,0.01864488223316487,0.015537501566882857,0.0029254022428083864,0.9856438593639959,0.009968037271791538,4,1.6069886252670655,0.40005400976191363,0.005,41921.815616726235,51435.380871074754,41923.87286237501,3665.886593322037,24.091552074415254,False,cmp,38255.9290234042,2.0724811215886123,58368.09389080292,58370.09389080292,1.7586386690050717,0.0,True,0.34765507417996616,0.005,57824.66081177189,67338.22606612042,57826.718057420665,19568.731788367695,hurdle_cmp,38801.362102435225,38801.362102435225,38255.9290234042,all normalized constructors
Coq root values,Quadratic_reciprocity,20882,18244,0.12632889569964562,2.0099210699408023,0.010151517558688596,0.008460075671870019,0.0001644376233282175,0.9897500548125411,0.010085507564130673,3,1.6069257278814715,0.4028309044359987,0.005,41376.286168350925,50835.134499313375,41378.295847079185,2119.924181699287,32.77499125186864,False,cmp,39256.36198665164,2.151740955199059,57739.15160031244,57741.15160031244,1.7560099607317308,0.0,True,0.34958048418433785,0.005,57221.377055090736,66680.22538605318,57223.38673381899,17965.015068439094,hurdle_cmp,39776.136531873344,39776.136531873344,39256.36198665164,shared binary core
Coq root values,Strict_Rel_is_Strict_Included,48,34,0.2916666666666667,1.9705882352941178,0.02854671280276816,0.024830143870139508,0.029411764705882353,0.9705882352941176,0.0,2,1.5540077936872179,0.3871686769010138,0.005,78.19840180940975,94.86679626770277,80.20102649745316,13.023016617109533,403.17415730931197,False,cmp,65.17538519230021,1.9169230938911828,137.05983838022433,138.14757795344107,1.5540077936872179,0.10178485654733054,False,0.2742444794715515,0.005,138.14757795344107,154.8159724117341,140.15020264148447,72.97219276114086,hurdle_cmp,65.17538519230021,65.17538519230021,65.17538519230021,all normalized constructors
Coq root values,Strict_Rel_is_Strict_Included,44,30,0.3181818181818182,2.0,0.0,0.0,0.0,1.0,0.0,2,1.5936242600400345,0.40637573995996135,0.005,69.65680573334112,85.17766166719343,71.65680907511975,3.999999999978172,438.7803461571375,False,cmp,65.65680573336294,2.188560191112098,126.37023943713596,126.70004538919153,1.5936242600400345,0.1443175171027429,False,0.2770743681545191,0.005,126.70004538919153,142.22090132304385,128.70004873097017,61.04323965582859,hurdle_cmp,65.65680573336294,65.65680573336294,65.65680573336294,shared binary core
Coq root values,Sylow_s_theorem,5280,4596,0.12954545454545455,2.009355961705831,0.04495163047142064,0.037484380890328683,0.009138381201044387,0.9810704960835509,0.0010879025239338555,4,1.606168896333171,0.3940486841716115,0.005,10478.162274654851,12804.228207651322,10480.178957887025,1791.8536517956236,19.237202562878128,False,cmp,8686.308622859227,1.8899714148953932,14668.85686612658,14670.85686612658,1.7490530303030303,0.0,True,0.3406663805720901,0.005,14551.271635902649,16877.33756889912,14553.288319134823,5864.963013043422,hurdle_cmp,8805.893853083158,8805.893853083158,8686.308622859227,all normalized constructors
Coq root values,Sylow_s_theorem,5154,4470,0.13271245634458673,2.0008948545861296,0.0013414811144643135,0.0011288200636709914,0.00022371364653243848,0.9986577181208054,0.0011185682326621924,3,1.59482528282131,0.405845858118283,0.005,10088.732782226405,12401.014976947477,10090.733499093662,100.75928806333104,37.48336334828004,False,cmp,9987.973494163074,2.2344459718485625,14236.294645513659,14238.294645513659,1.7353511835467599,0.0,True,0.3494405941237675,0.005,14126.424440323177,16438.706635044247,14128.425157190433,4138.450946160103,hurdle_cmp,10099.843699353556,10099.843699353556,9987.973494163074,shared binary core
Coq root values,Taylor,971,822,0.15345005149330587,2.0097323600973236,0.009637641264259625,0.008033436780284063,0.0,0.9902676399026764,0.009732360097323601,3,1.606673005820115,0.40305935427720446,0.005,1865.8527490272731,2292.1195434985425,1867.8528577996676,94.03866895337706,111.35020184877446,False,cmp,1771.814080073896,2.155491581598414,2707.314996410407,2709.314996410407,1.701338825952626,0.0,True,0.33937978962585785,0.005,2700.2855418049194,3126.5523362761887,2702.285650577314,928.4714617310234,hurdle_cmp,1780.8435346793835,1780.8435346793835,1771.814080073896,all normalized constructors
Coq root values,Taylor,964,815,0.1545643153526971,2.0098159509202453,0.00971959802777673,0.008101029896502375,0.0,0.9901840490797545,0.0098159509202454,3,1.6067849528316203,0.403030998088621,0.005,1850.06560168644,2272.711091319973,1852.065754296627,93.9011593281175,111.2082867501731,False,cmp,1756.1644423583225,2.154802996758678,2688.6691598585116,2690.6691598585116,1.6991701244813278,0.0,True,0.3389389714122573,0.005,2682.156993941219,3104.802483574752,2684.1571465514057,925.9925515828963,hurdle_cmp,1764.6766082756153,1764.6766082756153,1756.1644423583225,shared binary core
Coq root values,Wilson,5689,5157,0.09351379855862191,2.0058173356602675,0.02207203411483265,0.018475189595611594,0.0042660461508629045,0.9895287958115183,0.002326934264107039,4,1.6014274640674337,0.4001238254419667,0.005,11699.362051204633,14341.741864341617,11701.681864605498,1142.2684167828993,22.874646194787427,False,cmp,10557.093634421733,2.047138575610187,15565.605348126954,15567.605348126954,1.8182457373879417,0.0,True,0.3600492205190512,0.005,15235.2887490364,17877.66856217338,15237.608562437264,4678.195114614666,hurdle_cmp,10889.410233512288,10889.410233512288,10557.093634421733,all normalized constructors
Coq root values,Wilson,5611,5079,0.09481375868829085,2.0021657806654853,0.0025548683624098574,0.002146917655401755,0.00019688915140775743,0.9974404410316992,0.002362669816893089,3,1.5965306149354175,0.4054382765786563,0.005,11471.005322296698,14099.215459317398,11473.084083301306,192.18355099466862,35.94793775202451,False,cmp,11278.82177130203,2.220677647430996,15312.691216917954,15314.691216917954,1.8123329174835145,0.0,True,0.36418546238014426,0.005,14991.50462723555,17619.71476425625,14993.583388240158,3712.6828559335204,hurdle_cmp,11602.008360984433,11602.008360984433,11278.82177130203,shared binary core
Coq root values,Zis_gcd_bezout,257,194,0.245136186770428,2.015463917525773,0.015224784780529278,0.012613522523119407,0.0,0.9845360824742269,0.015463917525773196,3,1.6143438318146046,0.4011200857111642,0.005,443.2707592341392,544.0180770692173,445.27160810622223,34.96884247077105,128.683399040335,False,cmp,408.3019167633681,2.104649055481279,731.3809662687734,731.5319256283777,1.6143438318146046,0.05757327018744111,False,0.30279103746290215,0.005,731.5319256283777,832.2792434634558,733.5327745004608,323.2300088650096,hurdle_cmp,408.3019167633681,408.3019167633681,408.3019167633681,all normalized constructors
Coq root values,Zis_gcd_bezout,255,192,0.24705882352941178,2.015625,0.015380859375,0.012740653429551952,0.0,0.984375,0.015625,3,1.6145592693985116,0.40106573060148426,0.005,438.7599029731984,538.4726617065216,440.75992698791833,34.90617743418261,128.5854690234826,False,cmp,403.8537255390158,2.103404820515707,725.8774626145984,725.8911126199945,1.6145592693985116,0.060023941153358226,False,0.3019789030411175,0.005,725.8911126199945,825.6038713533178,727.8911366347145,322.0373870809787,hurdle_cmp,403.8537255390158,403.8537255390158,403.8537255390158,shared binary core
Coq root values,bertrand_ballot,2150,1920,0.10697674418604651,2.025,0.09416666666666668,0.07723517027138982,0.019791666666666666,0.9505208333333334,0.014583333333333334,4,1.627083965760275,0.37812436757305384,0.005,4439.26442517091,5391.319868387213,4441.269086790759,1344.9303170870699,15.301637978362745,False,cmp,3094.33410808384,1.6116323479603334,5985.940163770513,5987.940163770513,1.8083720930232559,0.0,True,0.33569934606671004,0.005,5903.898378205769,6855.953821422074,5905.903039825618,2809.56427012193,hurdle_cmp,3178.3758936485833,3178.3758936485833,3094.3341080838395,all normalized constructors
Coq root values,bertrand_ballot,2034,1804,0.11307767944936087,2.0138580931263856,0.01699198873161882,0.014101621160307417,0.0016629711751662971,0.9828159645232816,0.015521064301552107,3,1.6121957047661404,0.39999941718507487,0.005,4104.201744548574,5038.235378459238,4106.201995471924,337.13081961424905,25.97051571083272,False,cmp,3767.0709249343254,2.0881767876576083,5611.562758060483,5613.562758060483,1.7861356932153392,0.0,True,0.3524221338569159,0.005,5541.8070042410745,6475.840638151738,5543.807255164425,1774.7360793067496,hurdle_cmp,3838.8266787537336,3838.8266787537336,3767.070924934325,shared binary core
Coq root values,binomial,2530,2266,0.10434782608695652,2.031332744924978,0.030351004020444203,0.02472941884338442,0.0,0.968667255075022,0.03133274492497794,3,1.6355290744001174,0.3958036705248564,0.005,5200.320429059296,6382.017745470306,5202.746906544583,635.5107717509381,116.94678885304023,False,cmp,4564.809657308358,2.014479107373503,6995.656582235755,6997.656582235755,1.8193675889328063,0.0,True,0.35275130783191444,0.005,6895.0545128325675,8076.751829243578,6897.480990317855,2330.24485552421,hurdle_cmp,4667.411726711545,4667.411726711545,4564.809657308358,all normalized constructors
Coq root values,binomial,2487,2223,0.10615199034981906,2.031938821412506,0.0309187330992857,0.025176082277027775,0.0,0.9680611785874944,0.031938821412505626,3,1.6363366748529926,0.3956021465595084,0.005,5103.310232399739,6262.775577020295,5105.311281129813,632.746299752791,81.3272622016294,False,cmp,4470.563932646948,2.0110499022253476,6882.507072776652,6884.507072776652,1.8162444712505026,0.0,True,0.3518690200667476,0.005,6788.480665931801,7947.946010552357,6790.481714661875,2317.916733284853,hurdle_cmp,4566.5903394918,4566.5903394918,4470.563932646948,shared binary core
Coq root values,birthday_paradox,559,511,0.08586762075134168,2.003913894324853,0.0156402587306268,0.01311825295998972,0.003913894324853229,0.9902152641878669,0.003913894324853229,4,1.5988754108431968,0.40112458915679916,0.005,1159.1419707552373,1421.5615195342843,1161.14212049573,91.26834031791441,24.40942548303832,False,cmp,1067.8736304373228,2.0897722709145263,1525.287955418236,1527.287955418236,1.8318425760286225,0.0,True,0.36398428378966646,0.005,1488.5720635072946,1750.9916122863417,1490.5722132477874,420.6984330699718,hurdle_cmp,1106.5895223482642,1106.5895223482642,1067.8736304373228,all normalized constructors
Coq root values,birthday_paradox,555,507,0.08648648648648649,2.0039447731755424,0.003929211940135928,0.0032955138696785517,0.0,0.9960552268244576,0.0039447731755424065,3,1.5989168209407243,0.4050279522348142,0.005,1147.923786875533,1410.4711338873922,1149.952629413026,30.13355535111623,130.4015679462742,False,cmp,1117.7902315244169,2.2047144606004276,1512.575524997928,1514.575524997928,1.8306306306306306,0.0,True,0.36729881086537897,0.005,1476.6329384454582,1739.1802854573173,1478.661780982951,358.84270692104127,hurdle_cmp,1155.7328180768866,1155.7328180768866,1117.7902315244169,shared binary core
Coq root values,card_powerset,1000,780,0.22,2.005128205128205,0.02305062458908613,0.019308549122756712,0.005128205128205128,0.9884615384615385,0.002564102564102564,4,1.6005036380219249,0.39949636197807104,0.005,1771.0903281245157,2170.154150601328,1773.1008987146486,183.57065879150468,22.562317867183395,False,cmp,1587.519669333011,2.035281627350014,2826.080816721318,2826.9062509872765,1.6005036380219249,0.02280759453133338,False,0.3116071623428954,0.005,2826.9062509872765,3225.9700734640887,2828.916821577409,1239.3865816542652,hurdle_cmp,1587.5196693330113,1587.5196693330113,1587.5196693330113,all normalized constructors
Coq root values,card_powerset,988,768,0.22267206477732793,2.0026041666666665,0.002597384982638889,0.002181618038629506,0.0,0.9973958333333334,0.0026041666666666665,3,1.5971187248857757,0.40548544178088713,0.005,1736.540249803808,2134.118126621425,1738.5412491146656,31.79735735000577,129.81127400423156,False,cmp,1704.7428924538021,2.2197173078825547,2785.767947165437,2786.352110043731,1.5971187248857757,0.02531969747292953,False,0.31519516122239,0.005,2786.352110043731,3183.929986861348,2788.353109354589,1081.609217589929,hurdle_cmp,1704.7428924538021,1704.7428924538021,1704.7428924538021,shared binary core
Coq root values,div3,205,173,0.15609756097560976,2.0173410404624277,0.017040328778108193,0.014089648761017955,0.0,0.9826589595375722,0.017341040462427744,3,1.6168538669984802,0.40048717346394325,0.005,395.90630713514895,485.7909437476332,397.90646548934336,34.27574936712335,127.34275674812912,False,cmp,361.6305577680256,2.090350044901882,575.0413619470645,577.0413619470645,1.7024390243902439,0.0,True,0.33639086619276026,0.005,575.4944091064823,665.3790457189666,577.4945674606768,213.8638513384567,hurdle_cmp,363.1775106086078,363.1775106086078,361.6305577680256,all normalized constructors
Coq root values,div3,205,173,0.15609756097560976,2.0173410404624277,0.017040328778108193,0.014089648761017955,0.0,0.9826589595375722,0.017341040462427744,3,1.6168538669984802,0.40048717346394325,0.005,395.90630713514895,485.7909437476332,397.90646548934336,34.27574936712335,127.34275674812912,False,cmp,361.6305577680256,2.090350044901882,575.0413619470645,577.0413619470645,1.7024390243902439,0.0,True,0.33639086619276026,0.005,575.4944091064823,665.3790457189666,577.4945674606768,213.8638513384567,hurdle_cmp,363.1775106086078,363.1775106086078,361.6305577680256,shared binary core
Coq root values,divisors_correct,4893,4266,0.12814224402207236,2.006563525550867,0.034649840901213244,0.02898018267013494,0.007266760431317393,0.9857008907641819,0.00023441162681669012,4,1.6024276146983347,0.396869150421211,0.005,9699.893423351223,11868.588142237888,9702.754157691892,1351.388761997514,20.556267105699206,False,cmp,8348.504661353709,1.9569865591546434,13564.155256872886,13566.155256872886,1.7494379726139382,0.0,True,0.34357145460814575,0.005,13448.364381017887,15617.059099904553,13451.225115358557,5099.859719664179,hurdle_cmp,8466.295537208707,8466.295537208707,8348.504661353709,all normalized constructors
Coq root values,divisors_correct,4802,4175,0.13057059558517284,1.9997604790419161,0.0007185055039621357,0.0006053415256924237,0.00047904191616766467,0.9992814371257485,0.00023952095808383233,3,1.593302745954769,0.40597869117097535,0.005,9417.928586978776,11576.171501215144,9419.929112965343,57.24647290207213,39.40942544465774,False,cmp,9360.682114076704,2.242079548281845,13251.384946083672,13253.384946083672,1.7386505622657227,0.0,True,0.35035105292004576,0.005,13141.189961902342,15299.432876138711,13143.19048788891,3780.507847825639,hurdle_cmp,9472.877098258032,9472.877098258032,9360.682114076702,shared binary core
Coq root values,edivpP,199,138,0.3065326633165829,2.0,0.043478260869565216,0.036621027640137874,0.014492753623188406,0.9782608695652174,0.0,4,1.5936242600400345,0.39188298633677293,0.005,315.4185309507053,384.6172436690898,317.41875038683503,57.22162961701815,19.190655925032086,False,cmp,258.19690133368715,1.8709920386499068,566.9488317839341,562.7052226585208,1.5936242600400345,0.12969781638992545,False,0.2717580508265059,0.005,562.7052226585208,631.9039353769053,564.7054420946505,304.5083213248337,hurdle_cmp,258.19690133368715,258.19690133368715,258.19690133368715,all normalized constructors
Coq root values,edivpP,195,134,0.3128205128205128,2.0,0.0,0.0,0.0,1.0,0.0,2,1.5936242600400345,0.40637573995996135,0.005,304.2003989422569,373.52688878013066,306.20053070446744,3.999999999970896,438.7837660749442,False,cmp,300.20039894228603,2.2403014846439255,553.3221862264145,548.52254896613,1.5936242600400345,0.13758907364748243,False,0.2792530725878708,0.005,548.52254896613,617.8490388040037,550.5226807283404,248.32215002384393,hurdle_cmp,300.20039894228603,300.20039894228603,300.20039894228603,shared binary core
Coq root values,fun_power_series_conv_IR,636,502,0.21069182389937108,2.00398406374502,0.039824764686274834,0.03340047254719191,0.01195219123505976,0.9780876494023905,0.00398406374501992,4,1.5989695111460998,0.3930623613638563,0.005,1143.2392603187848,1396.6081511408497,1145.2601794421837,185.943182747822,19.613630059809857,False,cmp,957.2960775709628,1.9069642979501251,1798.3258520819068,1800.1562463300797,1.5989695111460998,0.010762247020245074,False,0.3102473355419117,0.005,1800.1562463300797,2053.525137152145,1802.1771654534787,842.8601687591171,hurdle_cmp,957.2960775709627,957.2960775709627,957.2960775709627,all normalized constructors
Coq root values,fun_power_series_conv_IR,625,491,0.2144,2.0040733197556007,0.004056727821769448,0.0034019952568968073,0.0,0.9959266802443992,0.004073319755600814,3,1.5990892051849595,0.40498411457063704,0.005,1111.839941226846,1366.109586298523,1113.840571507883,30.00503006548388,127.0001906279756,False,cmp,1081.834911161362,2.203329757966114,1761.840461746942,1763.5003035162845,1.5990892051849595,0.01543954214993728,False,0.31815552040669237,0.005,1763.5003035162845,2017.7699485879616,1765.5009337973215,681.6653923549223,hurdle_cmp,1081.834911161362,1081.834911161362,1081.834911161362,shared binary core
Coq root values,herron_qin,3904,3532,0.09528688524590163,2.0421857304643263,0.04097234602514593,0.03300983391907891,0.00028312570781426955,0.9572480181200453,0.04246885617214043,3,1.6499739180114383,0.39192868674506903,0.005,8151.571518557739,9998.263092944348,8153.571955861152,1263.4895273790753,27.728418120940223,False,cmp,6888.081991178664,1.9501930892351822,10796.708806727598,10798.708806727598,1.8475922131147542,0.0,True,0.35328367670602223,0.005,10609.98415329877,12456.675727685379,10611.984590602182,3721.9021621201055,hurdle_cmp,7076.806644607493,7076.806644607493,6888.081991178665,all normalized constructors
Coq root values,herron_qin,3847,3475,0.09669872628021835,2.0431654676258995,0.04130221003053671,0.03324199750723476,0.0,0.9568345323741008,0.04316546762589928,3,1.651276158321966,0.39188930930392885,0.005,8023.32273950999,9841.520714081653,8025.336494666415,1240.2442918400047,78.41214243011443,False,cmp,6783.0784476699855,1.9519650209122261,10647.180115557068,10649.180115557068,1.845593969326748,0.0,True,0.3527101594596631,0.005,10470.231151614626,12288.429126186287,10472.24490677105,3687.152703944639,hurdle_cmp,6962.027411612429,6962.027411612429,6783.078447669986,shared binary core
Coq root values,inclusion_exclusion,3509,2953,0.15844970076944997,2.054520826278361,0.16668545444266303,0.13260443780052192,0.028445648493057907,0.9177108025736539,0.024720623095157466,4,1.6663484719158816,0.3597267058694166,0.005,6975.729225497189,8408.374929762755,6977.730351894538,3097.1093558000575,12.248133691886641,False,cmp,3878.6198696971314,1.3134506839475555,10057.312589236937,10059.312589236937,1.7289826161299515,0.0,True,0.30191039511437695,0.005,10045.228002553937,11477.873706819504,10047.229128951287,6166.608132856806,hurdle_cmp,3892.704456380131,3892.704456380131,3878.6198696971305,all normalized constructors
Coq root values,inclusion_exclusion,3201,2645,0.17369572008747267,2.026086956521739,0.028431001890359162,0.023292437931680853,0.0015122873345935729,0.9708884688090738,0.0275992438563327,3,1.6285343596371755,0.3960403095499652,0.005,6056.115651495138,7430.263044675958,6058.1287023161685,731.8279415838479,24.725634098318693,False,cmp,5324.28770991129,2.0129632173577656,9018.463961614361,9020.463961614361,1.6741643236488597,0.0,True,0.3263662807731148,0.005,9013.907039868758,10388.05443304958,9015.92009068979,3689.619329957469,hurdle_cmp,5330.8446316568925,5330.8446316568925,5324.287709911289,shared binary core
Coq root values,is_hexamy,112,96,0.14285714285714285,2.03125,0.0302734375,0.024668347596177618,0.0,0.96875,0.03125,3,1.6354188076486909,0.39583119235130443,0.005,222.2192942286586,272.2812447513879,224.2200108107135,30.69967330331565,117.04114812029788,False,cmp,191.51962092534296,1.994996051305656,315.42066436474374,317.42066436474374,1.7410714285714286,0.0,True,0.3377416092187301,0.005,316.08534952526225,366.1473000479915,318.08606610731715,124.56572859991928,hurdle_cmp,192.85493576482446,192.85493576482446,191.51962092534296,all normalized constructors
Coq root values,is_hexamy,112,96,0.14285714285714285,2.03125,0.0302734375,0.024668347596177618,0.0,0.96875,0.03125,3,1.6354188076486909,0.39583119235130443,0.005,222.2192942286586,272.2812447513879,224.2200108107135,30.69967330331565,117.04114812029788,False,cmp,191.51962092534296,1.994996051305656,315.42066436474374,317.42066436474374,1.7410714285714286,0.0,True,0.3377416092187301,0.005,316.08534952526225,366.1473000479915,318.08606610731715,124.56572859991928,hurdle_cmp,192.85493576482446,192.85493576482446,191.51962092534296,shared binary core
Coq root values,isosceles_conga,133,108,0.18796992481203006,2.0,0.0,0.0,0.0,1.0,0.0,2,1.5936242600400345,0.40637573995996135,0.005,245.5645006400281,301.4395820018964,247.5693209947776,3.999999999985448,438.8112587236002,False,cmp,241.56450064004264,2.236708339259654,374.2303422731866,376.2303422731866,1.6240601503759398,0.0,True,0.32922401140995455,0.005,376.1132324447731,431.9883138066414,378.1180527995226,134.54873180473047,hurdle_cmp,241.6816104684561,241.6816104684561,241.5645006400426,all normalized constructors
Coq root values,isosceles_conga,132,107,0.1893939393939394,2.0,0.0,0.0,0.0,1.0,0.0,2,1.5936242600400345,0.40637573995996135,0.005,243.30927378225005,298.6669932796566,245.30928602945036,3.999999999985448,438.8079220695622,False,cmp,239.3092737822646,2.2365352689931273,371.5349850774426,373.5349850774426,1.621212121212121,0.0,True,0.32871214128126997,0.005,373.439819526794,428.79753902420055,375.43983177399434,134.1305457445294,hurdle_cmp,239.40443933291323,239.40443933291323,239.3092737822646,shared binary core
Coq root values,konigsberg_bridges,69018,67626,0.020168651656089717,2.052864282968089,0.11146615485743767,0.08882537579004246,0.006151480199923107,0.9593795285836808,0.009922219264779819,4,1.6641520822445386,0.3825607205236223,0.005,158173.27866602654,192365.01557095398,158175.32404418534,51368.83740730584,15.080201958562041,False,cmp,106804.4412587207,1.5793399174684397,186511.4604039241,186513.4604039241,2.0114607783476774,0.0,True,0.37671657755756965,0.005,171798.7073994436,205990.44430437105,171800.7527776024,64994.26614072289,hurdle_cmp,121519.19426320122,121519.19426320122,106804.44125872072,all normalized constructors
Coq root values,konigsberg_bridges,65918,64526,0.021117145544464335,2.010398908966928,0.010290771659225602,0.008571762368007073,0.0,0.9896010910330719,0.01039890896692806,3,1.6075656050277016,0.40283330393922206,0.005,146365.86401850736,179832.7926043229,146374.99865422345,7466.6430039815605,130.64823574258864,False,cmp,138899.2210145258,2.152608576612928,174732.0557523999,174734.0557523999,1.967945022603841,0.0,True,0.39363456698664867,0.005,159862.01305967325,193328.94164548878,159871.14769538934,20962.79204514745,hurdle_cmp,153771.26370725245,153771.26370725245,138899.2210145258,shared binary core
Coq root values,mul_adj_mx,155,130,0.16129032258064516,2.0,0.0,0.0,0.0,1.0,0.0,2,1.5936242600400345,0.40637573995996135,0.005,295.17949151114476,362.43653389117156,297.1795087865189,3.999999999970896,438.79276967494735,False,cmp,291.17949151117386,2.239842242393645,433.24487961551955,435.24487961551955,1.6774193548387097,0.0,True,0.3390003764088608,0.005,434.13852939424976,501.39557177427656,436.1385466696239,142.9590378830759,hurdle_cmp,292.28584173244366,292.28584173244366,291.17949151117386,all normalized constructors
Coq root values,mul_adj_mx,155,130,0.16129032258064516,2.0,0.0,0.0,0.0,1.0,0.0,2,1.5936242600400345,0.40637573995996135,0.005,295.17949151114476,362.43653389117156,297.1795087865189,3.999999999970896,438.79276967494735,False,cmp,291.17949151117386,2.239842242393645,433.24487961551955,435.24487961551955,1.6774193548387097,0.0,True,0.3390003764088608,0.005,434.13852939424976,501.39557177427656,436.1385466696239,142.9590378830759,hurdle_cmp,292.28584173244366,292.28584173244366,291.17949151117386,shared binary core
Coq root values,nat_ind,43,28,0.3488372093023256,1.9642857142857142,0.2487244897959183,0.21786669652409968,0.10714285714285714,0.8571428571428571,0.0,4,1.5454822837640116,0.3116605733788419,0.005,66.85882936675908,78.22800704152661,68.85883173770421,42.93423884988579,9.53444175457081,False,cmp,23.924590516873295,0.8544496613169034,124.55253467829333,124.47708071352773,1.5454822837640116,0.1723814754274036,False,0.20294176871180408,0.005,124.47708071352773,135.84625838829527,126.47708308447285,100.55249019665443,hurdle_cmp,23.924590516873295,23.924590516873295,23.924590516873295,all normalized constructors
Coq root values,nat_ind,37,22,0.40540540540540543,2.0,0.0,0.0,0.0,1.0,0.0,2,1.5936242600400345,0.40637573995996135,0.005,51.61499087111682,62.99695188927519,53.61512708846749,3.999999999985448,2217.3728281423246,False,cmp,47.61499087113137,2.164317766869608,105.25056447252236,103.57554242595722,1.5936242600400345,0.25378320410401367,False,0.24162881835457156,0.005,103.57554242595722,114.95750344411559,105.5756786433079,55.960551554825855,hurdle_cmp,47.61499087113137,47.61499087113137,47.61499087113137,shared binary core
Coq root values,postulate_of_existence_of_a_triangle_whose_angles_sum_to_two_rights,50,35,0.3,2.0,0.0,0.0,0.0,1.0,0.0,2,1.5936242600400345,0.40637573995996135,0.005,80.9329400222313,99.04060527839233,82.93330037283496,3.999999999985448,438.8023404171414,False,cmp,76.93294002224586,2.198084000635596,143.41418951222636,144.01937022772066,1.5936242600400345,0.12149931755881604,False,0.284463017971973,0.005,144.01937022772066,162.12703548388168,146.0197305783243,67.0864302054748,hurdle_cmp,76.93294002224586,76.93294002224586,76.93294002224586,all normalized constructors
Coq root values,postulate_of_existence_of_a_triangle_whose_angles_sum_to_two_rights,50,35,0.3,2.0,0.0,0.0,0.0,1.0,0.0,2,1.5936242600400345,0.40637573995996135,0.005,80.9329400222313,99.04060527839233,82.93330037283496,3.999999999985448,438.8023404171414,False,cmp,76.93294002224586,2.198084000635596,143.41418951222636,144.01937022772066,1.5936242600400345,0.12149931755881604,False,0.284463017971973,0.005,144.01937022772066,162.12703548388168,146.0197305783243,67.0864302054748,hurdle_cmp,76.93294002224586,76.93294002224586,76.93294002224586,shared binary core
Coq root values,pytha_thm3,603,523,0.13266998341625208,2.0019120458891013,0.0019083899696193092,0.001604103445065386,0.0,0.9980879541108987,0.0019120458891013384,3,1.596190193427013,0.40572185246208425,0.005,1182.7472401519371,1453.4492409825427,1184.7493427580046,18.517249662370887,118.61597097976981,False,cmp,1164.2299904895663,2.2260611672840653,1667.8290478268614,1669.8290478268614,1.736318407960199,0.0,True,0.34938117257911094,0.005,1656.8129064451923,1927.514907275798,1658.8150090512597,492.58291595562605,hurdle_cmp,1177.2461318712353,1177.2461318712353,1164.2299904895663,all normalized constructors
Coq root values,pytha_thm3,601,521,0.13311148086522462,2.001919385796545,0.0019157017547091265,0.001610236690759683,0.0,0.9980806142034548,0.0019193857965451055,3,1.5962000412468613,0.40571934454967945,0.005,1178.2367802625845,1447.9040598751283,1180.2368396410204,18.509579468518496,118.07417652999476,False,cmp,1159.727200794066,2.225963917071144,1662.525055029631,1664.525055029631,1.735440931780366,0.0,True,0.349208130433986,0.005,1651.7320865190745,1921.3993661316185,1653.7321458975107,492.00488572500865,hurdle_cmp,1172.5201693046224,1172.5201693046224,1159.727200794066,shared binary core
Coq root values,pythagoras,1328,1106,0.16716867469879518,2.0207956600361663,0.02036320055982656,0.01677583848009773,0.0,0.9792043399638336,0.020795660036166366,3,1.6214704458160172,0.39932521422014455,0.005,2524.9806812956513,3100.131203887141,2527.081056826043,227.67685382900527,124.705954890492,False,cmp,2297.303827466646,2.0771282345991375,3728.8424474368658,3730.8424474368658,1.6829819277108433,0.0,True,0.33138047854762764,0.005,3725.8147615549788,4300.965284146469,3727.9151370853706,1428.5109340883325,hurdle_cmp,2302.331513348533,2302.331513348533,2297.303827466646,all normalized constructors
Coq root values,pythagoras,1326,1104,0.167420814479638,2.0208333333333335,0.02039930555555556,0.016804915664397995,0.0,0.9791666666666666,0.020833333333333332,3,1.6215207702598207,0.3993125630735084,0.005,2520.469508479788,3094.5856020561187,2522.498944259613,227.59271718742093,124.67879922034368,False,cmp,2292.876791292367,2.0768811515329415,3723.5022882649264,3725.5022882649264,1.6825037707390649,0.0,True,0.3312778873529113,0.005,3720.571286890193,4294.687380466523,3722.6007226700176,1427.6944955978254,hurdle_cmp,2297.8077926671012,2297.8077926671012,2292.8767912923677,shared binary core
Coq root values,reals_not_countable,47,26,0.44680851063829785,2.0,0.0,0.0,0.0,1.0,0.0,2,1.5936242600400345,0.40637573995996135,0.005,60.63589830222897,74.0873067782343,62.63946044874644,3.999999999985448,438.80599788467345,False,cmp,56.635898302243525,2.1783037808555203,131.5296572344948,127.25881050147365,1.5936242600400345,0.30574414153584245,False,0.22480360082891482,0.005,127.25881050147365,140.71021897747897,129.2623726479911,70.62291219923011,hurdle_cmp,56.63589830224353,56.63589830224353,56.63589830224353,all normalized constructors
Coq root values,reals_not_countable,47,26,0.44680851063829785,2.0,0.0,0.0,0.0,1.0,0.0,2,1.5936242600400345,0.40637573995996135,0.005,60.63589830222897,74.0873067782343,62.63946044874644,3.999999999985448,438.80599788467345,False,cmp,56.635898302243525,2.1783037808555203,131.5296572344948,127.25881050147365,1.5936242600400345,0.30574414153584245,False,0.22480360082891482,0.005,127.25881050147365,140.71021897747897,129.2623726479911,70.62291219923011,hurdle_cmp,56.63589830224353,56.63589830224353,56.63589830224353,shared binary core
Coq root values,triangle,637,530,0.16797488226059654,2.0339622641509436,0.04412958348166607,0.035857616837250285,0.0037735849056603774,0.960377358490566,0.033962264150943396,4,1.6390321168054003,0.3911565624398783,0.005,1221.7323717086297,1496.1247507330772,1223.769650615848,212.67550905092503,20.78815009786949,False,cmp,1009.0568626577046,1.9038808729390653,1800.2265636094744,1802.2265636094744,1.6923076923076923,0.0,True,0.3245236328420984,0.005,1800.4219153937802,2074.8142944182277,1802.4591943009987,791.3650527360757,hurdle_cmp,1010.8615108733987,1010.8615108733987,1009.0568626577045,all normalized constructors
Coq root values,triangle,625,518,0.1712,2.034749034749035,0.03354153933304512,0.027231988817018226,0.0,0.9652509652509652,0.03474903474903475,3,1.640079844267572,0.3946691904814586,0.005,1192.4607828802582,1462.8468412968323,1194.46084800563,160.3128692751052,79.93018620898215,False,cmp,1032.147913605153,1.9925635397782877,1766.0179861509332,1768.0179861509332,1.6864,0.0,True,0.32628096090232095,0.005,1766.6906234950877,2037.0766819116618,1768.6906886204595,734.5427098899347,hurdle_cmp,1033.4752762609985,1033.4752762609985,1032.147913605153,shared binary core
Human Lean root values,banach_fixed_point_term,518,430,0.16988416988416988,2.0023255813953487,0.002320173066522444,0.0019493629004312006,0.0,0.9976744186046511,0.002325581395348837,3,1.5967450001121675,0.4055805812831773,0.005,973.0107945931966,1195.598283483779,975.0230826015475,18.125243032030994,128.32433697602937,False,cmp,954.8855515611656,2.2206640733980594,1447.3224304051669,1449.3224304051669,1.662162162162162,0.0,True,0.33520336585620203,0.005,1447.1185867545137,1669.706075645096,1449.1308747628646,492.23303519334814,hurdle_cmp,957.0893952118188,957.0893952118188,954.8855515611656,all normalized constructors
Human Lean root values,banach_fixed_point_term,518,430,0.16988416988416988,2.0023255813953487,0.002320173066522444,0.0019493629004312006,0.0,0.9976744186046511,0.002325581395348837,3,1.5967450001121675,0.4055805812831773,0.005,973.0107945931966,1195.598283483779,975.0230826015475,18.125243032030994,128.32433697602937,False,cmp,954.8855515611656,2.2206640733980594,1447.3224304051669,1449.3224304051669,1.662162162162162,0.0,True,0.33520336585620203,0.005,1447.1185867545137,1669.706075645096,1449.1308747628646,492.23303519334814,hurdle_cmp,957.0893952118188,957.0893952118188,954.8855515611656,shared binary core
Human Lean root values,basel_problem_term,1519,1310,0.13759052007899933,1.998473282442748,0.0015243866907522872,0.0012860797766888982,0.0015267175572519084,0.9984732824427481,0.0,2,1.5915746052885165,0.4053719595969756,0.005,2955.4360650229364,3631.3171095278444,2957.436305223457,33.93548595230095,374.60553065107206,False,cmp,2921.5005790706355,2.2301531137943784,4201.012212220174,4203.012212220174,1.7235023041474655,0.0,True,0.34707484975157243,0.005,4174.353610156187,4850.234654661095,4176.353850356707,1252.8530310855513,hurdle_cmp,2950.1591811346225,2950.1591811346225,2921.5005790706355,all normalized constructors
Human Lean root values,basel_problem_term,1519,1310,0.13759052007899933,1.998473282442748,0.0015243866907522872,0.0012860797766888982,0.0015267175572519084,0.9984732824427481,0.0,2,1.5915746052885165,0.4053719595969756,0.005,2955.4360650229364,3631.3171095278444,2957.436305223457,33.93548595230095,374.60553065107206,False,cmp,2921.5005790706355,2.2301531137943784,4201.012212220174,4203.012212220174,1.7235023041474655,0.0,True,0.34707484975157243,0.005,4174.353610156187,4850.234654661095,4176.353850356707,1252.8530310855513,hurdle_cmp,2950.1591811346225,2950.1591811346225,2921.5005790706355,shared binary core
Human Lean root values,bezout_gcd_term,245,200,0.1836734693877551,2.0,0.01,0.00842283635723171,0.005,0.99,0.005,3,1.5936242600400345,0.40137573995996134,0.005,453.8563017718237,556.5177444479563,455.8563567363061,29.173208027577857,26.08496642468131,False,cmp,424.68309374424587,2.1234154687212294,687.9047331895904,689.9047331895904,1.6326530612244898,0.0,True,0.3266928171092791,0.005,689.5462542401965,792.207696916329,691.5463092046789,264.86316049595064,hurdle_cmp,425.04157269363975,425.04157269363975,424.68309374424587,all normalized constructors
Human Lean root values,bezout_gcd_term,245,200,0.1836734693877551,2.0,0.01,0.00842283635723171,0.005,0.99,0.005,3,1.5936242600400345,0.40137573995996134,0.005,453.8563017718237,556.5177444479563,455.8563567363061,29.173208027577857,26.08496642468131,False,cmp,424.68309374424587,2.1234154687212294,687.9047331895904,689.9047331895904,1.6326530612244898,0.0,True,0.3266928171092791,0.005,689.5462542401965,792.207696916329,691.5463092046789,264.86316049595064,hurdle_cmp,425.04157269363975,425.04157269363975,424.68309374424587,shared binary core
Human Lean root values,binomial_theorem_term,38,24,0.3684210526315789,2.0,0.0,0.0,0.0,1.0,0.0,2,1.5936242600400345,0.40637573995996135,0.005,56.1254445866729,68.54212933375474,58.12554245914664,4.000000000005457,167.51068430644995,False,cmp,52.12544458666744,2.1718935244444766,108.84403895345288,108.14180363994959,1.5936242600400345,0.20736780531622498,False,0.25665836207997555,0.005,108.14180363994959,120.55848838703143,110.14190151242332,56.016359053282144,hurdle_cmp,52.12544458666744,52.12544458666744,52.12544458666744,all normalized constructors
Human Lean root values,binomial_theorem_term,38,24,0.3684210526315789,2.0,0.0,0.0,0.0,1.0,0.0,2,1.5936242600400345,0.40637573995996135,0.005,56.1254445866729,68.54212933375474,58.12554245914664,4.000000000005457,167.51068430644995,False,cmp,52.12544458666744,2.1718935244444766,108.84403895345288,108.14180363994959,1.5936242600400345,0.20736780531622498,False,0.25665836207997555,0.005,108.14180363994959,120.55848838703143,110.14190151242332,56.016359053282144,hurdle_cmp,52.12544458666744,52.12544458666744,52.12544458666744,shared binary core
Human Lean root values,cantor_theorem_term,190,143,0.24736842105263157,2.0,0.0,0.0,0.0,1.0,0.0,2,1.5936242600400345,0.40637573995996135,0.005,324.4974406622593,398.4801872802887,326.49849464419054,3.999999999970896,438.7843718895677,False,cmp,320.4974406622884,2.2412408437922267,538.3105471269868,539.0791492681651,1.5936242600400345,0.05544663466850147,False,0.30585121481197086,0.005,539.0791492681651,613.0618958861944,541.0802032500962,218.58170860587666,hurdle_cmp,320.49744066228845,320.49744066228845,320.49744066228845,all normalized constructors
Human Lean root values,cantor_theorem_term,190,143,0.24736842105263157,2.0,0.0,0.0,0.0,1.0,0.0,2,1.5936242600400345,0.40637573995996135,0.005,324.4974406622593,398.4801872802887,326.49849464419054,3.999999999970896,438.7843718895677,False,cmp,320.4974406622884,2.2412408437922267,538.3105471269868,539.0791492681651,1.5936242600400345,0.05544663466850147,False,0.30585121481197086,0.005,539.0791492681651,613.0618958861944,541.0802032500962,218.58170860587666,hurdle_cmp,320.49744066228845,320.49744066228845,320.49744066228845,shared binary core
Human Lean root values,cayley_hamilton_term,1123,1018,0.09349955476402494,2.0009823182711197,0.000981353321934067,0.0008257045901494615,0.0,0.9990176817288802,0.0009823182711198428,3,1.5949426580883155,0.4060396601828003,0.005,2299.0853170339924,2825.881122683181,2301.103255243252,19.85020775446901,132.06590910392353,False,cmp,2279.2351092795234,2.2389342920231075,3063.4819280937954,3065.4819280937954,1.8138913624220836,0.0,True,0.36521689763192466,0.005,2998.6044345265427,3525.4002401757316,3000.622372735803,719.3693252470196,hurdle_cmp,2346.112602846776,2346.112602846776,2279.2351092795234,all normalized constructors
Human Lean root values,cayley_hamilton_term,1123,1018,0.09349955476402494,2.0009823182711197,0.000981353321934067,0.0008257045901494615,0.0,0.9990176817288802,0.0009823182711198428,3,1.5949426580883155,0.4060396601828003,0.005,2299.0853170339924,2825.881122683181,2301.103255243252,19.85020775446901,132.06590910392353,False,cmp,2279.2351092795234,2.2389342920231075,3063.4819280937954,3065.4819280937954,1.8138913624220836,0.0,True,0.36521689763192466,0.005,2998.6044345265427,3525.4002401757316,3000.622372735803,719.3693252470196,hurdle_cmp,2346.112602846776,2346.112602846776,2279.2351092795234,shared binary core
Human Lean root values,divergence_harmonic_term,519,421,0.18882466281310212,1.997624703087886,0.002369654876693317,0.0020010384038662084,0.0023752969121140144,0.997624703087886,0.0,2,1.5904350498205297,0.40481435635523844,0.005,950.9942320444736,1167.8723686409057,952.9946160607109,18.082888487551827,375.3251098875265,False,cmp,932.9113435569218,2.2159414336268926,1454.36279108088,1456.36279108088,1.6204238921001928,0.0,True,0.3276072594705207,0.005,1455.9199909906688,1672.798127587101,1457.920375006906,523.008647433747,hurdle_cmp,933.354143647133,933.354143647133,932.9113435569218,all normalized constructors
Human Lean root values,divergence_harmonic_term,519,421,0.18882466281310212,1.997624703087886,0.002369654876693317,0.0020010384038662084,0.0023752969121140144,0.997624703087886,0.0,2,1.5904350498205297,0.40481435635523844,0.005,950.9942320444736,1167.8723686409057,952.9946160607109,18.082888487551827,375.3251098875265,False,cmp,932.9113435569218,2.2159414336268926,1454.36279108088,1456.36279108088,1.6204238921001928,0.0,True,0.3276072594705207,0.005,1455.9199909906688,1672.798127587101,1457.920375006906,523.008647433747,hurdle_cmp,933.354143647133,933.354143647133,932.9113435569218,shared binary core
Human Lean root values,euclid_infinite_primes_term,148,108,0.2702702702702703,2.0555555555555554,0.05246913580246913,0.04169717143321438,0.0,0.9444444444444444,0.05555555555555555,3,1.6677199937695275,0.38783556178602263,0.005,252.8803958419075,309.5951662585157,254.88383841409282,50.34477751936356,73.0256237524606,False,cmp,202.53561832254394,1.8753297992828142,428.8766304649405,427.6045274881392,1.6677199937695275,0.10056843738524478,False,0.2830151396816921,0.005,427.6045274881392,484.3192979047474,429.60797006032453,225.06890916559524,hurdle_cmp,202.53561832254394,202.53561832254394,202.53561832254394,all normalized constructors
Human Lean root values,euclid_infinite_primes_term,148,108,0.2702702702702703,2.0555555555555554,0.05246913580246913,0.04169717143321438,0.0,0.9444444444444444,0.05555555555555555,3,1.6677199937695275,0.38783556178602263,0.005,252.8803958419075,309.5951662585157,254.88383841409282,50.34477751936356,73.0256237524606,False,cmp,202.53561832254394,1.8753297992828142,428.8766304649405,427.6045274881392,1.6677199937695275,0.10056843738524478,False,0.2830151396816921,0.005,427.6045274881392,484.3192979047474,429.60797006032453,225.06890916559524,hurdle_cmp,202.53561832254394,202.53561832254394,202.53561832254394,shared binary core
Human Lean root values,extreme_value_term,93,63,0.3225806451612903,2.0,0.0,0.0,0.0,1.0,0.0,2,1.5936242600400345,0.40637573995996135,0.005,144.07929204001633,176.6730895011062,146.0792987474711,3.999999999985448,438.829355112994,False,cmp,140.07929204003088,2.2234808260322363,264.80857647340116,263.0359793414595,1.5936242600400345,0.14983804925046715,False,0.27528679158578034,0.005,263.0359793414595,295.6297768025494,265.0359860489143,122.95668730142862,hurdle_cmp,140.07929204003088,140.07929204003088,140.07929204003088,all normalized constructors
Human Lean root values,extreme_value_term,93,63,0.3225806451612903,2.0,0.0,0.0,0.0,1.0,0.0,2,1.5936242600400345,0.40637573995996135,0.005,144.07929204001633,176.6730895011062,146.0792987474711,3.999999999985448,438.829355112994,False,cmp,140.07929204003088,2.2234808260322363,264.80857647340116,263.0359793414595,1.5936242600400345,0.14983804925046715,False,0.27528679158578034,0.005,263.0359793414595,295.6297768025494,265.0359860489143,122.95668730142862,hurdle_cmp,140.07929204003088,140.07929204003088,140.07929204003088,shared binary core
Human Lean root values,fermat_last_four_term,492,421,0.1443089430894309,1.995249406175772,0.004728025682545234,0.004002808853833209,0.004750593824228029,0.995249406175772,0.0,2,1.5872440603812548,0.4032547519702853,0.005,950.5339453545259,1166.482501431447,952.5342630372234,29.388426343532046,398.8620325214868,False,cmp,921.1455190109939,2.187994106914475,1364.1864027295483,1366.1864027295483,1.7073170731707317,0.0,True,0.342602553219617,0.005,1358.6396138825253,1574.588169959446,1360.6399315652225,437.4940948715313,hurdle_cmp,928.692307858017,928.692307858017,921.145519010994,all normalized constructors
Human Lean root values,fermat_last_four_term,492,421,0.1443089430894309,1.995249406175772,0.004728025682545234,0.004002808853833209,0.004750593824228029,0.995249406175772,0.0,2,1.5872440603812548,0.4032547519702853,0.005,950.5339453545259,1166.482501431447,952.5342630372234,29.388426343532046,398.8620325214868,False,cmp,921.1455190109939,2.187994106914475,1364.1864027295483,1366.1864027295483,1.7073170731707317,0.0,True,0.342602553219617,0.005,1358.6396138825253,1574.588169959446,1360.6399315652225,437.4940948715313,hurdle_cmp,928.692307858017,928.692307858017,921.145519010994,shared binary core
Human Lean root values,fermat_last_three_term,1463,1266,0.1346548188653452,2.0023696682464456,0.003943831749810951,0.003313371489708185,0.0007898894154818325,0.9960505529225908,0.00315955766192733,3,1.596804144660862,0.4047756341700977,0.005,2861.717758195592,3516.252655142236,2863.7187087248008,74.32605055600288,31.79813991568574,False,cmp,2787.391707639589,2.2017312066663424,4047.4493740498488,4049.4493740498488,1.7327409432672591,0.0,True,0.3478079267971369,0.005,4019.8988364108727,4674.433733357517,4021.8997869400814,1232.5071287712835,hurdle_cmp,2816.942245278565,2816.942245278565,2787.391707639589,all normalized constructors
Human Lean root values,fermat_last_three_term,1463,1266,0.1346548188653452,2.0023696682464456,0.003943831749810951,0.003313371489708185,0.0007898894154818325,0.9960505529225908,0.00315955766192733,3,1.596804144660862,0.4047756341700977,0.005,2861.717758195592,3516.252655142236,2863.7187087248008,74.32605055600288,31.79813991568574,False,cmp,2787.391707639589,2.2017312066663424,4047.4493740498488,4049.4493740498488,1.7327409432672591,0.0,True,0.3478079267971369,0.005,4019.8988364108727,4674.433733357517,4021.8997869400814,1232.5071287712835,hurdle_cmp,2816.942245278565,2816.942245278565,2787.391707639589,shared binary core
Human Lean root values,fermat_little_term,274,223,0.18613138686131386,2.004484304932735,0.004464195942005672,0.0037420515570213376,0.0,0.9955156950672646,0.004484304932735426,3,1.5996403120857972,0.40484399284693384,0.005,506.1770212068307,621.6713422822597,508.1837315967051,16.80985251997481,125.57043261300213,False,cmp,489.3671686868559,2.1944716084612375,769.790010633476,771.790010633476,1.6313868613138687,0.0,True,0.3287205965827669,0.005,771.5263988983991,887.020719973828,773.5331092882734,282.1592302115431,hurdle_cmp,489.63078042193285,489.63078042193285,489.36716868685596,all normalized constructors
Human Lean root values,fermat_little_term,274,223,0.18613138686131386,2.004484304932735,0.004464195942005672,0.0037420515570213376,0.0,0.9955156950672646,0.004484304932735426,3,1.5996403120857972,0.40484399284693384,0.005,506.1770212068307,621.6713422822597,508.1837315967051,16.80985251997481,125.57043261300213,False,cmp,489.3671686868559,2.1944716084612375,769.790010633476,771.790010633476,1.6313868613138687,0.0,True,0.3287205965827669,0.005,771.5263988983991,887.020719973828,773.5331092882734,282.1592302115431,hurdle_cmp,489.63078042193285,489.63078042193285,489.36716868685596,shared binary core
Human Lean root values,fta_complex_term,674,527,0.21810089020771514,1.9981024667931688,0.005688998988222331,0.004801559374282964,0.003795066413662239,0.9943074003795066,0.0018975332068311196,3,1.5910766656367628,0.40323073474273996,0.005,1190.8596122158112,1461.7670125914856,1192.8605487989507,44.81350513594225,29.175965698924166,False,cmp,1146.046107079869,2.1746605447435843,1898.371111192445,1899.8772430500567,1.5910766656367628,0.018077146248579912,False,0.31528575253623725,0.005,1899.8772430500567,2170.7846434257312,1901.8781796331964,753.8311359701878,hurdle_cmp,1146.0461070798688,1146.0461070798688,1146.0461070798688,all normalized constructors
Human Lean root values,fta_complex_term,674,527,0.21810089020771514,1.9981024667931688,0.005688998988222331,0.004801559374282964,0.003795066413662239,0.9943074003795066,0.0018975332068311196,3,1.5910766656367628,0.40323073474273996,0.005,1190.8596122158112,1461.7670125914856,1192.8605487989507,44.81350513594225,29.175965698924166,False,cmp,1146.046107079869,2.1746605447435843,1898.371111192445,1899.8772430500567,1.5910766656367628,0.018077146248579912,False,0.31528575253623725,0.005,1899.8772430500567,2170.7846434257312,1901.8781796331964,753.8311359701878,hurdle_cmp,1146.0461070798688,1146.0461070798688,1146.0461070798688,shared binary core
Human Lean root values,ftc_term,314,234,0.25477707006369427,2.0,0.0,0.0,0.0,1.0,0.0,2,1.5936242600400345,0.40637573995996135,0.005,529.7230847200607,650.7857610041087,531.74052276613,3.999999999970896,438.78676205047753,False,cmp,525.7230847200898,2.246679849231153,888.8583903332622,888.1273363352185,1.5936242600400345,0.06474449640019544,False,0.3028405195879967,0.005,888.1273363352185,1009.1900126192666,890.1447743812878,362.4042516151287,hurdle_cmp,525.7230847200898,525.7230847200898,525.7230847200898,all normalized constructors
Human Lean root values,ftc_term,314,234,0.25477707006369427,2.0,0.0,0.0,0.0,1.0,0.0,2,1.5936242600400345,0.40637573995996135,0.005,529.7230847200607,650.7857610041087,531.74052276613,3.999999999970896,438.78676205047753,False,cmp,525.7230847200898,2.246679849231153,888.8583903332622,888.1273363352185,1.5936242600400345,0.06474449640019544,False,0.3028405195879967,0.005,888.1273363352185,1009.1900126192666,890.1447743812878,362.4042516151287,hurdle_cmp,525.7230847200898,525.7230847200898,525.7230847200898,shared binary core
Human Lean root values,fund_thm_arithmetic_term,282,224,0.20567375886524822,2.0,0.0,0.0,0.0,1.0,0.0,2,1.5936242600400345,0.40637573995996135,0.005,507.1708161422803,623.059873781711,509.17109041732317,3.9999999999126885,438.799624852481,False,cmp,503.1708161423676,2.2462982863498553,793.7839362075786,795.7775836969338,1.5936242600400345,0.0031197929745430384,False,0.32279491401074945,0.005,795.7775836969338,911.6666413363646,797.7778579719768,292.60676755456626,hurdle_cmp,503.1708161423675,503.1708161423675,503.1708161423675,all normalized constructors
Human Lean root values,fund_thm_arithmetic_term,282,224,0.20567375886524822,2.0,0.0,0.0,0.0,1.0,0.0,2,1.5936242600400345,0.40637573995996135,0.005,507.1708161422803,623.059873781711,509.17109041732317,3.9999999999126885,438.799624852481,False,cmp,503.1708161423676,2.2462982863498553,793.7839362075786,795.7775836969338,1.5936242600400345,0.0031197929745430384,False,0.32279491401074945,0.005,795.7775836969338,911.6666413363646,797.7778579719768,292.60676755456626,hurdle_cmp,503.1708161423675,503.1708161423675,503.1708161423675,shared binary core
Human Lean root values,intermediate_value_term,202,159,0.21287128712871287,2.0,0.0,0.0,0.0,1.0,0.0,2,1.5936242600400345,0.40637573995996135,0.005,360.5810703867079,442.8416068361252,362.5810875009631,4.0,438.80308280768554,False,cmp,356.5810703867079,2.2426482414258357,569.8143795170363,571.7464738811146,1.5936242600400345,0.01215269796217647,False,0.3198700131368013,0.005,571.7464738811146,654.007010330532,573.7464909953699,215.16540349440675,hurdle_cmp,356.5810703867079,356.5810703867079,356.5810703867079,all normalized constructors
Human Lean root values,intermediate_value_term,202,159,0.21287128712871287,2.0,0.0,0.0,0.0,1.0,0.0,2,1.5936242600400345,0.40637573995996135,0.005,360.5810703867079,442.8416068361252,362.5810875009631,4.0,438.80308280768554,False,cmp,356.5810703867079,2.2426482414258357,569.8143795170363,571.7464738811146,1.5936242600400345,0.01215269796217647,False,0.3198700131368013,0.005,571.7464738811146,654.007010330532,573.7464909953699,215.16540349440675,hurdle_cmp,356.5810703867079,356.5810703867079,356.5810703867079,shared binary core
Human Lean root values,lagrange_subgroup_term,123,90,0.2682926829268293,2.0,0.0,0.0,0.0,1.0,0.0,2,1.5936242600400345,0.40637573995996135,0.005,204.9704172000233,251.5329850015803,206.97071329568402,3.999999999970896,438.8376651511249,False,cmp,200.9704172000524,2.2330046355561377,349.6883941143847,350.0325289054026,1.5936242600400345,0.08170660372001681,False,0.29734810240972775,0.005,350.0325289054026,396.59509670695957,352.0328250010633,149.0621117053502,hurdle_cmp,200.97041720005242,200.97041720005242,200.97041720005242,all normalized constructors
Human Lean root values,lagrange_subgroup_term,123,90,0.2682926829268293,2.0,0.0,0.0,0.0,1.0,0.0,2,1.5936242600400345,0.40637573995996135,0.005,204.9704172000233,251.5329850015803,206.97071329568402,3.999999999970896,438.8376651511249,False,cmp,200.9704172000524,2.2330046355561377,349.6883941143847,350.0325289054026,1.5936242600400345,0.08170660372001681,False,0.29734810240972775,0.005,350.0325289054026,396.59509670695957,352.0328250010633,149.0621117053502,hurdle_cmp,200.97041720005242,200.97041720005242,200.97041720005242,shared binary core
Human Lean root values,leibniz_pi_term,2934,2597,0.11486025903203817,2.001925298421255,0.002691711015746524,0.002262494301389882,0.0003850596842510589,0.9973045822102425,0.0023103581055063534,3,1.5962079740952215,0.4053322646417787,0.005,5865.952991800682,7209.339574844528,5867.965510500812,106.54957385500893,34.34833799558153,False,cmp,5759.403417945673,2.21771406158863,8063.311663490411,8065.311663490411,1.7719836400817996,0.0,True,0.35602350003625866,0.005,7960.23392303565,9303.620506079496,7962.2464417357805,2200.8305050899776,hurdle_cmp,5864.481158400433,5864.481158400433,5759.403417945672,all normalized constructors
Human Lean root values,leibniz_pi_term,2934,2597,0.11486025903203817,2.001925298421255,0.002691711015746524,0.002262494301389882,0.0003850596842510589,0.9973045822102425,0.0023103581055063534,3,1.5962079740952215,0.4053322646417787,0.005,5865.952991800682,7209.339574844528,5867.965510500812,106.54957385500893,34.34833799558153,False,cmp,5759.403417945673,2.21771406158863,8063.311663490411,8065.311663490411,1.7719836400817996,0.0,True,0.35602350003625866,0.005,7960.23392303565,9303.620506079496,7962.2464417357805,2200.8305050899776,hurdle_cmp,5864.481158400433,5864.481158400433,5759.403417945672,shared binary core
Human Lean root values,liouville_term,1881,1612,0.14300903774587986,2.001240694789082,0.0012391554655222308,0.0010423280625597232,0.0,0.9987593052109182,0.0012406947890818859,3,1.5952893823904781,0.4059513123985999,0.005,3639.9540114643955,4474.184369047083,3641.9880102701486,34.765852553769946,125.14340741934872,False,cmp,3605.1881589106256,2.2364690812100654,5212.63776089357,5214.63776089357,1.7150451887293992,0.0,True,0.345578517172429,0.005,5185.835109102449,6020.065466685137,5187.869107908202,1580.6469501918236,hurdle_cmp,3633.9908107017463,3633.9908107017463,3605.188158910625,all normalized constructors
Human Lean root values,liouville_term,1881,1612,0.14300903774587986,2.001240694789082,0.0012391554655222308,0.0010423280625597232,0.0,0.9987593052109182,0.0012406947890818859,3,1.5952893823904781,0.4059513123985999,0.005,3639.9540114643955,4474.184369047083,3641.9880102701486,34.765852553769946,125.14340741934872,False,cmp,3605.1881589106256,2.2364690812100654,5212.63776089357,5214.63776089357,1.7150451887293992,0.0,True,0.345578517172429,0.005,5185.835109102449,6020.065466685137,5187.869107908202,1580.6469501918236,hurdle_cmp,3633.9908107017463,3633.9908107017463,3605.188158910625,shared binary core
Human Lean root values,mean_value_term,170,126,0.25882352941176473,1.992063492063492,0.007873519778281683,0.006688879647192469,0.007936507936507936,0.9920634920634921,0.0,2,1.5829612806261792,0.40116570350080094,0.005,285.69760747109433,349.95590056680777,287.6976914058413,15.664606226215255,398.7833324308674,False,cmp,270.0330012448791,2.14311905749904,481.6802350950622,482.1173477316039,1.5829612806261792,0.06727308727902877,False,0.2973345802417701,0.005,482.1173477316039,546.3756408273173,484.11743166635085,212.08434648672483,hurdle_cmp,270.0330012448791,270.0330012448791,270.0330012448791,all normalized constructors
Human Lean root values,mean_value_term,170,126,0.25882352941176473,1.992063492063492,0.007873519778281683,0.006688879647192469,0.007936507936507936,0.9920634920634921,0.0,2,1.5829612806261792,0.40116570350080094,0.005,285.69760747109433,349.95590056680777,287.6976914058413,15.664606226215255,398.7833324308674,False,cmp,270.0330012448791,2.14311905749904,481.6802350950622,482.1173477316039,1.5829612806261792,0.06727308727902877,False,0.2973345802417701,0.005,482.1173477316039,546.3756408273173,484.11743166635085,212.08434648672483,hurdle_cmp,270.0330012448791,270.0330012448791,270.0330012448791,shared binary core
Human Lean root values,mvt2_term,549,439,0.20036429872495445,1.9954441913439636,0.004535053263526031,0.0038386269062904575,0.004555808656036446,0.9954441913439636,0.0,2,1.5875058031356821,0.4033825795522411,0.005,991.1283580231708,1216.3892941270115,993.1318372275376,29.556283444195287,399.3164089086489,False,cmp,961.5720745789755,2.19036919038491,1541.157714013532,1543.157714013532,1.5956284153005464,0.0,True,0.3223369895674451,0.005,1543.1242816463034,1768.385217750144,1545.1277608506703,581.5522070673279,hurdle_cmp,961.6055069462042,961.6055069462042,961.5720745789755,all normalized constructors
Human Lean root values,mvt2_term,549,439,0.20036429872495445,1.9954441913439636,0.004535053263526031,0.0038386269062904575,0.004555808656036446,0.9954441913439636,0.0,2,1.5875058031356821,0.4033825795522411,0.005,991.1283580231708,1216.3892941270115,993.1318372275376,29.556283444195287,399.3164089086489,False,cmp,961.5720745789755,2.19036919038491,1541.157714013532,1543.157714013532,1.5956284153005464,0.0,True,0.3223369895674451,0.005,1543.1242816463034,1768.385217750144,1545.1277608506703,581.5522070673279,hurdle_cmp,961.6055069462042,961.6055069462042,961.5720745789755,shared binary core
Human Lean root values,pi_irrational2_term,4345,3988,0.08216340621403913,2.0017552657973923,0.003256698379994548,0.0027378897134649567,0.0007522567703109327,0.996740220661986,0.0025075225677031092,3,1.595979840401492,0.4050231686255855,0.005,9007.123577363978,11068.78174677596,9009.124073118028,192.88137895439286,32.4919017784272,False,cmp,8814.242198409585,2.2101911229713105,11802.420733441395,11804.420733441395,1.8372842347525893,0.0,True,0.3689817389726055,0.005,11477.271481274034,13538.929650686016,11479.271977028086,2663.0292828644497,hurdle_cmp,9141.391450576946,9141.391450576946,8814.242198409585,all normalized constructors
Human Lean root values,pi_irrational2_term,4345,3988,0.08216340621403913,2.0017552657973923,0.003256698379994548,0.0027378897134649567,0.0007522567703109327,0.996740220661986,0.0025075225677031092,3,1.595979840401492,0.4050231686255855,0.005,9007.123577363978,11068.78174677596,9009.124073118028,192.88137895439286,32.4919017784272,False,cmp,8814.242198409585,2.2101911229713105,11802.420733441395,11804.420733441395,1.8372842347525893,0.0,True,0.3689817389726055,0.005,11477.271481274034,13538.929650686016,11479.271977028086,2663.0292828644497,hurdle_cmp,9141.391450576946,9141.391450576946,8814.242198409585,shared binary core
Human Lean root values,ptolemy_term,3739,3498,0.06445573682802888,2.0,0.0005717552887364208,0.000481580123340864,0.0002858776443682104,0.9994282447112636,0.0002858776443682104,3,1.5936242600400345,0.40608986231559313,0.005,7891.594478723789,9700.515350394755,7893.614481833173,40.63864290108904,40.24684679240271,False,cmp,7850.9558358227,2.244412760383848,10077.795712043579,10079.795712043579,1.8710885263439423,0.0,True,0.37729807529940357,0.005,9681.252000232631,11490.172871903598,9683.272003342016,1830.2961644099323,hurdle_cmp,8249.499547633646,8249.499547633646,7850.955835822699,all normalized constructors
Human Lean root values,ptolemy_term,3739,3498,0.06445573682802888,2.0,0.0005717552887364208,0.000481580123340864,0.0002858776443682104,0.9994282447112636,0.0002858776443682104,3,1.5936242600400345,0.40608986231559313,0.005,7891.594478723789,9700.515350394755,7893.614481833173,40.63864290108904,40.24684679240271,False,cmp,7850.9558358227,2.244412760383848,10077.795712043579,10079.795712043579,1.8710885263439423,0.0,True,0.37729807529940357,0.005,9681.252000232631,11490.172871903598,9683.272003342016,1830.2961644099323,hurdle_cmp,8249.499547633646,8249.499547633646,7850.955835822699,shared binary core
Human Lean root values,quadratic_reciprocity_term,1669,1519,0.08987417615338526,2.003949967083608,0.0039343648436460515,0.0032998173428982498,0.0,0.9960500329163924,0.003949967083607637,3,1.5989237862042909,0.4050261808793128,0.005,3435.260880736714,4221.868208697268,3437.261954036886,82.38484533177689,126.58027682398757,False,cmp,3352.8760354049373,2.207291662544396,4550.394304098546,4552.394304098546,1.8238466147393648,0.0,True,0.3659051085232745,0.005,4446.160084805085,5232.767412765638,4448.161158105257,1093.2840494001478,hurdle_cmp,3459.1102546983984,3459.1102546983984,3352.8760354049373,all normalized constructors
Human Lean root values,quadratic_reciprocity_term,1669,1519,0.08987417615338526,2.003949967083608,0.0039343648436460515,0.0032998173428982498,0.0,0.9960500329163924,0.003949967083607637,3,1.5989237862042909,0.4050261808793128,0.005,3435.260880736714,4221.868208697268,3437.261954036886,82.38484533177689,126.58027682398757,False,cmp,3352.8760354049373,2.207291662544396,4550.394304098546,4552.394304098546,1.8238466147393648,0.0,True,0.3659051085232745,0.005,4446.160084805085,5232.767412765638,4448.161158105257,1093.2840494001478,hurdle_cmp,3459.1102546983984,3459.1102546983984,3352.8760354049373,shared binary core
Human Lean root values,schroeder_bernstein_term,109,86,0.21100917431192662,1.941860465116279,0.05475932936722553,0.04919811700553401,0.05813953488372093,0.9418604651162791,0.0,2,1.5150412460000227,0.3686796842325322,0.005,193.42802526756864,233.36143533465778,195.42870289020092,42.152592774349614,403.49182330405546,False,cmp,151.27543249321903,1.7590166568978958,305.79010256804895,307.79010256804895,1.5321100917431192,0.0,True,0.290255687526793,0.005,307.76139470517774,347.69480477226693,309.7620723278101,156.48596221195874,hurdle_cmp,151.30414035609022,151.30414035609022,151.275432493219,all normalized constructors
Human Lean root values,schroeder_bernstein_term,109,86,0.21100917431192662,1.941860465116279,0.05475932936722553,0.04919811700553401,0.05813953488372093,0.9418604651162791,0.0,2,1.5150412460000227,0.3686796842325322,0.005,193.42802526756864,233.36143533465778,195.42870289020092,42.152592774349614,403.49182330405546,False,cmp,151.27543249321903,1.7590166568978958,305.79010256804895,307.79010256804895,1.5321100917431192,0.0,True,0.290255687526793,0.005,307.76139470517774,347.69480477226693,309.7620723278101,156.48596221195874,hurdle_cmp,151.30414035609022,151.30414035609022,151.275432493219,shared binary core
Human Lean root values,stirling_term,1730,1498,0.13410404624277455,1.9946595460614152,0.006647046974960831,0.00563107112955234,0.006008010680907877,0.9933244325767691,0.0006675567423230974,3,1.586451362112517,0.4022001732679864,0.005,3377.4705270001627,4144.226131991272,3379.4707020257842,130.62077637501352,30.61465228581097,False,cmp,3246.849750625149,2.167456442339886,4778.607964329815,4780.607964329815,1.7271676300578034,0.0,True,0.34554929337798335,0.005,4743.106777693522,5509.862382684632,4745.106952719144,1496.2570270683732,hurdle_cmp,3284.350937261442,3284.350937261442,3246.849750625149,all normalized constructors
Human Lean root values,stirling_term,1730,1498,0.13410404624277455,1.9946595460614152,0.006647046974960831,0.00563107112955234,0.006008010680907877,0.9933244325767691,0.0006675567423230974,3,1.586451362112517,0.4022001732679864,0.005,3377.4705270001627,4144.226131991272,3379.4707020257842,130.62077637501352,30.61465228581097,False,cmp,3246.849750625149,2.167456442339886,4778.607964329815,4780.607964329815,1.7271676300578034,0.0,True,0.34554929337798335,0.005,4743.106777693522,5509.862382684632,4745.106952719144,1496.2570270683732,hurdle_cmp,3284.350937261442,3284.350937261442,3246.849750625149,shared binary core
Human Lean root values,strong_law_large_numbers_term,2529,2358,0.06761565836298933,2.0012722646310435,0.0055115280772293765,0.004635919820669988,0.0021204410517387615,0.9944868532654793,0.0033927056827820186,3,1.5953317456054572,0.4038200779738436,0.005,5327.671977110576,6543.92118294091,5329.6732507633915,182.467561678146,29.17934011222277,False,cmp,5145.20441543243,2.1820205324140924,6832.359372891277,6834.359372891277,1.8659549228944248,0.0,True,0.37390911852271086,0.005,6581.159083988407,7797.408289818741,6583.160357641222,1435.9546685559767,hurdle_cmp,5398.4047043353,5398.4047043353,5145.20441543243,all normalized constructors
Human Lean root values,strong_law_large_numbers_term,2529,2358,0.06761565836298933,2.0012722646310435,0.0055115280772293765,0.004635919820669988,0.0021204410517387615,0.9944868532654793,0.0033927056827820186,3,1.5953317456054572,0.4038200779738436,0.005,5327.671977110576,6543.92118294091,5329.6732507633915,182.467561678146,29.17934011222277,False,cmp,5145.20441543243,2.1820205324140924,6832.359372891277,6834.359372891277,1.8659549228944248,0.0,True,0.37390911852271086,0.005,6581.159083988407,7797.408289818741,6583.160357641222,1435.9546685559767,hurdle_cmp,5398.4047043353,5398.4047043353,5145.20441543243,shared binary core
Human Lean root values,sylow_theorem_term,302,245,0.18874172185430463,2.0,0.0,0.0,0.0,1.0,0.0,2,1.5936242600400345,0.40637573995996135,0.005,554.5305801556192,681.2842369487464,556.5306167354421,3.9999999999417923,438.8144879702169,False,cmp,550.5305801556774,2.2470635924721525,847.3433122191666,849.3433122191666,1.6225165562913908,0.0,True,0.32894646085783197,0.005,849.1041309499856,975.8577877431128,851.1041675298084,298.5735507943081,hurdle_cmp,550.7697614248584,550.7697614248584,550.5305801556774,all normalized constructors
Human Lean root values,sylow_theorem_term,302,245,0.18874172185430463,2.0,0.0,0.0,0.0,1.0,0.0,2,1.5936242600400345,0.40637573995996135,0.005,554.5305801556192,681.2842369487464,556.5306167354421,3.9999999999417923,438.8144879702169,False,cmp,550.5305801556774,2.2470635924721525,847.3433122191666,849.3433122191666,1.6225165562913908,0.0,True,0.32894646085783197,0.005,849.1041309499856,975.8577877431128,851.1041675298084,298.5735507943081,hurdle_cmp,550.7697614248584,550.7697614248584,550.5305801556774,shared binary core
Human Lean root values,wilsons_lemma_term,1860,1694,0.08924731182795699,2.000590318772137,0.0005899702958842167,0.0004966067097651918,0.0,0.999409681227863,0.0005903187721369539,3,1.5944165804785544,0.4061737382935782,0.005,3823.6190028804867,4700.151294763013,3825.622615023768,20.869105315417983,135.64491941563202,False,cmp,3802.7498975650687,2.2448346502745387,5064.061803903557,5066.061803903557,1.8220430107526882,0.0,True,0.3670631260814397,0.005,4944.568628078818,5821.100919961344,4946.572240222099,1141.8187305137492,hurdle_cmp,3924.243073389808,3924.243073389808,3802.7498975650687,all normalized constructors
Human Lean root values,wilsons_lemma_term,1860,1694,0.08924731182795699,2.000590318772137,0.0005899702958842167,0.0004966067097651918,0.0,0.999409681227863,0.0005903187721369539,3,1.5944165804785544,0.4061737382935782,0.005,3823.6190028804867,4700.151294763013,3825.622615023768,20.869105315417983,135.64491941563202,False,cmp,3802.7498975650687,2.2448346502745387,5064.061803903557,5066.061803903557,1.8220430107526882,0.0,True,0.3670631260814397,0.005,4944.568628078818,5821.100919961344,4946.572240222099,1141.8187305137492,hurdle_cmp,3924.243073389808,3924.243073389808,3802.7498975650687,shared binary core
Matched human Lean root values,pair_00b23e63,4674,4481,0.04129225502781344,2.0006694934166482,0.0015617030840772272,0.0013144495135115292,0.0004463289444320464,0.9984378486944878,0.0011158223610801161,3,1.594522839627876,0.4057003248443359,0.005,10113.087327577174,12430.12794353573,10116.338503026394,116.82851298240712,35.78488442530198,False,cmp,9996.258814594767,2.230809822493811,12474.158790380763,12476.158790380763,1.9180573384681214,0.0,True,0.38691926066846083,0.005,11723.218914290086,14040.259530248644,11726.470089739309,1726.9600996953204,hurdle_cmp,10749.198690685444,10749.198690685444,9996.258814594767,all normalized constructors
Matched human Lean root values,pair_00b23e63,4674,4481,0.04129225502781344,2.0006694934166482,0.0015617030840772272,0.0013144495135115292,0.0004463289444320464,0.9984378486944878,0.0011158223610801161,3,1.594522839627876,0.4057003248443359,0.005,10113.087327577174,12430.12794353573,10116.338503026394,116.82851298240712,35.78488442530198,False,cmp,9996.258814594767,2.230809822493811,12474.158790380763,12476.158790380763,1.9180573384681214,0.0,True,0.38691926066846083,0.005,11723.218914290086,14040.259530248644,11726.470089739309,1726.9600996953204,hurdle_cmp,10749.198690685444,10749.198690685444,9996.258814594767,shared binary core
Matched AI Lean root values,pair_00b23e63,2956,2779,0.05987821380243572,2.0003598416696655,0.0017990788622995089,0.0015147478588946799,0.0007196833393306944,0.9982007916516733,0.0010795250089960418,3,1.594107249264499,0.40553290906583167,0.005,6272.162198063013,7708.410173577002,6274.1814847661935,83.92520070270984,34.686947686862645,False,cmp,6188.236997360304,2.226785533415007,7954.410967342321,7956.410967342321,1.8805818673883627,0.0,True,0.37873780357507486,0.005,7614.012307809604,9050.260283323592,7616.031594512784,1425.7753104493008,hurdle_cmp,6530.6356568930205,6530.6356568930205,6188.236997360304,all normalized constructors
Matched AI Lean root values,pair_00b23e63,2956,2779,0.05987821380243572,2.0003598416696655,0.0017990788622995089,0.0015147478588946799,0.0007196833393306944,0.9982007916516733,0.0010795250089960418,3,1.594107249264499,0.40553290906583167,0.005,6272.162198063013,7708.410173577002,6274.1814847661935,83.92520070270984,34.686947686862645,False,cmp,6188.236997360304,2.226785533415007,7954.410967342321,7956.410967342321,1.8805818673883627,0.0,True,0.37873780357507486,0.005,7614.012307809604,9050.260283323592,7616.031594512784,1425.7753104493008,hurdle_cmp,6530.6356568930205,6530.6356568930205,6188.236997360304,shared binary core
Matched human Lean root values,pair_01eb3f84,4110,3828,0.06861313868613139,2.0031347962382444,0.005214833449618879,0.00437759384269143,0.0010449320794148381,0.9947753396029259,0.0041797283176593526,3,1.5978305021447503,0.40425936201407525,0.005,8653.402918354303,10632.086381716934,8655.403385898087,274.0860617667204,30.411600103194143,False,cmp,8379.316856587582,2.1889542467574667,11110.312660348134,11112.312660348134,1.8656934306569344,0.0,True,0.373990979597913,0.005,10710.704624217611,12689.388087580242,10712.705091761396,2331.387767630028,hurdle_cmp,8780.924892718107,8780.924892718107,8379.316856587582,all normalized constructors
Matched human Lean root values,pair_01eb3f84,4110,3828,0.06861313868613139,2.0031347962382444,0.005214833449618879,0.00437759384269143,0.0010449320794148381,0.9947753396029259,0.0041797283176593526,3,1.5978305021447503,0.40425936201407525,0.005,8653.402918354303,10632.086381716934,8655.403385898087,274.0860617667204,30.411600103194143,False,cmp,8379.316856587582,2.1889542467574667,11110.312660348134,11112.312660348134,1.8656934306569344,0.0,True,0.373990979597913,0.005,10710.704624217611,12689.388087580242,10712.705091761396,2331.387767630028,hurdle_cmp,8780.924892718107,8780.924892718107,8379.316856587582,shared binary core
Matched AI Lean root values,pair_01eb3f84,4304,4060,0.056691449814126396,2.004433497536946,0.0053990633114125545,0.004525937842791965,0.0004926108374384236,0.9945812807881773,0.0049261083743842365,3,1.5995721852264073,0.4043687014730963,0.005,9182.549445452947,11283.623697539286,9184.74007902097,290.87199643580243,31.86004076720382,False,cmp,8891.677449017145,2.190068337196341,11579.721084476278,11581.721084476278,1.8907992565055762,0.0,True,0.3792132283666615,0.005,11059.072017084813,13160.146269171151,11061.262650652836,2167.394568067668,hurdle_cmp,9414.32651640861,9414.32651640861,8891.677449017145,all normalized constructors
Matched AI Lean root values,pair_01eb3f84,4304,4060,0.056691449814126396,2.004433497536946,0.0053990633114125545,0.004525937842791965,0.0004926108374384236,0.9945812807881773,0.0049261083743842365,3,1.5995721852264073,0.4043687014730963,0.005,9182.549445452947,11283.623697539286,9184.74007902097,290.87199643580243,31.86004076720382,False,cmp,8891.677449017145,2.190068337196341,11579.721084476278,11581.721084476278,1.8907992565055762,0.0,True,0.3792132283666615,0.005,11059.072017084813,13160.146269171151,11061.262650652836,2167.394568067668,hurdle_cmp,9414.32651640861,9414.32651640861,8891.677449017145,shared binary core
Matched human Lean root values,pair_064daf4b,83,56,0.3253012048192771,2.017857142857143,0.01753826530612245,0.014493452032628954,0.0,0.9821428571428571,0.017857142857142856,3,1.6175437937434622,0.4003133491136763,0.005,129.54296165972897,158.64241313351354,131.54330403638215,14.032738986774348,126.94311015680462,False,cmp,115.51022267295463,2.0626825477313324,238.09803913309224,236.25592242739373,1.6175437937434622,0.15832524077648027,False,0.2700909343417575,0.005,236.25592242739373,265.3553739011783,238.25626480404694,120.74569975443913,hurdle_cmp,115.5102226729546,115.5102226729546,115.5102226729546,all normalized constructors
Matched human Lean root values,pair_064daf4b,83,56,0.3253012048192771,2.017857142857143,0.01753826530612245,0.014493452032628954,0.0,0.9821428571428571,0.017857142857142856,3,1.6175437937434622,0.4003133491136763,0.005,129.54296165972897,158.64241313351354,131.54330403638215,14.032738986774348,126.94311015680462,False,cmp,115.51022267295463,2.0626825477313324,238.09803913309224,236.25592242739373,1.6175437937434622,0.15832524077648027,False,0.2700909343417575,0.005,236.25592242739373,265.3553739011783,238.25626480404694,120.74569975443913,hurdle_cmp,115.5102226729546,115.5102226729546,115.5102226729546,shared binary core
Matched AI Lean root values,pair_064daf4b,110,77,0.3,2.0259740259740258,0.025299375948726596,0.02072926998429886,0.0,0.974025974025974,0.025974025974025976,3,1.628383686177735,0.3975903397962862,0.005,178.13952123465424,218.23627860659886,180.13956351548603,22.550229212782142,120.3587799304879,False,cmp,155.5892920218721,2.0206401561282092,316.1339148262823,314.5296676867308,1.628383686177735,0.12908620356503436,False,0.2783132378574003,0.005,314.5296676867308,354.6264250586754,316.5297099675626,158.94037566485872,hurdle_cmp,155.5892920218721,155.5892920218721,155.5892920218721,all normalized constructors
Matched AI Lean root values,pair_064daf4b,110,77,0.3,2.0259740259740258,0.025299375948726596,0.02072926998429886,0.0,0.974025974025974,0.025974025974025976,3,1.628383686177735,0.3975903397962862,0.005,178.13952123465424,218.23627860659886,180.13956351548603,22.550229212782142,120.3587799304879,False,cmp,155.5892920218721,2.0206401561282092,316.1339148262823,314.5296676867308,1.628383686177735,0.12908620356503436,False,0.2783132378574003,0.005,314.5296676867308,354.6264250586754,316.5297099675626,158.94037566485872,hurdle_cmp,155.5892920218721,155.5892920218721,155.5892920218721,shared binary core
Matched human Lean root values,pair_06e244fd,11225,10913,0.02779510022271715,2.001191239805736,0.001556356078303439,0.001309214160572928,0.00018326766242096582,0.9984422248694218,0.0013745074681572437,3,1.5952230186766427,0.4057849534666684,0.005,24631.34715912889,30277.27481404727,24633.575862913567,270.08155078534037,37.46578920020617,False,cmp,24361.26560834355,2.232316100828695,29768.751647075907,29770.751647075907,1.9455679287305123,0.0,True,0.3929661738362223,0.005,27484.32041270419,33130.24806762257,27486.549116488866,3123.0548043606404,hurdle_cmp,26647.696842715268,26647.696842715268,24361.26560834355,all normalized constructors
Matched human Lean root values,pair_06e244fd,11225,10913,0.02779510022271715,2.001191239805736,0.001556356078303439,0.001309214160572928,0.00018326766242096582,0.9984422248694218,0.0013745074681572437,3,1.5952230186766427,0.4057849534666684,0.005,24631.34715912889,30277.27481404727,24633.575862913567,270.08155078534037,37.46578920020617,False,cmp,24361.26560834355,2.232316100828695,29768.751647075907,29770.751647075907,1.9455679287305123,0.0,True,0.3929661738362223,0.005,27484.32041270419,33130.24806762257,27486.549116488866,3123.0548043606404,hurdle_cmp,26647.696842715268,26647.696842715268,24361.26560834355,shared binary core
Matched AI Lean root values,pair_06e244fd,11309,10993,0.027942346803430895,2.001000636768853,0.0013635034108562376,0.001147220699334473,0.00018193395797325572,0.9986354953152006,0.0011825707268261622,3,1.5949672409987907,0.40585146181208515,0.005,24809.238672359454,30496.3115608039,24812.987390671173,243.66867124009877,37.85584692729096,False,cmp,24565.570001119355,2.23465569008636,29991.799778329856,29993.799778329856,1.9450879830223715,0.0,True,0.3929537071825277,0.005,27695.3762229893,33382.44911143374,27699.12494130102,3129.806221869945,hurdle_cmp,26863.99355645991,26863.99355645991,24565.570001119355,all normalized constructors
Matched AI Lean root values,pair_06e244fd,11309,10993,0.027942346803430895,2.001000636768853,0.0013635034108562376,0.001147220699334473,0.00018193395797325572,0.9986354953152006,0.0011825707268261622,3,1.5949672409987907,0.40585146181208515,0.005,24809.238672359454,30496.3115608039,24812.987390671173,243.66867124009877,37.85584692729096,False,cmp,24565.570001119355,2.23465569008636,29991.799778329856,29993.799778329856,1.9450879830223715,0.0,True,0.3929537071825277,0.005,27695.3762229893,33382.44911143374,27699.12494130102,3129.806221869945,hurdle_cmp,26863.99355645991,26863.99355645991,24565.570001119355,shared binary core
Matched human Lean root values,pair_070c0d6f,3399,3042,0.10503089143865843,2.0009861932938855,0.005587456088138838,0.004701231257406968,0.0023011176857330702,0.9944115713346483,0.003287310979618672,3,1.594947858269039,0.4037372173391096,0.005,6871.8697305374635,8440.372297575846,6873.88018660486,237.2995868678845,29.055140901135022,False,cmp,6634.570143669579,2.180989527833524,9311.90139648771,9313.90139648771,1.790820829655781,0.0,True,0.35848328503889476,0.005,9157.986890548753,10726.489457587137,9159.99734661615,2523.416746879174,hurdle_cmp,6790.4846496085365,6790.4846496085365,6634.570143669579,all normalized constructors
Matched human Lean root values,pair_070c0d6f,3398,3041,0.10506180105944674,2.0013153567905295,0.0052596969986313325,0.004423891802036456,0.0019730351857941467,0.9947385728378823,0.003288391976323578,3,1.5953895699831673,0.40395275162156413,0.005,6870.066837936886,8438.98485279091,6872.067337491209,225.00100154310348,29.435238164231315,False,cmp,6645.065836393783,2.185158117853924,9309.485000217055,9311.485000217055,1.7910535609181872,0.0,True,0.3586765351155836,0.005,9155.962031260331,10724.880046114355,9157.962530814653,2510.896194866548,hurdle_cmp,6800.588805350508,6800.588805350508,6645.065836393784,shared binary core
Matched AI Lean root values,pair_070c0d6f,446,365,0.18161434977578475,2.0027397260273974,0.008211671983486584,0.006896214732125519,0.0027397260273972603,0.9917808219178083,0.005479452054794521,3,1.5973005702452985,0.4026994297546975,0.005,827.2316308594112,1015.3798099891574,829.2318808854194,42.602078485793754,27.351665152429575,False,cmp,784.6295523736175,2.1496700065030616,1250.6394263014702,1252.6394263014702,1.6390134529147982,0.0,True,0.32856471733962944,0.005,1251.8903048891543,1440.0384840189006,1253.8905549151627,467.260752515537,hurdle_cmp,785.3786737859332,785.3786737859332,784.6295523736173,all normalized constructors
Matched AI Lean root values,pair_070c0d6f,446,365,0.18161434977578475,2.0027397260273974,0.008211671983486584,0.006896214732125519,0.0027397260273972603,0.9917808219178083,0.005479452054794521,3,1.5973005702452985,0.4026994297546975,0.005,827.2316308594112,1015.3798099891574,829.2318808854194,42.602078485793754,27.351665152429575,False,cmp,784.6295523736175,2.1496700065030616,1250.6394263014702,1252.6394263014702,1.6390134529147982,0.0,True,0.32856471733962944,0.005,1251.8903048891543,1440.0384840189006,1253.8905549151627,467.260752515537,hurdle_cmp,785.3786737859332,785.3786737859332,784.6295523736173,shared binary core
Matched human Lean root values,pair_0a7bd2c7,4986,4838,0.029683112715603692,1.9995866060355518,0.00041322306987827694,0.0003482060007845565,0.00041339396444811904,0.9995866060355518,0.0,2,1.5930693412075583,0.40610387086354127,0.005,10911.878296039233,13413.011235994389,10913.8789607041,39.16361114056781,376.6190421478231,False,cmp,10872.714684898665,2.2473573139517704,13230.112488210509,13232.112488210509,1.9402326514239872,0.0,True,0.39234052026043437,0.005,12246.525460685094,14747.65840064025,12248.526125349961,1373.810775786429,hurdle_cmp,11858.30171242408,11858.30171242408,10872.714684898665,all normalized constructors
Matched human Lean root values,pair_0a7bd2c7,4986,4838,0.029683112715603692,1.9995866060355518,0.00041322306987827694,0.0003482060007845565,0.00041339396444811904,0.9995866060355518,0.0,2,1.5930693412075583,0.40610387086354127,0.005,10911.878296039233,13413.011235994389,10913.8789607041,39.16361114056781,376.6190421478231,False,cmp,10872.714684898665,2.2473573139517704,13230.112488210509,13232.112488210509,1.9402326514239872,0.0,True,0.39234052026043437,0.005,12246.525460685094,14747.65840064025,12248.526125349961,1373.810775786429,hurdle_cmp,11858.30171242408,11858.30171242408,10872.714684898665,shared binary core
Matched AI Lean root values,pair_0a7bd2c7,5048,4900,0.029318541996830427,1.999795918367347,0.0006122032486463976,0.0005157620978498774,0.00040816326530612246,0.9993877551020408,0.00020408163265306123,3,1.5933503180539326,0.40603743704810435,0.005,11052.96808872257,13586.298342562579,11054.977638504746,58.207517078612,40.199704289032624,False,cmp,10994.760571643958,2.2438286880906038,13393.14457924191,13395.14457924191,1.9411648177496037,0.0,True,0.39245023098977017,0.005,12391.328304536666,14924.658558376676,12393.337854318845,1396.5677328927095,hurdle_cmp,11998.576846349202,11998.576846349202,10994.760571643958,all normalized constructors
Matched AI Lean root values,pair_0a7bd2c7,5048,4900,0.029318541996830427,1.999795918367347,0.0006122032486463976,0.0005157620978498774,0.00040816326530612246,0.9993877551020408,0.00020408163265306123,3,1.5933503180539326,0.40603743704810435,0.005,11052.96808872257,13586.298342562579,11054.977638504746,58.207517078612,40.199704289032624,False,cmp,10994.760571643958,2.2438286880906038,13393.14457924191,13395.14457924191,1.9411648177496037,0.0,True,0.39245023098977017,0.005,12391.328304536666,14924.658558376676,12393.337854318845,1396.5677328927095,hurdle_cmp,11998.576846349202,11998.576846349202,10994.760571643958,shared binary core
Matched human Lean root values,pair_0a891d0e,1900,1728,0.09052631578947369,1.9994212962962963,0.001735776213134431,0.0014629273391147913,0.0011574074074074073,0.9982638888888888,0.0005787037037037037,3,1.592847422851479,0.40541646603740583,0.005,3899.3881802239275,4791.646728233618,3901.390204520976,51.95051967247855,35.053113378623046,False,cmp,3847.437660551449,2.2265264239302365,5174.978465933849,5176.978465933849,1.818421052631579,0.0,True,0.36579944670444575,0.005,5055.652762785334,5947.911310795023,5057.6547870823815,1208.2151022338844,hurdle_cmp,3968.763363699965,3968.763363699965,3847.4376605514494,all normalized constructors
Matched human Lean root values,pair_0a891d0e,1900,1728,0.09052631578947369,1.9994212962962963,0.001735776213134431,0.0014629273391147913,0.0011574074074074073,0.9982638888888888,0.0005787037037037037,3,1.592847422851479,0.40541646603740583,0.005,3899.3881802239275,4791.646728233618,3901.390204520976,51.95051967247855,35.053113378623046,False,cmp,3847.437660551449,2.2265264239302365,5174.978465933849,5176.978465933849,1.818421052631579,0.0,True,0.36579944670444575,0.005,5055.652762785334,5947.911310795023,5057.6547870823815,1208.2151022338844,hurdle_cmp,3968.763363699965,3968.763363699965,3847.4376605514494,shared binary core
Matched AI Lean root values,pair_0a891d0e,2278,2105,0.07594381035996488,2.0,0.0019002375296912114,0.001600538975245931,0.0009501187648456057,0.9980997624703087,0.0009501187648456057,3,1.5936242600400345,0.4054256211951157,0.005,4750.8743960552,5838.2992603147395,4753.007386778682,67.66378295351751,34.31634172952167,False,cmp,4683.210613101683,2.2248031416160012,6170.5040205143,6172.5040205143,1.8481123792800702,0.0,True,0.3718534762357758,0.005,5977.295787305053,7064.720651564592,5979.428778028535,1294.0851742033703,hurdle_cmp,4878.418846310929,4878.418846310929,4683.210613101683,all normalized constructors
Matched AI Lean root values,pair_0a891d0e,2278,2105,0.07594381035996488,2.0,0.0019002375296912114,0.001600538975245931,0.0009501187648456057,0.9980997624703087,0.0009501187648456057,3,1.5936242600400345,0.4054256211951157,0.005,4750.8743960552,5838.2992603147395,4753.007386778682,67.66378295351751,34.31634172952167,False,cmp,4683.210613101683,2.2248031416160012,6170.5040205143,6172.5040205143,1.8481123792800702,0.0,True,0.3718534762357758,0.005,5977.295787305053,7064.720651564592,5979.428778028535,1294.0851742033703,hurdle_cmp,4878.418846310929,4878.418846310929,4683.210613101683,shared binary core
Matched human Lean root values,pair_0a983018,6131,5861,0.04403849290490948,2.000682477392936,0.002046966403417208,0.0017228604053739639,0.000682477392936359,0.9979525678211909,0.001364954785872718,3,1.5945402650472866,0.40545973495270937,0.005,13228.186847166866,16257.68631400264,13230.208234125601,191.83980802301085,34.238009901914126,False,cmp,13036.347039143855,2.22425303517213,16383.637355331837,16385.637355331837,1.9125754363072909,0.0,True,0.38549503714493205,0.005,15444.37120303712,18473.870669872893,15446.392589995856,2408.024163893265,hurdle_cmp,13977.613191438573,13977.613191438573,13036.347039143857,all normalized constructors
Matched human Lean root values,pair_0a983018,6131,5861,0.04403849290490948,2.000682477392936,0.002046966403417208,0.0017228604053739639,0.000682477392936359,0.9979525678211909,0.001364954785872718,3,1.5945402650472866,0.40545973495270937,0.005,13228.186847166866,16257.68631400264,13230.208234125601,191.83980802301085,34.238009901914126,False,cmp,13036.347039143855,2.22425303517213,16383.637355331837,16385.637355331837,1.9125754363072909,0.0,True,0.38549503714493205,0.005,15444.37120303712,18473.870669872893,15446.392589995856,2408.024163893265,hurdle_cmp,13977.613191438573,13977.613191438573,13036.347039143857,shared binary core
Matched AI Lean root values,pair_0a983018,7812,7537,0.035202252944188425,2.001326787846623,0.0023864577579320373,0.002007207100528236,0.0005307151386493299,0.997611781876078,0.001857502985272655,3,1.5954049089565578,0.4053911637514119,0.005,17015.52940708865,20912.85751359071,17017.531699455812,276.3658826999599,34.09664685997471,False,cmp,16739.16352438869,2.2209318726799374,20793.970015796374,20795.970015796374,1.9308755760368663,0.0,True,0.3893247071980858,0.005,19398.388008589973,23295.716115092033,19400.390300957137,2659.2244842012833,hurdle_cmp,18136.74553159509,18136.74553159509,16739.16352438869,all normalized constructors
Matched AI Lean root values,pair_0a983018,7812,7537,0.035202252944188425,2.001326787846623,0.0023864577579320373,0.002007207100528236,0.0005307151386493299,0.997611781876078,0.001857502985272655,3,1.5954049089565578,0.4053911637514119,0.005,17015.52940708865,20912.85751359071,17017.531699455812,276.3658826999599,34.09664685997471,False,cmp,16739.16352438869,2.2209318726799374,20793.970015796374,20795.970015796374,1.9308755760368663,0.0,True,0.3893247071980858,0.005,19398.388008589973,23295.716115092033,19400.390300957137,2659.2244842012833,hurdle_cmp,18136.74553159509,18136.74553159509,16739.16352438869,shared binary core
Matched human Lean root values,pair_0b123512,3189,2926,0.08247099404201944,2.003417634996582,0.004773008766245446,0.004005488194187479,0.000683526999316473,0.9952153110047847,0.004101161995898838,3,1.5982098610657445,0.40452424693151745,0.005,6615.03892450303,8128.440485852301,6617.603891522217,193.00153467731434,31.50737710520108,False,cmp,6422.037389825716,2.194817973282883,8668.51418908921,8670.51418908921,1.8381937911571025,0.0,True,0.36847137552920645,0.005,8433.259258361106,9946.660819710378,8435.824225380293,2011.2218685353903,hurdle_cmp,6659.29232055382,6659.29232055382,6422.037389825716,all normalized constructors
Matched human Lean root values,pair_0b123512,3189,2926,0.08247099404201944,2.003417634996582,0.004773008766245446,0.004005488194187479,0.000683526999316473,0.9952153110047847,0.004101161995898838,3,1.5982098610657445,0.40452424693151745,0.005,6615.03892450303,8128.440485852301,6617.603891522217,193.00153467731434,31.50737710520108,False,cmp,6422.037389825716,2.194817973282883,8668.51418908921,8670.51418908921,1.8381937911571025,0.0,True,0.36847137552920645,0.005,8433.259258361106,9946.660819710378,8435.824225380293,2011.2218685353903,hurdle_cmp,6659.29232055382,6659.29232055382,6422.037389825716,shared binary core
Matched AI Lean root values,pair_0b123512,162,125,0.22839506172839505,2.0,0.0,0.0,0.0,1.0,0.0,2,1.5936242600400345,0.40637573995996135,0.005,283.9033572222547,348.5735902799726,285.9033719733894,4.0,438.7929748531088,False,cmp,279.9033572222547,2.239226857778038,458.3545038250552,459.9982099762993,1.5936242600400345,0.03163505021915349,False,0.31356152774688373,0.005,459.9982099762993,524.6684430340172,461.998224727434,180.09485275404455,hurdle_cmp,279.9033572222547,279.9033572222547,279.9033572222547,all normalized constructors
Matched AI Lean root values,pair_0b123512,162,125,0.22839506172839505,2.0,0.0,0.0,0.0,1.0,0.0,2,1.5936242600400345,0.40637573995996135,0.005,283.9033572222547,348.5735902799726,285.9033719733894,4.0,438.7929748531088,False,cmp,279.9033572222547,2.239226857778038,458.3545038250552,459.9982099762993,1.5936242600400345,0.03163505021915349,False,0.31356152774688373,0.005,459.9982099762993,524.6684430340172,461.998224727434,180.09485275404455,hurdle_cmp,279.9033572222547,279.9033572222547,279.9033572222547,shared binary core
Matched human Lean root values,pair_0bc9ff8b,3253,3029,0.06885951429449738,1.9990095741168703,0.0009894449396997723,0.0008342828513871149,0.0009904258831297458,0.9990095741168703,0.0,2,1.5922946732655363,0.40572447496820024,0.005,6831.716830564696,8396.01087020598,6833.728430401632,51.50128087471239,369.29444516816244,False,cmp,6780.215549689983,2.2384336578705786,8782.902242336173,8784.902242336173,1.8613587457731324,0.0,True,0.37504868018871373,0.005,8464.633259766259,10028.927299407544,8466.644859603195,1684.4177100762756,hurdle_cmp,7100.484532259898,7100.484532259898,6780.215549689983,all normalized constructors
Matched human Lean root values,pair_0bc9ff8b,3253,3029,0.06885951429449738,1.9990095741168703,0.0009894449396997723,0.0008342828513871149,0.0009904258831297458,0.9990095741168703,0.0,2,1.5922946732655363,0.40572447496820024,0.005,6831.716830564696,8396.01087020598,6833.728430401632,51.50128087471239,369.29444516816244,False,cmp,6780.215549689983,2.2384336578705786,8782.902242336173,8784.902242336173,1.8613587457731324,0.0,True,0.37504868018871373,0.005,8464.633259766259,10028.927299407544,8466.644859603195,1684.4177100762756,hurdle_cmp,7100.484532259898,7100.484532259898,6780.215549689983,shared binary core
Matched AI Lean root values,pair_0bc9ff8b,6576,6323,0.03847323600973236,2.0001581527755814,0.001107044416768056,0.0009322866578334841,0.00047445832674363435,0.9988929305709315,0.0006326111023248458,3,1.5938365419894531,0.40584715245938047,0.005,14265.497282092278,17534.464706013125,14267.506847888313,122.83750596642494,37.03584945715132,False,cmp,14142.659776125853,2.236700897695058,17524.060829695714,17526.060829695714,1.923205596107056,0.0,True,0.3882612536923307,0.005,16412.07924453901,19681.046668459858,16414.088810335044,2269.4194684131576,hurdle_cmp,15256.641361282556,15256.641361282556,14142.659776125853,all normalized constructors
Matched AI Lean root values,pair_0bc9ff8b,6576,6323,0.03847323600973236,2.0001581527755814,0.001107044416768056,0.0009322866578334841,0.00047445832674363435,0.9988929305709315,0.0006326111023248458,3,1.5938365419894531,0.40584715245938047,0.005,14265.497282092278,17534.464706013125,14267.506847888313,122.83750596642494,37.03584945715132,False,cmp,14142.659776125853,2.236700897695058,17524.060829695714,17526.060829695714,1.923205596107056,0.0,True,0.3882612536923307,0.005,16412.07924453901,19681.046668459858,16414.088810335044,2269.4194684131576,hurdle_cmp,15256.641361282556,15256.641361282556,14142.659776125853,shared binary core
Matched human Lean root values,pair_0c9ecd6b,4971,4691,0.05632669483001408,1.9997868258367086,0.0006394770466503321,0.0005387446949072519,0.00042634832658281814,0.9993604775101258,0.00021317416329140907,3,1.593338112702152,0.4060223648079697,0.005,10581.62566778733,13006.82729506725,10584.424037806231,57.94589866051683,39.98483723866424,False,cmp,10523.679769126813,2.2433766295303372,13351.43557420166,13353.43557420166,1.8871454435727217,0.0,True,0.3806840961815118,0.005,12738.437995968192,15163.639623248113,12741.236365987093,2214.758226841379,hurdle_cmp,11138.67734736028,11138.67734736028,10523.679769126813,all normalized constructors
Matched human Lean root values,pair_0c9ecd6b,4971,4691,0.05632669483001408,1.9997868258367086,0.0006394770466503321,0.0005387446949072519,0.00042634832658281814,0.9993604775101258,0.00021317416329140907,3,1.593338112702152,0.4060223648079697,0.005,10581.62566778733,13006.82729506725,10584.424037806231,57.94589866051683,39.98483723866424,False,cmp,10523.679769126813,2.2433766295303372,13351.43557420166,13353.43557420166,1.8871454435727217,0.0,True,0.3806840961815118,0.005,12738.437995968192,15163.639623248113,12741.236365987093,2214.758226841379,hurdle_cmp,11138.67734736028,11138.67734736028,10523.679769126813,shared binary core
Matched AI Lean root values,pair_0c9ecd6b,9504,9214,0.030513468013468013,2.0008682439765573,0.0013016121172332907,0.0010953027314670354,0.00021706099413935315,0.9986976340351639,0.0010853049706967658,3,1.5947895712100901,0.4058616117723236,0.005,20793.39790268007,25559.71937013733,20795.431978930264,198.24357896170113,37.632420944445684,False,cmp,20595.15432371837,2.2352023359798534,25235.40478917126,25237.40478917126,1.9398148148148149,0.0,True,0.3918173359132974,0.005,23390.418123332536,28156.739590789795,23392.45219958273,2795.2637996141657,hurdle_cmp,22442.140989557098,22442.140989557098,20595.154323718372,all normalized constructors
Matched AI Lean root values,pair_0c9ecd6b,9504,9214,0.030513468013468013,2.0008682439765573,0.0013016121172332907,0.0010953027314670354,0.00021706099413935315,0.9986976340351639,0.0010853049706967658,3,1.5947895712100901,0.4058616117723236,0.005,20793.39790268007,25559.71937013733,20795.431978930264,198.24357896170113,37.632420944445684,False,cmp,20595.15432371837,2.2352023359798534,25235.40478917126,25237.40478917126,1.9398148148148149,0.0,True,0.3918173359132974,0.005,23390.418123332536,28156.739590789795,23392.45219958273,2795.2637996141657,hurdle_cmp,22442.140989557098,22442.140989557098,20595.154323718372,shared binary core
Matched human Lean root values,pair_0f3deadd,328,276,0.15853658536585366,2.0,0.007246376811594203,0.006103504606689646,0.0036231884057971015,0.9927536231884058,0.0036231884057971015,3,1.5936242600400345,0.40275255155416423,0.005,625.2535429629545,767.2344873381796,627.2682483358612,30.467078110712464,27.687373012627408,False,cmp,594.786464852242,2.1550234233776884,914.7581544514877,916.7581544514877,1.6829268292682926,0.0,True,0.33698101852702533,0.005,914.0798454546175,1056.0607898298426,916.0945508275242,319.2933806023755,hurdle_cmp,597.4647738491121,597.4647738491121,594.786464852242,all normalized constructors
Matched human Lean root values,pair_0f3deadd,328,276,0.15853658536585366,2.0,0.007246376811594203,0.006103504606689646,0.0036231884057971015,0.9927536231884058,0.0036231884057971015,3,1.5936242600400345,0.40275255155416423,0.005,625.2535429629545,767.2344873381796,627.2682483358612,30.467078110712464,27.687373012627408,False,cmp,594.786464852242,2.1550234233776884,914.7581544514877,916.7581544514877,1.6829268292682926,0.0,True,0.33698101852702533,0.005,914.0798454546175,1056.0607898298426,916.0945508275242,319.2933806023755,hurdle_cmp,597.4647738491121,597.4647738491121,594.786464852242,shared binary core
Matched AI Lean root values,pair_0f3deadd,328,276,0.15853658536585366,2.0,0.007246376811594203,0.006103504606689646,0.0036231884057971015,0.9927536231884058,0.0036231884057971015,3,1.5936242600400345,0.40275255155416423,0.005,625.2535429629545,767.2344873381796,627.2682483358612,30.467078110712464,27.687373012627408,False,cmp,594.786464852242,2.1550234233776884,914.7581544514877,916.7581544514877,1.6829268292682926,0.0,True,0.33698101852702533,0.005,914.0798454546175,1056.0607898298426,916.0945508275242,319.2933806023755,hurdle_cmp,597.4647738491121,597.4647738491121,594.786464852242,all normalized constructors
Matched AI Lean root values,pair_0f3deadd,328,276,0.15853658536585366,2.0,0.007246376811594203,0.006103504606689646,0.0036231884057971015,0.9927536231884058,0.0036231884057971015,3,1.5936242600400345,0.40275255155416423,0.005,625.2535429629545,767.2344873381796,627.2682483358612,30.467078110712464,27.687373012627408,False,cmp,594.786464852242,2.1550234233776884,914.7581544514877,916.7581544514877,1.6829268292682926,0.0,True,0.33698101852702533,0.005,914.0798454546175,1056.0607898298426,916.0945508275242,319.2933806023755,hurdle_cmp,597.4647738491121,597.4647738491121,594.786464852242,shared binary core
Matched human Lean root values,pair_0f421760,5499,5255,0.04437170394617203,2.0011417697431018,0.001901645933690083,0.0015997587322281789,0.00038058991436726926,0.9980970504281637,0.001522359657469077,3,1.595156633959306,0.4056045458694246,0.005,11862.424447745261,14580.268078181696,11864.427940700525,159.27601162123028,35.409943269634624,False,cmp,11703.148436124031,2.227050130565943,14698.070826621433,14700.070826621433,1.912347699581742,0.0,True,0.3855148817630252,0.005,13861.628784715973,16579.47241515241,13863.632277671237,2158.480348591943,hurdle_cmp,12541.590478029491,12541.590478029491,11703.14843612403,all normalized constructors
Matched human Lean root values,pair_0f421760,5499,5255,0.04437170394617203,2.0011417697431018,0.001901645933690083,0.0015997587322281789,0.00038058991436726926,0.9980970504281637,0.001522359657469077,3,1.595156633959306,0.4056045458694246,0.005,11862.424447745261,14580.268078181696,11864.427940700525,159.27601162123028,35.409943269634624,False,cmp,11703.148436124031,2.227050130565943,14698.070826621433,14700.070826621433,1.912347699581742,0.0,True,0.3855148817630252,0.005,13861.628784715973,16579.47241515241,13863.632277671237,2158.480348591943,hurdle_cmp,12541.590478029491,12541.590478029491,11703.14843612403,shared binary core
Matched AI Lean root values,pair_0f421760,409,341,0.16625916870415647,1.9941348973607038,0.005830703210326706,0.004942309451184183,0.005865102639296188,0.9941348973607038,0.0,2,1.5857462073338908,0.40252358738751276,0.005,770.1139120845047,944.6742832001034,772.177056911298,28.543187981151277,399.3915217508024,False,cmp,741.5707241033534,2.1746942055816816,1140.560195126446,1142.560195126446,1.662591687041565,0.0,True,0.33380294844371305,0.005,1140.1360123162076,1314.6963834318062,1142.1991571430008,398.56528821285417,hurdle_cmp,743.9949069135918,743.9949069135918,741.5707241033534,all normalized constructors
Matched AI Lean root values,pair_0f421760,409,341,0.16625916870415647,1.9941348973607038,0.005830703210326706,0.004942309451184183,0.005865102639296188,0.9941348973607038,0.0,2,1.5857462073338908,0.40252358738751276,0.005,770.1139120845047,944.6742832001034,772.177056911298,28.543187981151277,399.3915217508024,False,cmp,741.5707241033534,2.1746942055816816,1140.560195126446,1142.560195126446,1.662591687041565,0.0,True,0.33380294844371305,0.005,1140.1360123162076,1314.6963834318062,1142.1991571430008,398.56528821285417,hurdle_cmp,743.9949069135918,743.9949069135918,741.5707241033534,shared binary core
Matched human Lean root values,pair_0f905113,5404,5081,0.05977054034048853,2.0001968116512496,0.0017712661264217174,0.0014915924218251828,0.000787246604999016,0.9982286951387522,0.00098405825624877,3,1.5938884310078556,0.40552113403839074,0.005,11465.31642239058,14090.909493665305,11467.688477028321,148.3980559677002,34.6941273001305,False,cmp,11316.91836642288,2.2273013907543553,14539.011266316022,14541.011266316022,1.8806439674315323,0.0,True,0.3787640650825807,0.005,13913.552547110849,16539.145618385573,13915.92460174859,2596.6341806879677,hurdle_cmp,11944.377085628053,11944.377085628053,11316.91836642288,all normalized constructors
Matched human Lean root values,pair_0f905113,5404,5081,0.05977054034048853,2.0001968116512496,0.0017712661264217174,0.0014915924218251828,0.000787246604999016,0.9982286951387522,0.00098405825624877,3,1.5938884310078556,0.40552113403839074,0.005,11465.31642239058,14090.909493665305,11467.688477028321,148.3980559677002,34.6941273001305,False,cmp,11316.91836642288,2.2273013907543553,14539.011266316022,14541.011266316022,1.8806439674315323,0.0,True,0.3787640650825807,0.005,13913.552547110849,16539.145618385573,13915.92460174859,2596.6341806879677,hurdle_cmp,11944.377085628053,11944.377085628053,11316.91836642288,shared binary core
Matched AI Lean root values,pair_0f905113,6154,5860,0.04777380565485863,2.000170648464164,0.0018771039849037267,0.001580763549914885,0.0008532423208191126,0.9981228668941979,0.0010238907849829352,3,1.5938533141016982,0.40546409204164263,0.005,13222.949096849803,16250.756121369286,13224.956556033356,179.25375388585962,34.39718462556226,False,cmp,13043.695342963943,2.2258865772976013,16470.729107567728,16472.729107567728,1.9046148846278843,0.0,True,0.38385268441758746,0.005,15586.945767717352,18614.752792236835,15588.953226900905,2543.250424753409,hurdle_cmp,13929.478682814319,13929.478682814319,13043.695342963943,all normalized constructors
Matched AI Lean root values,pair_0f905113,6154,5860,0.04777380565485863,2.000170648464164,0.0018771039849037267,0.001580763549914885,0.0008532423208191126,0.9981228668941979,0.0010238907849829352,3,1.5938533141016982,0.40546409204164263,0.005,13222.949096849803,16250.756121369286,13224.956556033356,179.25375388585962,34.39718462556226,False,cmp,13043.695342963943,2.2258865772976013,16470.729107567728,16472.729107567728,1.9046148846278843,0.0,True,0.38385268441758746,0.005,15586.945767717352,18614.752792236835,15588.953226900905,2543.250424753409,hurdle_cmp,13929.478682814319,13929.478682814319,13043.695342963943,shared binary core
Matched human Lean root values,pair_11362c17,10781,10579,0.018736666357480752,1.999810946214198,0.00018901804446813455,0.00015923921637565682,0.0001890537858020607,0.999810946214198,0.0,2,1.5933704906160273,0.4062514018123645,0.005,23859.13606454079,29330.443314780743,23861.15898381949,42.29353788495064,375.82917223439506,False,cmp,23816.84252665584,2.2513321227579017,28452.69876937569,28454.69876937569,1.9623411557369446,0.0,True,0.3973727664744132,0.005,25868.145650228988,31339.45290046894,25870.168569507685,2051.3031235731487,hurdle_cmp,26403.395645802542,26403.395645802542,23816.84252665584,all normalized constructors
Matched human Lean root values,pair_11362c17,10781,10579,0.018736666357480752,1.999810946214198,0.00018901804446813455,0.00015923921637565682,0.0001890537858020607,0.999810946214198,0.0,2,1.5933704906160273,0.4062514018123645,0.005,23859.13606454079,29330.443314780743,23861.15898381949,42.29353788495064,375.82917223439506,False,cmp,23816.84252665584,2.2513321227579017,28452.69876937569,28454.69876937569,1.9623411557369446,0.0,True,0.3973727664744132,0.005,25868.145650228988,31339.45290046894,25870.168569507685,2051.3031235731487,hurdle_cmp,26403.395645802542,26403.395645802542,23816.84252665584,shared binary core
Matched AI Lean root values,pair_11362c17,10949,10747,0.01844917344049685,1.999813901553922,0.0001860638134463426,0.00015674991054042675,0.00018609844607797525,0.999813901553922,0.0,2,1.5933744576945488,0.4062533454132911,0.005,24238.01418162663,29796.238223072924,24240.016097619548,42.35656675789505,376.0510048744311,False,cmp,24195.657614868735,2.2513871419809,28891.92009861548,28893.92009861548,1.962918988035437,0.0,True,0.397503781984042,0.005,26253.329543055053,31811.553584501347,26255.33145904797,2057.671928186318,hurdle_cmp,26836.24817042916,26836.24817042916,24195.657614868735,all normalized constructors
Matched AI Lean root values,pair_11362c17,10949,10747,0.01844917344049685,1.999813901553922,0.0001860638134463426,0.00015674991054042675,0.00018609844607797525,0.999813901553922,0.0,2,1.5933744576945488,0.4062533454132911,0.005,24238.01418162663,29796.238223072924,24240.016097619548,42.35656675789505,376.0510048744311,False,cmp,24195.657614868735,2.2513871419809,28891.92009861548,28893.92009861548,1.962918988035437,0.0,True,0.397503781984042,0.005,26253.329543055053,31811.553584501347,26255.33145904797,2057.671928186318,hurdle_cmp,26836.24817042916,26836.24817042916,24195.657614868735,shared binary core
Matched human Lean root values,pair_121126b4,4026,3754,0.06756085444610035,1.9994672349493874,0.0010652462626262054,0.0008977544183297546,0.0007991475759190197,0.9989344698987747,0.0002663825253063399,3,1.5929090935858183,0.4057589937876461,0.005,8468.023111267126,10407.524941658885,8470.024074638673,71.24868038203567,37.88352102179846,False,cmp,8396.77443088509,2.2367539773268756,10864.771618227664,10866.771618227664,1.864381520119225,0.0,True,0.3756503233695803,0.005,10461.149377986807,12400.651208378566,10463.150341358354,2064.3749471017163,hurdle_cmp,8802.396671125947,8802.396671125947,8396.77443088509,all normalized constructors
Matched human Lean root values,pair_121126b4,4026,3754,0.06756085444610035,1.9994672349493874,0.0010652462626262054,0.0008977544183297546,0.0007991475759190197,0.9989344698987747,0.0002663825253063399,3,1.5929090935858183,0.4057589937876461,0.005,8468.023111267126,10407.524941658885,8470.024074638673,71.24868038203567,37.88352102179846,False,cmp,8396.77443088509,2.2367539773268756,10864.771618227664,10866.771618227664,1.864381520119225,0.0,True,0.3756503233695803,0.005,10461.149377986807,12400.651208378566,10463.150341358354,2064.3749471017163,hurdle_cmp,8802.396671125947,8802.396671125947,8396.77443088509,shared binary core
Matched AI Lean root values,pair_121126b4,3850,3571,0.07246753246753247,2.00112013441613,0.002239014131149672,0.0018836133895034505,0.0005600672080649678,0.9977597311677401,0.0016802016241949033,3,1.5951276009049322,0.4054324663031286,0.005,8062.094008850514,9908.457265547788,8064.6775331359795,126.59797833435005,34.212041521678884,False,cmp,7935.496030516164,2.222205553210911,10415.557317579509,10417.557317579509,1.856103896103896,0.0,True,0.3733658469009434,0.005,10065.904756944732,11912.268013642006,10068.488281230197,2130.408726428567,hurdle_cmp,8287.14859115094,8287.14859115094,7935.496030516165,all normalized constructors
Matched AI Lean root values,pair_121126b4,3850,3571,0.07246753246753247,2.00112013441613,0.002239014131149672,0.0018836133895034505,0.0005600672080649678,0.9977597311677401,0.0016802016241949033,3,1.5951276009049322,0.4054324663031286,0.005,8062.094008850514,9908.457265547788,8064.6775331359795,126.59797833435005,34.212041521678884,False,cmp,7935.496030516164,2.222205553210911,10415.557317579509,10417.557317579509,1.856103896103896,0.0,True,0.3733658469009434,0.005,10065.904756944732,11912.268013642006,10068.488281230197,2130.408726428567,hurdle_cmp,8287.14859115094,8287.14859115094,7935.496030516165,shared binary core
Matched human Lean root values,pair_136afae1,3413,3212,0.05889246996777029,2.00093399750934,0.001555790164219172,0.0013091002146232713,0.00031133250311332503,0.9984433374844334,0.0012453300124533001,3,1.594877812474641,0.40574485253158177,0.005,7250.392846862582,8911.71245857518,7252.456972145213,83.64834879740374,36.40225623592428,False,cmp,7166.744498065178,2.231240503756282,9180.675302509613,9182.675302509613,1.8830940521535307,0.0,True,0.37938709119605674,0.005,8780.796888831841,10442.11650054444,8782.861014114473,1614.0523907666632,hurdle_cmp,7568.62291174295,7568.62291174295,7166.744498065178,all normalized constructors
Matched human Lean root values,pair_136afae1,3413,3212,0.05889246996777029,2.00093399750934,0.001555790164219172,0.0013091002146232713,0.00031133250311332503,0.9984433374844334,0.0012453300124533001,3,1.594877812474641,0.40574485253158177,0.005,7250.392846862582,8911.71245857518,7252.456972145213,83.64834879740374,36.40225623592428,False,cmp,7166.744498065178,2.231240503756282,9180.675302509613,9182.675302509613,1.8830940521535307,0.0,True,0.37938709119605674,0.005,8780.796888831841,10442.11650054444,8782.861014114473,1614.0523907666632,hurdle_cmp,7568.62291174295,7568.62291174295,7166.744498065178,shared binary core
Matched AI Lean root values,pair_136afae1,3628,3392,0.06504961411245866,2.000884433962264,0.002062897021849413,0.001735891488322307,0.0005896226415094339,0.9979363207547169,0.001474056603773585,3,1.5948112983027736,0.4054835130179771,0.005,7657.144736636868,9410.77850285612,7659.679993622185,112.92702715174528,34.40896715205546,False,cmp,7544.217709485123,2.224120786994435,9784.754719330553,9786.754719330553,1.8707276736493936,0.0,True,0.3765243391520004,0.005,9405.23844793653,11158.872214155781,9407.773704921847,1861.0207384514065,hurdle_cmp,7925.733980879146,7925.733980879146,7544.217709485123,all normalized constructors
Matched AI Lean root values,pair_136afae1,3628,3392,0.06504961411245866,2.000884433962264,0.002062897021849413,0.001735891488322307,0.0005896226415094339,0.9979363207547169,0.001474056603773585,3,1.5948112983027736,0.4054835130179771,0.005,7657.144736636868,9410.77850285612,7659.679993622185,112.92702715174528,34.40896715205546,False,cmp,7544.217709485123,2.224120786994435,9784.754719330553,9786.754719330553,1.8707276736493936,0.0,True,0.3765243391520004,0.005,9405.23844793653,11158.872214155781,9407.773704921847,1861.0207384514065,hurdle_cmp,7925.733980879146,7925.733980879146,7544.217709485123,shared binary core
Matched human Lean root values,pair_13d805d4,825,715,0.13333333333333333,2.0027972027972027,0.005586581250916915,0.004691357240175367,0.0013986013986013986,0.9944055944055944,0.004195804195804196,3,1.59737767040275,0.4040209309958472,0.005,1617.82383200442,1987.1707318266858,1619.8252279756157,57.964172095496906,29.681314634169194,False,cmp,1559.859659908923,2.1816219019705216,2283.0703427351646,2285.0703427351646,1.7357575757575758,0.0,True,0.3476772710925262,0.005,2267.736702929881,2637.083602752147,2269.7380989010767,707.877043020958,hurdle_cmp,1577.1932997142067,1577.1932997142067,1559.8596599089233,all normalized constructors
Matched human Lean root values,pair_13d805d4,825,715,0.13333333333333333,2.0027972027972027,0.005586581250916915,0.004691357240175367,0.0013986013986013986,0.9944055944055944,0.004195804195804196,3,1.59737767040275,0.4040209309958472,0.005,1617.82383200442,1987.1707318266858,1619.8252279756157,57.964172095496906,29.681314634169194,False,cmp,1559.859659908923,2.1816219019705216,2283.0703427351646,2285.0703427351646,1.7357575757575758,0.0,True,0.3476772710925262,0.005,2267.736702929881,2637.083602752147,2269.7380989010767,707.877043020958,hurdle_cmp,1577.1932997142067,1577.1932997142067,1559.8596599089233,shared binary core
Matched AI Lean root values,pair_13d805d4,1486,1329,0.10565275908479138,2.00150489089541,0.0030075170942130774,0.002529084763708976,0.0007524454477050414,0.9969902182091799,0.002257336343115124,3,1.5956438945161289,0.40510855093157205,0.005,3002.535296311349,3689.541496819369,3004.535473370025,62.933732614226756,32.75173589921778,False,cmp,2939.6015636971224,2.211889814670521,4072.0834863296486,4074.0834863296486,1.7900403768506057,0.0,True,0.35948109991044314,0.005,4007.076266897512,4694.082467405532,4009.076443956188,1067.4747032003897,hurdle_cmp,3006.608783129259,3006.608783129259,2939.6015636971224,all normalized constructors
Matched AI Lean root values,pair_13d805d4,1486,1329,0.10565275908479138,2.00150489089541,0.0030075170942130774,0.002529084763708976,0.0007524454477050414,0.9969902182091799,0.002257336343115124,3,1.5956438945161289,0.40510855093157205,0.005,3002.535296311349,3689.541496819369,3004.535473370025,62.933732614226756,32.75173589921778,False,cmp,2939.6015636971224,2.211889814670521,4072.0834863296486,4074.0834863296486,1.7900403768506057,0.0,True,0.35948109991044314,0.005,4007.076266897512,4694.082467405532,4009.076443956188,1067.4747032003897,hurdle_cmp,3006.608783129259,3006.608783129259,2939.6015636971224,shared binary core
Matched human Lean root values,pair_13dbafa5,935,783,0.1625668449197861,1.9987228607918264,0.0012755081236166367,0.001075818794873908,0.001277139208173691,0.9987228607918263,0.0,2,1.591909720355603,0.4055360012280457,0.005,1767.3872807345733,2171.5500361749496,1769.3873797256692,19.324987708823755,361.7768700817795,False,cmp,1748.0622930257496,2.2325188927531925,2603.8361747599306,2605.8361747599306,1.6737967914438503,0.0,True,0.3377906040764211,0.005,2599.4838102455524,3003.6465656859286,2601.4839092366483,851.4215172198028,hurdle_cmp,1754.4146575401278,1754.4146575401278,1748.0622930257496,all normalized constructors
Matched human Lean root values,pair_13dbafa5,935,783,0.1625668449197861,1.9987228607918264,0.0012755081236166367,0.001075818794873908,0.001277139208173691,0.9987228607918263,0.0,2,1.591909720355603,0.4055360012280457,0.005,1767.3872807345733,2171.5500361749496,1769.3873797256692,19.324987708823755,361.7768700817795,False,cmp,1748.0622930257496,2.2325188927531925,2603.8361747599306,2605.8361747599306,1.6737967914438503,0.0,True,0.3377906040764211,0.005,2599.4838102455524,3003.6465656859286,2601.4839092366483,851.4215172198028,hurdle_cmp,1754.4146575401278,1754.4146575401278,1748.0622930257496,shared binary core
Matched AI Lean root values,pair_13dbafa5,320,257,0.196875,2.0,0.007782101167315175,0.0065547364647717595,0.0038910505836575876,0.9922178988326849,0.0038910505836575876,3,1.5936242600400345,0.4024846893763038,0.005,582.4042326651718,714.5553016156238,584.4044106503048,30.180702622230456,27.332901226550007,False,cmp,552.2235300429413,2.1487296888830403,899.9170478121164,901.9170478121164,1.60625,0.0,True,0.3229143508491217,0.005,901.86958681171,1034.0206557621618,903.869764796843,349.64605676876863,hurdle_cmp,552.2709910433477,552.2709910433477,552.2235300429413,all normalized constructors
Matched AI Lean root values,pair_13dbafa5,320,257,0.196875,2.0,0.007782101167315175,0.0065547364647717595,0.0038910505836575876,0.9922178988326849,0.0038910505836575876,3,1.5936242600400345,0.4024846893763038,0.005,582.4042326651718,714.5553016156238,584.4044106503048,30.180702622230456,27.332901226550007,False,cmp,552.2235300429413,2.1487296888830403,899.9170478121164,901.9170478121164,1.60625,0.0,True,0.3229143508491217,0.005,901.86958681171,1034.0206557621618,903.869764796843,349.64605676876863,hurdle_cmp,552.2709910433477,552.2709910433477,552.2235300429413,shared binary core
Matched human Lean root values,pair_1435e660,2849,2635,0.07511407511407511,2.0030360531309297,0.00378584879504841,0.0031783689433647223,0.0003795066413662239,0.9962049335863378,0.003415559772296015,3,1.5976980565462922,0.4049584899432671,0.005,5955.434888292528,7318.84951218091,5957.847699823852,141.94473219045904,33.41459905741204,False,cmp,5813.490156102069,2.206258123757901,7720.664517225866,7722.664517225866,1.8525798525798525,0.0,True,0.371910843252369,0.005,7476.926024491569,8840.340648379952,7479.338836022893,1663.4358683894998,hurdle_cmp,6059.228648836366,6059.228648836366,5813.490156102069,all normalized constructors
Matched human Lean root values,pair_1435e660,2849,2635,0.07511407511407511,2.0030360531309297,0.00378584879504841,0.0031783689433647223,0.0003795066413662239,0.9962049335863378,0.003415559772296015,3,1.5976980565462922,0.4049584899432671,0.005,5955.434888292528,7318.84951218091,5957.847699823852,141.94473219045904,33.41459905741204,False,cmp,5813.490156102069,2.206258123757901,7720.664517225866,7722.664517225866,1.8525798525798525,0.0,True,0.371910843252369,0.005,7476.926024491569,8840.340648379952,7479.338836022893,1663.4358683894998,hurdle_cmp,6059.228648836366,6059.228648836366,5813.490156102069,shared binary core
Matched AI Lean root values,pair_1435e660,4316,4105,0.048887859128822986,2.0038976857490867,0.004369704513523659,0.0036651494349538498,0.000243605359317905,0.9956151035322777,0.0041412911084043845,3,1.5988536742053887,0.4048004061843762,0.005,9280.707974046683,11405.626293716225,9282.722367452861,243.11030725942692,34.02979619421771,False,cmp,9037.597666787256,2.2016072269883695,11569.64490552286,11571.64490552286,1.9059314179796107,0.0,True,0.382946216455483,0.005,10967.911757326498,13092.830076996039,10969.926150732676,1930.3140905392413,hurdle_cmp,9641.33081498362,9641.33081498362,9037.597666787256,all normalized constructors
Matched AI Lean root values,pair_1435e660,4316,4105,0.048887859128822986,2.0038976857490867,0.004369704513523659,0.0036651494349538498,0.000243605359317905,0.9956151035322777,0.0041412911084043845,3,1.5988536742053887,0.4048004061843762,0.005,9280.707974046683,11405.626293716225,9282.722367452861,243.11030725942692,34.02979619421771,False,cmp,9037.597666787256,2.2016072269883695,11569.64490552286,11571.64490552286,1.9059314179796107,0.0,True,0.382946216455483,0.005,10967.911757326498,13092.830076996039,10969.926150732676,1930.3140905392413,hurdle_cmp,9641.33081498362,9641.33081498362,9037.597666787256,shared binary core
Matched human Lean root values,pair_149000e5,6050,5849,0.03322314049586777,1.999658061207044,0.0003418218708179325,0.00028801699538784186,0.00034193879295606086,0.9996580612070439,0.0,2,1.5931652628043982,0.4061508596096856,0.005,13191.912769656508,16216.098505660975,13193.952917557712,39.92283126479015,359.0289092253982,False,cmp,13151.989938391718,2.2485877822519607,16079.922673942378,16081.922673942378,1.9332231404958677,0.0,True,0.39082828601403435,0.005,14957.77218630538,17981.957922309844,14959.812334206583,1805.7822479136607,hurdle_cmp,14276.140426028716,14276.140426028716,13151.989938391718,all normalized constructors
Matched human Lean root values,pair_149000e5,6050,5849,0.03322314049586777,1.999658061207044,0.0003418218708179325,0.00028801699538784186,0.00034193879295606086,0.9996580612070439,0.0,2,1.5931652628043982,0.4061508596096856,0.005,13191.912769656508,16216.098505660975,13193.952917557712,39.92283126479015,359.0289092253982,False,cmp,13151.989938391718,2.2485877822519607,16079.922673942378,16081.922673942378,1.9332231404958677,0.0,True,0.39082828601403435,0.005,14957.77218630538,17981.957922309844,14959.812334206583,1805.7822479136607,hurdle_cmp,14276.140426028716,14276.140426028716,13151.989938391718,shared binary core
Matched AI Lean root values,pair_149000e5,8309,8101,0.02503309664219521,2.0002468831008517,0.0007405883512897542,0.0006236196936503242,0.0002468831008517467,0.9992593506974448,0.0004937662017034934,3,1.5939556376019626,0.4060443623980334,0.005,18275.744625268027,22465.513580734078,18277.74776170452,110.12952493247576,39.259830048402826,False,cmp,18165.61510033555,2.2423916924250773,22000.47249282784,22002.47249282784,1.9501745095679384,0.0,True,0.39438629877957176,0.005,20222.51722990332,24412.28618536937,20224.52036633981,2056.9021295677685,hurdle_cmp,19945.57036326007,19945.57036326007,18165.615100335548,all normalized constructors
Matched AI Lean root values,pair_149000e5,8309,8101,0.02503309664219521,2.0002468831008517,0.0007405883512897542,0.0006236196936503242,0.0002468831008517467,0.9992593506974448,0.0004937662017034934,3,1.5939556376019626,0.4060443623980334,0.005,18275.744625268027,22465.513580734078,18277.74776170452,110.12952493247576,39.259830048402826,False,cmp,18165.61510033555,2.2423916924250773,22000.47249282784,22002.47249282784,1.9501745095679384,0.0,True,0.39438629877957176,0.005,20222.51722990332,24412.28618536937,20224.52036633981,2056.9021295677685,hurdle_cmp,19945.57036326007,19945.57036326007,18165.615100335548,shared binary core
Matched human Lean root values,pair_149fe16f,3602,3359,0.06746252082176568,2.00089312295326,0.0020831558889967904,0.0017529225851314377,0.0005954153021732659,0.9979160464423936,0.0014885382554331646,3,1.5948229589654985,0.40547474868558425,0.005,7582.722228388401,9319.283062000295,7584.723020195148,112.79001535315183,34.36076862972103,False,cmp,7469.932213035249,2.2238559729190976,9724.35962596786,9726.35962596786,1.8659078289838977,0.0,True,0.3754976736919682,0.005,9364.292205310945,11100.85303892284,9366.292997117693,1894.3599922756964,hurdle_cmp,7831.999633692163,7831.999633692163,7469.932213035248,all normalized constructors
Matched human Lean root values,pair_149fe16f,3602,3359,0.06746252082176568,2.00089312295326,0.0020831558889967904,0.0017529225851314377,0.0005954153021732659,0.9979160464423936,0.0014885382554331646,3,1.5948229589654985,0.40547474868558425,0.005,7582.722228388401,9319.283062000295,7584.723020195148,112.79001535315183,34.36076862972103,False,cmp,7469.932213035249,2.2238559729190976,9724.35962596786,9726.35962596786,1.8659078289838977,0.0,True,0.3754976736919682,0.005,9364.292205310945,11100.85303892284,9366.292997117693,1894.3599922756964,hurdle_cmp,7831.999633692163,7831.999633692163,7469.932213035248,shared binary core
Matched AI Lean root values,pair_149fe16f,2888,2666,0.07686980609418283,2.00112528132033,0.002624390156053642,0.00220780610915606,0.0007501875468867217,0.9973743435858965,0.0018754688672168042,3,1.5951345076939112,0.4052405860795284,0.005,6019.849429743223,7397.878729601707,6021.8497020219165,109.55132079211762,33.21821595653483,False,cmp,5910.298108951105,2.2169160198616296,7827.632138984199,7829.632138984199,1.8472991689750693,0.0,True,0.3713497258877135,0.005,7587.47454632688,8965.503846185366,7589.474818605574,1677.176437375775,hurdle_cmp,6152.455701608424,6152.455701608424,5910.298108951105,all normalized constructors
Matched AI Lean root values,pair_149fe16f,2888,2666,0.07686980609418283,2.00112528132033,0.002624390156053642,0.00220780610915606,0.0007501875468867217,0.9973743435858965,0.0018754688672168042,3,1.5951345076939112,0.4052405860795284,0.005,6019.849429743223,7397.878729601707,6021.8497020219165,109.55132079211762,33.21821595653483,False,cmp,5910.298108951105,2.2169160198616296,7827.632138984199,7829.632138984199,1.8472991689750693,0.0,True,0.3713497258877135,0.005,7587.47454632688,8965.503846185366,7589.474818605574,1677.176437375775,hurdle_cmp,6152.455701608424,6152.455701608424,5910.298108951105,shared binary core
Matched human Lean root values,pair_152731e7,2699,2496,0.07521304186735828,2.0016025641025643,0.002401277942143327,0.0020190734462900467,0.00040064102564102563,0.9975961538461539,0.002003205128205128,3,1.5957749519743334,0.4054269711025858,0.005,5636.912582738784,6927.923425592581,5638.912855806629,93.76052393566351,34.603779672742554,False,cmp,5543.152058803121,2.220814126123045,7311.154021671991,7313.154021671991,1.8510559466469063,0.0,True,0.37223528603971917,0.005,7079.743302708331,8370.754145562129,7081.743575776175,1536.59124390521,hurdle_cmp,5776.562777766781,5776.562777766781,5543.152058803121,all normalized constructors
Matched human Lean root values,pair_152731e7,2699,2496,0.07521304186735828,2.0016025641025643,0.002401277942143327,0.0020190734462900467,0.00040064102564102563,0.9975961538461539,0.002003205128205128,3,1.5957749519743334,0.4054269711025858,0.005,5636.912582738784,6927.923425592581,5638.912855806629,93.76052393566351,34.603779672742554,False,cmp,5543.152058803121,2.220814126123045,7311.154021671991,7313.154021671991,1.8510559466469063,0.0,True,0.37223528603971917,0.005,7079.743302708331,8370.754145562129,7081.743575776175,1536.59124390521,hurdle_cmp,5776.562777766781,5776.562777766781,5543.152058803121,shared binary core
Matched AI Lean root values,pair_152731e7,3236,3043,0.05964153275648949,2.001971738416037,0.002625096802334466,0.0022063922085144368,0.00032862306933946765,0.9973710154452843,0.0023003614853762734,3,1.5962702813104996,0.40537283403619406,0.005,6873.047518390503,8447.299338552055,6875.769327135631,121.0657954523922,34.750155629159075,False,cmp,6751.981722938111,2.218856957915909,8710.421316334072,8712.421316334072,1.8825710754017306,0.0,True,0.3787718293561333,0.005,8337.59037557074,9911.842195732293,8340.31218431587,1585.6086526326308,hurdle_cmp,7126.812663701441,7126.812663701441,6751.98172293811,all normalized constructors
Matched AI Lean root values,pair_152731e7,3236,3043,0.05964153275648949,2.001971738416037,0.002625096802334466,0.0022063922085144368,0.00032862306933946765,0.9973710154452843,0.0023003614853762734,3,1.5962702813104996,0.40537283403619406,0.005,6873.047518390503,8447.299338552055,6875.769327135631,121.0657954523922,34.750155629159075,False,cmp,6751.981722938111,2.218856957915909,8710.421316334072,8712.421316334072,1.8825710754017306,0.0,True,0.3787718293561333,0.005,8337.59037557074,9911.842195732293,8340.31218431587,1585.6086526326308,hurdle_cmp,7126.812663701441,7126.812663701441,6751.98172293811,shared binary core
Matched human Lean root values,pair_1565703f,2674,2475,0.07442034405385191,1.9995959595959596,0.002020038771553923,0.001702186027901757,0.0012121212121212121,0.997979797979798,0.0008080808080808081,3,1.5930818975412955,0.4053019408425388,0.005,5584.853720368281,6862.770591121315,5586.872687023625,82.76558665395714,34.114354471317746,False,cmp,5502.088133714324,2.223065912611848,7238.005762786646,7240.005762786646,1.850785340314136,0.0,True,0.37235525975451067,0.005,7003.676700839898,8281.593571592934,7005.6956674952435,1501.588567125575,hurdle_cmp,5738.417195661072,5738.417195661072,5502.088133714324,all normalized constructors
Matched human Lean root values,pair_1565703f,2674,2475,0.07442034405385191,1.9995959595959596,0.002020038771553923,0.001702186027901757,0.0012121212121212121,0.997979797979798,0.0008080808080808081,3,1.5930818975412955,0.4053019408425388,0.005,5584.853720368281,6862.770591121315,5586.872687023625,82.76558665395714,34.114354471317746,False,cmp,5502.088133714324,2.223065912611848,7238.005762786646,7240.005762786646,1.850785340314136,0.0,True,0.37235525975451067,0.005,7003.676700839898,8281.593571592934,7005.6956674952435,1501.588567125575,hurdle_cmp,5738.417195661072,5738.417195661072,5502.088133714324,shared binary core
Matched AI Lean root values,pair_1565703f,2440,2211,0.09385245901639344,1.9986431478968791,0.0013550110554910169,0.0011429732290665138,0.0013568521031207597,0.9986431478968792,0.0,2,1.5918026899983102,0.40548360579544424,0.005,4986.940334217157,6128.032745128763,4989.107639449317,49.611454954370856,359.6352363250909,False,cmp,4937.328879262786,2.2330750245421918,6651.913760429933,6653.913760429933,1.8110655737704917,0.0,True,0.3644705946104633,0.005,6508.384650079456,7649.477060991062,6510.5519553116155,1571.0557708166698,hurdle_cmp,5082.857989613263,5082.857989613263,4937.328879262786,all normalized constructors
Matched AI Lean root values,pair_1565703f,2440,2211,0.09385245901639344,1.9986431478968791,0.0013550110554910169,0.0011429732290665138,0.0013568521031207597,0.9986431478968792,0.0,2,1.5918026899983102,0.40548360579544424,0.005,4986.940334217157,6128.032745128763,4989.107639449317,49.611454954370856,359.6352363250909,False,cmp,4937.328879262786,2.2330750245421918,6651.913760429933,6653.913760429933,1.8110655737704917,0.0,True,0.3644705946104633,0.005,6508.384650079456,7649.477060991062,6510.5519553116155,1571.0557708166698,hurdle_cmp,5082.857989613263,5082.857989613263,4937.328879262786,shared binary core
Matched human Lean root values,pair_171e8749,245,209,0.1469387755102041,2.0047846889952154,0.004761795746434376,0.003990226078887043,0.0,0.9952153110047847,0.004784688995215311,3,1.6000430759719704,0.4047416130232411,0.005,474.6035930278736,582.8549506721236,476.60371780690997,16.67987616553728,125.64558577175227,False,cmp,457.92371686233633,2.191022568719313,682.2512955931231,684.2512955931231,1.7102040816326531,0.0,True,0.34314440668597856,0.005,681.1110353046589,789.3623929489088,683.1111600836953,223.18731844232258,hurdle_cmp,461.06397715080055,461.06397715080055,457.92371686233633,all normalized constructors
Matched human Lean root values,pair_171e8749,245,209,0.1469387755102041,2.0047846889952154,0.004761795746434376,0.003990226078887043,0.0,0.9952153110047847,0.004784688995215311,3,1.6000430759719704,0.4047416130232411,0.005,474.6035930278736,582.8549506721236,476.60371780690997,16.67987616553728,125.64558577175227,False,cmp,457.92371686233633,2.191022568719313,682.2512955931231,684.2512955931231,1.7102040816326531,0.0,True,0.34314440668597856,0.005,681.1110353046589,789.3623929489088,683.1111600836953,223.18731844232258,hurdle_cmp,461.06397715080055,461.06397715080055,457.92371686233633,shared binary core
Matched AI Lean root values,pair_171e8749,5048,4869,0.03545958795562599,2.000616142945163,0.0010265252764765885,0.000864052274470084,0.00020538098172109262,0.9989730950913945,0.0008215239268843705,3,1.5944512389455021,0.405959523017936,0.005,10987.30455292536,13505.89244773906,10989.75033780766,87.81094749306794,38.45690374224614,False,cmp,10899.493605432292,2.2385486969464554,13434.744875335691,13436.744875335691,1.929675118858954,0.0,True,0.3897175533792532,0.005,12536.37235594294,15054.96025075664,12538.81814082524,1636.8787505106477,hurdle_cmp,11799.866124825043,11799.866124825043,10899.493605432292,all normalized constructors
Matched AI Lean root values,pair_171e8749,5048,4869,0.03545958795562599,2.000616142945163,0.0010265252764765885,0.000864052274470084,0.00020538098172109262,0.9989730950913945,0.0008215239268843705,3,1.5944512389455021,0.405959523017936,0.005,10987.30455292536,13505.89244773906,10989.75033780766,87.81094749306794,38.45690374224614,False,cmp,10899.493605432292,2.2385486969464554,13434.744875335691,13436.744875335691,1.929675118858954,0.0,True,0.3897175533792532,0.005,12536.37235594294,15054.96025075664,12538.81814082524,1636.8787505106477,hurdle_cmp,11799.866124825043,11799.866124825043,10899.493605432292,shared binary core
Matched human Lean root values,pair_17275427,222,188,0.15315315315315314,2.015957446808511,0.01570280669986419,0.013002756931394428,0.0,0.9840425531914894,0.015957446808510637,3,1.6150038705441037,0.40095357626440303,0.005,429.7381649020895,527.3818159146057,431.73818461961366,34.77884901309153,128.34740833001473,False,cmp,394.959315888998,2.100847424941479,621.7920256292567,623.7920256292567,1.7072072072072073,0.0,True,0.3378574018121733,0.005,621.8322287554217,719.4758797679378,623.8322484729458,226.87291286642372,hurdle_cmp,396.91911276283304,396.91911276283304,394.95931588899805,all normalized constructors
Matched human Lean root values,pair_17275427,222,188,0.15315315315315314,2.015957446808511,0.01570280669986419,0.013002756931394428,0.0,0.9840425531914894,0.015957446808510637,3,1.6150038705441037,0.40095357626440303,0.005,429.7381649020895,527.3818159146057,431.73818461961366,34.77884901309153,128.34740833001473,False,cmp,394.959315888998,2.100847424941479,621.7920256292567,623.7920256292567,1.7072072072072073,0.0,True,0.3378574018121733,0.005,621.8322287554217,719.4758797679378,623.8322484729458,226.87291286642372,hurdle_cmp,396.91911276283304,396.91911276283304,394.95931588899805,shared binary core
Matched AI Lean root values,pair_17275427,315,267,0.1523809523809524,1.99625468164794,0.003731290942501647,0.0031555280086648504,0.003745318352059925,0.9962546816479401,0.0,2,1.5885947714989734,0.4039145917969026,0.005,603.6881394591348,740.8930183031931,605.6881703296361,17.170747313881293,371.18232092131313,False,cmp,586.5173921452536,2.196694352603946,876.0928948852254,878.0928948852254,1.692063492063492,0.0,True,0.34015875990125277,0.005,874.5828212863929,1011.7877001304512,876.5828521568942,288.06542914113936,hurdle_cmp,590.027465744086,590.027465744086,586.5173921452536,all normalized constructors
Matched AI Lean root values,pair_17275427,315,267,0.1523809523809524,1.99625468164794,0.003731290942501647,0.0031555280086648504,0.003745318352059925,0.9962546816479401,0.0,2,1.5885947714989734,0.4039145917969026,0.005,603.6881394591348,740.8930183031931,605.6881703296361,17.170747313881293,371.18232092131313,False,cmp,586.5173921452536,2.196694352603946,876.0928948852254,878.0928948852254,1.692063492063492,0.0,True,0.34015875990125277,0.005,874.5828212863929,1011.7877001304512,876.5828521568942,288.06542914113936,hurdle_cmp,590.027465744086,590.027465744086,586.5173921452536,shared binary core
Matched human Lean root values,pair_17a4d7d8,2765,2519,0.08896925858951175,1.9996030170702659,0.0011907911937555637,0.0010034127827053304,0.0007939658594680428,0.9988090512107979,0.0003969829297340214,3,1.5930913715627835,0.4057176796480105,0.005,5683.272777840403,6984.764498430016,5685.2788220425255,54.21354069033987,36.91485995452073,False,cmp,5629.059237150063,2.234640427610188,7525.416831271545,7527.416831271545,1.8216998191681737,0.0,True,0.3667189693572454,0.005,7345.083228076317,8646.57494866593,7347.089272278439,1716.0239909262536,hurdle_cmp,5811.392840345291,5811.392840345291,5629.059237150063,all normalized constructors
Matched human Lean root values,pair_17a4d7d8,2765,2519,0.08896925858951175,1.9996030170702659,0.0011907911937555637,0.0010034127827053304,0.0007939658594680428,0.9988090512107979,0.0003969829297340214,3,1.5930913715627835,0.4057176796480105,0.005,5683.272777840403,6984.764498430016,5685.2788220425255,54.21354069033987,36.91485995452073,False,cmp,5629.059237150063,2.234640427610188,7525.416831271545,7527.416831271545,1.8216998191681737,0.0,True,0.3667189693572454,0.005,7345.083228076317,8646.57494866593,7347.089272278439,1716.0239909262536,hurdle_cmp,5811.392840345291,5811.392840345291,5629.059237150063,shared binary core
Matched AI Lean root values,pair_17a4d7d8,6348,6080,0.04221802142407057,2.001315789473684,0.0019719529085872574,0.0016585940692694034,0.0003289473684210526,0.9980263157894737,0.001644736842105263,3,1.5953901505877832,0.40559669151747557,0.005,13725.513917083264,16870.424526408882,13727.515405994402,188.25825019582408,35.57860875421599,False,cmp,13537.25566688744,2.2265223136328025,16951.170280861767,16953.170280861767,1.9168241965973536,0.0,True,0.38645387043253365,0.005,15948.427556594681,19093.338165920297,15950.429045505818,2411.1718897072396,hurdle_cmp,14541.998391154528,14541.998391154528,13537.255666887442,all normalized constructors
Matched AI Lean root values,pair_17a4d7d8,6348,6080,0.04221802142407057,2.001315789473684,0.0019719529085872574,0.0016585940692694034,0.0003289473684210526,0.9980263157894737,0.001644736842105263,3,1.5953901505877832,0.40559669151747557,0.005,13725.513917083264,16870.424526408882,13727.515405994402,188.25825019582408,35.57860875421599,False,cmp,13537.25566688744,2.2265223136328025,16951.170280861767,16953.170280861767,1.9168241965973536,0.0,True,0.38645387043253365,0.005,15948.427556594681,19093.338165920297,15950.429045505818,2411.1718897072396,hurdle_cmp,14541.998391154528,14541.998391154528,13537.255666887442,shared binary core
Matched human Lean root values,pair_19517b6c,4916,4643,0.055532953620829946,2.0038768037906527,0.005154042113238909,0.004323120126176964,0.0006461339651087659,0.9948309282791299,0.004522937755761361,3,1.5988256701697814,0.40440499965575827,0.005,10498.166048758132,12900.04791210601,10500.170299153495,322.683702056529,31.40283563882558,False,cmp,10175.482346701603,2.191574918522852,13217.588400598359,13219.588400598359,1.8925956061838893,0.0,True,0.3797136623252096,0.005,12609.08201161817,15010.963874966048,12611.086262013532,2433.599664916567,hurdle_cmp,10785.988735681793,10785.988735681793,10175.482346701603,all normalized constructors
Matched human Lean root values,pair_19517b6c,4916,4643,0.055532953620829946,2.0038768037906527,0.005154042113238909,0.004323120126176964,0.0006461339651087659,0.9948309282791299,0.004522937755761361,3,1.5988256701697814,0.40440499965575827,0.005,10498.166048758132,12900.04791210601,10500.170299153495,322.683702056529,31.40283563882558,False,cmp,10175.482346701603,2.191574918522852,13217.588400598359,13219.588400598359,1.8925956061838893,0.0,True,0.3797136623252096,0.005,12609.08201161817,15010.963874966048,12611.086262013532,2433.599664916567,hurdle_cmp,10785.988735681793,10785.988735681793,10175.482346701603,shared binary core
Matched AI Lean root values,pair_19517b6c,2064,1853,0.10222868217054264,2.0102536427415,0.011227836366924716,0.009353743554628214,0.0005396654074473826,0.9886670264436049,0.010793308148947653,3,1.6073710856537295,0.4023428916803188,0.005,4205.621660596709,5165.849581999682,4207.812515650259,241.96346965583507,29.671125613424085,False,cmp,3963.658190940874,2.1390492125962624,5664.725166959823,5666.725166959823,1.8047480620155039,0.0,True,0.35871247104659726,0.005,5569.665474267065,6529.893395670038,5571.856329320615,1606.007283326191,hurdle_cmp,4060.7178836336316,4060.7178836336316,3963.658190940874,all normalized constructors
Matched AI Lean root values,pair_19517b6c,2064,1853,0.10222868217054264,2.0102536427415,0.011227836366924716,0.009353743554628214,0.0005396654074473826,0.9886670264436049,0.010793308148947653,3,1.6073710856537295,0.4023428916803188,0.005,4205.621660596709,5165.849581999682,4207.812515650259,241.96346965583507,29.671125613424085,False,cmp,3963.658190940874,2.1390492125962624,5664.725166959823,5666.725166959823,1.8047480620155039,0.0,True,0.35871247104659726,0.005,5569.665474267065,6529.893395670038,5571.856329320615,1606.007283326191,hurdle_cmp,4060.7178836336316,4060.7178836336316,3963.658190940874,shared binary core
Matched human Lean root values,pair_19f291ba,4151,3884,0.06432185015658877,2.001802265705458,0.0023139506024875875,0.001945228215871513,0.00025746652935118434,0.9976828012358393,0.0020597322348094747,3,1.596042901340593,0.40550189783550983,0.005,8770.957846965142,10780.432355455494,8772.97030716862,137.47124051622814,35.626203147704636,False,cmp,8633.486606448914,2.2228338327623365,11193.935661984366,11195.935661984366,1.873042640327632,0.0,True,0.37689585104429224,0.005,10754.622418449415,12764.096926939766,10756.634878652892,2121.1358120005,hurdle_cmp,9074.799849983865,9074.799849983865,8633.486606448914,all normalized constructors
Matched human Lean root values,pair_19f291ba,4151,3884,0.06432185015658877,2.001802265705458,0.0023139506024875875,0.001945228215871513,0.00025746652935118434,0.9976828012358393,0.0020597322348094747,3,1.596042901340593,0.40550189783550983,0.005,8770.957846965142,10780.432355455494,8772.97030716862,137.47124051622814,35.626203147704636,False,cmp,8633.486606448914,2.2228338327623365,11193.935661984366,11195.935661984366,1.873042640327632,0.0,True,0.37689585104429224,0.005,10754.622418449415,12764.096926939766,10756.634878652892,2121.1358120005,hurdle_cmp,9074.799849983865,9074.799849983865,8633.486606448914,shared binary core
Matched AI Lean root values,pair_19f291ba,5211,4927,0.054500095950873156,2.002232595900142,0.0026335379429873024,0.002212866782465872,0.00020296326364927948,0.9973614775725593,0.0024355591637913536,3,1.5966202537727698,0.4054093788637186,0.005,11128.210221838703,13677.781606859775,11130.240590345178,191.3925360062858,35.79784501616394,False,cmp,10936.817685832417,2.2197722114537073,13995.14521501242,13997.14521501242,1.8931107273076184,0.0,True,0.38101798780245083,0.005,13335.069087518761,15884.640472539832,13337.099456025237,2398.2514016863433,hurdle_cmp,11598.893813326078,11598.893813326078,10936.817685832419,all normalized constructors
Matched AI Lean root values,pair_19f291ba,5211,4927,0.054500095950873156,2.002232595900142,0.0026335379429873024,0.002212866782465872,0.00020296326364927948,0.9973614775725593,0.0024355591637913536,3,1.5966202537727698,0.4054093788637186,0.005,11128.210221838703,13677.781606859775,11130.240590345178,191.3925360062858,35.79784501616394,False,cmp,10936.817685832417,2.2197722114537073,13995.14521501242,13997.14521501242,1.8931107273076184,0.0,True,0.38101798780245083,0.005,13335.069087518761,15884.640472539832,13337.099456025237,2398.2514016863433,hurdle_cmp,11598.893813326078,11598.893813326078,10936.817685832419,shared binary core
Matched human Lean root values,pair_1d99af92,5352,5081,0.05063527653213752,2.002361739814997,0.0031434086050423204,0.002640926337371804,0.000393623302499508,0.9968510135800039,0.0027553631174965557,3,1.5967935083485412,0.4051746081639521,0.005,11477.588108932214,14106.144676305303,11479.588984589274,232.34780174441403,33.85749609000821,False,cmp,11245.2403071878,2.2131943135579215,14350.904669713736,14352.904669713736,1.9009715994020926,0.0,True,0.382463981191253,0.005,13624.472167633434,16253.028735006523,13626.473043290494,2379.2318604456336,hurdle_cmp,11973.672809268102,11973.672809268102,11245.2403071878,all normalized constructors
Matched human Lean root values,pair_1d99af92,5352,5081,0.05063527653213752,2.002361739814997,0.0031434086050423204,0.002640926337371804,0.000393623302499508,0.9968510135800039,0.0027553631174965557,3,1.5967935083485412,0.4051746081639521,0.005,11477.588108932214,14106.144676305303,11479.588984589274,232.34780174441403,33.85749609000821,False,cmp,11245.2403071878,2.2131943135579215,14350.904669713736,14352.904669713736,1.9009715994020926,0.0,True,0.382463981191253,0.005,13624.472167633434,16253.028735006523,13626.473043290494,2379.2318604456336,hurdle_cmp,11973.672809268102,11973.672809268102,11245.2403071878,shared binary core
Matched AI Lean root values,pair_1d99af92,11140,10897,0.021813285457809695,2.000917683766174,0.0012839151291491472,0.001080353316200847,0.00018353675323483528,0.9987152427273561,0.0011012205194090117,3,1.5948559195521772,0.40587822746075786,0.005,24591.473231834145,30228.757663543496,24594.980525163413,229.86645628442056,38.01052927274338,False,cmp,24361.606775549724,2.2356251055840803,29455.038824645333,29457.038824645333,1.9572710951526033,0.0,True,0.39570201362318774,0.005,26933.19836624319,32570.48279795254,26936.705659572457,2571.591590693465,hurdle_cmp,26885.44723395187,26885.44723395187,24361.606775549724,all normalized constructors
Matched AI Lean root values,pair_1d99af92,11140,10897,0.021813285457809695,2.000917683766174,0.0012839151291491472,0.001080353316200847,0.00018353675323483528,0.9987152427273561,0.0011012205194090117,3,1.5948559195521772,0.40587822746075786,0.005,24591.473231834145,30228.757663543496,24594.980525163413,229.86645628442056,38.01052927274338,False,cmp,24361.606775549724,2.2356251055840803,29455.038824645333,29457.038824645333,1.9572710951526033,0.0,True,0.39570201362318774,0.005,26933.19836624319,32570.48279795254,26936.705659572457,2571.591590693465,hurdle_cmp,26885.44723395187,26885.44723395187,24361.606775549724,shared binary core
Matched human Lean root values,pair_1e273c45,7725,7457,0.034692556634304206,2.0022797371597156,0.002810948701660833,0.0023618190411363294,0.00026820437173125924,0.9971838540968218,0.0025479415314469626,3,1.5966834973042008,0.4053280354837796,0.005,16842.32437196268,20700.741750174006,16844.568690375712,305.789695169311,34.998406160767374,False,cmp,16536.53467679337,2.217585446800774,20562.17768797162,20564.17768797162,1.9328155339805826,0.0,True,0.38954456783145297,0.005,19172.536687744574,23030.9540659559,19174.781006157606,2636.0020109512047,hurdle_cmp,17928.175677020416,17928.175677020416,16536.53467679337,all normalized constructors
Matched human Lean root values,pair_1e273c45,7725,7457,0.034692556634304206,2.0022797371597156,0.002810948701660833,0.0023618190411363294,0.00026820437173125924,0.9971838540968218,0.0025479415314469626,3,1.5966834973042008,0.4053280354837796,0.005,16842.32437196268,20700.741750174006,16844.568690375712,305.789695169311,34.998406160767374,False,cmp,16536.53467679337,2.217585446800774,20562.17768797162,20564.17768797162,1.9328155339805826,0.0,True,0.38954456783145297,0.005,19172.536687744574,23030.9540659559,19174.781006157606,2636.0020109512047,hurdle_cmp,17928.175677020416,17928.175677020416,16536.53467679337,shared binary core
Matched AI Lean root values,pair_1e273c45,16161,15892,0.016645009590990658,2.001006795872137,0.0012574812022430031,0.0010580090206710998,0.00012584948401711554,0.9987415051598288,0.0011326453561540397,3,1.5949755063190705,0.40590544006904533,0.005,35863.91676765818,44086.152633297716,35867.59763369496,324.09169280156493,38.87183505878323,False,cmp,35539.82507485661,2.2363343238646247,42621.130708698984,42623.130708698984,1.9677000185632076,0.0,True,0.39805033034825865,0.005,38602.87112799742,46825.10699363696,38606.551994034206,3063.0460531408125,hurdle_cmp,39560.084655558174,39560.084655558174,35539.82507485661,all normalized constructors
Matched AI Lean root values,pair_1e273c45,16161,15892,0.016645009590990658,2.001006795872137,0.0012574812022430031,0.0010580090206710998,0.00012584948401711554,0.9987415051598288,0.0011326453561540397,3,1.5949755063190705,0.40590544006904533,0.005,35863.91676765818,44086.152633297716,35867.59763369496,324.09169280156493,38.87183505878323,False,cmp,35539.82507485661,2.2363343238646247,42621.130708698984,42623.130708698984,1.9677000185632076,0.0,True,0.39805033034825865,0.005,38602.87112799742,46825.10699363696,38606.551994034206,3063.0460531408125,hurdle_cmp,39560.084655558174,39560.084655558174,35539.82507485661,shared binary core
Matched human Lean root values,pair_1e4638c2,1690,1560,0.07692307692307693,2.001923076923077,0.0032014299802761346,0.0026909405702512197,0.000641025641025641,0.9967948717948718,0.002564102564102564,3,1.596204993557569,0.4050770577244781,0.005,3524.755581116552,4331.394407932595,3526.8805886384116,76.41801495087566,32.831838250933416,False,cmp,3448.3375661656764,2.2104727988241515,4582.568385955472,4584.568385955472,1.8479289940828403,0.0,True,0.37121385001798085,0.005,4443.375661997985,5250.014488814028,4445.500669519844,995.0380958323088,hurdle_cmp,3589.530290123163,3589.530290123163,3448.337566165676,all normalized constructors
Matched human Lean root values,pair_1e4638c2,1690,1560,0.07692307692307693,2.001923076923077,0.0032014299802761346,0.0026909405702512197,0.000641025641025641,0.9967948717948718,0.002564102564102564,3,1.596204993557569,0.4050770577244781,0.005,3524.755581116552,4331.394407932595,3526.8805886384116,76.41801495087566,32.831838250933416,False,cmp,3448.3375661656764,2.2104727988241515,4582.568385955472,4584.568385955472,1.8479289940828403,0.0,True,0.37121385001798085,0.005,4443.375661997985,5250.014488814028,4445.500669519844,995.0380958323088,hurdle_cmp,3589.530290123163,3589.530290123163,3448.337566165676,shared binary core
Matched AI Lean root values,pair_1e4638c2,4632,4416,0.046632124352331605,2.0018115942028984,0.002714109430791851,0.00228159983890309,0.0004528985507246377,0.9972826086956522,0.0022644927536231885,3,1.5960554175338613,0.4053032781183084,0.005,9972.813088619756,12256.83491247984,9974.818971464907,180.5748238246888,33.99755922306981,False,cmp,9792.238264795067,2.2174452592380134,12396.524504578352,12398.524504578352,1.9084628670120898,0.0,True,0.38428493366100824,0.005,11720.861370022809,14004.883193882892,11722.86725286796,1928.6231052277408,hurdle_cmp,10469.901399350612,10469.901399350612,9792.238264795069,all normalized constructors
Matched AI Lean root values,pair_1e4638c2,4632,4416,0.046632124352331605,2.0018115942028984,0.002714109430791851,0.00228159983890309,0.0004528985507246377,0.9972826086956522,0.0022644927536231885,3,1.5960554175338613,0.4053032781183084,0.005,9972.813088619756,12256.83491247984,9974.818971464907,180.5748238246888,33.99755922306981,False,cmp,9792.238264795067,2.2174452592380134,12396.524504578352,12398.524504578352,1.9084628670120898,0.0,True,0.38428493366100824,0.005,11720.861370022809,14004.883193882892,11722.86725286796,1928.6231052277408,hurdle_cmp,10469.901399350612,10469.901399350612,9792.238264795069,shared binary core
Matched human Lean root values,pair_1e6ca847,1978,1789,0.0955510616784631,2.000558971492454,0.003912487998047819,0.003293442635432103,0.0016769144773616546,0.9960871995528228,0.0022358859698155395,3,1.5943745092018058,0.40450754781328235,0.005,4040.2983714104657,4963.547239040429,4042.4021612071897,105.14231770328479,30.79445653092449,False,cmp,3935.156053707181,2.199640052379643,5400.036679809718,5402.036679809718,1.8094034378159758,0.0,True,0.3629771128688438,0.005,5289.214587118317,6212.46345474828,5291.31837691504,1354.0585334111356,hurdle_cmp,4047.978146398583,4047.978146398583,3935.156053707181,all normalized constructors
Matched human Lean root values,pair_1e6ca847,1977,1788,0.09559939301972686,2.001118568232662,0.003354453503095456,0.002822002812148393,0.0011185682326621924,0.9966442953020134,0.0022371364653243847,3,1.5951254991935364,0.40487450080645976,0.005,4038.4960044221402,4962.160106143925,4040.506709776826,91.98313698492711,31.794528811671867,False,cmp,3946.512867437213,2.2072219616539224,5397.603684203042,5399.603684203042,1.8098128477491149,0.0,True,0.36331253704331273,0.005,5287.211307843364,6210.875409565148,5289.222013198049,1340.6984404061507,hurdle_cmp,4058.905243796891,4058.905243796891,3946.5128674372136,shared binary core
Matched AI Lean root values,pair_1e6ca847,504,452,0.10317460317460317,2.0088495575221237,0.008771242853786517,0.007318138029262138,0.0,0.9911504424778761,0.008849557522123894,3,1.6054906008112906,0.40335895671082894,0.005,1026.393630274202,1260.7376586944915,1028.416086328545,49.783599435555516,114.85245713122676,False,cmp,976.6100308386465,2.160641661147448,1384.372660813192,1386.372660813192,1.8015873015873016,0.0,True,0.3591901679200069,0.005,1363.052471189336,1597.3964996096256,1365.074927243679,386.44244035068965,hurdle_cmp,999.9302204625023,999.9302204625023,976.6100308386465,all normalized constructors
Matched AI Lean root values,pair_1e6ca847,504,452,0.10317460317460317,2.0088495575221237,0.008771242853786517,0.007318138029262138,0.0,0.9911504424778761,0.008849557522123894,3,1.6054906008112906,0.40335895671082894,0.005,1026.393630274202,1260.7376586944915,1028.416086328545,49.783599435555516,114.85245713122676,False,cmp,976.6100308386465,2.160641661147448,1384.372660813192,1386.372660813192,1.8015873015873016,0.0,True,0.3591901679200069,0.005,1363.052471189336,1597.3964996096256,1365.074927243679,386.44244035068965,hurdle_cmp,999.9302204625023,999.9302204625023,976.6100308386465,shared binary core
Matched human Lean root values,pair_1eac5349,3640,3367,0.075,2.0002970002970004,0.0020789138698256602,0.0017504754136979757,0.000891000891000891,0.997920997920998,0.001188001188001188,3,1.5940229048083088,0.4053830945976869,0.005,7599.046573570503,9338.692373664364,7601.048591891691,114.00829268855159,33.92268555635665,False,cmp,7485.038280881951,2.223058592480532,9855.732422078414,9857.732422078414,1.8502747252747254,0.0,True,0.3722218387194847,0.005,9540.325466160964,11279.971266254825,9542.327484482152,2055.2871852790126,hurdle_cmp,7802.445236799402,7802.445236799402,7485.038280881952,all normalized constructors
Matched human Lean root values,pair_1eac5349,3640,3367,0.075,2.0002970002970004,0.0020789138698256602,0.0017504754136979757,0.000891000891000891,0.997920997920998,0.001188001188001188,3,1.5940229048083088,0.4053830945976869,0.005,7599.046573570503,9338.692373664364,7601.048591891691,114.00829268855159,33.92268555635665,False,cmp,7485.038280881951,2.223058592480532,9855.732422078414,9857.732422078414,1.8502747252747254,0.0,True,0.3722218387194847,0.005,9540.325466160964,11279.971266254825,9542.327484482152,2055.2871852790126,hurdle_cmp,7802.445236799402,7802.445236799402,7485.038280881952,shared binary core
Matched AI Lean root values,pair_1eac5349,5619,5355,0.046983449012279764,2.0011204481792717,0.0022396409544209843,0.0018841400808272417,0.0005602240896358543,0.9977591036414566,0.0016806722689075631,3,1.5951280219535766,0.40543220213605524,0.005,12088.758171404705,14857.527014298084,12091.046418909536,187.890238214517,34.210746520936766,False,cmp,11900.867933190188,2.2223843012493347,15037.061019824763,15039.061019824763,1.9071009076348104,0.0,True,0.38421709993039005,0.005,14220.758410397728,16989.527253291108,14223.04665790256,2319.890477207541,hurdle_cmp,12719.170542617223,12719.170542617223,11900.867933190188,all normalized constructors
Matched AI Lean root values,pair_1eac5349,5619,5355,0.046983449012279764,2.0011204481792717,0.0022396409544209843,0.0018841400808272417,0.0005602240896358543,0.9977591036414566,0.0016806722689075631,3,1.5951280219535766,0.40543220213605524,0.005,12088.758171404705,14857.527014298084,12091.046418909536,187.890238214517,34.210746520936766,False,cmp,11900.867933190188,2.2223843012493347,15037.061019824763,15039.061019824763,1.9071009076348104,0.0,True,0.38421709993039005,0.005,14220.758410397728,16989.527253291108,14223.04665790256,2319.890477207541,hurdle_cmp,12719.170542617223,12719.170542617223,11900.867933190188,shared binary core
Matched human Lean root values,pair_2000cc20,3816,3607,0.054769392033542974,1.999722761297477,0.0013861166513161848,0.00116785194527348,0.0008317161075686166,0.9986138064873856,0.0005544774050457444,3,1.593252114978047,0.4056389302118573,0.005,8137.770630202134,10001.341088119203,8139.985225971368,86.53512026037788,35.9751140145798,False,cmp,8051.235509941756,2.2321140864823277,10243.821910361301,10245.821910361301,1.8901991614255764,0.0,True,0.3809851089389784,0.005,9760.24167140304,11623.81212932011,9762.456267172274,1709.0061614612846,hurdle_cmp,8536.815748900017,8536.815748900017,8051.235509941756,all normalized constructors
Matched human Lean root values,pair_2000cc20,3816,3607,0.054769392033542974,1.999722761297477,0.0013861166513161848,0.00116785194527348,0.0008317161075686166,0.9986138064873856,0.0005544774050457444,3,1.593252114978047,0.4056389302118573,0.005,8137.770630202134,10001.341088119203,8139.985225971368,86.53512026037788,35.9751140145798,False,cmp,8051.235509941756,2.2321140864823277,10243.821910361301,10245.821910361301,1.8901991614255764,0.0,True,0.3809851089389784,0.005,9760.24167140304,11623.81212932011,9762.456267172274,1709.0061614612846,hurdle_cmp,8536.815748900017,8536.815748900017,8051.235509941756,shared binary core
Matched AI Lean root values,pair_2000cc20,3394,3205,0.05568650559811432,2.0003120124804994,0.0015599650507081122,0.0013134918131022869,0.0006240249609984399,0.9984399375975039,0.00093603744149766,3,1.5940430539790373,0.4056449335404594,0.005,7232.888879752491,8889.53299315771,7235.451340700385,85.35260708100395,35.39157065500084,False,cmp,7147.5362726714875,2.23012052189438,9116.022321367274,9118.022321367274,1.8889216263995285,0.0,True,0.3806297283188311,0.005,8693.833728546706,10350.477841951924,8696.396189494599,1546.2974558752178,hurdle_cmp,7571.724865492057,7571.724865492057,7147.536272671488,all normalized constructors
Matched AI Lean root values,pair_2000cc20,3394,3205,0.05568650559811432,2.0003120124804994,0.0015599650507081122,0.0013134918131022869,0.0006240249609984399,0.9984399375975039,0.00093603744149766,3,1.5940430539790373,0.4056449335404594,0.005,7232.888879752491,8889.53299315771,7235.451340700385,85.35260708100395,35.39157065500084,False,cmp,7147.5362726714875,2.23012052189438,9116.022321367274,9118.022321367274,1.8889216263995285,0.0,True,0.3806297283188311,0.005,8693.833728546706,10350.477841951924,8696.396189494599,1546.2974558752178,hurdle_cmp,7571.724865492057,7571.724865492057,7147.536272671488,shared binary core
Matched human Lean root values,pair_204207d6,2875,2701,0.060521739130434786,2.0011106997408366,0.0025903990747047348,0.002179244792404742,0.0007404664938911515,0.9974083672713809,0.0018511662347278786,3,1.5951149402024964,0.40525529304444496,0.005,6098.782406581391,7494.919356728038,6100.793298067421,109.73415927472524,33.28276453819895,False,cmp,5989.048247306666,2.217344778714056,7740.546695888783,7742.546695888783,1.88,0.0,True,0.3782421132754778,0.005,7414.086428347868,8810.223378494515,7416.097319833898,1425.0381810412018,hurdle_cmp,6317.508514847581,6317.508514847581,5989.048247306666,all normalized constructors
Matched human Lean root values,pair_204207d6,2875,2701,0.060521739130434786,2.0011106997408366,0.0025903990747047348,0.002179244792404742,0.0007404664938911515,0.9974083672713809,0.0018511662347278786,3,1.5951149402024964,0.40525529304444496,0.005,6098.782406581391,7494.919356728038,6100.793298067421,109.73415927472524,33.28276453819895,False,cmp,5989.048247306666,2.217344778714056,7740.546695888783,7742.546695888783,1.88,0.0,True,0.3782421132754778,0.005,7414.086428347868,8810.223378494515,7416.097319833898,1425.0381810412018,hurdle_cmp,6317.508514847581,6317.508514847581,5989.048247306666,shared binary core
Matched AI Lean root values,pair_204207d6,2832,2648,0.06497175141242938,1.9992447129909365,0.0007547165505973839,0.0006362027147336875,0.0007552870090634441,0.9992447129909365,0.0,2,1.5926103609124416,0.4058790650694276,0.005,5972.9309013218335,7341.041592196338,5974.934926325806,36.75213999138214,328.07703428260777,False,cmp,5936.178761330451,2.2417593509556086,7634.378134140488,7636.378134140488,1.8693502824858756,0.0,True,0.376844227503532,0.005,7336.74782985268,8704.858520727184,7338.751854856653,1400.5690685222285,hurdle_cmp,6235.809065618259,6235.809065618259,5936.178761330451,all normalized constructors
Matched AI Lean root values,pair_204207d6,2832,2648,0.06497175141242938,1.9992447129909365,0.0007547165505973839,0.0006362027147336875,0.0007552870090634441,0.9992447129909365,0.0,2,1.5926103609124416,0.4058790650694276,0.005,5972.9309013218335,7341.041592196338,5974.934926325806,36.75213999138214,328.07703428260777,False,cmp,5936.178761330451,2.2417593509556086,7634.378134140488,7636.378134140488,1.8693502824858756,0.0,True,0.376844227503532,0.005,7336.74782985268,8704.858520727184,7338.751854856653,1400.5690685222285,hurdle_cmp,6235.809065618259,6235.809065618259,5936.178761330451,shared binary core
Matched human Lean root values,pair_20f6251a,2862,2617,0.08560447239692523,1.99961788307222,0.0019104386255530078,0.0016097934339674648,0.0011463507833397019,0.9980894153611005,0.0007642338555598013,3,1.593111327775723,0.40536020451315313,0.005,5905.095952643758,7256.478200645413,5907.120798465133,83.32401771846344,34.390244079041636,False,cmp,5821.771934925295,2.2245976060089014,7780.313201008741,7782.313201008741,1.8284416491963662,0.0,True,0.36777533254700356,0.005,7579.92607934031,8931.308327341965,7581.9509251616855,1758.1541444150157,hurdle_cmp,6024.159056593726,6024.159056593726,5821.771934925295,all normalized constructors
Matched human Lean root values,pair_20f6251a,2862,2617,0.08560447239692523,1.99961788307222,0.0019104386255530078,0.0016097934339674648,0.0011463507833397019,0.9980894153611005,0.0007642338555598013,3,1.593111327775723,0.40536020451315313,0.005,5905.095952643758,7256.478200645413,5907.120798465133,83.32401771846344,34.390244079041636,False,cmp,5821.771934925295,2.2245976060089014,7780.313201008741,7782.313201008741,1.8284416491963662,0.0,True,0.36777533254700356,0.005,7579.92607934031,8931.308327341965,7581.9509251616855,1758.1541444150157,hurdle_cmp,6024.159056593726,6024.159056593726,5821.771934925295,shared binary core
Matched AI Lean root values,pair_20f6251a,3087,2823,0.08551992225461613,2.0014169323414808,0.00424878932718175,0.003573234695420074,0.0014169323414806943,0.9957492029755579,0.0028338646829613886,3,1.5955258695713326,0.40447413042866354,0.005,6376.805180622336,7834.560308468738,6378.807276127068,174.28083552292082,30.62374785454909,False,cmp,6202.524345099415,2.1971393358481808,8397.191064702563,8399.191064702563,1.8302559118885648,0.0,True,0.3670795978287196,0.005,8181.910427518212,9639.665555364614,8183.912523022944,1979.3860824187966,hurdle_cmp,6419.804982283767,6419.804982283767,6202.524345099415,all normalized constructors
Matched AI Lean root values,pair_20f6251a,3087,2823,0.08551992225461613,2.0014169323414808,0.00424878932718175,0.003573234695420074,0.0014169323414806943,0.9957492029755579,0.0028338646829613886,3,1.5955258695713326,0.40447413042866354,0.005,6376.805180622336,7834.560308468738,6378.807276127068,174.28083552292082,30.62374785454909,False,cmp,6202.524345099415,2.1971393358481808,8397.191064702563,8399.191064702563,1.8302559118885648,0.0,True,0.3670795978287196,0.005,8181.910427518212,9639.665555364614,8183.912523022944,1979.3860824187966,hurdle_cmp,6419.804982283767,6419.804982283767,6202.524345099415,shared binary core
Matched human Lean root values,pair_22599b6f,5689,5422,0.04693267709615047,2.00055330136481,0.001659597952029799,0.0013970200042147606,0.0005533013648100332,0.9983400959055699,0.0011066027296200663,3,1.594366899273743,0.40563310072625297,0.005,12236.067024433743,15039.13410534494,12239.072364318812,148.66022629057989,35.274858909567534,False,cmp,12087.406798143164,2.2293262261422284,15221.20154983877,15223.20154983877,1.9066619792582176,0.0,True,0.38439876931589667,0.005,14392.8631782253,17195.930259136498,14395.868518110368,2305.456380082137,hurdle_cmp,12917.745169756632,12917.745169756632,12087.406798143162,all normalized constructors
Matched human Lean root values,pair_22599b6f,5689,5422,0.04693267709615047,2.00055330136481,0.001659597952029799,0.0013970200042147606,0.0005533013648100332,0.9983400959055699,0.0011066027296200663,3,1.594366899273743,0.40563310072625297,0.005,12236.067024433743,15039.13410534494,12239.072364318812,148.66022629057989,35.274858909567534,False,cmp,12087.406798143164,2.2293262261422284,15221.20154983877,15223.20154983877,1.9066619792582176,0.0,True,0.38439876931589667,0.005,14392.8631782253,17195.930259136498,14395.868518110368,2305.456380082137,hurdle_cmp,12917.745169756632,12917.745169756632,12087.406798143162,shared binary core
Matched AI Lean root values,pair_22599b6f,6581,6305,0.041938915058501745,1.9996827914353688,0.0003171079433577695,0.0002671860766491799,0.00031720856463124506,0.9996827914353688,0.0,2,1.5931984603491198,0.4061671225216135,0.005,14220.296258472881,17480.3989877407,14222.337130067506,40.223169785924256,362.10802075407315,False,cmp,14180.073088686957,2.2490203154142674,17561.761485193565,17563.761485193565,1.9158182647014133,0.0,True,0.3870277856352803,0.005,16513.246520344812,19773.34924961263,16515.287391939437,2333.173431657856,hurdle_cmp,15230.58805353571,15230.58805353571,14180.073088686957,all normalized constructors
Matched AI Lean root values,pair_22599b6f,6581,6305,0.041938915058501745,1.9996827914353688,0.0003171079433577695,0.0002671860766491799,0.00031720856463124506,0.9996827914353688,0.0,2,1.5931984603491198,0.4061671225216135,0.005,14220.296258472881,17480.3989877407,14222.337130067506,40.223169785924256,362.10802075407315,False,cmp,14180.073088686957,2.2490203154142674,17561.761485193565,17563.761485193565,1.9158182647014133,0.0,True,0.3870277856352803,0.005,16513.246520344812,19773.34924961263,16515.287391939437,2333.173431657856,hurdle_cmp,15230.58805353571,15230.58805353571,14180.073088686957,shared binary core
Matched human Lean root values,pair_2347fae1,4485,4284,0.044816053511705686,2.0023342670401494,0.003262525053594423,0.002741082579312972,0.00046685340802987864,0.9967320261437909,0.0028011204481792717,3,1.5967566523543966,0.4051107612777187,0.005,9677.646103604304,11893.621371954707,9679.661051436071,203.6978427490685,33.39538081716994,False,cmp,9473.948260855235,2.211472516539504,11995.460091985517,11997.460091985517,1.912597547380156,0.0,True,0.3849177217290789,0.005,11320.786334094302,13536.761602444705,11322.80128192607,1846.8380732390672,hurdle_cmp,10150.62201874645,10150.62201874645,9473.948260855235,all normalized constructors
Matched human Lean root values,pair_2347fae1,4485,4284,0.044816053511705686,2.0023342670401494,0.003262525053594423,0.002741082579312972,0.00046685340802987864,0.9967320261437909,0.0028011204481792717,3,1.5967566523543966,0.4051107612777187,0.005,9677.646103604304,11893.621371954707,9679.661051436071,203.6978427490685,33.39538081716994,False,cmp,9473.948260855235,2.211472516539504,11995.460091985517,11997.460091985517,1.912597547380156,0.0,True,0.3849177217290789,0.005,11320.786334094302,13536.761602444705,11322.80128192607,1846.8380732390672,hurdle_cmp,10150.62201874645,10150.62201874645,9473.948260855235,shared binary core
Matched AI Lean root values,pair_2347fae1,5088,4980,0.02122641509433962,2.0018072289156628,0.0022055692650118546,0.0018541072914603843,0.00020080321285140563,0.9977911646586345,0.002008032128514056,3,1.5960495605620022,0.40555686514080486,0.005,11245.213817268672,13821.960360815003,11247.220847201752,167.2140579565894,36.30245214813011,False,cmp,11077.999759312082,2.2244979436369645,13454.123747758553,13456.123747758553,1.959316037735849,0.0,True,0.3957068315955738,0.005,12293.046887506696,14869.793431053027,12295.053917439776,1215.0471281946132,hurdle_cmp,12241.076619563939,12241.076619563939,11077.999759312082,all normalized constructors
Matched AI Lean root values,pair_2347fae1,5088,4980,0.02122641509433962,2.0018072289156628,0.0022055692650118546,0.0018541072914603843,0.00020080321285140563,0.9977911646586345,0.002008032128514056,3,1.5960495605620022,0.40555686514080486,0.005,11245.213817268672,13821.960360815003,11247.220847201752,167.2140579565894,36.30245214813011,False,cmp,11077.999759312082,2.2244979436369645,13454.123747758553,13456.123747758553,1.959316037735849,0.0,True,0.3957068315955738,0.005,12293.046887506696,14869.793431053027,12295.053917439776,1215.0471281946132,hurdle_cmp,12241.076619563939,12241.076619563939,11077.999759312082,shared binary core
Matched human Lean root values,pair_2590c3a7,1359,1233,0.09271523178807947,2.0016220600162207,0.006485608986186181,0.005453199008760336,0.0024330900243309003,0.9935117599351176,0.0040551500405515,3,1.5958011111426234,0.4033878588492622,0.005,2787.6551812390408,3423.3728624981695,2789.655819888866,111.13722821425472,28.395381934423195,False,cmp,2676.517953024786,2.170736377149056,3709.019506829417,3711.019506829417,1.8160412067696836,0.0,True,0.3631583172573825,0.005,3628.906367546804,4264.624048805933,3630.9070061966295,952.3884145220179,hurdle_cmp,2758.631092307399,2758.631092307399,2676.517953024786,all normalized constructors
Matched human Lean root values,pair_2590c3a7,1358,1232,0.09278350515463918,2.002435064935065,0.0056758886405802,0.004768207174932888,0.0016233766233766235,0.9943181818181818,0.004058441558441558,3,1.59689187621867,0.40391981209301414,0.005,2785.8508102840633,3421.9845407262164,2787.8509322667664,98.72271057544276,29.395387918046243,False,cmp,2687.1280997086205,2.1811104705427113,3706.5804723656775,3708.5804723656775,1.816642120765832,0.0,True,0.3636473017578884,0.005,3626.907323536223,4263.041053978376,3628.907445518926,939.7792238276024,hurdle_cmp,2768.801248538075,2768.801248538075,2687.1280997086205,shared binary core
Matched AI Lean root values,pair_2590c3a7,1286,1161,0.09720062208398134,2.0017226528854435,0.006887644008810606,0.005790610125933471,0.002583979328165375,0.9931093884582257,0.004306632213608958,3,1.5959360824434028,0.4032025911138713,0.005,2625.278678226697,3223.7463740720177,2627.2788281986695,110.17130029590044,28.096602155813034,False,cmp,2515.1073779307967,2.1663284908964657,3515.8460582296602,3517.8460582296602,1.807153965785381,0.0,True,0.36117825928667646,0.005,3447.4591515379543,4045.9268473832744,3449.4593015099263,932.3517736071574,hurdle_cmp,2585.494284622503,2585.494284622503,2515.107377930797,all normalized constructors
Matched AI Lean root values,pair_2590c3a7,1285,1160,0.09727626459143969,2.002586206896552,0.006027794292508917,0.005063014701428392,0.0017241379310344827,0.9939655172413793,0.004310344827586207,3,1.5970946324185284,0.40376743654698477,0.005,2623.4740952976726,3222.3579265799553,2625.474242367646,97.87716956909571,29.096666359358963,False,cmp,2525.596925728577,2.1772387290763593,3513.4149762042152,3515.4149762042152,1.8077821011673152,0.0,True,0.3616927382272504,0.005,3445.4499749954985,4044.333806277781,3447.450122065472,919.8530492669213,hurdle_cmp,2595.5619269372937,2595.5619269372937,2525.596925728577,shared binary core
Matched human Lean root values,pair_26771bf6,2468,2268,0.08103727714748785,2.000440917107584,0.001322556914855563,0.0011134395016205267,0.0004409171075837742,0.9986772486772487,0.0008818342151675485,3,1.5942160652907817,0.4057839347092143,0.005,5118.930275253324,6291.617295990979,5120.964163879515,53.58336336244247,36.39650319246507,False,cmp,5065.3469118908815,2.2333981092993307,6698.347229862033,6700.347229862033,1.8383306320907618,0.0,True,0.37008704195356734,0.005,6509.404773369976,7682.091794107631,6511.438661996167,1444.0578614790948,hurdle_cmp,5256.289368382938,5256.289368382938,5065.3469118908815,all normalized constructors
Matched human Lean root values,pair_26771bf6,2468,2268,0.08103727714748785,2.000440917107584,0.001322556914855563,0.0011134395016205267,0.0004409171075837742,0.9986772486772487,0.0008818342151675485,3,1.5942160652907817,0.4057839347092143,0.005,5118.930275253324,6291.617295990979,5120.964163879515,53.58336336244247,36.39650319246507,False,cmp,5065.3469118908815,2.2333981092993307,6698.347229862033,6700.347229862033,1.8383306320907618,0.0,True,0.37008704195356734,0.005,6509.404773369976,7682.091794107631,6511.438661996167,1444.0578614790948,hurdle_cmp,5256.289368382938,5256.289368382938,5065.3469118908815,shared binary core
Matched AI Lean root values,pair_26771bf6,2625,2419,0.07847619047619048,2.0012401818933445,0.0020654317711120166,0.001737359632010437,0.00041339396444811904,0.9979330301777594,0.0016535758577924762,3,1.595288694138887,0.4055380937900056,0.005,5461.997175565445,6713.049143061255,5463.998520710886,80.81039880189928,35.00120962656099,False,cmp,5381.186776763546,2.2245501350820778,7119.073366300181,7121.073366300181,1.8441904761904762,0.0,True,0.37096096092949243,0.005,6907.914300577877,8158.966268073687,6909.915645723318,1526.7275238143316,hurdle_cmp,5594.345842485849,5594.345842485849,5381.186776763545,all normalized constructors
Matched AI Lean root values,pair_26771bf6,2625,2419,0.07847619047619048,2.0012401818933445,0.0020654317711120166,0.001737359632010437,0.00041339396444811904,0.9979330301777594,0.0016535758577924762,3,1.595288694138887,0.4055380937900056,0.005,5461.997175565445,6713.049143061255,5463.998520710886,80.81039880189928,35.00120962656099,False,cmp,5381.186776763546,2.2245501350820778,7119.073366300181,7121.073366300181,1.8441904761904762,0.0,True,0.37096096092949243,0.005,6907.914300577877,8158.966268073687,6909.915645723318,1526.7275238143316,hurdle_cmp,5594.345842485849,5594.345842485849,5381.186776763545,shared binary core
Matched human Lean root values,pair_271fa579,22998,22769,0.009957387598921645,2.0007027098247616,0.0008778934798543551,0.0007388763159991005,8.783872809521718e-05,0.9991216127190479,0.0007905485528569546,3,1.594567418303827,0.4060474527928354,0.005,51373.115964112614,63153.247706751295,51375.27404941071,338.482664974872,40.6472983845227,False,cmp,51034.63329913774,2.241408638901038,60439.79935176997,60441.79935176997,1.9807809374728238,0.0,True,0.4011885263498764,0.005,53941.9518792509,65722.08362188959,53944.109964548996,2907.318580113155,hurdle_cmp,57534.48077165682,57534.48077165682,51034.63329913774,all normalized constructors
Matched human Lean root values,pair_271fa579,22998,22769,0.009957387598921645,2.0007027098247616,0.0008778934798543551,0.0007388763159991005,8.783872809521718e-05,0.9991216127190479,0.0007905485528569546,3,1.594567418303827,0.4060474527928354,0.005,51373.115964112614,63153.247706751295,51375.27404941071,338.482664974872,40.6472983845227,False,cmp,51034.63329913774,2.241408638901038,60439.79935176997,60441.79935176997,1.9807809374728238,0.0,True,0.4011885263498764,0.005,53941.9518792509,65722.08362188959,53944.109964548996,2907.318580113155,hurdle_cmp,57534.48077165682,57534.48077165682,51034.63329913774,shared binary core
Matched AI Lean root values,pair_271fa579,22190,21972,0.009824245155475439,2.000045512470417,0.00022756028069950771,0.00019166090942581907,9.102494083378845e-05,0.9997724376479156,0.00013653741125068268,3,1.5936853503585573,0.40626913717102175,0.005,49556.73154411273,60922.705676657875,49559.35727068911,104.60984162101522,44.89400300997081,False,cmp,49452.12170249171,2.2506882260373073,58300.495343848605,58302.495343848605,1.980396575033799,0.0,True,0.40142354745290854,0.005,52008.16806210037,63374.142194645516,52010.79378867675,2556.046359608654,hurdle_cmp,55746.44898423995,55746.44898423995,49452.12170249171,all normalized constructors
Matched AI Lean root values,pair_271fa579,22190,21972,0.009824245155475439,2.000045512470417,0.00022756028069950771,0.00019166090942581907,9.102494083378845e-05,0.9997724376479156,0.00013653741125068268,3,1.5936853503585573,0.40626913717102175,0.005,49556.73154411273,60922.705676657875,49559.35727068911,104.60984162101522,44.89400300997081,False,cmp,49452.12170249171,2.2506882260373073,58300.495343848605,58302.495343848605,1.980396575033799,0.0,True,0.40142354745290854,0.005,52008.16806210037,63374.142194645516,52010.79378867675,2556.046359608654,hurdle_cmp,55746.44898423995,55746.44898423995,49452.12170249171,shared binary core
Matched human Lean root values,pair_2748f3f1,7724,7534,0.024598653547384774,2.0006636580833557,0.0011941441079882163,0.0010050898996409997,0.0002654632333421821,0.9988054154499602,0.0009291213166976374,3,1.594515008178417,0.4058831866715927,0.005,17000.82422723104,20897.61324656524,17003.139048139707,152.6631789028179,37.5196486821423,False,cmp,16848.161048328224,2.2362836538795094,20450.157108040374,20452.157108040374,1.9514500258933196,0.0,True,0.3944487794124839,0.005,18786.035839164888,22682.824858499087,18788.350660073553,1937.8747908366638,hurdle_cmp,18514.28231720371,18514.28231720371,16848.161048328224,all normalized constructors
Matched human Lean root values,pair_2748f3f1,7724,7534,0.024598653547384774,2.0006636580833557,0.0011941441079882163,0.0010050898996409997,0.0002654632333421821,0.9988054154499602,0.0009291213166976374,3,1.594515008178417,0.4058831866715927,0.005,17000.82422723104,20897.61324656524,17003.139048139707,152.6631789028179,37.5196486821423,False,cmp,16848.161048328224,2.2362836538795094,20450.157108040374,20452.157108040374,1.9514500258933196,0.0,True,0.3944487794124839,0.005,18786.035839164888,22682.824858499087,18788.350660073553,1937.8747908366638,hurdle_cmp,18514.28231720371,18514.28231720371,16848.161048328224,shared binary core
Matched AI Lean root values,pair_2748f3f1,12585,12367,0.017322208978943186,2.0004043017708417,0.0007275797275932555,0.0006125618653512954,0.00016172070833670252,0.9992722568124849,0.0005660224791784587,3,1.5941669219891725,0.40607565907332877,0.005,27900.336722711738,34297.53518919482,27902.33887399042,161.58828244078904,39.96662723945986,False,cmp,27738.74844027095,2.24296502306711,33195.95140344759,33197.95140344759,1.9657528804131903,0.0,True,0.3978737657989044,0.005,30102.852394361864,36500.050860844945,30104.854545640545,2364.1039540909137,hurdle_cmp,30833.847449356672,30833.847449356672,27738.74844027095,all normalized constructors
Matched AI Lean root values,pair_2748f3f1,12585,12367,0.017322208978943186,2.0004043017708417,0.0007275797275932555,0.0006125618653512954,0.00016172070833670252,0.9992722568124849,0.0005660224791784587,3,1.5941669219891725,0.40607565907332877,0.005,27900.336722711738,34297.53518919482,27902.33887399042,161.58828244078904,39.96662723945986,False,cmp,27738.74844027095,2.24296502306711,33195.95140344759,33197.95140344759,1.9657528804131903,0.0,True,0.3978737657989044,0.005,30102.852394361864,36500.050860844945,30104.854545640545,2364.1039540909137,hurdle_cmp,30833.847449356672,30833.847449356672,27738.74844027095,shared binary core
Matched human Lean root values,pair_29059eae,2810,2578,0.08256227758007118,2.0054305663304888,0.006176870469888735,0.0051724325097248286,0.0003878975950349108,0.9937936384794415,0.0058184639255236615,3,1.6009089919247614,0.4041336768106882,0.005,5834.434697740655,7169.103935918356,5836.566883978352,206.0116174494906,32.03501576561209,False,cmp,5628.423080291164,2.1832517766839272,7643.262895759775,7645.262895759775,1.8398576512455516,0.0,True,0.3681649397606065,0.005,7438.0401114481465,8772.709349625848,7440.172297685844,1809.6170311569826,hurdle_cmp,5835.645864602793,5835.645864602793,5628.423080291164,all normalized constructors
Matched human Lean root values,pair_29059eae,2810,2578,0.08256227758007118,2.0054305663304888,0.006176870469888735,0.0051724325097248286,0.0003878975950349108,0.9937936384794415,0.0058184639255236615,3,1.6009089919247614,0.4041336768106882,0.005,5834.434697740655,7169.103935918356,5836.566883978352,206.0116174494906,32.03501576561209,False,cmp,5628.423080291164,2.1832517766839272,7643.262895759775,7645.262895759775,1.8398576512455516,0.0,True,0.3681649397606065,0.005,7438.0401114481465,8772.709349625848,7440.172297685844,1809.6170311569826,hurdle_cmp,5835.645864602793,5835.645864602793,5628.423080291164,shared binary core
Matched AI Lean root values,pair_29059eae,5101,4825,0.054107037835718484,2.0014507772020727,0.001863180219603211,0.001566878814271916,0.0002072538860103627,0.9981347150259068,0.0016580310880829016,3,1.595571283722851,0.40567223959320753,0.005,10893.1283900892,13389.439571294783,10895.12992169842,141.38032626122003,36.69857880719962,False,cmp,10751.74806382798,2.228341567632742,13693.970013023394,13695.970013023394,1.8931582042736719,0.0,True,0.3813933717894825,0.005,13041.986617872746,15538.29779907833,13043.988149481967,2290.238554044767,hurdle_cmp,11405.731458978627,11405.731458978627,10751.74806382798,all normalized constructors
Matched AI Lean root values,pair_29059eae,5101,4825,0.054107037835718484,2.0014507772020727,0.001863180219603211,0.001566878814271916,0.0002072538860103627,0.9981347150259068,0.0016580310880829016,3,1.595571283722851,0.40567223959320753,0.005,10893.1283900892,13389.439571294783,10895.12992169842,141.38032626122003,36.69857880719962,False,cmp,10751.74806382798,2.228341567632742,13693.970013023394,13695.970013023394,1.8931582042736719,0.0,True,0.3813933717894825,0.005,13041.986617872746,15538.29779907833,13043.988149481967,2290.238554044767,hurdle_cmp,11405.731458978627,11405.731458978627,10751.74806382798,shared binary core
Matched human Lean root values,pair_2a4dc8cc,3663,3486,0.04832104832104832,2.0008605851979344,0.0014335680563414218,0.0012063532003741089,0.00028686173264486515,0.9985656913367756,0.0011474469305794606,3,1.5947792930381028,0.40579443042718255,0.005,7868.325191276347,9671.401878488618,7870.327916565242,84.46757262892788,36.80675374384508,False,cmp,7783.857618647419,2.232890883146133,9807.529424257176,9809.529424257176,1.904176904176904,0.0,True,0.38396912738340416,0.005,9288.21153983328,11091.288227045552,9290.214265122177,1504.353921185862,hurdle_cmp,8305.175503071314,8305.175503071314,7783.857618647418,all normalized constructors
Matched human Lean root values,pair_2a4dc8cc,3663,3486,0.04832104832104832,2.0008605851979344,0.0014335680563414218,0.0012063532003741089,0.00028686173264486515,0.9985656913367756,0.0011474469305794606,3,1.5947792930381028,0.40579443042718255,0.005,7868.325191276347,9671.401878488618,7870.327916565242,84.46757262892788,36.80675374384508,False,cmp,7783.857618647419,2.232890883146133,9807.529424257176,9809.529424257176,1.904176904176904,0.0,True,0.38396912738340416,0.005,9288.21153983328,11091.288227045552,9290.214265122177,1504.353921185862,hurdle_cmp,8305.175503071314,8305.175503071314,7783.857618647418,shared binary core
Matched AI Lean root values,pair_2a4dc8cc,3294,3109,0.056162720097146325,2.002251527822451,0.0028897521084730927,0.0024281049125822293,0.000321646831778707,0.9971051785139916,0.002573174654229656,3,1.596645652448658,0.40528422854201,0.005,7023.154387191524,8631.674526483715,7025.154948789336,133.45987415057607,34.52546223196629,False,cmp,6889.694513040948,2.2160484120427624,8854.119079067541,8856.119079067541,1.889799635701275,0.0,True,0.38018843702842664,0.005,8449.979890106426,10058.500029398618,8451.98045170424,1560.285377065479,hurdle_cmp,7295.833702002062,7295.833702002062,6889.694513040947,all normalized constructors
Matched AI Lean root values,pair_2a4dc8cc,3294,3109,0.056162720097146325,2.002251527822451,0.0028897521084730927,0.0024281049125822293,0.000321646831778707,0.9971051785139916,0.002573174654229656,3,1.596645652448658,0.40528422854201,0.005,7023.154387191524,8631.674526483715,7025.154948789336,133.45987415057607,34.52546223196629,False,cmp,6889.694513040948,2.2160484120427624,8854.119079067541,8856.119079067541,1.889799635701275,0.0,True,0.38018843702842664,0.005,8449.979890106426,10058.500029398618,8451.98045170424,1560.285377065479,hurdle_cmp,7295.833702002062,7295.833702002062,6889.694513040947,shared binary core
Matched human Lean root values,pair_2a66f969,12613,12272,0.027035598192341234,2.0003259452411997,0.0006517842420986964,0.0005487946208401743,0.00016297262059973924,0.999348109517601,0.0004889178617992178,3,1.5940617542981719,0.40610121832242413,0.005,27684.825572719703,34032.753324986814,27686.82857451342,146.3622898249887,40.309005068806854,False,cmp,27538.463282894714,2.244007764251525,33427.87306752066,33429.87306752066,1.9462459367319431,0.0,True,0.3935568052114957,0.005,30821.951976382752,37169.87972864987,30823.95497817647,3283.4886934880387,hurdle_cmp,30146.384374032623,30146.384374032623,27538.463282894714,all normalized constructors
Matched human Lean root values,pair_2a66f969,12613,12272,0.027035598192341234,2.0003259452411997,0.0006517842420986964,0.0005487946208401743,0.00016297262059973924,0.999348109517601,0.0004889178617992178,3,1.5940617542981719,0.40610121832242413,0.005,27684.825572719703,34032.753324986814,27686.82857451342,146.3622898249887,40.309005068806854,False,cmp,27538.463282894714,2.244007764251525,33427.87306752066,33429.87306752066,1.9462459367319431,0.0,True,0.3935568052114957,0.005,30821.951976382752,37169.87972864987,30823.95497817647,3283.4886934880387,hurdle_cmp,30146.384374032623,30146.384374032623,27538.463282894714,shared binary core
Matched AI Lean root values,pair_2a66f969,11532,11233,0.02592785293097468,2.0006231638921035,0.0009788692114978432,0.0008239327359519943,0.00017804682631532092,0.9990207424552657,0.0008012107184189441,3,1.5944606616798274,0.4059844553859566,0.005,25345.437900914516,31156.190997053018,25348.318077539185,188.85203912330326,38.87125277714219,False,cmp,25156.585861791213,2.239525136810399,30549.77878801534,30551.77878801534,1.9487513007284079,0.0,True,0.3939537653495574,0.005,28121.775205516657,33932.528301655155,28124.655382141325,2965.189343725443,hurdle_cmp,27586.589444289897,27586.589444289897,25156.585861791213,all normalized constructors
Matched AI Lean root values,pair_2a66f969,11532,11233,0.02592785293097468,2.0006231638921035,0.0009788692114978432,0.0008239327359519943,0.00017804682631532092,0.9990207424552657,0.0008012107184189441,3,1.5944606616798274,0.4059844553859566,0.005,25345.437900914516,31156.190997053018,25348.318077539185,188.85203912330326,38.87125277714219,False,cmp,25156.585861791213,2.239525136810399,30549.77878801534,30551.77878801534,1.9487513007284079,0.0,True,0.3939537653495574,0.005,28121.775205516657,33932.528301655155,28124.655382141325,2965.189343725443,hurdle_cmp,27586.589444289897,27586.589444289897,25156.585861791213,shared binary core
Matched human Lean root values,pair_2b09aabd,975,879,0.09846153846153846,2.0022753128555175,0.004545448662444784,0.0038192010443678518,0.0011376564277588168,0.9954493742889647,0.0034129692832764505,3,1.5966775617983067,0.40446009462944793,0.005,1987.6819142415661,2441.8758028432453,1989.6820149568828,59.62037827210588,30.70507731019826,False,cmp,1928.0615359694602,2.1934715995101937,2666.7348308343594,2668.7348308343594,1.8051282051282052,0.0,True,0.36182561122369766,0.005,2616.9762797950025,3071.1701683966817,2618.976380510319,688.9147438255421,hurdle_cmp,1979.8200870088172,1979.8200870088172,1928.0615359694602,all normalized constructors
Matched human Lean root values,pair_2b09aabd,975,879,0.09846153846153846,2.0022753128555175,0.004545448662444784,0.0038192010443678518,0.0011376564277588168,0.9954493742889647,0.0034129692832764505,3,1.5966775617983067,0.40446009462944793,0.005,1987.6819142415661,2441.8758028432453,1989.6820149568828,59.62037827210588,30.70507731019826,False,cmp,1928.0615359694602,2.1934715995101937,2666.7348308343594,2668.7348308343594,1.8051282051282052,0.0,True,0.36182561122369766,0.005,2616.9762797950025,3071.1701683966817,2618.976380510319,688.9147438255421,hurdle_cmp,1979.8200870088172,1979.8200870088172,1928.0615359694602,shared binary core
Matched AI Lean root values,pair_2b09aabd,1951,1732,0.11225012813941568,2.0011547344110854,0.0034628698216962062,0.0029130969689305846,0.0011547344110854503,0.9965357967667436,0.0023094688221709007,3,1.59517403154182,0.4048259684581762,0.005,3912.2032395118667,4806.895101573387,3914.203580554551,91.6006342634646,31.636989395131764,False,cmp,3820.602605248402,2.2058906496815256,5357.541056296041,5359.541056296041,1.7765248590466427,0.0,True,0.3565827535165115,0.005,5284.562488243693,6179.254350305214,5286.562829286378,1463.959882995291,hurdle_cmp,3895.5811733007495,3895.5811733007495,3820.602605248402,all normalized constructors
Matched AI Lean root values,pair_2b09aabd,1951,1732,0.11225012813941568,2.0011547344110854,0.0034628698216962062,0.0029130969689305846,0.0011547344110854503,0.9965357967667436,0.0023094688221709007,3,1.59517403154182,0.4048259684581762,0.005,3912.2032395118667,4806.895101573387,3914.203580554551,91.6006342634646,31.636989395131764,False,cmp,3820.602605248402,2.2058906496815256,5357.541056296041,5359.541056296041,1.7765248590466427,0.0,True,0.3565827535165115,0.005,5284.562488243693,6179.254350305214,5286.562829286378,1463.959882995291,hurdle_cmp,3895.5811733007495,3895.5811733007495,3820.602605248402,shared binary core
Matched human Lean root values,pair_2d283418,2138,1935,0.09494855004677269,1.9979328165374677,0.0020629102150645324,0.0017414309471969537,0.0020671834625322996,0.9979328165374677,0.0,2,1.5908488409829913,0.4050167920919401,0.005,4364.039909213723,5361.409861444165,4366.050240313003,61.444271518616006,373.4417050574807,False,cmp,4302.595637695107,2.223563637051735,5830.887550129344,5832.887550129344,1.8082319925163703,0.0,True,0.36357258267801246,0.005,5708.019166194953,6705.389118425394,5710.029497294233,1405.4235284998458,hurdle_cmp,4427.464021629498,4427.464021629498,4302.595637695107,all normalized constructors
Matched human Lean root values,pair_2d283418,2138,1935,0.09494855004677269,1.9979328165374677,0.0020629102150645324,0.0017414309471969537,0.0020671834625322996,0.9979328165374677,0.0,2,1.5908488409829913,0.4050167920919401,0.005,4364.039909213723,5361.409861444165,4366.050240313003,61.444271518616006,373.4417050574807,False,cmp,4302.595637695107,2.223563637051735,5830.887550129344,5832.887550129344,1.8082319925163703,0.0,True,0.36357258267801246,0.005,5708.019166194953,6705.389118425394,5710.029497294233,1405.4235284998458,hurdle_cmp,4427.464021629498,4427.464021629498,4302.595637695107,shared binary core
Matched AI Lean root values,pair_2d283418,2011,1831,0.08950770760815514,1.998361551064992,0.001635764420095562,0.0013802121465649074,0.0016384489350081922,0.9983615510649918,0.0,2,1.5914245744250621,0.40529852770491737,0.005,4129.953415942524,5074.448607648965,4131.954103527406,48.479113502660766,376.28295222647284,False,cmp,4081.474302439863,2.2290957413652994,5473.900292872871,5475.900292872871,1.819492789656887,0.0,True,0.3660627016568697,0.005,5344.1735826895965,6288.668774396037,5346.174270274479,1262.6992802497334,hurdle_cmp,4213.201012623138,4213.201012623138,4081.474302439863,all normalized constructors
Matched AI Lean root values,pair_2d283418,2011,1831,0.08950770760815514,1.998361551064992,0.001635764420095562,0.0013802121465649074,0.0016384489350081922,0.9983615510649918,0.0,2,1.5914245744250621,0.40529852770491737,0.005,4129.953415942524,5074.448607648965,4131.954103527406,48.479113502660766,376.28295222647284,False,cmp,4081.474302439863,2.2290957413652994,5473.900292872871,5475.900292872871,1.819492789656887,0.0,True,0.3660627016568697,0.005,5344.1735826895965,6288.668774396037,5346.174270274479,1262.6992802497334,hurdle_cmp,4213.201012623138,4213.201012623138,4081.474302439863,shared binary core
Matched human Lean root values,pair_2fba10ea,11483,11132,0.030566925019594182,2.002425440172476,0.002778881882441893,0.0023345104750420943,0.00017966223499820338,0.9972152353575279,0.002605102407473949,3,1.5968789644042103,0.40536681353326326,0.005,25142.912609341354,30903.854899933693,25145.588794815052,445.52775570575614,35.93189810968279,False,cmp,24697.384853635598,2.2185936807074738,30505.251765017365,30507.251765017365,1.9412174518853957,0.0,True,0.3914092087943044,0.005,28284.5339881026,34045.47627869494,28287.2101735763,3587.149134467005,hurdle_cmp,26920.102630550362,26920.102630550362,24697.384853635594,all normalized constructors
Matched human Lean root values,pair_2fba10ea,11483,11132,0.030566925019594182,2.002425440172476,0.002778881882441893,0.0023345104750420943,0.00017966223499820338,0.9972152353575279,0.002605102407473949,3,1.5968789644042103,0.40536681353326326,0.005,25142.912609341354,30903.854899933693,25145.588794815052,445.52775570575614,35.93189810968279,False,cmp,24697.384853635598,2.2185936807074738,30505.251765017365,30507.251765017365,1.9412174518853957,0.0,True,0.3914092087943044,0.005,28284.5339881026,34045.47627869494,28287.2101735763,3587.149134467005,hurdle_cmp,26920.102630550362,26920.102630550362,24697.384853635594,shared binary core
Matched AI Lean root values,pair_2fba10ea,6974,6700,0.039288786922856325,2.0011940298507462,0.0017896190688349294,0.0015054315850254866,0.00029850746268656717,0.9982089552238806,0.0014925373134328358,3,1.5952267626625332,0.4056687597255225,0.005,15123.755388616508,18589.43002062552,15125.756259872145,190.59091230505146,36.058476598097315,False,cmp,14933.164476311456,2.228830518852456,18596.75571599463,18598.75571599463,1.922569544020648,0.0,True,0.38779391929277507,0.005,17436.621675718576,20902.29630772759,17438.622546974213,2503.457199407119,hurdle_cmp,16095.29851658751,16095.29851658751,14933.164476311456,all normalized constructors
Matched AI Lean root values,pair_2fba10ea,6974,6700,0.039288786922856325,2.0011940298507462,0.0017896190688349294,0.0015054315850254866,0.00029850746268656717,0.9982089552238806,0.0014925373134328358,3,1.5952267626625332,0.4056687597255225,0.005,15123.755388616508,18589.43002062552,15125.756259872145,190.59091230505146,36.058476598097315,False,cmp,14933.164476311456,2.228830518852456,18596.75571599463,18598.75571599463,1.922569544020648,0.0,True,0.38779391929277507,0.005,17436.621675718576,20902.29630772759,17438.622546974213,2503.457199407119,hurdle_cmp,16095.29851658751,16095.29851658751,14933.164476311456,shared binary core
Matched human Lean root values,pair_2fde2018,6434,6052,0.05937208579421822,2.0024785194976866,0.0034637842378609893,0.0029097241336091405,0.0004957038995373431,0.9965300727032386,0.002974223397224058,3,1.5969501710351028,0.4050326445630426,0.005,13672.012491216981,16802.48279651894,13674.013343339424,301.02404909563484,33.09866248918249,False,cmp,13370.988442121346,2.2093503704760984,17318.275295177547,17320.275295177547,1.883587193036991,0.0,True,0.378592954040107,0.005,16572.35303950931,19702.823344811266,16574.353891631752,3201.364597387963,hurdle_cmp,14118.910697789584,14118.910697789584,13370.988442121348,all normalized constructors
Matched human Lean root values,pair_2fde2018,6434,6052,0.05937208579421822,2.0024785194976866,0.0034637842378609893,0.0029097241336091405,0.0004957038995373431,0.9965300727032386,0.002974223397224058,3,1.5969501710351028,0.4050326445630426,0.005,13672.012491216981,16802.48279651894,13674.013343339424,301.02404909563484,33.09866248918249,False,cmp,13370.988442121346,2.2093503704760984,17318.275295177547,17320.275295177547,1.883587193036991,0.0,True,0.378592954040107,0.005,16572.35303950931,19702.823344811266,16574.353891631752,3201.364597387963,hurdle_cmp,14118.910697789584,14118.910697789584,13370.988442121348,shared binary core
Matched AI Lean root values,pair_2fde2018,6953,6680,0.03926362721127571,2.0035928143712574,0.004178708451360752,0.0035060950370272887,0.0002994011976047904,0.9958083832335329,0.0038922155688622755,3,1.598444808721204,0.40484860445244414,0.005,15098.829605765788,18556.120692744105,15100.84472623036,380.87377723888494,33.675118285441776,False,cmp,14717.955828526903,2.20328680067768,18554.79325751873,18556.79325751873,1.9249244930245937,0.0,True,0.3871565195338278,0.005,17403.618887121705,20860.90997410002,17405.634007586275,2685.6630585948014,hurdle_cmp,15871.13019892393,15871.13019892393,14717.955828526905,all normalized constructors
Matched AI Lean root values,pair_2fde2018,6953,6680,0.03926362721127571,2.0035928143712574,0.004178708451360752,0.0035060950370272887,0.0002994011976047904,0.9958083832335329,0.0038922155688622755,3,1.598444808721204,0.40484860445244414,0.005,15098.829605765788,18556.120692744105,15100.84472623036,380.87377723888494,33.675118285441776,False,cmp,14717.955828526903,2.20328680067768,18554.79325751873,18556.79325751873,1.9249244930245937,0.0,True,0.3871565195338278,0.005,17403.618887121705,20860.90997410002,17405.634007586275,2685.6630585948014,hurdle_cmp,15871.13019892393,15871.13019892393,14717.955828526905,shared binary core
Matched human Lean root values,pair_301c1ff9,6977,6766,0.030242224451770102,1.9997044043748153,0.0002955082484111189,0.00024898099661161983,0.0002955956251847473,0.9997044043748152,0.0,2,1.5932274731272356,0.4061813356223909,0.005,15259.955876325022,18758.5624103128,15261.974307229239,40.50548142567277,343.8886801342621,False,cmp,15219.45039489935,2.2494014772242608,18517.316368490283,18519.316368490283,1.9392288949405188,0.0,True,0.3921757449329887,0.005,17153.883273888503,20652.489807876278,17155.90170479272,1934.4328789891526,hurdle_cmp,16584.88348950113,16584.88348950113,15219.45039489935,all normalized constructors
Matched human Lean root values,pair_301c1ff9,6977,6766,0.030242224451770102,1.9997044043748153,0.0002955082484111189,0.00024898099661161983,0.0002955956251847473,0.9997044043748152,0.0,2,1.5932274731272356,0.4061813356223909,0.005,15259.955876325022,18758.5624103128,15261.974307229239,40.50548142567277,343.8886801342621,False,cmp,15219.45039489935,2.2494014772242608,18517.316368490283,18519.316368490283,1.9392288949405188,0.0,True,0.3921757449329887,0.005,17153.883273888503,20652.489807876278,17155.90170479272,1934.4328789891526,hurdle_cmp,16584.88348950113,16584.88348950113,15219.45039489935,shared binary core
Matched AI Lean root values,pair_301c1ff9,8193,7972,0.026974246307823753,1.9997491219267436,0.0002508151334487565,0.00021131455725025382,0.0002508780732563974,0.9997491219267436,0.0,2,1.5932875006089455,0.4062107432445376,0.005,17979.759542149823,22102.30445406375,17981.897952985673,41.16167220659554,369.1645608249617,False,cmp,17938.597869943227,2.2502004352663354,21710.320435613947,21712.320435613947,1.9458073965580374,0.0,True,0.39365451446244526,0.005,20014.633635494418,24137.178547408344,20016.77204633027,2076.0357655511893,hurdle_cmp,19636.284670062756,19636.284670062756,17938.597869943227,all normalized constructors
Matched AI Lean root values,pair_301c1ff9,8193,7972,0.026974246307823753,1.9997491219267436,0.0002508151334487565,0.00021131455725025382,0.0002508780732563974,0.9997491219267436,0.0,2,1.5932875006089455,0.4062107432445376,0.005,17979.759542149823,22102.30445406375,17981.897952985673,41.16167220659554,369.1645608249617,False,cmp,17938.597869943227,2.2502004352663354,21710.320435613947,21712.320435613947,1.9458073965580374,0.0,True,0.39365451446244526,0.005,20014.633635494418,24137.178547408344,20016.77204633027,2076.0357655511893,hurdle_cmp,19636.284670062756,19636.284670062756,17938.597869943227,shared binary core
Matched human Lean root values,pair_326a8dc3,21629,21289,0.015719635674326136,2.001080370144206,0.0012670934044193367,0.001066012103717675,9.394522993095025e-05,0.9987317393959322,0.0011743153741368782,3,1.5950742397254594,0.4059121851888116,0.005,48044.22518132866,59059.51366051898,48046.456628492626,432.4104356619064,39.50358109130884,False,cmp,47611.81474566675,2.2364514418557353,57015.42321887915,57017.42321887915,1.9696241157704932,0.0,True,0.3984780350724031,0.005,51544.78665189417,62560.075131084486,51547.018099058136,3932.9719062274175,hurdle_cmp,53084.451312651734,53084.451312651734,47611.81474566675,all normalized constructors
Matched human Lean root values,pair_326a8dc3,21629,21289,0.015719635674326136,2.001080370144206,0.0012670934044193367,0.001066012103717675,9.394522993095025e-05,0.9987317393959322,0.0011743153741368782,3,1.5950742397254594,0.4059121851888116,0.005,48044.22518132866,59059.51366051898,48046.456628492626,432.4104356619064,39.50358109130884,False,cmp,47611.81474566675,2.2364514418557353,57015.42321887915,57017.42321887915,1.9696241157704932,0.0,True,0.3984780350724031,0.005,51544.78665189417,62560.075131084486,51547.018099058136,3932.9719062274175,hurdle_cmp,53084.451312651734,53084.451312651734,47611.81474566675,shared binary core
Matched AI Lean root values,pair_326a8dc3,30762,30489,0.008874585527598986,2.000327987142904,0.0004590744244996871,0.00038653438486025614,6.559742858079964e-05,0.9995408179999344,0.0003935845714847978,3,1.59406449489947,0.40619789481484886,0.005,68775.8827941204,84549.31885631307,68777.88620065006,258.6866170251742,43.08915795707109,False,cmp,68517.19617709523,2.247275941391821,80788.31910890053,80790.31910890053,1.9825759053377543,0.0,True,0.4018029817861552,0.005,71901.06458391795,87674.50064611061,71903.0679904476,3383.8684068227217,hurdle_cmp,77406.45070207781,77406.45070207781,68517.19617709523,all normalized constructors
Matched AI Lean root values,pair_326a8dc3,30762,30489,0.008874585527598986,2.000327987142904,0.0004590744244996871,0.00038653438486025614,6.559742858079964e-05,0.9995408179999344,0.0003935845714847978,3,1.59406449489947,0.40619789481484886,0.005,68775.8827941204,84549.31885631307,68777.88620065006,258.6866170251742,43.08915795707109,False,cmp,68517.19617709523,2.247275941391821,80788.31910890053,80790.31910890053,1.9825759053377543,0.0,True,0.4018029817861552,0.005,71901.06458391795,87674.50064611061,71903.0679904476,3383.8684068227217,hurdle_cmp,77406.45070207781,77406.45070207781,68517.19617709523,shared binary core
Matched human Lean root values,pair_32d5762e,3073,2858,0.06996420436055971,2.0017494751574527,0.0031459946200884316,0.0026448380858874344,0.0006997900629811056,0.996850944716585,0.00244926522043387,3,1.595972070908686,0.40507761418578125,0.005,6455.378871387185,7932.98567010093,6457.380345434659,135.1980931533326,32.72875363703874,False,cmp,6320.180778233853,2.2113998524261205,8307.55632907626,8309.55632907626,1.8616986657988936,0.0,True,0.37411703131465557,0.005,8015.674707018479,9493.281505732224,8017.676181065954,1695.4939287846269,hurdle_cmp,6614.062400291634,6614.062400291634,6320.180778233853,all normalized constructors
Matched human Lean root values,pair_32d5762e,3073,2858,0.06996420436055971,2.0017494751574527,0.0031459946200884316,0.0026448380858874344,0.0006997900629811056,0.996850944716585,0.00244926522043387,3,1.595972070908686,0.40507761418578125,0.005,6455.378871387185,7932.98567010093,6457.380345434659,135.1980931533326,32.72875363703874,False,cmp,6320.180778233853,2.2113998524261205,8307.55632907626,8309.55632907626,1.8616986657988936,0.0,True,0.37411703131465557,0.005,8015.674707018479,9493.281505732224,8017.676181065954,1695.4939287846269,hurdle_cmp,6614.062400291634,6614.062400291634,6320.180778233853,shared binary core
Matched AI Lean root values,pair_32d5762e,2678,2469,0.07804331590739358,2.000405022276225,0.0020249473380817237,0.0017048366108021206,0.0008100445524503848,0.9979748886188741,0.001215066828675577,3,1.594167889020077,0.4054270887036938,0.005,5573.041834107379,6848.907647101003,5575.308263861029,82.74129044372239,34.10230393521786,False,cmp,5490.300543663657,2.2236940233550655,7260.3288211030285,7262.3288211030285,1.844286781179985,0.0,True,0.37099987373277044,0.005,7042.394435000579,8318.260247994203,7044.660864754229,1552.0938913369218,hurdle_cmp,5710.234929766107,5710.234929766107,5490.300543663657,all normalized constructors
Matched AI Lean root values,pair_32d5762e,2678,2469,0.07804331590739358,2.000405022276225,0.0020249473380817237,0.0017048366108021206,0.0008100445524503848,0.9979748886188741,0.001215066828675577,3,1.594167889020077,0.4054270887036938,0.005,5573.041834107379,6848.907647101003,5575.308263861029,82.74129044372239,34.10230393521786,False,cmp,5490.300543663657,2.2236940233550655,7260.3288211030285,7262.3288211030285,1.844286781179985,0.0,True,0.37099987373277044,0.005,7042.394435000579,8318.260247994203,7044.660864754229,1552.0938913369218,hurdle_cmp,5710.234929766107,5710.234929766107,5490.300543663657,shared binary core
Matched human Lean root values,pair_32e87abf,2925,2698,0.0776068376068376,2.0003706449221648,0.001853087233164506,0.0015602024697049983,0.0007412898443291327,0.9981467753891772,0.001111934766493699,3,1.5941217490527604,0.40550760602507124,0.005,6089.488813485974,7483.830481675926,6091.497789521618,83.62912638438866,34.54075524502061,False,cmp,6005.859687101585,2.2260413962570738,7928.18992399994,7930.18992399994,1.8451282051282052,0.0,True,0.37125406167156894,0.005,7687.8670651967495,9082.208733386702,7689.876041232394,1682.0073780951639,hurdle_cmp,6248.182545904776,6248.182545904776,6005.859687101585,all normalized constructors
Matched human Lean root values,pair_32e87abf,2925,2698,0.0776068376068376,2.0003706449221648,0.001853087233164506,0.0015602024697049983,0.0007412898443291327,0.9981467753891772,0.001111934766493699,3,1.5941217490527604,0.40550760602507124,0.005,6089.488813485974,7483.830481675926,6091.497789521618,83.62912638438866,34.54075524502061,False,cmp,6005.859687101585,2.2260413962570738,7928.18992399994,7930.18992399994,1.8451282051282052,0.0,True,0.37125406167156894,0.005,7687.8670651967495,9082.208733386702,7689.876041232394,1682.0073780951639,hurdle_cmp,6248.182545904776,6248.182545904776,6005.859687101585,shared binary core
Matched AI Lean root values,pair_32e87abf,3853,3571,0.07318972229431611,2.0030803696443575,0.00419101538334138,0.003518354887659635,0.0005600672080649678,0.9957994959395128,0.0036404368524222907,3,1.5977574993228891,0.40476280311339913,0.005,8070.925693126941,9918.146649104601,8072.984481283649,209.89366921433248,32.295432616379365,False,cmp,7861.032023912609,2.201353129071019,10433.415511845531,10435.415511845531,1.8564754736568907,0.0,True,0.37253628634474517,0.005,10090.454335087465,11937.675291065125,10092.513123244173,2229.422311174856,hurdle_cmp,8205.993200670675,8205.993200670675,7861.032023912609,all normalized constructors
Matched AI Lean root values,pair_32e87abf,3853,3571,0.07318972229431611,2.0030803696443575,0.00419101538334138,0.003518354887659635,0.0005600672080649678,0.9957994959395128,0.0036404368524222907,3,1.5977574993228891,0.40476280311339913,0.005,8070.925693126941,9918.146649104601,8072.984481283649,209.89366921433248,32.295432616379365,False,cmp,7861.032023912609,2.201353129071019,10433.415511845531,10435.415511845531,1.8564754736568907,0.0,True,0.37253628634474517,0.005,10090.454335087465,11937.675291065125,10092.513123244173,2229.422311174856,hurdle_cmp,8205.993200670675,8205.993200670675,7861.032023912609,shared binary core
Matched human Lean root values,pair_33135e91,3948,3732,0.0547112462006079,2.0005359056806,0.0016074298469021442,0.001353131149464459,0.0005359056806002144,0.9983922829581994,0.0010718113612004287,3,1.5943435523102667,0.4056564476897291,0.005,8422.657996894535,10352.073164358975,8424.672756053436,100.82379997853423,35.43274249739006,False,cmp,8321.834196916001,2.229859109570204,10599.739199075822,10601.739199075822,1.8910840932117527,0.0,True,0.3810702382426529,0.005,10099.875101020965,12029.290268485405,10101.889860179866,1778.040904104964,hurdle_cmp,8823.698294970858,8823.698294970858,8321.834196916001,all normalized constructors
Matched human Lean root values,pair_33135e91,3948,3732,0.0547112462006079,2.0005359056806,0.0016074298469021442,0.001353131149464459,0.0005359056806002144,0.9983922829581994,0.0010718113612004287,3,1.5943435523102667,0.4056564476897291,0.005,8422.657996894535,10352.073164358975,8424.672756053436,100.82379997853423,35.43274249739006,False,cmp,8321.834196916001,2.229859109570204,10599.739199075822,10601.739199075822,1.8910840932117527,0.0,True,0.3810702382426529,0.005,10099.875101020965,12029.290268485405,10101.889860179866,1778.040904104964,hurdle_cmp,8823.698294970858,8823.698294970858,8321.834196916001,shared binary core
Matched AI Lean root values,pair_33135e91,3949,3737,0.05368447708280577,2.001605565962002,0.002673365427944339,0.0022478462978364677,0.0005351886540005352,0.9973240567299974,0.0021407546160021407,3,1.5957789798080184,0.40529139749997894,0.005,8438.987736058782,10371.47700834204,8441.487580939947,152.45033397135558,33.72466872885997,False,cmp,8286.537402087426,2.2174303992741304,10601.381906560655,10603.381906560655,1.894150417827298,0.0,True,0.38122270033561834,0.005,10093.441022465298,12025.930294748558,10095.940867346464,1806.9036203778726,hurdle_cmp,8796.478286182783,8796.478286182783,8286.537402087426,all normalized constructors
Matched AI Lean root values,pair_33135e91,3949,3737,0.05368447708280577,2.001605565962002,0.002673365427944339,0.0022478462978364677,0.0005351886540005352,0.9973240567299974,0.0021407546160021407,3,1.5957789798080184,0.40529139749997894,0.005,8438.987736058782,10371.47700834204,8441.487580939947,152.45033397135558,33.72466872885997,False,cmp,8286.537402087426,2.2174303992741304,10601.381906560655,10603.381906560655,1.894150417827298,0.0,True,0.38122270033561834,0.005,10093.441022465298,12025.930294748558,10095.940867346464,1806.9036203778726,hurdle_cmp,8796.478286182783,8796.478286182783,8286.537402087426,shared binary core
Matched human Lean root values,pair_33b83cd5,8705,8358,0.039862148190695,2.0025125628140703,0.0029848332353319606,0.002507293529882949,0.00023929169657812874,0.9970088537927734,0.0027518545106484803,3,1.5969958401381847,0.40527743097930347,0.005,18879.332796874904,23204.382373248663,18881.336918425735,358.46855141967535,35.08884384094392,False,cmp,18520.86424545523,2.215944513694093,23227.645823238454,23229.645823238454,1.9226881102814475,0.0,True,0.3872442518535759,0.005,21797.60876711424,26122.658343488,21799.612888665073,3276.744521659014,hurdle_cmp,19952.90130157944,19952.90130157944,18520.86424545523,all normalized constructors
Matched human Lean root values,pair_33b83cd5,8705,8358,0.039862148190695,2.0025125628140703,0.0029848332353319606,0.002507293529882949,0.00023929169657812874,0.9970088537927734,0.0027518545106484803,3,1.5969958401381847,0.40527743097930347,0.005,18879.332796874904,23204.382373248663,18881.336918425735,358.46855141967535,35.08884384094392,False,cmp,18520.86424545523,2.215944513694093,23227.645823238454,23229.645823238454,1.9226881102814475,0.0,True,0.3872442518535759,0.005,21797.60876711424,26122.658343488,21799.612888665073,3276.744521659014,hurdle_cmp,19952.90130157944,19952.90130157944,18520.86424545523,shared binary core
Matched AI Lean root values,pair_33b83cd5,8846,8512,0.037757178385711056,2.002232142857143,0.002697085207438239,0.0022662643556071393,0.00023496240601503758,0.9972979323308271,0.0024671052631578946,3,1.5966196459782631,0.40537753447286046,0.005,19224.116035955158,23628.593614845075,19226.12055073024,335.55995093891397,35.40471539589399,False,cmp,18888.556085016244,2.2190502919426978,23578.787934437,23580.787934437,1.9266335066696811,0.0,True,0.3882447931978138,0.005,22070.098571597522,26474.57615048744,22072.103086372605,3181.542486581278,hurdle_cmp,20399.245447855723,20399.245447855723,18888.556085016244,all normalized constructors
Matched AI Lean root values,pair_33b83cd5,8846,8512,0.037757178385711056,2.002232142857143,0.002697085207438239,0.0022662643556071393,0.00023496240601503758,0.9972979323308271,0.0024671052631578946,3,1.5966196459782631,0.40537753447286046,0.005,19224.116035955158,23628.593614845075,19226.12055073024,335.55995093891397,35.40471539589399,False,cmp,18888.556085016244,2.2190502919426978,23578.787934437,23580.787934437,1.9266335066696811,0.0,True,0.3882447931978138,0.005,22070.098571597522,26474.57615048744,22072.103086372605,3181.542486581278,hurdle_cmp,20399.245447855723,20399.245447855723,18888.556085016244,shared binary core
Matched human Lean root values,pair_34b2dbc3,3405,3226,0.0525697503671072,1.999690018598884,0.0009298481148787612,0.0007834573091185139,0.0006199628022318661,0.9990700557966522,0.00030998140111593303,3,1.5932081619653893,0.40586189383125876,0.005,7277.718239588035,8944.984768569688,7279.751911108223,55.69861014356138,38.136448678404534,False,cmp,7222.019629444474,2.2386917636219694,9131.358452854653,9133.358452854653,1.8945668135095448,0.0,True,0.3821378652797586,0.005,8682.668844614833,10349.935373596485,8684.702516135021,1460.6492151703592,hurdle_cmp,7672.709237684294,7672.709237684294,7222.019629444474,all normalized constructors
Matched human Lean root values,pair_34b2dbc3,3405,3226,0.0525697503671072,1.999690018598884,0.0009298481148787612,0.0007834573091185139,0.0006199628022318661,0.9990700557966522,0.00030998140111593303,3,1.5932081619653893,0.40586189383125876,0.005,7277.718239588035,8944.984768569688,7279.751911108223,55.69861014356138,38.136448678404534,False,cmp,7222.019629444474,2.2386917636219694,9131.358452854653,9133.358452854653,1.8945668135095448,0.0,True,0.3821378652797586,0.005,8682.668844614833,10349.935373596485,8684.702516135021,1460.6492151703592,hurdle_cmp,7672.709237684294,7672.709237684294,7222.019629444474,shared binary core
Matched AI Lean root values,pair_34b2dbc3,223,185,0.17040358744394618,2.0108108108108107,0.021504747991234478,0.017904658329918954,0.005405405405405406,0.9783783783783784,0.016216216216216217,3,1.6081171283183822,0.39728827708701875,0.005,422.5401634511282,517.6907495966254,424.54029242411036,47.08419186509491,22.93290441266461,False,cmp,375.4559715860333,2.0294917383028825,626.9486065651759,628.9486065651759,1.6681614349775784,0.0,True,0.3283099804523862,0.005,628.1505701041556,723.3011562496529,630.1506990771378,252.69459851812235,hurdle_cmp,376.2540080470535,376.2540080470535,375.45597158603323,all normalized constructors
Matched AI Lean root values,pair_34b2dbc3,223,185,0.17040358744394618,2.0108108108108107,0.021504747991234478,0.017904658329918954,0.005405405405405406,0.9783783783783784,0.016216216216216217,3,1.6081171283183822,0.39728827708701875,0.005,422.5401634511282,517.6907495966254,424.54029242411036,47.08419186509491,22.93290441266461,False,cmp,375.4559715860333,2.0294917383028825,626.9486065651759,628.9486065651759,1.6681614349775784,0.0,True,0.3283099804523862,0.005,628.1505701041556,723.3011562496529,630.1506990771378,252.69459851812235,hurdle_cmp,376.2540080470535,376.2540080470535,375.45597158603323,shared binary core
Matched human Lean root values,pair_34e33ffa,6593,6311,0.04277263764598817,2.0017429884328948,0.002056857412016821,0.0017292123478891556,0.00015845349389954048,0.9979401045793059,0.0019014419267944858,3,1.5959633674436653,0.405621167495326,0.005,14249.448722813731,17515.047085937236,14251.970035533386,197.83672940998804,37.0220357968785,False,cmp,14051.611993403743,2.22652701527551,17611.304317923445,17613.304317923445,1.9161231609282572,0.0,True,0.38626030271245665,0.005,16580.858263236332,19846.45662635984,16583.379575955987,2529.24626983259,hurdle_cmp,15084.058048090854,15084.058048090854,14051.611993403742,all normalized constructors
Matched human Lean root values,pair_34e33ffa,6593,6311,0.04277263764598817,2.0017429884328948,0.002056857412016821,0.0017292123478891556,0.00015845349389954048,0.9979401045793059,0.0019014419267944858,3,1.5959633674436653,0.405621167495326,0.005,14249.448722813731,17515.047085937236,14251.970035533386,197.83672940998804,37.0220357968785,False,cmp,14051.611993403743,2.22652701527551,17611.304317923445,17613.304317923445,1.9161231609282572,0.0,True,0.38626030271245665,0.005,16580.858263236332,19846.45662635984,16583.379575955987,2529.24626983259,hurdle_cmp,15084.058048090854,15084.058048090854,14051.611993403742,shared binary core
Matched AI Lean root values,pair_34e33ffa,12029,11737,0.024274669548590904,2.003237624605947,0.003397543687907815,0.002851754604131557,8.520064752492119e-05,0.9965919740990031,0.0033228252534719263,3,1.5979684241155039,0.4051839998429141,0.005,26520.382764991034,32596.4916031767,26522.38885419583,547.7458432740532,37.168676384697186,False,cmp,25972.63692171698,2.2128854836599627,31866.202987024644,31868.202987024644,1.9546096932413335,0.0,True,0.39407325768358065,0.005,29270.736477037448,35346.84531522311,29272.742566242243,3298.0995553204666,hurdle_cmp,28570.103431704178,28570.103431704178,25972.63692171698,all normalized constructors
Matched AI Lean root values,pair_34e33ffa,12029,11737,0.024274669548590904,2.003237624605947,0.003397543687907815,0.002851754604131557,8.520064752492119e-05,0.9965919740990031,0.0033228252534719263,3,1.5979684241155039,0.4051839998429141,0.005,26520.382764991034,32596.4916031767,26522.38885419583,547.7458432740532,37.168676384697186,False,cmp,25972.63692171698,2.2128854836599627,31866.202987024644,31868.202987024644,1.9546096932413335,0.0,True,0.39407325768358065,0.005,29270.736477037448,35346.84531522311,29272.742566242243,3298.0995553204666,hurdle_cmp,28570.103431704178,28570.103431704178,25972.63692171698,shared binary core
Matched human Lean root values,pair_358e95d5,1191,1069,0.10243492863140219,2.008419083255379,0.008348202292517858,0.006968381475810173,0.0,0.9915809167446211,0.00841908325537886,3,1.6049139456812747,0.40350513757409995,0.005,2424.160707868782,2978.336266152899,2426.1963303518164,107.91459271451458,115.25705046991065,False,cmp,2316.2461151542675,2.1667409870479584,3267.362979953362,3269.362979953362,1.8026868178001678,0.0,True,0.3596030054204839,0.005,3213.1743533866456,3767.3499116707626,3215.20997586968,896.9282382323781,hurdle_cmp,2372.4347417209838,2372.4347417209838,2316.2461151542675,all normalized constructors
Matched human Lean root values,pair_358e95d5,1191,1069,0.10243492863140219,2.008419083255379,0.008348202292517858,0.006968381475810173,0.0,0.9915809167446211,0.00841908325537886,3,1.6049139456812747,0.40350513757409995,0.005,2424.160707868782,2978.336266152899,2426.1963303518164,107.91459271451458,115.25705046991065,False,cmp,2316.2461151542675,2.1667409870479584,3267.362979953362,3269.362979953362,1.8026868178001678,0.0,True,0.3596030054204839,0.005,3213.1743533866456,3767.3499116707626,3215.20997586968,896.9282382323781,hurdle_cmp,2372.4347417209838,2372.4347417209838,2316.2461151542675,shared binary core
Matched AI Lean root values,pair_358e95d5,377,312,0.1724137931034483,2.0416666666666665,0.039930555555555546,0.03218773734813363,0.0,0.9583333333333334,0.041666666666666664,3,1.649283875596875,0.39238279106978674,0.005,721.628856371141,884.8041834914898,723.6292921410495,112.08004901940876,78.66740540927192,False,cmp,609.5488073517322,1.9536820748452954,1068.8435877846061,1070.8435877846061,1.6896551724137931,0.0,True,0.3240512643500635,0.005,1070.2373934273912,1233.41272054774,1072.2378291972998,460.68858607565903,hurdle_cmp,610.1550017089471,610.1550017089471,609.5488073517322,all normalized constructors
Matched AI Lean root values,pair_358e95d5,377,312,0.1724137931034483,2.0416666666666665,0.039930555555555546,0.03218773734813363,0.0,0.9583333333333334,0.041666666666666664,3,1.649283875596875,0.39238279106978674,0.005,721.628856371141,884.8041834914898,723.6292921410495,112.08004901940876,78.66740540927192,False,cmp,609.5488073517322,1.9536820748452954,1068.8435877846061,1070.8435877846061,1.6896551724137931,0.0,True,0.3240512643500635,0.005,1070.2373934273912,1233.41272054774,1072.2378291972998,460.68858607565903,hurdle_cmp,610.1550017089471,610.1550017089471,609.5488073517322,shared binary core
Matched human Lean root values,pair_3757881d,9850,9564,0.029035532994923858,2.002823086574655,0.003024234280895475,0.0025395440502549898,0.00010455876202425763,0.9969677959012966,0.0029276453366792136,3,1.5974123909321263,0.4053061368805004,0.005,21605.8969399882,26556.430429290587,21607.898143418977,406.92268552677706,36.977502197754184,False,cmp,21198.974254461424,2.2165385042305963,26150.96837062729,26152.96837062729,1.9446700507614214,0.0,True,0.392052086480286,0.005,24195.95359422799,29146.48708353038,24197.95479765877,2996.979339766569,hurdle_cmp,23155.98903086072,23155.98903086072,21198.97425446142,all normalized constructors
Matched human Lean root values,pair_3757881d,9850,9564,0.029035532994923858,2.002823086574655,0.003024234280895475,0.0025395440502549898,0.00010455876202425763,0.9969677959012966,0.0029276453366792136,3,1.5974123909321263,0.4053061368805004,0.005,21605.8969399882,26556.430429290587,21607.898143418977,406.92268552677706,36.977502197754184,False,cmp,21198.974254461424,2.2165385042305963,26150.96837062729,26152.96837062729,1.9446700507614214,0.0,True,0.392052086480286,0.005,24195.95359422799,29146.48708353038,24197.95479765877,2996.979339766569,hurdle_cmp,23155.98903086072,23155.98903086072,21198.97425446142,shared binary core
Matched AI Lean root values,pair_3757881d,8434,8150,0.03367322741285274,2.0024539877300613,0.0026933644472881928,0.002262598779854422,0.0001226993865030675,0.9973006134969326,0.0025766871165644172,3,1.5969172614476943,0.4054140268958598,0.005,18408.17257669214,22626.29946366656,18411.67906957974,316.3246414050227,36.900519181819085,False,cmp,18091.847935287118,2.2198586423665176,22438.731325823657,22440.731325823657,1.9350248992174532,0.0,True,0.3900864755647274,0.005,20894.6178416697,25112.744728644117,20898.124334557295,2802.7699063825803,hurdle_cmp,19637.961419441075,19637.961419441075,18091.84793528712,all normalized constructors
Matched AI Lean root values,pair_3757881d,8434,8150,0.03367322741285274,2.0024539877300613,0.0026933644472881928,0.002262598779854422,0.0001226993865030675,0.9973006134969326,0.0025766871165644172,3,1.5969172614476943,0.4054140268958598,0.005,18408.17257669214,22626.29946366656,18411.67906957974,316.3246414050227,36.900519181819085,False,cmp,18091.847935287118,2.2198586423665176,22438.731325823657,22440.731325823657,1.9350248992174532,0.0,True,0.3900864755647274,0.005,20894.6178416697,25112.744728644117,20898.124334557295,2802.7699063825803,hurdle_cmp,19637.961419441075,19637.961419441075,18091.84793528712,shared binary core
Matched human Lean root values,pair_37c40664,1541,1357,0.11940298507462686,2.0007369196757554,0.003684055328168198,0.0031005595932103776,0.0014738393515106854,0.9963154016212233,0.002210759027266028,3,1.5946133298851457,0.40464975043909474,0.005,3065.229288820963,3765.7888221163694,3067.448433859395,76.74761019567086,31.14177537577571,False,cmp,2988.4816786252923,2.2022709496133324,4241.683577079255,4243.683577079255,1.7618429591174563,0.0,True,0.3535851565348876,0.005,4194.420831685618,4894.980364981025,4196.63997672405,1205.939153060326,hurdle_cmp,3037.744424018929,3037.744424018929,2988.4816786252923,all normalized constructors
Matched human Lean root values,pair_37c40664,1541,1357,0.11940298507462686,2.0007369196757554,0.003684055328168198,0.0031005595932103776,0.0014738393515106854,0.9963154016212233,0.002210759027266028,3,1.5946133298851457,0.40464975043909474,0.005,3065.229288820963,3765.7888221163694,3067.448433859395,76.74761019567086,31.14177537577571,False,cmp,2988.4816786252923,2.2022709496133324,4241.683577079255,4243.683577079255,1.7618429591174563,0.0,True,0.3535851565348876,0.005,4194.420831685618,4894.980364981025,4196.63997672405,1205.939153060326,hurdle_cmp,3037.744424018929,3037.744424018929,2988.4816786252923,shared binary core
Matched AI Lean root values,pair_37c40664,1785,1578,0.11596638655462185,2.0012674271229405,0.0038006749973093275,0.003196884049055077,0.0012674271229404308,0.9961977186311787,0.0025348542458808617,3,1.5953252542281842,0.40467474577181173,0.005,3564.898113740452,4379.9163257920845,3566.926500035444,90.48117833973083,31.17599928681698,False,cmp,3474.4169354007213,2.2017851301652227,4908.181329633021,4910.181329633021,1.769187675070028,0.0,True,0.3549804949299902,0.005,4847.8516112348725,5662.869823286505,4849.879997529864,1373.4346758341514,hurdle_cmp,3536.7466537988694,3536.7466537988694,3474.416935400721,all normalized constructors
Matched AI Lean root values,pair_37c40664,1785,1578,0.11596638655462185,2.0012674271229405,0.0038006749973093275,0.003196884049055077,0.0012674271229404308,0.9961977186311787,0.0025348542458808617,3,1.5953252542281842,0.40467474577181173,0.005,3564.898113740452,4379.9163257920845,3566.926500035444,90.48117833973083,31.17599928681698,False,cmp,3474.4169354007213,2.2017851301652227,4908.181329633021,4910.181329633021,1.769187675070028,0.0,True,0.3549804949299902,0.005,4847.8516112348725,5662.869823286505,4849.879997529864,1373.4346758341514,hurdle_cmp,3536.7466537988694,3536.7466537988694,3474.416935400721,shared binary core
Matched human Lean root values,pair_37d880cd,1551,1387,0.10573823339780787,2.0043258832011537,0.005749131002734735,0.004819949182870786,0.0007209805335255948,0.9942321557317952,0.005046863734679163,3,1.599427884142697,0.4041770185249268,0.005,3138.3799715820132,3855.8853742629544,3140.6896589240014,108.46941082476405,30.859147247971343,False,cmp,3029.910560757249,2.184506532629596,4254.240754648241,4256.240754648241,1.7923920051579627,0.0,True,0.35872140050775364,0.005,4187.339881475957,4904.845284156898,4189.649568817945,1157.4293207187077,hurdle_cmp,3098.8114339295335,3098.8114339295335,3029.910560757249,all normalized constructors
Matched human Lean root values,pair_37d880cd,1551,1387,0.10573823339780787,2.0043258832011537,0.005749131002734735,0.004819949182870786,0.0007209805335255948,0.9942321557317952,0.005046863734679163,3,1.599427884142697,0.4041770185249268,0.005,3138.3799715820132,3855.8853742629544,3140.6896589240014,108.46941082476405,30.859147247971343,False,cmp,3029.910560757249,2.184506532629596,4254.240754648241,4256.240754648241,1.7923920051579627,0.0,True,0.35872140050775364,0.005,4187.339881475957,4904.845284156898,4189.649568817945,1157.4293207187077,hurdle_cmp,3098.8114339295335,3098.8114339295335,3029.910560757249,shared binary core
Matched AI Lean root values,pair_37d880cd,803,730,0.09090909090909091,2.0027397260273974,0.005471945956089322,0.004595375264825871,0.0013698630136986301,0.9945205479452055,0.00410958904109589,3,1.5973005702452985,0.40406929276839615,0.005,1651.6523315026059,2028.7596199783147,1653.6529324267765,58.130729301563406,29.784320185755515,False,cmp,1593.5216022010425,2.1829063043849897,2191.1221343031075,2193.1221343031075,1.8206724782067247,0.0,True,0.3645599217638591,0.005,2142.8979038454822,2520.0051923211913,2144.898504769653,549.3763016444399,hurdle_cmp,1643.7458326586675,1643.7458326586675,1593.5216022010422,all normalized constructors
Matched AI Lean root values,pair_37d880cd,803,730,0.09090909090909091,2.0027397260273974,0.005471945956089322,0.004595375264825871,0.0013698630136986301,0.9945205479452055,0.00410958904109589,3,1.5973005702452985,0.40406929276839615,0.005,1651.6523315026059,2028.7596199783147,1653.6529324267765,58.130729301563406,29.784320185755515,False,cmp,1593.5216022010425,2.1829063043849897,2191.1221343031075,2193.1221343031075,1.8206724782067247,0.0,True,0.3645599217638591,0.005,2142.8979038454822,2520.0051923211913,2144.898504769653,549.3763016444399,hurdle_cmp,1643.7458326586675,1643.7458326586675,1593.5216022010422,shared binary core
Matched human Lean root values,pair_3b1172ec,1800,1650,0.08333333333333333,1.9987878787878788,0.00242277318640955,0.0020433286191080817,0.0018181818181818182,0.9975757575757576,0.0006060606060606061,3,1.5919970184172647,0.4049726785524283,0.005,3723.0246573638447,4573.997590117048,3725.024812780107,64.66686606049188,33.821888913824246,False,cmp,3658.3577913033528,2.21718654018385,4889.3510646258355,4891.3510646258355,1.8322222222222222,0.0,True,0.3683183770932663,0.005,4757.634196366023,5608.607129119227,4759.634351782285,1099.2764050626702,hurdle_cmp,3792.0746595631654,3792.0746595631654,3658.357791303353,all normalized constructors
Matched human Lean root values,pair_3b1172ec,1800,1650,0.08333333333333333,1.9987878787878788,0.00242277318640955,0.0020433286191080817,0.0018181818181818182,0.9975757575757576,0.0006060606060606061,3,1.5919970184172647,0.4049726785524283,0.005,3723.0246573638447,4573.997590117048,3725.024812780107,64.66686606049188,33.821888913824246,False,cmp,3658.3577913033528,2.21718654018385,4889.3510646258355,4891.3510646258355,1.8322222222222222,0.0,True,0.3683183770932663,0.005,4757.634196366023,5608.607129119227,4759.634351782285,1099.2764050626702,hurdle_cmp,3792.0746595631654,3792.0746595631654,3658.357791303353,shared binary core
Matched AI Lean root values,pair_3b1172ec,822,727,0.11557177615571776,1.9986244841815681,0.0013736237746651558,0.0011586966664677786,0.001375515818431912,0.9986244841815681,0.0,2,1.5917776299729534,0.4054713383901789,0.005,1641.0944937590318,2016.285018475901,1643.095736187565,19.17647680809023,359.0427814335338,False,cmp,1621.9180169509416,2.230973888515738,2259.0605558710577,2261.0605558710577,1.767639902676399,0.0,True,0.3557459673698211,0.005,2231.659995493552,2606.850520210421,2233.661237922085,609.7419785426101,hurdle_cmp,1651.3185773284476,1651.3185773284476,1621.9180169509418,all normalized constructors
Matched AI Lean root values,pair_3b1172ec,822,727,0.11557177615571776,1.9986244841815681,0.0013736237746651558,0.0011586966664677786,0.001375515818431912,0.9986244841815681,0.0,2,1.5917776299729534,0.4054713383901789,0.005,1641.0944937590318,2016.285018475901,1643.095736187565,19.17647680809023,359.0427814335338,False,cmp,1621.9180169509416,2.230973888515738,2259.0605558710577,2261.0605558710577,1.767639902676399,0.0,True,0.3557459673698211,0.005,2231.659995493552,2606.850520210421,2233.661237922085,609.7419785426101,hurdle_cmp,1651.3185773284476,1651.3185773284476,1621.9180169509418,shared binary core
Matched human Lean root values,pair_3b470502,2763,2502,0.09446254071661238,2.001199040767386,0.003595684603396419,0.0030246816767007527,0.001199040767386091,0.9964028776978417,0.002398081534772182,3,1.5952334868494196,0.40476651315057643,0.005,5650.802969060033,6943.174068643662,5652.849198706701,134.72202548518544,31.450589445648912,False,cmp,5516.080943574848,2.2046686425159265,7540.01080341365,7542.01080341365,1.8121606948968512,0.0,True,0.3636800888042204,0.005,7381.019146065997,8673.390245649627,7383.065375712665,1864.9382024911495,hurdle_cmp,5677.072600922501,5677.072600922501,5516.080943574848,all normalized constructors
Matched human Lean root values,pair_3b470502,2763,2502,0.09446254071661238,2.001199040767386,0.003595684603396419,0.0030246816767007527,0.001199040767386091,0.9964028776978417,0.002398081534772182,3,1.5952334868494196,0.40476651315057643,0.005,5650.802969060033,6943.174068643662,5652.849198706701,134.72202548518544,31.450589445648912,False,cmp,5516.080943574848,2.2046686425159265,7540.01080341365,7542.01080341365,1.8121606948968512,0.0,True,0.3636800888042204,0.005,7381.019146065997,8673.390245649627,7383.065375712665,1864.9382024911495,hurdle_cmp,5677.072600922501,5677.072600922501,5516.080943574848,shared binary core
Matched AI Lean root values,pair_3b470502,2717,2457,0.09569377990430622,2.000814000814001,0.003255340658678063,0.002739519336786109,0.001221001221001221,0.9967439967439967,0.002035002035002035,3,1.594716775843897,0.40487622374909865,0.005,5548.054215200615,6817.0222655957095,5550.056281218028,122.19501492686686,31.81234296021815,False,cmp,5425.859200273748,2.2083269028383183,7416.9023051707245,7418.9023051707245,1.8093485461906516,0.0,True,0.3632631833702493,0.005,7264.5729261262395,8533.540976521335,7266.574992143653,1838.713725852492,hurdle_cmp,5580.188579318233,5580.188579318233,5425.859200273748,all normalized constructors
Matched AI Lean root values,pair_3b470502,2717,2457,0.09569377990430622,2.000814000814001,0.003255340658678063,0.002739519336786109,0.001221001221001221,0.9967439967439967,0.002035002035002035,3,1.594716775843897,0.40487622374909865,0.005,5548.054215200615,6817.0222655957095,5550.056281218028,122.19501492686686,31.81234296021815,False,cmp,5425.859200273748,2.2083269028383183,7416.9023051707245,7418.9023051707245,1.8093485461906516,0.0,True,0.3632631833702493,0.005,7264.5729261262395,8533.540976521335,7266.574992143653,1838.713725852492,hurdle_cmp,5580.188579318233,5580.188579318233,5425.859200273748,shared binary core
Matched human Lean root values,pair_3cca9874,1365,1183,0.13333333333333333,1.9991546914623837,0.004225828141557382,0.0035625879967161422,0.00253592561284869,0.9957734573119188,0.0016906170752324597,3,1.592489503818512,0.40412926203101884,0.005,2671.100248279404,3280.5857412155474,2673.106888972633,75.37266469831229,30.462255920417284,False,cmp,2595.7275835810915,2.1941906877270427,3772.5021989341594,3774.5021989341594,1.7326007326007327,0.0,True,0.3476580915384603,0.005,3745.1015438106215,4354.587036746765,3747.1081845038507,1149.3739602295298,hurdle_cmp,2625.1282387046294,2625.1282387046294,2595.7275835810915,all normalized constructors
Matched human Lean root values,pair_3cca9874,1365,1183,0.13333333333333333,1.9991546914623837,0.004225828141557382,0.0035625879967161422,0.00253592561284869,0.9957734573119188,0.0016906170752324597,3,1.592489503818512,0.40412926203101884,0.005,2671.100248279404,3280.5857412155474,2673.106888972633,75.37266469831229,30.462255920417284,False,cmp,2595.7275835810915,2.1941906877270427,3772.5021989341594,3774.5021989341594,1.7326007326007327,0.0,True,0.3476580915384603,0.005,3745.1015438106215,4354.587036746765,3747.1081845038507,1149.3739602295298,hurdle_cmp,2625.1282387046294,2625.1282387046294,2595.7275835810915,shared binary core
Matched AI Lean root values,pair_3cca9874,2125,1999,0.059294117647058824,2.0,0.002001000500250125,0.0016854099764345594,0.0010005002501250625,0.9979989994997499,0.0010005002501250625,3,1.5936242600400345,0.4053752397098363,0.005,4511.820349130729,5544.404855757322,4513.856736323521,67.25003211040166,34.061011302993286,False,cmp,4444.570317020327,2.2233968569386326,5717.172908431276,5719.172908431276,1.8814117647058823,0.0,True,0.37881935219294016,0.005,5470.158871020055,6502.743377646649,5472.195258212847,1025.588553999728,hurdle_cmp,4693.584354431548,4693.584354431548,4444.570317020327,all normalized constructors
Matched AI Lean root values,pair_3cca9874,2125,1999,0.059294117647058824,2.0,0.002001000500250125,0.0016854099764345594,0.0010005002501250625,0.9979989994997499,0.0010005002501250625,3,1.5936242600400345,0.4053752397098363,0.005,4511.820349130729,5544.404855757322,4513.856736323521,67.25003211040166,34.061011302993286,False,cmp,4444.570317020327,2.2233968569386326,5717.172908431276,5719.172908431276,1.8814117647058823,0.0,True,0.37881935219294016,0.005,5470.158871020055,6502.743377646649,5472.195258212847,1025.588553999728,hurdle_cmp,4693.584354431548,4693.584354431548,4444.570317020327,shared binary core
Matched human Lean root values,pair_3da844f5,5538,5344,0.03503069700252799,1.999625748502994,0.0003741114328229768,0.0003152349509504009,0.00037425149700598805,0.999625748502994,0.0,2,1.5931218863504975,0.40612961065548653,0.005,12053.023152031683,14815.941168605606,12055.929893454686,39.56158154224977,376.1047236909307,False,cmp,12013.461570489433,2.248027988489789,14731.746462430761,14733.746462430761,1.9295774647887325,0.0,True,0.39001076273193636,0.005,13736.540272604883,16499.45828917881,13739.447014027886,1723.0787021154501,hurdle_cmp,13010.667760315311,13010.667760315311,12013.461570489433,all normalized constructors
Matched human Lean root values,pair_3da844f5,5538,5344,0.03503069700252799,1.999625748502994,0.0003741114328229768,0.0003152349509504009,0.00037425149700598805,0.999625748502994,0.0,2,1.5931218863504975,0.40612961065548653,0.005,12053.023152031683,14815.941168605606,12055.929893454686,39.56158154224977,376.1047236909307,False,cmp,12013.461570489433,2.248027988489789,14731.746462430761,14733.746462430761,1.9295774647887325,0.0,True,0.39001076273193636,0.005,13736.540272604883,16499.45828917881,13739.447014027886,1723.0787021154501,hurdle_cmp,13010.667760315311,13010.667760315311,12013.461570489433,shared binary core
Matched AI Lean root values,pair_3da844f5,7055,6855,0.028348688873139617,1.999708242159008,0.0002916727183541964,0.00024574834830512374,0.00029175784099197665,0.999708242159008,0.0,2,1.5932326248766968,0.4061838594413152,0.005,15460.67107313363,19005.322810431055,15462.671769126531,40.557762074284256,345.36545395813795,False,cmp,15420.113311059346,2.2494694837431575,18707.388655867457,18709.388655867457,1.9430191353649893,0.0,True,0.39301636061743495,0.005,17282.21678533193,20826.868522629356,17284.21748132483,1862.1034742725851,hurdle_cmp,16847.28518159487,16847.28518159487,15420.113311059344,all normalized constructors
Matched AI Lean root values,pair_3da844f5,7055,6855,0.028348688873139617,1.999708242159008,0.0002916727183541964,0.00024574834830512374,0.00029175784099197665,0.999708242159008,0.0,2,1.5932326248766968,0.4061838594413152,0.005,15460.67107313363,19005.322810431055,15462.671769126531,40.557762074284256,345.36545395813795,False,cmp,15420.113311059346,2.2494694837431575,18707.388655867457,18709.388655867457,1.9430191353649893,0.0,True,0.39301636061743495,0.005,17282.21678533193,20826.868522629356,17284.21748132483,1862.1034742725851,hurdle_cmp,16847.28518159487,16847.28518159487,15420.113311059344,shared binary core
Matched human Lean root values,pair_3db79af4,30063,28045,0.06712570269101553,2.0000713139597077,0.0002139367934419891,0.0001801816264419999,7.131395970761276e-05,0.9997860581208772,0.00014262791941522553,3,1.5937199828013988,0.4062800171985971,0.005,63253.98937251745,77762.02323262549,63256.03080700757,125.03456039121374,45.38776087005739,False,cmp,63128.954812126234,2.2509878699278385,81101.70297804082,81103.70297804082,1.8658151215780194,0.0,True,0.3763499826942687,0.005,78055.38855446488,92563.42241457292,78057.429988955,14926.433742338646,hurdle_cmp,66177.26923570217,66177.26923570217,63128.954812126234,all normalized constructors
Matched human Lean root values,pair_3db79af4,30063,28045,0.06712570269101553,2.0000713139597077,0.0002139367934419891,0.0001801816264419999,7.131395970761276e-05,0.9997860581208772,0.00014262791941522553,3,1.5937199828013988,0.4062800171985971,0.005,63253.98937251745,77762.02323262549,63256.03080700757,125.03456039121374,45.38776087005739,False,cmp,63128.954812126234,2.2509878699278385,81101.70297804082,81103.70297804082,1.8658151215780194,0.0,True,0.3763499826942687,0.005,78055.38855446488,92563.42241457292,78057.429988955,14926.433742338646,hurdle_cmp,66177.26923570217,66177.26923570217,63128.954812126234,shared binary core
Matched AI Lean root values,pair_3db79af4,30108,28084,0.06722465789823302,2.0000712149266486,0.00028485463502872467,0.0002399100037217879,0.00010682238997293833,0.9997151402934055,0.00017803731662156388,3,1.5937198498731644,0.4062445426635075,0.005,63342.75415035384,77870.15419289186,63345.36003783595,161.1989528387785,43.844396706444094,False,cmp,63181.55519751506,2.2497349094685606,81227.20522543759,81229.20522543759,1.8656171117311013,0.0,True,0.37627509552384397,0.005,78181.98270113271,92709.38274367075,78184.58858861483,15000.427503617662,hurdle_cmp,66228.77772181993,66228.77772181993,63181.55519751505,all normalized constructors
Matched AI Lean root values,pair_3db79af4,30108,28084,0.06722465789823302,2.0000712149266486,0.00028485463502872467,0.0002399100037217879,0.00010682238997293833,0.9997151402934055,0.00017803731662156388,3,1.5937198498731644,0.4062445426635075,0.005,63342.75415035384,77870.15419289186,63345.36003783595,161.1989528387785,43.844396706444094,False,cmp,63181.55519751506,2.2497349094685606,81227.20522543759,81229.20522543759,1.8656171117311013,0.0,True,0.37627509552384397,0.005,78181.98270113271,92709.38274367075,78184.58858861483,15000.427503617662,hurdle_cmp,66228.77772181993,66228.77772181993,63181.55519751505,shared binary core
Matched human Lean root values,pair_3e5837da,2040,1855,0.09068627450980392,1.9994609164420485,0.0005387929468690287,0.00045408001681665114,0.0005390835579514825,0.9994609164420485,0.0,2,1.5929006112914614,0.40602122159263176,0.005,4184.991094330314,5143.76551577922,4186.996216717233,21.050740771228448,373.3447945551096,False,cmp,4163.940353559085,2.2447117808943857,5555.616689864721,5557.616689864721,1.8181372549019608,0.0,True,0.3662856765812482,0.005,5427.811885947346,6386.586307396252,5429.817008334266,1263.8715323882607,hurdle_cmp,4293.74515747646,4293.74515747646,4163.940353559085,all normalized constructors
Matched human Lean root values,pair_3e5837da,2040,1855,0.09068627450980392,1.9994609164420485,0.0005387929468690287,0.00045408001681665114,0.0005390835579514825,0.9994609164420485,0.0,2,1.5929006112914614,0.40602122159263176,0.005,4184.991094330314,5143.76551577922,4186.996216717233,21.050740771228448,373.3447945551096,False,cmp,4163.940353559085,2.2447117808943857,5555.616689864721,5557.616689864721,1.8181372549019608,0.0,True,0.3662856765812482,0.005,5427.811885947346,6386.586307396252,5429.817008334266,1263.8715323882607,hurdle_cmp,4293.74515747646,4293.74515747646,4163.940353559085,shared binary core
Matched AI Lean root values,pair_3e5837da,6141,5932,0.03403354502524019,2.0013486176668915,0.0016839533140028439,0.0014163098887722502,0.00016857720836142953,0.9983142279163857,0.0015171948752528658,3,1.5954342015893803,0.405745838869146,0.005,13390.929190921981,16460.081264379354,13392.931942473348,158.19542504969286,37.42773309794072,False,cmp,13232.733765872288,2.2307373172407767,16335.958634447703,16337.958634447703,1.933235629376323,0.0,True,0.39018212692830395,0.005,15216.744888663563,18285.896962120936,15218.74764021493,1984.0111227912744,hurdle_cmp,14353.947511656428,14353.947511656428,13232.733765872288,all normalized constructors
Matched AI Lean root values,pair_3e5837da,6141,5932,0.03403354502524019,2.0013486176668915,0.0016839533140028439,0.0014163098887722502,0.00016857720836142953,0.9983142279163857,0.0015171948752528658,3,1.5954342015893803,0.405745838869146,0.005,13390.929190921981,16460.081264379354,13392.931942473348,158.19542504969286,37.42773309794072,False,cmp,13232.733765872288,2.2307373172407767,16335.958634447703,16337.958634447703,1.933235629376323,0.0,True,0.39018212692830395,0.005,15216.744888663563,18285.896962120936,15218.74764021493,1984.0111227912744,hurdle_cmp,14353.947511656428,14353.947511656428,13232.733765872288,shared binary core
Matched human Lean root values,pair_3e7604ad,3456,3196,0.07523148148148148,2.0003128911138925,0.0009385754408279438,0.0007902805201709671,0.00031289111389236547,0.9990613266583229,0.0006257822277847309,3,1.5940442332679328,0.40595576673206324,0.005,7211.780907076381,8864.579694218373,7214.485574381653,55.642526262032334,38.0903866589977,False,cmp,7156.138380814348,2.23909210914091,9357.04129521693,9359.04129521693,1.8498263888888888,0.0,True,0.3726555941950996,0.005,9059.047339366254,10711.846126508246,9061.752006671526,1902.9089585519057,hurdle_cmp,7456.132336665024,7456.132336665024,7156.138380814348,all normalized constructors
Matched human Lean root values,pair_3e7604ad,3456,3196,0.07523148148148148,2.0003128911138925,0.0009385754408279438,0.0007902805201709671,0.00031289111389236547,0.9990613266583229,0.0006257822277847309,3,1.5940442332679328,0.40595576673206324,0.005,7211.780907076381,8864.579694218373,7214.485574381653,55.642526262032334,38.0903866589977,False,cmp,7156.138380814348,2.23909210914091,9357.04129521693,9359.04129521693,1.8498263888888888,0.0,True,0.3726555941950996,0.005,9059.047339366254,10711.846126508246,9061.752006671526,1902.9089585519057,hurdle_cmp,7456.132336665024,7456.132336665024,7156.138380814348,shared binary core
Matched AI Lean root values,pair_3e7604ad,3329,3085,0.07329528386902974,2.0009724473257697,0.0016197998891483603,0.0013629040355524178,0.00032414910858995135,0.9983792544570502,0.0012965964343598054,3,1.5949294115126362,0.40571888670453965,0.005,6963.978938834235,8559.593633230934,6965.981991439996,83.24460667802487,36.20295387481433,False,cmp,6880.73433215621,2.23038390021271,9008.305397429307,9010.305397429307,1.8543106037849204,0.0,True,0.37327758546004985,0.005,8710.911595451027,10306.526289847725,8712.914648056787,1830.1772632948162,hurdle_cmp,7180.128134134491,7180.128134134491,6880.734332156211,all normalized constructors
Matched AI Lean root values,pair_3e7604ad,3329,3085,0.07329528386902974,2.0009724473257697,0.0016197998891483603,0.0013629040355524178,0.00032414910858995135,0.9983792544570502,0.0012965964343598054,3,1.5949294115126362,0.40571888670453965,0.005,6963.978938834235,8559.593633230934,6965.981991439996,83.24460667802487,36.20295387481433,False,cmp,6880.73433215621,2.23038390021271,9008.305397429307,9010.305397429307,1.8543106037849204,0.0,True,0.37327758546004985,0.005,8710.911595451027,10306.526289847725,8712.914648056787,1830.1772632948162,hurdle_cmp,7180.128134134491,7180.128134134491,6880.734332156211,shared binary core
Matched human Lean root values,pair_40400f26,3235,2965,0.08346213292117466,2.0013490725126477,0.0033708612849745042,0.0028351034421729483,0.001011804384485666,0.9966273187183811,0.002360876897133221,3,1.5954348119285773,0.4049024561995807,0.005,6696.236692612798,8228.268042558972,6698.240299785702,150.02446903620148,31.909016287415838,False,cmp,6546.212223576596,2.207828743196154,8791.629729086158,8793.629729086158,1.8343122102009273,0.0,True,0.36831626636907977,0.005,8556.063046832405,10088.094396778579,8558.066654005308,2009.8508232558079,hurdle_cmp,6783.778905830351,6783.778905830351,6546.212223576597,all normalized constructors
Matched human Lean root values,pair_40400f26,3235,2965,0.08346213292117466,2.0013490725126477,0.0033708612849745042,0.0028351034421729483,0.001011804384485666,0.9966273187183811,0.002360876897133221,3,1.5954348119285773,0.4049024561995807,0.005,6696.236692612798,8228.268042558972,6698.240299785702,150.02446903620148,31.909016287415838,False,cmp,6546.212223576596,2.207828743196154,8791.629729086158,8793.629729086158,1.8343122102009273,0.0,True,0.36831626636907977,0.005,8556.063046832405,10088.094396778579,8558.066654005308,2009.8508232558079,hurdle_cmp,6783.778905830351,6783.778905830351,6546.212223576597,shared binary core
Matched AI Lean root values,pair_40400f26,357,289,0.19047619047619047,2.0034602076124566,0.01036864980064894,0.008700928417057533,0.0034602076124567475,0.9896193771626297,0.006920415224913495,3,1.5982669596324368,0.4017330403675587,0.005,655.8337841653236,804.6627079718412,657.8429111519013,41.19473616855976,26.189295349377158,False,cmp,614.6390479967638,2.12677871279157,1003.6769914284945,1005.6769914284945,1.6218487394957983,0.0,True,0.3246247921446279,0.005,1005.4894587230496,1154.3183825295673,1007.4985857096273,390.85041072628576,hurdle_cmp,614.8265807022087,614.8265807022087,614.6390479967638,all normalized constructors
Matched AI Lean root values,pair_40400f26,357,289,0.19047619047619047,2.0034602076124566,0.01036864980064894,0.008700928417057533,0.0034602076124567475,0.9896193771626297,0.006920415224913495,3,1.5982669596324368,0.4017330403675587,0.005,655.8337841653236,804.6627079718412,657.8429111519013,41.19473616855976,26.189295349377158,False,cmp,614.6390479967638,2.12677871279157,1003.6769914284945,1005.6769914284945,1.6218487394957983,0.0,True,0.3246247921446279,0.005,1005.4894587230496,1154.3183825295673,1007.4985857096273,390.85041072628576,hurdle_cmp,614.8265807022087,614.8265807022087,614.6390479967638,shared binary core
Matched human Lean root values,pair_412ad836,208,172,0.17307692307692307,1.994186046511628,0.005780151433207135,0.004899188555220075,0.005813953488372093,0.9941860465116279,0.0,2,1.585814958250491,0.40255713477276084,0.005,389.4398395924171,477.4960504080973,391.4471861595538,16.289163699912024,399.3775466963433,False,cmp,373.1506758925051,2.1694806737936343,581.9243716707706,583.9243716707706,1.6490384615384615,0.0,True,0.33135239472428046,0.005,583.1042171554976,671.1604279711778,585.1115637226343,209.95354126299253,hurdle_cmp,373.97083040777807,373.97083040777807,373.1506758925051,all normalized constructors
Matched human Lean root values,pair_412ad836,208,172,0.17307692307692307,1.994186046511628,0.005780151433207135,0.004899188555220075,0.005813953488372093,0.9941860465116279,0.0,2,1.585814958250491,0.40255713477276084,0.005,389.4398395924171,477.4960504080973,391.4471861595538,16.289163699912024,399.3775466963433,False,cmp,373.1506758925051,2.1694806737936343,581.9243716707706,583.9243716707706,1.6490384615384615,0.0,True,0.33135239472428046,0.005,583.1042171554976,671.1604279711778,585.1115637226343,209.95354126299253,hurdle_cmp,373.97083040777807,373.97083040777807,373.1506758925051,shared binary core
Matched AI Lean root values,pair_412ad836,208,172,0.17307692307692307,1.994186046511628,0.005780151433207135,0.004899188555220075,0.005813953488372093,0.9941860465116279,0.0,2,1.585814958250491,0.40255713477276084,0.005,389.4398395924171,477.4960504080973,391.4471861595538,16.289163699912024,399.3775466963433,False,cmp,373.1506758925051,2.1694806737936343,581.9243716707706,583.9243716707706,1.6490384615384615,0.0,True,0.33135239472428046,0.005,583.1042171554976,671.1604279711778,585.1115637226343,209.95354126299253,hurdle_cmp,373.97083040777807,373.97083040777807,373.1506758925051,all normalized constructors
Matched AI Lean root values,pair_412ad836,208,172,0.17307692307692307,1.994186046511628,0.005780151433207135,0.004899188555220075,0.005813953488372093,0.9941860465116279,0.0,2,1.585814958250491,0.40255713477276084,0.005,389.4398395924171,477.4960504080973,391.4471861595538,16.289163699912024,399.3775466963433,False,cmp,373.1506758925051,2.1694806737936343,581.9243716707706,583.9243716707706,1.6490384615384615,0.0,True,0.33135239472428046,0.005,583.1042171554976,671.1604279711778,585.1115637226343,209.95354126299253,hurdle_cmp,373.97083040777807,373.97083040777807,373.1506758925051,shared binary core
Matched human Lean root values,pair_43cbe160,12066,11791,0.022791314437261727,2.0007632940378253,0.0011019532146263739,0.0009273950491796797,0.00016962089729454668,0.9988974641675854,0.0009329149351200068,3,1.5946487255400372,0.4059449476004893,0.005,26606.382782122193,32706.066839666477,26608.386913983384,218.21176434855442,38.61480316304725,False,cmp,26388.17101777364,2.237992622998358,31916.903422316216,31918.903422316216,1.9551632686888778,0.0,True,0.39532077497582085,0.005,29231.823673537532,35331.507731081816,29233.827805398723,2843.652655763892,hurdle_cmp,29075.250766552323,29075.250766552323,26388.17101777364,all normalized constructors
Matched human Lean root values,pair_43cbe160,12066,11791,0.022791314437261727,2.0007632940378253,0.0011019532146263739,0.0009273950491796797,0.00016962089729454668,0.9988974641675854,0.0009329149351200068,3,1.5946487255400372,0.4059449476004893,0.005,26606.382782122193,32706.066839666477,26608.386913983384,218.21176434855442,38.61480316304725,False,cmp,26388.17101777364,2.237992622998358,31916.903422316216,31918.903422316216,1.9551632686888778,0.0,True,0.39532077497582085,0.005,29231.823673537532,35331.507731081816,29233.827805398723,2843.652655763892,hurdle_cmp,29075.250766552323,29075.250766552323,26388.17101777364,shared binary core
Matched AI Lean root values,pair_43cbe160,7963,7740,0.028004520909205074,2.001421188630491,0.0019359647190005942,0.0016281401872187899,0.00025839793281653745,0.998062015503876,0.0016795865633074936,3,1.595531580820245,0.4056312098774256,0.005,17472.981810927224,21477.078137120545,17475.105415792863,233.13434976048302,36.12234196046207,False,cmp,17239.84746116674,2.2273704730189587,21122.6325446779,21124.6325446779,1.9453723471053623,0.0,True,0.3927381460568249,0.005,19509.301313431275,23513.397639624596,19511.424918296914,2269.4538522645335,hurdle_cmp,18855.178692413367,18855.178692413367,17239.84746116674,all normalized constructors
Matched AI Lean root values,pair_43cbe160,7963,7740,0.028004520909205074,2.001421188630491,0.0019359647190005942,0.0016281401872187899,0.00025839793281653745,0.998062015503876,0.0016795865633074936,3,1.595531580820245,0.4056312098774256,0.005,17472.981810927224,21477.078137120545,17475.105415792863,233.13434976048302,36.12234196046207,False,cmp,17239.84746116674,2.2273704730189587,21122.6325446779,21124.6325446779,1.9453723471053623,0.0,True,0.3927381460568249,0.005,19509.301313431275,23513.397639624596,19511.424918296914,2269.4538522645335,hurdle_cmp,18855.178692413367,18855.178692413367,17239.84746116674,shared binary core
Matched human Lean root values,pair_44418174,3092,2847,0.07923673997412678,2.0007024938531788,0.0014044942087438155,0.0011820884557516992,0.00035124692658939234,0.9985950122936424,0.001053740779768177,3,1.5945671284564127,0.4057841184701727,0.005,6425.971017040428,7898.331978691691,6428.001744307939,69.0348725564254,36.51760370791685,False,cmp,6356.936144484002,2.232854283275027,8386.088099243003,8388.088099243003,1.8421733505821474,0.0,True,0.37084654467791694,0.005,8140.328388542387,9612.68935019365,8142.359115809898,1783.3922440583844,hurdle_cmp,6604.695855184618,6604.695855184618,6356.936144484002,all normalized constructors
Matched human Lean root values,pair_44418174,3092,2847,0.07923673997412678,2.0007024938531788,0.0014044942087438155,0.0011820884557516992,0.00035124692658939234,0.9985950122936424,0.001053740779768177,3,1.5945671284564127,0.4057841184701727,0.005,6425.971017040428,7898.331978691691,6428.001744307939,69.0348725564254,36.51760370791685,False,cmp,6356.936144484002,2.232854283275027,8386.088099243003,8388.088099243003,1.8421733505821474,0.0,True,0.37084654467791694,0.005,8140.328388542387,9612.68935019365,8142.359115809898,1783.3922440583844,hurdle_cmp,6604.695855184618,6604.695855184618,6356.936144484002,shared binary core
Matched AI Lean root values,pair_44418174,3019,2783,0.07817157999337529,2.000359324469996,0.001077844295914482,0.0009074995445882748,0.00035932446999640676,0.9989220265900107,0.0007186489399928135,3,1.594106555094328,0.40589344490566776,0.005,6280.372175713428,7719.500528724468,6282.88755537701,54.81188482744619,37.40706374000528,False,cmp,6225.560290885982,2.2369961519532815,8183.8294103109765,8185.8294103109765,1.843988075521696,0.0,True,0.37137432417126015,0.005,7938.480034658125,9377.608387669165,7940.995414321707,1712.919743772143,hurdle_cmp,6472.909666538833,6472.909666538833,6225.560290885982,all normalized constructors
Matched AI Lean root values,pair_44418174,3019,2783,0.07817157999337529,2.000359324469996,0.001077844295914482,0.0009074995445882748,0.00035932446999640676,0.9989220265900107,0.0007186489399928135,3,1.594106555094328,0.40589344490566776,0.005,6280.372175713428,7719.500528724468,6282.88755537701,54.81188482744619,37.40706374000528,False,cmp,6225.560290885982,2.2369961519532815,8183.8294103109765,8185.8294103109765,1.843988075521696,0.0,True,0.37137432417126015,0.005,7938.480034658125,9377.608387669165,7940.995414321707,1712.919743772143,hurdle_cmp,6472.909666538833,6472.909666538833,6225.560290885982,shared binary core
Matched human Lean root values,pair_4453d7a8,1084,971,0.10424354243542436,1.9989701338825954,0.001028805493184959,0.0008675078622249687,0.0010298661174047373,0.9989701338825953,0.0,2,1.5922417207468904,0.4056985470182961,0.005,2191.370138443511,2692.796839735334,2193.450987143161,19.755622716678772,368.52497472182733,False,cmp,2171.6145157268325,2.236472209811362,2967.2642829466104,2969.2642829466104,1.790590405904059,0.0,True,0.3604763967571205,0.005,2918.150268567884,3419.5769698597064,2920.2311172675336,746.5357528410512,hurdle_cmp,2222.728530105559,2222.728530105559,2171.6145157268325,all normalized constructors
Matched human Lean root values,pair_4453d7a8,1084,971,0.10424354243542436,1.9989701338825954,0.001028805493184959,0.0008675078622249687,0.0010298661174047373,0.9989701338825953,0.0,2,1.5922417207468904,0.4056985470182961,0.005,2191.370138443511,2692.796839735334,2193.450987143161,19.755622716678772,368.52497472182733,False,cmp,2171.6145157268325,2.236472209811362,2967.2642829466104,2969.2642829466104,1.790590405904059,0.0,True,0.3604763967571205,0.005,2918.150268567884,3419.5769698597064,2920.2311172675336,746.5357528410512,hurdle_cmp,2222.728530105559,2222.728530105559,2171.6145157268325,shared binary core
Matched AI Lean root values,pair_4453d7a8,438,379,0.13470319634703196,2.0131926121372032,0.018295611977081756,0.015194227816482149,0.002638522427440633,0.9815303430079155,0.0158311345646438,3,1.6113052503256893,0.39924883938406913,0.005,863.8126255078071,1059.709831900228,865.8126668431205,79.49445755587658,24.77678025885185,False,cmp,784.3181679519305,2.069441076390318,1218.2129174617112,1220.2129174617112,1.7420091324200913,0.0,True,0.34332625844473796,0.005,1212.0345291642197,1407.9317355566407,1214.0345704995332,427.7163612122893,hurdle_cmp,792.4965562494219,792.4965562494219,784.3181679519305,all normalized constructors
Matched AI Lean root values,pair_4453d7a8,438,379,0.13470319634703196,2.0131926121372032,0.018295611977081756,0.015194227816482149,0.002638522427440633,0.9815303430079155,0.0158311345646438,3,1.6113052503256893,0.39924883938406913,0.005,863.8126255078071,1059.709831900228,865.8126668431205,79.49445755587658,24.77678025885185,False,cmp,784.3181679519305,2.069441076390318,1218.2129174617112,1220.2129174617112,1.7420091324200913,0.0,True,0.34332625844473796,0.005,1212.0345291642197,1407.9317355566407,1214.0345704995332,427.7163612122893,hurdle_cmp,792.4965562494219,792.4965562494219,784.3181679519305,shared binary core
Matched human Lean root values,pair_452bb14f,10676,10348,0.030723117272386663,2.0010630073444142,0.0014484254850416936,0.0012185904557163267,0.00019327406262079628,0.998550444530344,0.001256281407035176,3,1.5950509397723582,0.4058187935094309,0.005,23354.616771649355,28707.991492274712,23356.621024825934,241.85343111981638,37.557360223987324,False,cmp,23112.76334052954,2.2335488346085755,28351.484710824087,28353.484710824087,1.9395841139003371,0.0,True,0.3916951137568256,0.005,26287.112149007346,31640.486869632703,26289.116402183925,3174.3488084778064,hurdle_cmp,25179.13590234628,25179.13590234628,23112.76334052954,all normalized constructors
Matched human Lean root values,pair_452bb14f,10676,10348,0.030723117272386663,2.0010630073444142,0.0014484254850416936,0.0012185904557163267,0.00019327406262079628,0.998550444530344,0.001256281407035176,3,1.5950509397723582,0.4058187935094309,0.005,23354.616771649355,28707.991492274712,23356.621024825934,241.85343111981638,37.557360223987324,False,cmp,23112.76334052954,2.2335488346085755,28351.484710824087,28353.484710824087,1.9395841139003371,0.0,True,0.3916951137568256,0.005,26287.112149007346,31640.486869632703,26289.116402183925,3174.3488084778064,hurdle_cmp,25179.13590234628,25179.13590234628,23112.76334052954,shared binary core
Matched AI Lean root values,pair_452bb14f,4480,4208,0.060714285714285714,2.002138783269962,0.0030847792182914315,0.0025922897371755643,0.0004752851711026616,0.9969106463878327,0.0026140684410646386,3,1.5964943950267956,0.4051691030720596,0.005,9504.987103468575,11681.520378189925,9506.996620523723,191.39682761218864,33.522596074600955,False,cmp,9313.590275856386,2.2133056739202437,12064.79331089665,12066.79331089665,1.8805803571428572,0.0,True,0.37813232620363363,0.005,11558.185553890404,13734.718828611754,11560.195070945552,2244.595278034017,hurdle_cmp,9822.198032862632,9822.198032862632,9313.590275856386,all normalized constructors
Matched AI Lean root values,pair_452bb14f,4480,4208,0.060714285714285714,2.002138783269962,0.0030847792182914315,0.0025922897371755643,0.0004752851711026616,0.9969106463878327,0.0026140684410646386,3,1.5964943950267956,0.4051691030720596,0.005,9504.987103468575,11681.520378189925,9506.996620523723,191.39682761218864,33.522596074600955,False,cmp,9313.590275856386,2.2133056739202437,12064.79331089665,12066.79331089665,1.8805803571428572,0.0,True,0.37813232620363363,0.005,11558.185553890404,13734.718828611754,11560.195070945552,2244.595278034017,hurdle_cmp,9822.198032862632,9822.198032862632,9313.590275856386,shared binary core
Matched human Lean root values,pair_45b25f4e,4602,4369,0.050630160799652324,2.0002288853284504,0.0011443742537586515,0.0009636502452326969,0.00045777065690089265,0.9988555733577478,0.000686655985351339,3,1.5939314808329872,0.40583963383855837,0.005,9857.973012209179,12116.826307397154,9860.02517073154,88.45290761854267,36.92186778782528,False,cmp,9769.520104590636,2.2360998179424665,12331.814290729202,12333.814290729202,1.8989569752281616,0.0,True,0.38298072168271463,0.005,11704.146737229159,13963.000032417134,11706.19889575152,1934.6266326385237,hurdle_cmp,10399.18765809068,10399.18765809068,9769.520104590636,all normalized constructors
Matched human Lean root values,pair_45b25f4e,4602,4369,0.050630160799652324,2.0002288853284504,0.0011443742537586515,0.0009636502452326969,0.00045777065690089265,0.9988555733577478,0.000686655985351339,3,1.5939314808329872,0.40583963383855837,0.005,9857.973012209179,12116.826307397154,9860.02517073154,88.45290761854267,36.92186778782528,False,cmp,9769.520104590636,2.2360998179424665,12331.814290729202,12333.814290729202,1.8989569752281616,0.0,True,0.38298072168271463,0.005,11704.146737229159,13963.000032417134,11706.19889575152,1934.6266326385237,hurdle_cmp,10399.18765809068,10399.18765809068,9769.520104590636,shared binary core
Matched AI Lean root values,pair_45b25f4e,4146,3920,0.05451037144235408,1.9997448979591836,0.0007652410453977508,0.0006447270785963911,0.0005102040816326531,0.999234693877551,0.00025510204081632655,3,1.5932818305102632,0.40595286336728376,0.005,8842.84572511936,10869.161369251531,8844.881786857719,56.868196377006825,39.09832428791329,False,cmp,8785.977528742353,2.2413207981485592,11127.325810461256,11129.325810461256,1.890738060781476,0.0,True,0.38139406471395093,0.005,10599.328889938293,12625.644534070465,10601.364951676653,1813.3513611959402,hurdle_cmp,9315.974449265315,9315.974449265315,8785.977528742353,all normalized constructors
Matched AI Lean root values,pair_45b25f4e,4146,3920,0.05451037144235408,1.9997448979591836,0.0007652410453977508,0.0006447270785963911,0.0005102040816326531,0.999234693877551,0.00025510204081632655,3,1.5932818305102632,0.40595286336728376,0.005,8842.84572511936,10869.161369251531,8844.881786857719,56.868196377006825,39.09832428791329,False,cmp,8785.977528742353,2.2413207981485592,11127.325810461256,11129.325810461256,1.890738060781476,0.0,True,0.38139406471395093,0.005,10599.328889938293,12625.644534070465,10601.364951676653,1813.3513611959402,hurdle_cmp,9315.974449265315,9315.974449265315,8785.977528742353,shared binary core
Matched human Lean root values,pair_47d24c12,814,716,0.12039312039312039,1.9986033519553073,0.0013946974189319936,0.001176499780538141,0.0013966480446927375,0.9986033519553073,0.0,2,1.5917492553117885,0.40545744859882216,0.005,1616.2869805064183,1985.7865319504872,1618.2873089131415,19.14596303534927,358.2080861597176,False,cmp,1597.141017471069,2.2306438791495378,2240.5504686094296,2242.5504686094296,1.757985257985258,0.0,True,0.3538325296385235,0.005,2216.9148314514773,2586.414382895546,2218.9151598582002,619.7738139804082,hurdle_cmp,1622.7766546290213,1622.7766546290213,1597.141017471069,all normalized constructors
Matched human Lean root values,pair_47d24c12,814,716,0.12039312039312039,1.9986033519553073,0.0013946974189319936,0.001176499780538141,0.0013966480446927375,0.9986033519553073,0.0,2,1.5917492553117885,0.40545744859882216,0.005,1616.2869805064183,1985.7865319504872,1618.2873089131415,19.14596303534927,358.2080861597176,False,cmp,1597.141017471069,2.2306438791495378,2240.5504686094296,2242.5504686094296,1.757985257985258,0.0,True,0.3538325296385235,0.005,2216.9148314514773,2586.414382895546,2218.9151598582002,619.7738139804082,hurdle_cmp,1622.7766546290213,1622.7766546290213,1597.141017471069,shared binary core
Matched AI Lean root values,pair_47d24c12,2347,2113,0.09970174691095014,1.9985802176999528,0.002364288051632682,0.0019944496325757593,0.001893043066729768,0.9976336961665878,0.000473260766682442,3,1.5917181923249828,0.4049689823082363,0.005,4766.738873197277,5856.318955822759,4768.758031053721,79.45644447646919,34.33277905383434,False,cmp,4687.282428720808,2.2183068758735485,6412.645254364843,6414.645254364843,1.7993182786536004,0.0,True,0.36163370547555795,0.005,6291.599914089122,7381.1799967146035,6293.619071945566,1604.3174853683136,hurdle_cmp,4810.327768996529,4810.327768996529,4687.282428720808,all normalized constructors
Matched AI Lean root values,pair_47d24c12,2347,2113,0.09970174691095014,1.9985802176999528,0.002364288051632682,0.0019944496325757593,0.001893043066729768,0.9976336961665878,0.000473260766682442,3,1.5917181923249828,0.4049689823082363,0.005,4766.738873197277,5856.318955822759,4768.758031053721,79.45644447646919,34.33277905383434,False,cmp,4687.282428720808,2.2183068758735485,6412.645254364843,6414.645254364843,1.7993182786536004,0.0,True,0.36163370547555795,0.005,6291.599914089122,7381.1799967146035,6293.619071945566,1604.3174853683136,hurdle_cmp,4810.327768996529,4810.327768996529,4687.282428720808,shared binary core
Matched human Lean root values,pair_4860e4db,5157,4881,0.0535194880744619,2.001843884449908,0.002659988740002219,0.0022360260170081613,0.0004097520999795124,0.9973366113501332,0.0022536365498873182,3,1.5960987416605337,0.40533539068939056,0.005,11022.757011059211,13547.473912664005,11024.757607322137,195.25980334705673,34.2565593335252,False,cmp,10827.497207712155,2.218294859191181,13843.314880738133,13845.314880738133,1.8947062245491564,0.0,True,0.38134795820334916,0.005,13177.8104313746,15702.527332979396,13179.811027637526,2350.313223662447,hurdle_cmp,11495.001657075685,11495.001657075685,10827.497207712153,all normalized constructors
Matched human Lean root values,pair_4860e4db,5157,4881,0.0535194880744619,2.001843884449908,0.002659988740002219,0.0022360260170081613,0.0004097520999795124,0.9973366113501332,0.0022536365498873182,3,1.5960987416605337,0.40533539068939056,0.005,11022.757011059211,13547.473912664005,11024.757607322137,195.25980334705673,34.2565593335252,False,cmp,10827.497207712155,2.218294859191181,13843.314880738133,13845.314880738133,1.8947062245491564,0.0,True,0.38134795820334916,0.005,13177.8104313746,15702.527332979396,13179.811027637526,2350.313223662447,hurdle_cmp,11495.001657075685,11495.001657075685,10827.497207712153,shared binary core
Matched AI Lean root values,pair_4860e4db,7219,6949,0.03740130211940712,2.0010073391854943,0.0015819468449707215,0.001331004432691605,0.0002878111958555188,0.9984170384227946,0.0012951503813498344,3,1.5949762354277055,0.40574329256192937,0.005,15684.043778425974,19278.419567459667,15687.531805883691,178.27971470961347,36.499226497532085,False,cmp,15505.76406371636,2.231366248915867,19232.015678307085,19234.015678307085,1.9261670591494666,0.0,True,0.38868060904749546,0.005,17990.283991077536,21584.65978011123,17993.772018535255,2484.5199273611765,hurdle_cmp,16749.49575094591,16749.49575094591,15505.76406371636,all normalized constructors
Matched AI Lean root values,pair_4860e4db,7219,6949,0.03740130211940712,2.0010073391854943,0.0015819468449707215,0.001331004432691605,0.0002878111958555188,0.9984170384227946,0.0012951503813498344,3,1.5949762354277055,0.40574329256192937,0.005,15684.043778425974,19278.419567459667,15687.531805883691,178.27971470961347,36.499226497532085,False,cmp,15505.76406371636,2.231366248915867,19232.015678307085,19234.015678307085,1.9261670591494666,0.0,True,0.38868060904749546,0.005,17990.283991077536,21584.65978011123,17993.772018535255,2484.5199273611765,hurdle_cmp,16749.49575094591,16749.49575094591,15505.76406371636,shared binary core
Matched human Lean root values,pair_48881c66,10332,9979,0.03416569879984514,2.0004008417677124,0.001202364629013844,0.0010122951952737341,0.0004008417677121956,0.9987974746968634,0.0008016835354243912,3,1.5941622781215872,0.40583772187840894,0.005,22515.21199599641,27675.20723515236,22517.21539217003,204.62186060659587,36.867101575312034,False,cmp,22310.590135389815,2.2357540971429817,27478.532836475915,27480.532836475915,1.9320557491289199,0.0,True,0.3901557718940717,0.005,25594.84412371226,30754.83936286821,25596.84751988588,3284.2539883224463,hurdle_cmp,24196.27884815347,24196.27884815347,22310.590135389815,all normalized constructors
Matched human Lean root values,pair_48881c66,10332,9979,0.03416569879984514,2.0004008417677124,0.001202364629013844,0.0010122951952737341,0.0004008417677121956,0.9987974746968634,0.0008016835354243912,3,1.5941622781215872,0.40583772187840894,0.005,22515.21199599641,27675.20723515236,22517.21539217003,204.62186060659587,36.867101575312034,False,cmp,22310.590135389815,2.2357540971429817,27478.532836475915,27480.532836475915,1.9320557491289199,0.0,True,0.3901557718940717,0.005,25594.84412371226,30754.83936286821,25596.84751988588,3284.2539883224463,hurdle_cmp,24196.27884815347,24196.27884815347,22310.590135389815,shared binary core
Matched AI Lean root values,pair_48881c66,11292,10959,0.02948990435706695,2.0003649968062778,0.0010948571961652421,0.0009218180634423035,0.00036499680627794504,0.9989050095811661,0.0007299936125558901,3,1.59411416833251,0.40588583166748576,0.005,24725.334437352205,30392.344254609823,24727.378861692556,206.8714276009705,37.32976775797593,False,cmp,24518.463009751234,2.2372901733507833,29964.49003837714,29966.49003837714,1.9413744243712363,0.0,True,0.39226243268627037,0.005,27730.205379907013,33397.21519716463,27732.249804247363,3211.7423701557777,hurdle_cmp,26754.74766822136,26754.74766822136,24518.463009751234,all normalized constructors
Matched AI Lean root values,pair_48881c66,11292,10959,0.02948990435706695,2.0003649968062778,0.0010948571961652421,0.0009218180634423035,0.00036499680627794504,0.9989050095811661,0.0007299936125558901,3,1.59411416833251,0.40588583166748576,0.005,24725.334437352205,30392.344254609823,24727.378861692556,206.8714276009705,37.32976775797593,False,cmp,24518.463009751234,2.2372901733507833,29964.49003837714,29966.49003837714,1.9413744243712363,0.0,True,0.39226243268627037,0.005,27730.205379907013,33397.21519716463,27732.249804247363,3211.7423701557777,hurdle_cmp,26754.74766822136,26754.74766822136,24518.463009751234,shared binary core
Matched human Lean root values,pair_49366beb,1540,1390,0.09740259740259741,1.997841726618705,0.0021536152373065583,0.0018181793889879827,0.002158273381294964,0.9978417266187051,0.0,2,1.5907265118759253,0.40495694136148064,0.005,3135.3970563511357,3851.736199921852,3137.6155005866253,46.824200941598974,373.6558756594757,False,cmp,3088.5728554095367,2.221994860006861,4204.21412866555,4206.21412866555,1.8032467532467533,0.0,True,0.36252090238694284,0.005,4120.958477351127,4837.297620921843,4123.176921586617,1032.3856219415907,hurdle_cmp,3173.828506723959,3173.828506723959,3088.5728554095363,all normalized constructors
Matched human Lean root values,pair_49366beb,1540,1390,0.09740259740259741,1.997841726618705,0.0021536152373065583,0.0018181793889879827,0.002158273381294964,0.9978417266187051,0.0,2,1.5907265118759253,0.40495694136148064,0.005,3135.3970563511357,3851.736199921852,3137.6155005866253,46.824200941598974,373.6558756594757,False,cmp,3088.5728554095367,2.221994860006861,4204.21412866555,4206.21412866555,1.8032467532467533,0.0,True,0.36252090238694284,0.005,4120.958477351127,4837.297620921843,4123.176921586617,1032.3856219415907,hurdle_cmp,3173.828506723959,3173.828506723959,3088.5728554095363,shared binary core
Matched AI Lean root values,pair_49366beb,1551,1388,0.10509348807221147,1.9985590778097984,0.0028797681236452425,0.002429350089445191,0.002161383285302594,0.9971181556195965,0.0007204610951008645,3,1.5916898070785455,0.4047078874459462,0.005,3132.154834828009,3847.5791157853846,3134.1597788173253,63.28174104000209,32.96665712422936,False,cmp,3068.873093788007,2.2110036698760855,4246.66076637856,4248.66076637856,1.7885235332043843,0.0,True,0.35923254802217575,0.005,4176.83784993733,4892.2621308947055,4178.842793926647,1107.9647561493234,hurdle_cmp,3140.6960102292364,3140.6960102292364,3068.873093788007,all normalized constructors
Matched AI Lean root values,pair_49366beb,1551,1388,0.10509348807221147,1.9985590778097984,0.0028797681236452425,0.002429350089445191,0.002161383285302594,0.9971181556195965,0.0007204610951008645,3,1.5916898070785455,0.4047078874459462,0.005,3132.154834828009,3847.5791157853846,3134.1597788173253,63.28174104000209,32.96665712422936,False,cmp,3068.873093788007,2.2110036698760855,4246.66076637856,4248.66076637856,1.7885235332043843,0.0,True,0.35923254802217575,0.005,4176.83784993733,4892.2621308947055,4178.842793926647,1107.9647561493234,hurdle_cmp,3140.6960102292364,3140.6960102292364,3068.873093788007,shared binary core
Matched human Lean root values,pair_496aea54,78,52,0.3333333333333333,2.0,0.0,0.0,0.0,1.0,0.0,2,1.5936242600400345,0.40637573995996135,0.005,119.27179660445792,146.1746135564686,121.27183484452776,3.999999999992724,438.8186919784862,False,cmp,115.2717966044652,2.2167653193166386,222.2494357082639,220.5680068584487,1.5936242600400345,0.16333268338934862,False,0.2709171599733076,0.005,220.5680068584487,247.47082381045942,222.56804509851855,105.29621025398353,hurdle_cmp,115.27179660446518,115.27179660446518,115.27179660446518,all normalized constructors
Matched human Lean root values,pair_496aea54,78,52,0.3333333333333333,2.0,0.0,0.0,0.0,1.0,0.0,2,1.5936242600400345,0.40637573995996135,0.005,119.27179660445792,146.1746135564686,121.27183484452776,3.999999999992724,438.8186919784862,False,cmp,115.2717966044652,2.2167653193166386,222.2494357082639,220.5680068584487,1.5936242600400345,0.16333268338934862,False,0.2709171599733076,0.005,220.5680068584487,247.47082381045942,222.56804509851855,105.29621025398353,hurdle_cmp,115.27179660446518,115.27179660446518,115.27179660446518,shared binary core
Matched AI Lean root values,pair_496aea54,78,52,0.3333333333333333,2.0,0.0,0.0,0.0,1.0,0.0,2,1.5936242600400345,0.40637573995996135,0.005,119.27179660445792,146.1746135564686,121.27183484452776,3.999999999992724,438.8186919784862,False,cmp,115.2717966044652,2.2167653193166386,222.2494357082639,220.5680068584487,1.5936242600400345,0.16333268338934862,False,0.2709171599733076,0.005,220.5680068584487,247.47082381045942,222.56804509851855,105.29621025398353,hurdle_cmp,115.27179660446518,115.27179660446518,115.27179660446518,all normalized constructors
Matched AI Lean root values,pair_496aea54,78,52,0.3333333333333333,2.0,0.0,0.0,0.0,1.0,0.0,2,1.5936242600400345,0.40637573995996135,0.005,119.27179660445792,146.1746135564686,121.27183484452776,3.999999999992724,438.8186919784862,False,cmp,115.2717966044652,2.2167653193166386,222.2494357082639,220.5680068584487,1.5936242600400345,0.16333268338934862,False,0.2709171599733076,0.005,220.5680068584487,247.47082381045942,222.56804509851855,105.29621025398353,hurdle_cmp,115.27179660446518,115.27179660446518,115.27179660446518,shared binary core
Matched human Lean root values,pair_496f71fb,41,27,0.34146341463414637,2.0,0.0,0.0,0.0,1.0,0.0,2,1.5936242600400345,0.40637573995996135,0.005,62.89112516000701,76.8598955004741,64.89134807596025,3.999999999985448,438.81473232541674,False,cmp,58.89112516002156,2.181152783704502,117.68545392536065,117.53523863629924,1.5936242600400345,0.17353594334801514,False,0.267613292168755,0.005,117.53523863629924,131.50400897676633,119.53546155225249,58.64411347627768,hurdle_cmp,58.89112516002156,58.89112516002156,58.89112516002156,all normalized constructors
Matched human Lean root values,pair_496f71fb,41,27,0.34146341463414637,2.0,0.0,0.0,0.0,1.0,0.0,2,1.5936242600400345,0.40637573995996135,0.005,62.89112516000701,76.8598955004741,64.89134807596025,3.999999999985448,438.81473232541674,False,cmp,58.89112516002156,2.181152783704502,117.68545392536065,117.53523863629924,1.5936242600400345,0.17353594334801514,False,0.267613292168755,0.005,117.53523863629924,131.50400897676633,119.53546155225249,58.64411347627768,hurdle_cmp,58.89112516002156,58.89112516002156,58.89112516002156,shared binary core
Matched AI Lean root values,pair_496f71fb,41,27,0.34146341463414637,2.0,0.0,0.0,0.0,1.0,0.0,2,1.5936242600400345,0.40637573995996135,0.005,62.89112516000701,76.8598955004741,64.89134807596025,3.999999999985448,438.81473232541674,False,cmp,58.89112516002156,2.181152783704502,117.68545392536065,117.53523863629924,1.5936242600400345,0.17353594334801514,False,0.267613292168755,0.005,117.53523863629924,131.50400897676633,119.53546155225249,58.64411347627768,hurdle_cmp,58.89112516002156,58.89112516002156,58.89112516002156,all normalized constructors
Matched AI Lean root values,pair_496f71fb,41,27,0.34146341463414637,2.0,0.0,0.0,0.0,1.0,0.0,2,1.5936242600400345,0.40637573995996135,0.005,62.89112516000701,76.8598955004741,64.89134807596025,3.999999999985448,438.81473232541674,False,cmp,58.89112516002156,2.181152783704502,117.68545392536065,117.53523863629924,1.5936242600400345,0.17353594334801514,False,0.267613292168755,0.005,117.53523863629924,131.50400897676633,119.53546155225249,58.64411347627768,hurdle_cmp,58.89112516002156,58.89112516002156,58.89112516002156,shared binary core
Matched human Lean root values,pair_496fbd44,6814,6566,0.036395656002348106,2.0,0.0006091989034419738,0.0005131182672696748,0.0003045994517209869,0.999390801096558,0.0003045994517209869,3,1.5936242600400345,0.40607114050824034,0.005,14811.441408603025,18206.817550226402,14813.450811422757,76.76966607721988,39.934189940139476,False,cmp,14734.671742525805,2.2440864670310394,18138.937757505028,18140.937757505028,1.9272086879953039,0.0,True,0.38937752508034357,0.005,16943.703447315664,20339.079588939043,16945.712850135395,2209.031704789859,hurdle_cmp,15931.906052715169,15931.906052715169,14734.671742525805,all normalized constructors
Matched human Lean root values,pair_496fbd44,6814,6566,0.036395656002348106,2.0,0.0006091989034419738,0.0005131182672696748,0.0003045994517209869,0.999390801096558,0.0003045994517209869,3,1.5936242600400345,0.40607114050824034,0.005,14811.441408603025,18206.817550226402,14813.450811422757,76.76966607721988,39.934189940139476,False,cmp,14734.671742525805,2.2440864670310394,18138.937757505028,18140.937757505028,1.9272086879953039,0.0,True,0.38937752508034357,0.005,16943.703447315664,20339.079588939043,16945.712850135395,2209.031704789859,hurdle_cmp,15931.906052715169,15931.906052715169,14734.671742525805,shared binary core
Matched AI Lean root values,pair_496fbd44,10103,9853,0.024745125210333563,2.0,0.0004059677255658175,0.00034193997187584335,0.00020298386278290876,0.9995940322744342,0.00020298386278290876,3,1.5936242600400345,0.40617275609717846,0.005,22224.37209011943,27320.316680228563,22226.3913032592,80.01744856673758,41.936582184888785,False,cmp,22144.35464155269,2.2474733219885,26743.987622450564,26745.987622450564,1.9505097495793329,0.0,True,0.39462402043982825,0.005,24569.69752646838,29665.642116577514,24571.71673960815,2425.342884915689,hurdle_cmp,24320.644737534876,24320.644737534876,22144.35464155269,all normalized constructors
Matched AI Lean root values,pair_496fbd44,10103,9853,0.024745125210333563,2.0,0.0004059677255658175,0.00034193997187584335,0.00020298386278290876,0.9995940322744342,0.00020298386278290876,3,1.5936242600400345,0.40617275609717846,0.005,22224.37209011943,27320.316680228563,22226.3913032592,80.01744856673758,41.936582184888785,False,cmp,22144.35464155269,2.2474733219885,26743.987622450564,26745.987622450564,1.9505097495793329,0.0,True,0.39462402043982825,0.005,24569.69752646838,29665.642116577514,24571.71673960815,2425.342884915689,hurdle_cmp,24320.644737534876,24320.644737534876,22144.35464155269,shared binary core
Matched human Lean root values,pair_49737f41,1905,1706,0.10446194225721785,2.0011723329425557,0.0023432915205831703,0.001971228085416247,0.0005861664712778429,0.9976553341148886,0.0017584994138335288,3,1.5951976473265481,0.4053885191447258,0.005,3852.756381372248,4734.807777217076,3854.756581960361,64.93419469034416,33.986950733076576,False,cmp,3787.822186681904,2.2202943649952545,5216.750498802827,5218.750498802827,1.7921259842519686,0.0,True,0.3601969259670581,0.005,5130.259370626411,6012.310766471239,5132.259571214524,1342.4371839445068,hurdle_cmp,3876.31331485832,3876.31331485832,3787.822186681904,all normalized constructors
Matched human Lean root values,pair_49737f41,1905,1706,0.10446194225721785,2.0011723329425557,0.0023432915205831703,0.001971228085416247,0.0005861664712778429,0.9976553341148886,0.0017584994138335288,3,1.5951976473265481,0.4053885191447258,0.005,3852.756381372248,4734.807777217076,3854.756581960361,64.93419469034416,33.986950733076576,False,cmp,3787.822186681904,2.2202943649952545,5216.750498802827,5218.750498802827,1.7921259842519686,0.0,True,0.3601969259670581,0.005,5130.259370626411,6012.310766471239,5132.259571214524,1342.4371839445068,hurdle_cmp,3876.31331485832,3876.31331485832,3787.822186681904,shared binary core
Matched AI Lean root values,pair_49737f41,3425,3208,0.06335766423357664,2.002493765586035,0.003110988115745549,0.00261331779903794,0.0003117206982543641,0.9968827930174564,0.002805486284289277,3,1.5969706237049468,0.40521142118282977,0.005,7247.6835246432165,8907.545013191502,7249.684644671477,145.88681503757834,34.38851532229331,False,cmp,7101.796709605638,2.213777029178815,9235.00627796338,9237.00627796338,1.8756204379562045,0.0,True,0.3770675193912244,0.005,8867.023366459713,10526.884855007998,8869.024486487973,1765.2266568540747,hurdle_cmp,7471.779621109306,7471.779621109306,7101.796709605638,all normalized constructors
Matched AI Lean root values,pair_49737f41,3425,3208,0.06335766423357664,2.002493765586035,0.003110988115745549,0.00261331779903794,0.0003117206982543641,0.9968827930174564,0.002805486284289277,3,1.5969706237049468,0.40521142118282977,0.005,7247.6835246432165,8907.545013191502,7249.684644671477,145.88681503757834,34.38851532229331,False,cmp,7101.796709605638,2.213777029178815,9235.00627796338,9237.00627796338,1.8756204379562045,0.0,True,0.3770675193912244,0.005,8867.023366459713,10526.884855007998,8869.024486487973,1765.2266568540747,hurdle_cmp,7471.779621109306,7471.779621109306,7101.796709605638,shared binary core
Matched human Lean root values,pair_49f9b472,1940,1719,0.11391752577319587,2.000581733566027,0.0029083294161919553,0.0024481050211024274,0.0011634671320535194,0.9970913321698662,0.0017452006980802793,3,1.5944050582787619,0.4050132081552077,0.005,3881.62154198551,4769.466017109095,3883.6223566271437,79.1161611036514,32.312059849777675,False,cmp,3802.5053808818584,2.2120450150563458,5329.2538996723515,5331.2538996723515,1.772680412371134,0.0,True,0.3560662808259425,0.005,5259.579303391038,6147.423778514623,5261.580118032672,1457.0739225091793,hurdle_cmp,3874.179977163172,3874.179977163172,3802.5053808818584,all normalized constructors
Matched human Lean root values,pair_49f9b472,1940,1719,0.11391752577319587,2.000581733566027,0.0029083294161919553,0.0024481050211024274,0.0011634671320535194,0.9970913321698662,0.0017452006980802793,3,1.5944050582787619,0.4050132081552077,0.005,3881.62154198551,4769.466017109095,3883.6223566271437,79.1161611036514,32.312059849777675,False,cmp,3802.5053808818584,2.2120450150563458,5329.2538996723515,5331.2538996723515,1.772680412371134,0.0,True,0.3560662808259425,0.005,5259.579303391038,6147.423778514623,5261.580118032672,1457.0739225091793,hurdle_cmp,3874.179977163172,3874.179977163172,3802.5053808818584,shared binary core
Matched AI Lean root values,pair_49f9b472,2466,2223,0.09854014598540146,2.000449842555106,0.002249010417204181,0.001893387693592476,0.000899685110211426,0.9977507872244714,0.001349527665317139,3,1.594228044522962,0.4053221129219285,0.005,5018.255989354174,6166.850799029452,5020.261065976998,81.69061269742087,33.583550656056396,False,cmp,4936.565376656753,2.2206771824816705,6737.361713220984,6739.361713220984,1.8033252230332522,0.0,True,0.3624970621127126,0.005,6607.686548534046,7756.281358209324,6609.691625156869,1671.1211718772925,hurdle_cmp,5068.240541343692,5068.240541343692,4936.565376656754,all normalized constructors
Matched AI Lean root values,pair_49f9b472,2466,2223,0.09854014598540146,2.000449842555106,0.002249010417204181,0.001893387693592476,0.000899685110211426,0.9977507872244714,0.001349527665317139,3,1.594228044522962,0.4053221129219285,0.005,5018.255989354174,6166.850799029452,5020.261065976998,81.69061269742087,33.583550656056396,False,cmp,4936.565376656753,2.2206771824816705,6737.361713220984,6739.361713220984,1.8033252230332522,0.0,True,0.3624970621127126,0.005,6607.686548534046,7756.281358209324,6609.691625156869,1671.1211718772925,hurdle_cmp,5068.240541343692,5068.240541343692,4936.565376656754,shared binary core
Matched human Lean root values,pair_4a23a011,1911,1710,0.10518053375196232,2.0,0.0011695906432748538,0.0009851270593253464,0.0005847953216374269,0.9988304093567252,0.0005847953216374269,3,1.5936242600400345,0.40579094463832394,0.005,3859.2488570166593,4743.1267150300255,3861.26621538589,37.77465453662444,36.71378314584708,False,cmp,3821.474202480035,2.2347802353684414,5232.3993087472045,5234.3993087472045,1.7896389324960753,0.0,True,0.36022297014519555,0.005,5146.659693584501,6030.537551597868,5148.677051953732,1325.1854911044666,hurdle_cmp,3909.213817642738,3909.213817642738,3821.4742024800344,all normalized constructors
Matched human Lean root values,pair_4a23a011,1911,1710,0.10518053375196232,2.0,0.0011695906432748538,0.0009851270593253464,0.0005847953216374269,0.9988304093567252,0.0005847953216374269,3,1.5936242600400345,0.40579094463832394,0.005,3859.2488570166593,4743.1267150300255,3861.26621538589,37.77465453662444,36.71378314584708,False,cmp,3821.474202480035,2.2347802353684414,5232.3993087472045,5234.3993087472045,1.7896389324960753,0.0,True,0.36022297014519555,0.005,5146.659693584501,6030.537551597868,5148.677051953732,1325.1854911044666,hurdle_cmp,3909.213817642738,3909.213817642738,3821.4742024800344,shared binary core
Matched AI Lean root values,pair_4a23a011,1297,1154,0.110254433307633,2.0,0.0017331022530329288,0.0014597636667645947,0.0008665511265164644,0.9982668977469671,0.0008665511265164644,3,1.5936242600400345,0.4055091888334449,0.005,2605.342724092071,3201.5673854647075,2607.3428733654946,36.200489658353035,34.77124207896511,False,cmp,2569.142234433718,2.226293097429565,3558.267144622472,3560.267144622472,1.779491133384734,0.0,True,0.35794137260095954,0.005,3507.582540121545,4103.807201494182,3509.582689394969,938.4403056878274,hurdle_cmp,2621.826838934645,2621.826838934645,2569.142234433718,all normalized constructors
Matched AI Lean root values,pair_4a23a011,1297,1154,0.110254433307633,2.0,0.0017331022530329288,0.0014597636667645947,0.0008665511265164644,0.9982668977469671,0.0008665511265164644,3,1.5936242600400345,0.4055091888334449,0.005,2605.342724092071,3201.5673854647075,2607.3428733654946,36.200489658353035,34.77124207896511,False,cmp,2569.142234433718,2.226293097429565,3558.267144622472,3560.267144622472,1.779491133384734,0.0,True,0.35794137260095954,0.005,3507.582540121545,4103.807201494182,3509.582689394969,938.4403056878274,hurdle_cmp,2621.826838934645,2621.826838934645,2569.142234433718,shared binary core
Matched human Lean root values,pair_4c39d86a,9858,9554,0.030837898153783728,2.003872723466611,0.004067061883162592,0.0034113951001201134,0.00010466820180029308,0.9959179401297885,0.003977391668411137,3,1.5988201981795396,0.4049478570852672,0.005,21595.940313208706,26542.534036674926,21597.948381706272,520.2318286648951,36.21449366987588,False,cmp,21075.70848454381,2.2059565087443804,26203.460152939002,26205.460152939002,1.9420775005072022,0.0,True,0.3909713879024902,0.005,24311.706331282006,29258.300054748226,24313.714399779572,3235.997846738196,hurdle_cmp,22969.462306200807,22969.462306200807,21075.70848454381,all normalized constructors
Matched human Lean root values,pair_4c39d86a,9858,9554,0.030837898153783728,2.003872723466611,0.004067061883162592,0.0034113951001201134,0.00010466820180029308,0.9959179401297885,0.003977391668411137,3,1.5988201981795396,0.4049478570852672,0.005,21595.940313208706,26542.534036674926,21597.948381706272,520.2318286648951,36.21449366987588,False,cmp,21075.70848454381,2.2059565087443804,26203.460152939002,26205.460152939002,1.9420775005072022,0.0,True,0.3909713879024902,0.005,24311.706331282006,29258.300054748226,24313.714399779572,3235.997846738196,hurdle_cmp,22969.462306200807,22969.462306200807,21075.70848454381,shared binary core
Matched AI Lean root values,pair_4c39d86a,8534,8239,0.034567611905319894,2.0033984706881904,0.0036296689914711348,0.003046065054781124,0.00012137395314965408,0.9963587814055104,0.0035198446413399684,3,1.5981841576315206,0.40509293910351607,0.005,18618.970641310592,22884.127226742574,18620.994727800327,409.58553412288893,36.1525053345806,False,cmp,18209.385107187703,2.2101450548838093,22721.126179096977,22723.126179096977,1.9341457698617295,0.0,True,0.38943921198875886,0.005,21185.908104751736,25451.064690183717,21187.93219124147,2976.5229975640327,hurdle_cmp,19746.603181532944,19746.603181532944,18209.385107187703,all normalized constructors
Matched AI Lean root values,pair_4c39d86a,8534,8239,0.034567611905319894,2.0033984706881904,0.0036296689914711348,0.003046065054781124,0.00012137395314965408,0.9963587814055104,0.0035198446413399684,3,1.5981841576315206,0.40509293910351607,0.005,18618.970641310592,22884.127226742574,18620.994727800327,409.58553412288893,36.1525053345806,False,cmp,18209.385107187703,2.2101450548838093,22721.126179096977,22723.126179096977,1.9341457698617295,0.0,True,0.38943921198875886,0.005,21185.908104751736,25451.064690183717,21187.93219124147,2976.5229975640327,hurdle_cmp,19746.603181532944,19746.603181532944,18209.385107187703,shared binary core
Matched human Lean root values,pair_4c7ab903,1452,1263,0.13016528925619836,2.002375296912114,0.005536717426178669,0.004651590618927534,0.001583531274742676,0.9944576405384006,0.00395882818685669,3,1.5968116957321543,0.4039800699052129,0.005,2855.7629936398503,3507.934880552508,2857.763401021113,99.07160364130687,29.51867165768675,False,cmp,2756.6913899985434,2.1826535154382767,4012.5098968582015,4014.5098968582015,1.7417355371900827,0.0,True,0.34885335102026066,0.005,3980.742098287254,4632.913985199912,3982.742505668517,1224.0507082887107,hurdle_cmp,2790.459188569491,2790.459188569491,2756.6913899985434,all normalized constructors
Matched human Lean root values,pair_4c7ab903,1452,1263,0.13016528925619836,2.002375296912114,0.005536717426178669,0.004651590618927534,0.001583531274742676,0.9944576405384006,0.00395882818685669,3,1.5968116957321543,0.4039800699052129,0.005,2855.7629936398503,3507.934880552508,2857.763401021113,99.07160364130687,29.51867165768675,False,cmp,2756.6913899985434,2.1826535154382767,4012.5098968582015,4014.5098968582015,1.7417355371900827,0.0,True,0.34885335102026066,0.005,3980.742098287254,4632.913985199912,3982.742505668517,1224.0507082887107,hurdle_cmp,2790.459188569491,2790.459188569491,2756.6913899985434,shared binary core
Matched AI Lean root values,pair_4c7ab903,2398,2201,0.08215179316096748,2.0022716946842345,0.004083889834883611,0.0034314009671185517,0.0009086778736937755,0.995910949568378,0.0031803725579282144,3,1.596672707770146,0.40469030904039094,0.005,4973.692629710845,6111.393576660857,4975.854038788149,130.48783022697899,31.435818921877907,False,cmp,4843.204799483866,2.200456519529244,6516.001706894587,6518.001706894587,1.8377814845704754,0.0,True,0.36870430047534686,0.005,6337.72591718605,7475.426864136061,6339.887326263353,1494.5211177021833,hurdle_cmp,5023.480589192404,5023.480589192404,4843.204799483867,all normalized constructors
Matched AI Lean root values,pair_4c7ab903,2398,2201,0.08215179316096748,2.0022716946842345,0.004083889834883611,0.0034314009671185517,0.0009086778736937755,0.995910949568378,0.0031803725579282144,3,1.596672707770146,0.40469030904039094,0.005,4973.692629710845,6111.393576660857,4975.854038788149,130.48783022697899,31.435818921877907,False,cmp,4843.204799483866,2.200456519529244,6516.001706894587,6518.001706894587,1.8377814845704754,0.0,True,0.36870430047534686,0.005,6337.72591718605,7475.426864136061,6339.887326263353,1494.5211177021833,hurdle_cmp,5023.480589192404,5023.480589192404,4843.204799483867,shared binary core
Matched human Lean root values,pair_4cffc8e6,1886,1722,0.08695652173913043,2.0017421602787455,0.0029005653421392357,0.0024385248292334996,0.0005807200929152149,0.997096399535424,0.0023228803716608595,3,1.5959622562793518,0.40519918390647436,0.005,3890.1027886255497,4780.554051813876,3892.107683078032,77.4075311677152,33.320653217741295,False,cmp,3812.6952574578345,2.2141087441683127,5133.201657484726,5135.201657484726,1.827677624602333,0.0,True,0.3671657605207358,0.005,5006.499420367171,5896.950683555498,5008.504314819654,1193.804162909337,hurdle_cmp,3941.397494575389,3941.397494575389,3812.6952574578345,all normalized constructors
Matched human Lean root values,pair_4cffc8e6,1886,1722,0.08695652173913043,2.0017421602787455,0.0029005653421392357,0.0024385248292334996,0.0005807200929152149,0.997096399535424,0.0023228803716608595,3,1.5959622562793518,0.40519918390647436,0.005,3890.1027886255497,4780.554051813876,3892.107683078032,77.4075311677152,33.320653217741295,False,cmp,3812.6952574578345,2.2141087441683127,5133.201657484726,5135.201657484726,1.827677624602333,0.0,True,0.3671657605207358,0.005,5006.499420367171,5896.950683555498,5008.504314819654,1193.804162909337,hurdle_cmp,3941.397494575389,3941.397494575389,3812.6952574578345,shared binary core
Matched AI Lean root values,pair_4cffc8e6,11009,10723,0.025978744663457173,2.005408934066959,0.005566192467044332,0.004661166492191175,9.325748391308402e-05,0.994404550965215,0.0055021915508719575,3,1.6008799920553083,0.4044356845277331,0.005,24258.726567009788,29812.71750532055,24260.72768743162,756.1317989646923,35.691232239767146,False,cmp,23502.594768045095,2.191792853496698,29208.516880379946,29210.516880379946,1.9533109274230176,0.0,True,0.3927211073235755,0.005,26913.304065515724,32467.295003826486,26915.305185937556,3410.7092974706293,hurdle_cmp,25799.807582909318,25799.807582909318,23502.594768045095,all normalized constructors
Matched AI Lean root values,pair_4cffc8e6,11009,10723,0.025978744663457173,2.005408934066959,0.005566192467044332,0.004661166492191175,9.325748391308402e-05,0.994404550965215,0.0055021915508719575,3,1.6008799920553083,0.4044356845277331,0.005,24258.726567009788,29812.71750532055,24260.72768743162,756.1317989646923,35.691232239767146,False,cmp,23502.594768045095,2.191792853496698,29208.516880379946,29210.516880379946,1.9533109274230176,0.0,True,0.3927211073235755,0.005,26913.304065515724,32467.295003826486,26915.305185937556,3410.7092974706293,hurdle_cmp,25799.807582909318,25799.807582909318,23502.594768045095,shared binary core
Matched human Lean root values,pair_4d25cb85,9582,9295,0.02995199332080985,2.0011834319526627,0.001827539779292169,0.0015373480909897507,0.00032275416890801504,0.9981710597095212,0.001506186121570737,3,1.5952125412370695,0.40564813654668097,0.005,20980.67270577555,25788.454906164094,20982.678007317787,268.14949609769974,35.843187089432575,False,cmp,20712.52320967785,2.228351071509182,25439.04273135576,25441.04273135576,1.9412439991651012,0.0,True,0.3918778273804801,0.005,23561.6728467169,28369.455047105446,23563.67814825914,2849.1496370390514,hurdle_cmp,22591.893094316707,22591.893094316707,20712.52320967785,all normalized constructors
Matched human Lean root values,pair_4d25cb85,9582,9295,0.02995199332080985,2.0011834319526627,0.001827539779292169,0.0015373480909897507,0.00032275416890801504,0.9981710597095212,0.001506186121570737,3,1.5952125412370695,0.40564813654668097,0.005,20980.67270577555,25788.454906164094,20982.678007317787,268.14949609769974,35.843187089432575,False,cmp,20712.52320967785,2.228351071509182,25439.04273135576,25441.04273135576,1.9412439991651012,0.0,True,0.3918778273804801,0.005,23561.6728467169,28369.455047105446,23563.67814825914,2849.1496370390514,hurdle_cmp,22591.893094316707,22591.893094316707,20712.52320967785,shared binary core
Matched AI Lean root values,pair_4d25cb85,14597,14298,0.02048366102623827,2.002308015107008,0.002722327283638883,0.002287287965249963,0.000209819555182543,0.9972723457826269,0.002517834662190516,3,1.5967214339544693,0.4053767615973518,0.005,32291.354000315074,39690.18322614021,32293.36821122534,563.5827395678498,35.63358966046147,False,cmp,31727.771260747224,2.2190356176211514,38586.95087178583,38588.95087178583,1.961293416455436,0.0,True,0.39589476667445206,0.005,35210.28751863645,42609.116744461586,35212.301729546714,3482.516257889224,hurdle_cmp,35106.43461389661,35106.43461389661,31727.771260747224,all normalized constructors
Matched AI Lean root values,pair_4d25cb85,14597,14298,0.02048366102623827,2.002308015107008,0.002722327283638883,0.002287287965249963,0.000209819555182543,0.9972723457826269,0.002517834662190516,3,1.5967214339544693,0.4053767615973518,0.005,32291.354000315074,39690.18322614021,32293.36821122534,563.5827395678498,35.63358966046147,False,cmp,31727.771260747224,2.2190356176211514,38586.95087178583,38588.95087178583,1.961293416455436,0.0,True,0.39589476667445206,0.005,35210.28751863645,42609.116744461586,35212.301729546714,3482.516257889224,hurdle_cmp,35106.43461389661,35106.43461389661,31727.771260747224,shared binary core
Matched human Lean root values,pair_4d494975,362,299,0.17403314917127072,2.0033444816053514,0.010022259258844979,0.008411296488915532,0.0033444816053511705,0.9899665551839465,0.006688963210702341,3,1.5981117461116627,0.40188825388833355,0.005,678.3861499798355,832.3886528609572,680.4592757091805,41.399884963619115,26.35883366067852,False,cmp,636.9862650162164,2.1303888462080818,1014.1765399933652,1016.1765399933652,1.6546961325966851,0.0,True,0.3306499338661868,0.005,1015.0363269287302,1169.038829809852,1017.1094526580752,378.0500619125138,hurdle_cmp,638.1264780808514,638.1264780808514,636.9862650162164,all normalized constructors
Matched human Lean root values,pair_4d494975,362,299,0.17403314917127072,2.0033444816053514,0.010022259258844979,0.008411296488915532,0.0033444816053511705,0.9899665551839465,0.006688963210702341,3,1.5981117461116627,0.40188825388833355,0.005,678.3861499798355,832.3886528609572,680.4592757091805,41.399884963619115,26.35883366067852,False,cmp,636.9862650162164,2.1303888462080818,1014.1765399933652,1016.1765399933652,1.6546961325966851,0.0,True,0.3306499338661868,0.005,1015.0363269287302,1169.038829809852,1017.1094526580752,378.0500619125138,hurdle_cmp,638.1264780808514,638.1264780808514,636.9862650162164,shared binary core
Matched AI Lean root values,pair_4d494975,1699,1550,0.08769864626250735,2.0012903225806453,0.0025789802289282004,0.0021692193643389514,0.0006451612903225806,0.9974193548387097,0.001935483870967742,3,1.5953559772236912,0.4052891840666276,0.005,3500.940792972878,4302.283818703159,3502.9409805090436,64.16607723241032,33.5127321147901,False,cmp,3436.774715740468,2.2172740101551405,4625.108833418238,4627.108833418238,1.825779870512066,0.0,True,0.3669232021161588,0.005,4512.76096651115,5314.103992241431,4514.761154047315,1075.9862507706823,hurdle_cmp,3551.1225826475556,3551.1225826475556,3436.7747157404683,all normalized constructors
Matched AI Lean root values,pair_4d494975,1699,1550,0.08769864626250735,2.0012903225806453,0.0025789802289282004,0.0021692193643389514,0.0006451612903225806,0.9974193548387097,0.001935483870967742,3,1.5953559772236912,0.4052891840666276,0.005,3500.940792972878,4302.283818703159,3502.9409805090436,64.16607723241032,33.5127321147901,False,cmp,3436.774715740468,2.2172740101551405,4625.108833418238,4627.108833418238,1.825779870512066,0.0,True,0.3669232021161588,0.005,4512.76096651115,5314.103992241431,4514.761154047315,1075.9862507706823,hurdle_cmp,3551.1225826475556,3551.1225826475556,3436.7747157404683,shared binary core
Matched human Lean root values,pair_4d68f3d1,2377,2192,0.07782919646613379,1.9990875912408759,0.0009115762693803611,0.0007685607159271039,0.0009124087591240876,0.9990875912408759,0.0,2,1.5923994177324847,0.4057757647492629,0.005,4944.5471893343765,6076.740977602136,4946.554551778384,35.99586449773051,330.5861047906905,False,cmp,4908.551324836646,2.23930261169555,6441.343364155271,6443.343364155271,1.8435002103491795,0.0,True,0.3713488686600881,0.005,6246.4582947560575,7378.652083023817,6248.465657200065,1337.9069699194117,hurdle_cmp,5105.43639423586,5105.43639423586,4908.551324836646,all normalized constructors
Matched human Lean root values,pair_4d68f3d1,2377,2192,0.07782919646613379,1.9990875912408759,0.0009115762693803611,0.0007685607159271039,0.0009124087591240876,0.9990875912408759,0.0,2,1.5923994177324847,0.4057757647492629,0.005,4944.5471893343765,6076.740977602136,4946.554551778384,35.99586449773051,330.5861047906905,False,cmp,4908.551324836646,2.23930261169555,6441.343364155271,6443.343364155271,1.8435002103491795,0.0,True,0.3713488686600881,0.005,6246.4582947560575,7378.652083023817,6248.465657200065,1337.9069699194117,hurdle_cmp,5105.43639423586,5105.43639423586,4908.551324836646,shared binary core
Matched AI Lean root values,pair_4d68f3d1,2382,2181,0.08438287153652393,1.9995414947271895,0.0013753055913467169,0.0011589694862791907,0.0009170105456212746,0.9986244841815681,0.0004585052728106373,3,1.5930087828496504,0.40561570133191377,0.005,4921.006048076248,6047.629479538636,4923.007605222736,53.34851546189748,36.20333580003117,False,cmp,4867.65753261435,2.2318466449400964,6472.207911293739,6474.207911293739,1.830814441645676,0.0,True,0.3685088539581551,0.005,6301.447929461223,7428.07136092361,6303.449486607711,1433.7903968468722,hurdle_cmp,5040.417514446866,5040.417514446866,4867.65753261435,all normalized constructors
Matched AI Lean root values,pair_4d68f3d1,2382,2181,0.08438287153652393,1.9995414947271895,0.0013753055913467169,0.0011589694862791907,0.0009170105456212746,0.9986244841815681,0.0004585052728106373,3,1.5930087828496504,0.40561570133191377,0.005,4921.006048076248,6047.629479538636,4923.007605222736,53.34851546189748,36.20333580003117,False,cmp,4867.65753261435,2.2318466449400964,6472.207911293739,6474.207911293739,1.830814441645676,0.0,True,0.3685088539581551,0.005,6301.447929461223,7428.07136092361,6303.449486607711,1433.7903968468722,hurdle_cmp,5040.417514446866,5040.417514446866,4867.65753261435,shared binary core
Matched human Lean root values,pair_4eec1381,3330,3094,0.07087087087087086,2.0006464124111183,0.0019388193843496327,0.0016319001399784491,0.0006464124111182935,0.9980607627666451,0.001292824822236587,3,1.594491863146461,0.4055081368535348,0.005,6983.823075555078,8583.161449128558,6986.428258915892,98.57205431701732,34.5062929860406,False,cmp,6885.25102123806,2.2253558568965937,9002.071813014642,9004.071813014642,1.8588588588588588,0.0,True,0.3740827572081615,0.005,8690.022613542016,10289.360987115495,8692.62779690283,1804.771592303955,hurdle_cmp,7199.3002207106865,7199.3002207106865,6885.251021238061,all normalized constructors
Matched human Lean root values,pair_4eec1381,3330,3094,0.07087087087087086,2.0006464124111183,0.0019388193843496327,0.0016319001399784491,0.0006464124111182935,0.9980607627666451,0.001292824822236587,3,1.594491863146461,0.4055081368535348,0.005,6983.823075555078,8583.161449128558,6986.428258915892,98.57205431701732,34.5062929860406,False,cmp,6885.25102123806,2.2253558568965937,9002.071813014642,9004.071813014642,1.8588588588588588,0.0,True,0.3740827572081615,0.005,8690.022613542016,10289.360987115495,8692.62779690283,1804.771592303955,hurdle_cmp,7199.3002207106865,7199.3002207106865,6885.251021238061,shared binary core
Matched AI Lean root values,pair_4eec1381,4016,3748,0.06673306772908366,2.004002134471718,0.005053353250513401,0.00423809450428849,0.0005336179295624333,0.9949306296691569,0.004535752401280683,3,1.5989937445419804,0.40447477200017107,0.005,8475.139675593142,10414.426990287146,8477.151541370877,255.50284299411578,31.868101995533728,False,cmp,8219.636832599026,2.193072794183305,10849.404230786207,10851.404230786207,1.8702689243027888,0.0,True,0.3750263315520917,0.005,10445.824863561822,12385.112178255826,10447.836729339557,2226.188030962795,hurdle_cmp,8625.216199823411,8625.216199823411,8219.636832599026,all normalized constructors
Matched AI Lean root values,pair_4eec1381,4016,3748,0.06673306772908366,2.004002134471718,0.005053353250513401,0.00423809450428849,0.0005336179295624333,0.9949306296691569,0.004535752401280683,3,1.5989937445419804,0.40447477200017107,0.005,8475.139675593142,10414.426990287146,8477.151541370877,255.50284299411578,31.868101995533728,False,cmp,8219.636832599026,2.193072794183305,10849.404230786207,10851.404230786207,1.8702689243027888,0.0,True,0.3750263315520917,0.005,10445.824863561822,12385.112178255826,10447.836729339557,2226.188030962795,hurdle_cmp,8625.216199823411,8625.216199823411,8219.636832599026,shared binary core
Matched human Lean root values,pair_4fd720f4,1831,1648,0.09994538503549973,1.9993932038834952,0.0018200201479875579,0.0015339752842494872,0.0012135922330097086,0.9981796116504854,0.0006067961165048543,3,1.5928097096264664,0.4053699020240149,0.005,3718.9700079298336,4569.839616399899,3720.9774380289005,51.66585311337258,34.818831975377734,False,cmp,3667.304154816461,2.2253059191847457,5004.123427073457,5006.123427073457,1.799563080283998,0.0,True,0.3619292155345586,0.005,4910.9843508807335,5761.8539593507985,4912.9917809798,1243.6801960642722,hurdle_cmp,3762.4432310091843,3762.4432310091843,3667.304154816461,all normalized constructors
Matched human Lean root values,pair_4fd720f4,1831,1648,0.09994538503549973,1.9993932038834952,0.0018200201479875579,0.0015339752842494872,0.0012135922330097086,0.9981796116504854,0.0006067961165048543,3,1.5928097096264664,0.4053699020240149,0.005,3718.9700079298336,4569.839616399899,3720.9774380289005,51.66585311337258,34.818831975377734,False,cmp,3667.304154816461,2.2253059191847457,5004.123427073457,5006.123427073457,1.799563080283998,0.0,True,0.3619292155345586,0.005,4910.9843508807335,5761.8539593507985,4912.9917809798,1243.6801960642722,hurdle_cmp,3762.4432310091843,3762.4432310091843,3667.304154816461,shared binary core
Matched AI Lean root values,pair_4fd720f4,5957,5724,0.03911364780929998,2.0024458420684836,0.0031386719446263507,0.0026367086861780156,0.00034940600978336826,0.9968553459119497,0.002795248078266946,3,1.5969063339275147,0.40519010213118145,0.005,12930.224419148191,15891.688867169383,12932.225093742945,259.9351469363319,34.11583092135092,False,cmp,12670.28927221186,2.2135376087022816,15890.456661985207,15892.456661985207,1.9241228806446198,0.0,True,0.3874835580490237,0.005,14899.428000992,17860.89244901319,14901.428675586754,2229.13872878014,hurdle_cmp,13663.317933205068,13663.317933205068,12670.28927221186,all normalized constructors
Matched AI Lean root values,pair_4fd720f4,5957,5724,0.03911364780929998,2.0024458420684836,0.0031386719446263507,0.0026367086861780156,0.00034940600978336826,0.9968553459119497,0.002795248078266946,3,1.5969063339275147,0.40519010213118145,0.005,12930.224419148191,15891.688867169383,12932.225093742945,259.9351469363319,34.11583092135092,False,cmp,12670.28927221186,2.2135376087022816,15890.456661985207,15892.456661985207,1.9241228806446198,0.0,True,0.3874835580490237,0.005,14899.428000992,17860.89244901319,14901.428675586754,2229.13872878014,hurdle_cmp,13663.317933205068,13663.317933205068,12670.28927221186,shared binary core
Matched human Lean root values,pair_512e1ab2,5239,4927,0.05955334987593052,2.0010148163182464,0.0018256395206837361,0.0015360280669765955,0.00040592652729855896,0.9981733306271565,0.0014207428455449563,3,1.5949862694842258,0.4056226203067181,0.005,11121.446331019724,13669.47357052676,11123.446842719934,145.01296002109302,35.4216850296188,False,cmp,10976.433370998631,2.227812740206745,14096.093894313426,14098.093894313426,1.881847680855125,0.0,True,0.3789945885938287,0.005,13488.716272077721,16036.743511584757,13490.71678377793,2512.28290107909,hurdle_cmp,11585.810993234336,11585.810993234336,10976.433370998631,all normalized constructors
Matched human Lean root values,pair_512e1ab2,5239,4927,0.05955334987593052,2.0010148163182464,0.0018256395206837361,0.0015360280669765955,0.00040592652729855896,0.9981733306271565,0.0014207428455449563,3,1.5949862694842258,0.4056226203067181,0.005,11121.446331019724,13669.47357052676,11123.446842719934,145.01296002109302,35.4216850296188,False,cmp,10976.433370998631,2.227812740206745,14096.093894313426,14098.093894313426,1.881847680855125,0.0,True,0.3789945885938287,0.005,13488.716272077721,16036.743511584757,13490.71678377793,2512.28290107909,hurdle_cmp,11585.810993234336,11585.810993234336,10976.433370998631,shared binary core
Matched AI Lean root values,pair_512e1ab2,7402,7076,0.04404215077006215,2.00240248728095,0.002679360898279234,0.0022509593905285412,0.00014132278123233464,0.9973148671565857,0.002543810062182024,3,1.596848172516857,0.40541299198285635,0.005,15982.270254243802,19644.38440606228,15985.360056483278,274.74519003613386,36.58306644387195,False,cmp,15707.525064207668,2.2198311283504335,19787.542258988837,19789.542258988837,1.9142123750337747,0.0,True,0.3855464703657212,0.005,18657.63746492882,22319.751616747297,18660.727267168295,2950.112400721151,hurdle_cmp,16839.429858267686,16839.429858267686,15707.525064207668,all normalized constructors
Matched AI Lean root values,pair_512e1ab2,7402,7076,0.04404215077006215,2.00240248728095,0.002679360898279234,0.0022509593905285412,0.00014132278123233464,0.9973148671565857,0.002543810062182024,3,1.596848172516857,0.40541299198285635,0.005,15982.270254243802,19644.38440606228,15985.360056483278,274.74519003613386,36.58306644387195,False,cmp,15707.525064207668,2.2198311283504335,19787.542258988837,19789.542258988837,1.9142123750337747,0.0,True,0.3855464703657212,0.005,18657.63746492882,22319.751616747297,18660.727267168295,2950.112400721151,hurdle_cmp,16839.429858267686,16839.429858267686,15707.525064207668,shared binary core
Matched human Lean root values,pair_517e0184,10263,9914,0.03400565136899542,2.0002017349203145,0.0006051640639660449,0.0005096091066524784,0.00020173492031470649,0.9993947952390558,0.00040346984062941297,3,1.5938950391228235,0.40610496087717246,0.005,22364.47099446251,27492.216979292854,22366.474606666834,112.55386260151863,40.25690608278054,False,cmp,22251.91713186099,2.2444943647227147,27289.649945279773,27291.649945279773,1.9321835720549547,0.0,True,0.3904723200310816,0.005,25412.563689922616,30540.30967475296,25414.56730212694,3160.646558061623,hurdle_cmp,24131.00338721815,24131.00338721815,22251.91713186099,all normalized constructors
Matched human Lean root values,pair_517e0184,10263,9914,0.03400565136899542,2.0002017349203145,0.0006051640639660449,0.0005096091066524784,0.00020173492031470649,0.9993947952390558,0.00040346984062941297,3,1.5938950391228235,0.40610496087717246,0.005,22364.47099446251,27492.216979292854,22366.474606666834,112.55386260151863,40.25690608278054,False,cmp,22251.91713186099,2.2444943647227147,27289.649945279773,27291.649945279773,1.9321835720549547,0.0,True,0.3904723200310816,0.005,25412.563689922616,30540.30967475296,25414.56730212694,3160.646558061623,hurdle_cmp,24131.00338721815,24131.00338721815,22251.91713186099,shared binary core
Matched AI Lean root values,pair_517e0184,16285,15937,0.021369358305188824,2.001066700131769,0.0013165505488962747,0.001107636933110633,0.00012549413314927527,0.9986823116019327,0.0011921942649181152,3,1.5950558953043508,0.4058853106942646,0.005,35966.66547435108,44212.30440835616,35968.906015992965,337.71979372552596,38.75213963861802,False,cmp,35628.945680625555,2.23561182660636,43049.77964647618,43051.77964647618,1.9583051888240712,0.0,True,0.39591685713520114,0.005,39333.85027058166,47579.48920458674,39336.09081222354,3704.904589956103,hurdle_cmp,39346.875056520075,39346.875056520075,35628.945680625555,all normalized constructors
Matched AI Lean root values,pair_517e0184,16285,15937,0.021369358305188824,2.001066700131769,0.0013165505488962747,0.001107636933110633,0.00012549413314927527,0.9986823116019327,0.0011921942649181152,3,1.5950558953043508,0.4058853106942646,0.005,35966.66547435108,44212.30440835616,35968.906015992965,337.71979372552596,38.75213963861802,False,cmp,35628.945680625555,2.23561182660636,43049.77964647618,43051.77964647618,1.9583051888240712,0.0,True,0.39591685713520114,0.005,39333.85027058166,47579.48920458674,39336.09081222354,3704.904589956103,hurdle_cmp,39346.875056520075,39346.875056520075,35628.945680625555,shared binary core
Matched human Lean root values,pair_535c413d,3895,3645,0.06418485237483953,2.0002743484224967,0.001371666845425927,0.0011549913932803568,0.0005486968449931413,0.9986282578875172,0.0008230452674897119,3,1.59399250160279,0.4057331499747093,0.005,8225.188728891973,10109.472049769725,8227.18913849643,86.63999229762703,36.02702425792046,False,cmp,8138.548736594346,2.232798007296117,10498.720417935707,10500.720417935707,1.8718870346598202,0.0,True,0.3770929523606046,0.005,10083.781767167911,11968.065088045663,10085.782176772367,1945.233030573565,hurdle_cmp,8555.487387362142,8555.487387362142,8138.548736594346,all normalized constructors
Matched human Lean root values,pair_535c413d,3895,3645,0.06418485237483953,2.0002743484224967,0.001371666845425927,0.0011549913932803568,0.0005486968449931413,0.9986282578875172,0.0008230452674897119,3,1.59399250160279,0.4057331499747093,0.005,8225.188728891973,10109.472049769725,8227.18913849643,86.63999229762703,36.02702425792046,False,cmp,8138.548736594346,2.232798007296117,10498.720417935707,10500.720417935707,1.8718870346598202,0.0,True,0.3770929523606046,0.005,10083.781767167911,11968.065088045663,10085.782176772367,1945.233030573565,hurdle_cmp,8555.487387362142,8555.487387362142,8138.548736594346,shared binary core
Matched AI Lean root values,pair_535c413d,3776,3546,0.06091101694915254,2.000282007896221,0.0014099599526519399,0.0011872257397481712,0.0005640157924421884,0.9985899605188945,0.0008460236886632825,3,1.5940027821189877,0.40571520998478705,0.005,8001.921263521787,9834.985762439315,8003.922934006601,86.36443906684872,35.89113086636107,False,cmp,7915.556824454939,2.232249527483062,10164.152591514938,10166.152591514938,1.8784427966101696,0.0,True,0.378465703408191,0.005,9736.855252115938,11569.919751033467,9738.856922600753,1821.2984276609996,hurdle_cmp,8344.85416385394,8344.85416385394,7915.556824454939,all normalized constructors
Matched AI Lean root values,pair_535c413d,3776,3546,0.06091101694915254,2.000282007896221,0.0014099599526519399,0.0011872257397481712,0.0005640157924421884,0.9985899605188945,0.0008460236886632825,3,1.5940027821189877,0.40571520998478705,0.005,8001.921263521787,9834.985762439315,8003.922934006601,86.36443906684872,35.89113086636107,False,cmp,7915.556824454939,2.232249527483062,10164.152591514938,10166.152591514938,1.8784427966101696,0.0,True,0.378465703408191,0.005,9736.855252115938,11569.919751033467,9738.856922600753,1821.2984276609996,hurdle_cmp,8344.85416385394,8344.85416385394,7915.556824454939,shared binary core
Matched human Lean root values,pair_54aff7bc,1902,1714,0.09884332281808622,2.0,0.002333722287047841,0.00196565609270285,0.0011668611435239206,0.9976662777129521,0.0011668611435239206,3,1.5936242600400345,0.4052088788164374,0.005,3869.0806946639887,4754.217069918985,3871.1776205220112,66.01816151376988,33.30060400835117,False,cmp,3803.0625331502188,2.2188229481623214,5197.059368377759,5199.059368377759,1.8023133543638274,0.0,True,0.3622540825775456,0.005,5098.000165499943,5983.136540754938,5100.097091357966,1294.937632349724,hurdle_cmp,3904.121736028035,3904.121736028035,3803.062533150219,all normalized constructors
Matched human Lean root values,pair_54aff7bc,1902,1714,0.09884332281808622,2.0,0.002333722287047841,0.00196565609270285,0.0011668611435239206,0.9976662777129521,0.0011668611435239206,3,1.5936242600400345,0.4052088788164374,0.005,3869.0806946639887,4754.217069918985,3871.1776205220112,66.01816151376988,33.30060400835117,False,cmp,3803.0625331502188,2.2188229481623214,5197.059368377759,5199.059368377759,1.8023133543638274,0.0,True,0.3622540825775456,0.005,5098.000165499943,5983.136540754938,5100.097091357966,1294.937632349724,hurdle_cmp,3904.121736028035,3904.121736028035,3803.062533150219,shared binary core
Matched AI Lean root values,pair_54aff7bc,2118,1937,0.08545797922568461,2.000516262261229,0.0015485202569637437,0.001303568730170955,0.0005162622612287042,0.9984512132163139,0.0010325245224574084,3,1.59431718851921,0.4056828114807863,0.005,4372.4501218885935,5373.8903912750575,4374.8962899085545,52.636136644374346,35.61724965138012,False,cmp,4319.813985244219,2.2301569361095606,5758.691361180539,5760.691361180539,1.8295561850802644,0.0,True,0.3681705720592623,0.005,5610.944197351148,6612.3844667376125,5613.3903653711095,1291.1302121069293,hurdle_cmp,4469.56114907361,4469.56114907361,4319.813985244219,all normalized constructors
Matched AI Lean root values,pair_54aff7bc,2118,1937,0.08545797922568461,2.000516262261229,0.0015485202569637437,0.001303568730170955,0.0005162622612287042,0.9984512132163139,0.0010325245224574084,3,1.59431718851921,0.4056828114807863,0.005,4372.4501218885935,5373.8903912750575,4374.8962899085545,52.636136644374346,35.61724965138012,False,cmp,4319.813985244219,2.2301569361095606,5758.691361180539,5760.691361180539,1.8295561850802644,0.0,True,0.3681705720592623,0.005,5610.944197351148,6612.3844667376125,5613.3903653711095,1291.1302121069293,hurdle_cmp,4469.56114907361,4469.56114907361,4319.813985244219,shared binary core
Matched human Lean root values,pair_564fee0e,1917,1705,0.11058946270213876,2.0,0.0035190615835777126,0.002964047984949576,0.0017595307917888563,0.9964809384164223,0.0017595307917888563,3,1.5936242600400345,0.4046162091681725,0.005,3849.594583160202,4729.263771418827,3851.6005059371723,92.09135934604274,31.268736305066255,False,cmp,3757.5032238141594,2.203814207515636,5260.080034636382,5262.080034636382,1.7788210745957225,0.0,True,0.3570136178741419,0.005,5184.852666599195,6064.52185485782,5186.858589376166,1427.3494427850358,hurdle_cmp,3834.7305918513466,3834.7305918513466,3757.5032238141594,all normalized constructors
Matched human Lean root values,pair_564fee0e,1917,1705,0.11058946270213876,2.0,0.0035190615835777126,0.002964047984949576,0.0017595307917888563,0.9964809384164223,0.0017595307917888563,3,1.5936242600400345,0.4046162091681725,0.005,3849.594583160202,4729.263771418827,3851.6005059371723,92.09135934604274,31.268736305066255,False,cmp,3757.5032238141594,2.203814207515636,5260.080034636382,5262.080034636382,1.7788210745957225,0.0,True,0.3570136178741419,0.005,5184.852666599195,6064.52185485782,5186.858589376166,1427.3494427850358,hurdle_cmp,3834.7305918513466,3834.7305918513466,3757.5032238141594,shared binary core
Matched AI Lean root values,pair_564fee0e,1257,1077,0.1431980906921241,2.000928505106778,0.0027846531986009493,0.0023431255183052526,0.0009285051067780873,0.9972144846796658,0.0018570102135561746,3,1.5948704417204325,0.4051295582795638,0.005,2432.9546771540026,2989.463884176225,2434.9555825773,49.11065563408192,32.71592089328331,False,cmp,2383.8440215199207,2.213411347743659,3484.6865398055156,3486.6865398055156,1.7143993635640413,0.0,True,0.3447932684011208,0.005,3467.521702634548,4024.03090965677,3469.522608057845,1083.6776811146271,hurdle_cmp,2403.0088586908887,2403.0088586908887,2383.8440215199207,all normalized constructors
Matched AI Lean root values,pair_564fee0e,1257,1077,0.1431980906921241,2.000928505106778,0.0027846531986009493,0.0023431255183052526,0.0009285051067780873,0.9972144846796658,0.0018570102135561746,3,1.5948704417204325,0.4051295582795638,0.005,2432.9546771540026,2989.463884176225,2434.9555825773,49.11065563408192,32.71592089328331,False,cmp,2383.8440215199207,2.213411347743659,3484.6865398055156,3486.6865398055156,1.7143993635640413,0.0,True,0.3447932684011208,0.005,3467.521702634548,4024.03090965677,3469.522608057845,1083.6776811146271,hurdle_cmp,2403.0088586908887,2403.0088586908887,2383.8440215199207,shared binary core
Matched human Lean root values,pair_567a7178,7100,6854,0.03464788732394366,2.001604902246863,0.0024777277612028754,0.0020833497321443486,0.0004377006127808579,0.9975196965275751,0.0020426028596440037,3,1.595778089248844,0.4053891123852341,0.005,15475.660044869648,19020.563520318003,15477.67006442132,257.78050580096897,34.33716554930895,False,cmp,15217.87953906868,2.2202917331585468,18895.21129731063,18897.21129731063,1.9322535211267606,0.0,True,0.38958284935287,0.005,17615.395599235635,21160.29907468399,17617.405618787307,2397.516060166955,hurdle_cmp,16499.695237143675,16499.695237143675,15217.87953906868,all normalized constructors
Matched human Lean root values,pair_567a7178,7100,6854,0.03464788732394366,2.001604902246863,0.0024777277612028754,0.0020833497321443486,0.0004377006127808579,0.9975196965275751,0.0020426028596440037,3,1.595778089248844,0.4053891123852341,0.005,15475.660044869648,19020.563520318003,15477.67006442132,257.78050580096897,34.33716554930895,False,cmp,15217.87953906868,2.2202917331585468,18895.21129731063,18897.21129731063,1.9322535211267606,0.0,True,0.38958284935287,0.005,17615.395599235635,21160.29907468399,17617.405618787307,2397.516060166955,hurdle_cmp,16499.695237143675,16499.695237143675,15217.87953906868,shared binary core
Matched AI Lean root values,pair_567a7178,9363,9138,0.024030759371996155,2.000766031954476,0.0012031776949352892,0.001012581783253588,0.0002188662727073758,0.9987962355001094,0.000984898227183191,3,1.5946523999425621,0.4058947657392024,0.005,20620.736791941217,25347.61712426957,20623.64114754222,184.30845257779583,37.851874823979244,False,cmp,20436.42833936342,2.236422449043929,24782.77683881665,24784.77683881665,1.9526861048809143,0.0,True,0.3947194146803756,0.005,22745.075315186954,27471.955647515308,22747.979670787958,2308.646975823534,hurdle_cmp,22476.12986299312,22476.12986299312,20436.42833936342,all normalized constructors
Matched AI Lean root values,pair_567a7178,9363,9138,0.024030759371996155,2.000766031954476,0.0012031776949352892,0.001012581783253588,0.0002188662727073758,0.9987962355001094,0.000984898227183191,3,1.5946523999425621,0.4058947657392024,0.005,20620.736791941217,25347.61712426957,20623.64114754222,184.30845257779583,37.851874823979244,False,cmp,20436.42833936342,2.236422449043929,24782.77683881665,24784.77683881665,1.9526861048809143,0.0,True,0.3947194146803756,0.005,22745.075315186954,27471.955647515308,22747.979670787958,2308.646975823534,hurdle_cmp,22476.12986299312,22476.12986299312,20436.42833936342,shared binary core
Matched human Lean root values,pair_5688be7b,2215,2019,0.08848758465011286,2.0029717682020802,0.003953526196526756,0.003319369727795489,0.0004952947003467063,0.9960376423972264,0.003467062902426944,3,1.5976118285725622,0.4048646449291672,0.005,4563.690171121544,5608.165494288421,4565.699524971709,114.4912429752003,32.72010907956367,False,cmp,4449.198928146344,2.2036646498991304,6034.093004498105,6036.093004498105,1.8257336343115125,0.0,True,0.36628497704102514,0.005,5890.369195338959,6934.844518505835,5892.378549189124,1441.1702671926153,hurdle_cmp,4594.92273730549,4594.92273730549,4449.198928146344,all normalized constructors
Matched human Lean root values,pair_5688be7b,2215,2019,0.08848758465011286,2.0029717682020802,0.003953526196526756,0.003319369727795489,0.0004952947003467063,0.9960376423972264,0.003467062902426944,3,1.5976118285725622,0.4048646449291672,0.005,4563.690171121544,5608.165494288421,4565.699524971709,114.4912429752003,32.72010907956367,False,cmp,4449.198928146344,2.2036646498991304,6034.093004498105,6036.093004498105,1.8257336343115125,0.0,True,0.36628497704102514,0.005,5890.369195338959,6934.844518505835,5892.378549189124,1441.1702671926153,hurdle_cmp,4594.92273730549,4594.92273730549,4449.198928146344,shared binary core
Matched AI Lean root values,pair_5688be7b,2590,2388,0.077992277992278,2.0020938023450587,0.002926939274821904,0.002459768024912036,0.0004187604690117253,0.9970686767169179,0.002512562814070352,3,1.5964340477721313,0.40524099410391196,0.005,5394.609869906491,6629.868111481661,5396.612639509289,105.37330941791879,33.93317601305668,False,cmp,5289.236560488573,2.2149231827841596,7024.839880154441,7026.839880154441,1.845945945945946,0.0,True,0.3709279224044838,0.005,6815.091859197501,8050.350100772671,6817.094628800299,1525.855298708929,hurdle_cmp,5500.984581445512,5500.984581445512,5289.236560488573,all normalized constructors
Matched AI Lean root values,pair_5688be7b,2590,2388,0.077992277992278,2.0020938023450587,0.002926939274821904,0.002459768024912036,0.0004187604690117253,0.9970686767169179,0.002512562814070352,3,1.5964340477721313,0.40524099410391196,0.005,5394.609869906491,6629.868111481661,5396.612639509289,105.37330941791879,33.93317601305668,False,cmp,5289.236560488573,2.2149231827841596,7024.839880154441,7026.839880154441,1.845945945945946,0.0,True,0.3709279224044838,0.005,6815.091859197501,8050.350100772671,6817.094628800299,1525.855298708929,hurdle_cmp,5500.984581445512,5500.984581445512,5289.236560488573,shared binary core
Matched human Lean root values,pair_57c4dba0,16556,16350,0.012442618990094226,1.9998776758409786,0.00012230919582152647,0.0001030326028956221,0.00012232415902140674,0.9998776758409786,0.0,2,1.5934600639699166,0.40629528771203666,0.005,36874.05037320097,45331.05289756655,36876.19083398399,44.03509950824082,375.542888483476,False,cmp,36830.01527369273,2.252600322550014,43554.88923658379,43556.88923658379,1.974993959893694,0.0,True,0.40025313812187535,0.005,39092.767102004946,47549.76962637053,39094.907562787965,2262.751828312217,hurdle_cmp,41294.13740827157,41294.13740827157,36830.01527369273,all normalized constructors
Matched human Lean root values,pair_57c4dba0,16556,16350,0.012442618990094226,1.9998776758409786,0.00012230919582152647,0.0001030326028956221,0.00012232415902140674,0.9998776758409786,0.0,2,1.5934600639699166,0.40629528771203666,0.005,36874.05037320097,45331.05289756655,36876.19083398399,44.03509950824082,375.542888483476,False,cmp,36830.01527369273,2.252600322550014,43554.88923658379,43556.88923658379,1.974993959893694,0.0,True,0.40025313812187535,0.005,39092.767102004946,47549.76962637053,39094.907562787965,2262.751828312217,hurdle_cmp,41294.13740827157,41294.13740827157,36830.01527369273,shared binary core
Matched AI Lean root values,pair_57c4dba0,15294,15091,0.013273179024454034,1.9998674706778874,0.00013251175809129783,0.00011162841259368957,0.0001325293221125174,0.9998674706778875,0.0,2,1.5934463653374669,0.40628857601830415,0.005,34034.71974206556,41840.3636860602,34036.72188332729,43.71456148661673,375.7163527069412,False,cmp,33991.00518057894,2.252402437252597,40251.965302739496,40253.965302739496,1.9733228717143978,0.0,True,0.3998707679615542,0.005,36194.749302833865,44000.393246828506,36196.7514440956,2203.7441222549255,hurdle_cmp,38050.22118048457,38050.22118048457,33991.00518057894,all normalized constructors
Matched AI Lean root values,pair_57c4dba0,15294,15091,0.013273179024454034,1.9998674706778874,0.00013251175809129783,0.00011162841259368957,0.0001325293221125174,0.9998674706778875,0.0,2,1.5934463653374669,0.40628857601830415,0.005,34034.71974206556,41840.3636860602,34036.72188332729,43.71456148661673,375.7163527069412,False,cmp,33991.00518057894,2.252402437252597,40251.965302739496,40253.965302739496,1.9733228717143978,0.0,True,0.3998707679615542,0.005,36194.749302833865,44000.393246828506,36196.7514440956,2203.7441222549255,hurdle_cmp,38050.22118048457,38050.22118048457,33991.00518057894,shared binary core
Matched human Lean root values,pair_587b1256,2432,2177,0.10485197368421052,1.9986219568213137,0.0013761441756839415,0.0011608258703687036,0.0013780431786862655,0.9986219568213137,0.0,2,1.591774236443399,0.4054696771992242,0.005,4910.262567453404,6033.764696742477,4912.262960227905,49.51840860606171,358.95438117954825,False,cmp,4860.744158847342,2.2327717771462297,6655.922422774157,6657.922422774157,1.7890625,0.0,True,0.3600135850483781,0.005,6544.693429177971,7668.195558467045,6546.693821952473,1683.9492703306291,hurdle_cmp,4973.973152443528,4973.973152443528,4860.744158847341,all normalized constructors
Matched human Lean root values,pair_587b1256,2432,2177,0.10485197368421052,1.9986219568213137,0.0013761441756839415,0.0011608258703687036,0.0013780431786862655,0.9986219568213137,0.0,2,1.591774236443399,0.4054696771992242,0.005,4910.262567453404,6033.764696742477,4912.262960227905,49.51840860606171,358.95438117954825,False,cmp,4860.744158847342,2.2327717771462297,6655.922422774157,6657.922422774157,1.7890625,0.0,True,0.3600135850483781,0.005,6544.693429177971,7668.195558467045,6546.693821952473,1683.9492703306291,hurdle_cmp,4973.973152443528,4973.973152443528,4860.744158847341,shared binary core
Matched AI Lean root values,pair_587b1256,3250,3001,0.07661538461538461,2.0,0.001999333555481506,0.0016840059361342974,0.000999666777740753,0.9980006664445185,0.000999666777740753,3,1.5936242600400345,0.4053760731822206,0.005,6772.368590840538,8322.538755441583,6774.549473025834,98.88505901099415,34.064977952183504,False,cmp,6673.483531829544,2.22375325952334,8804.995409248384,8806.995409248384,1.8467692307692307,0.0,True,0.3715279542888412,0.005,8532.125363672621,10082.295528273666,8534.306245857917,1858.641831843077,hurdle_cmp,6948.353577405307,6948.353577405307,6673.4835318295445,all normalized constructors
Matched AI Lean root values,pair_587b1256,3250,3001,0.07661538461538461,2.0,0.001999333555481506,0.0016840059361342974,0.000999666777740753,0.9980006664445185,0.000999666777740753,3,1.5936242600400345,0.4053760731822206,0.005,6772.368590840538,8322.538755441583,6774.549473025834,98.88505901099415,34.064977952183504,False,cmp,6673.483531829544,2.22375325952334,8804.995409248384,8806.995409248384,1.8467692307692307,0.0,True,0.3715279542888412,0.005,8532.125363672621,10082.295528273666,8534.306245857917,1858.641831843077,hurdle_cmp,6948.353577405307,6948.353577405307,6673.4835318295445,shared binary core
Matched human Lean root values,pair_58e22ef3,2187,2022,0.07544581618655692,2.000989119683482,0.0019772610092151505,0.0016636429634003527,0.0004945598417408506,0.9980217606330366,0.001483679525222552,3,1.594951785405361,0.40554277443637604,0.005,4565.4083768259725,5610.94599646029,4567.411847297459,66.29514768350055,34.82681885739688,False,cmp,4499.113229142472,2.2250807265788684,5924.110385419239,5926.110385419239,1.8500228623685413,0.0,True,0.3722162100654007,0.005,5737.466760975758,6783.004380610076,5739.470231447244,1238.3535318332863,hurdle_cmp,4687.756853585953,4687.756853585953,4499.113229142472,all normalized constructors
Matched human Lean root values,pair_58e22ef3,2187,2022,0.07544581618655692,2.000989119683482,0.0019772610092151505,0.0016636429634003527,0.0004945598417408506,0.9980217606330366,0.001483679525222552,3,1.594951785405361,0.40554277443637604,0.005,4565.4083768259725,5610.94599646029,4567.411847297459,66.29514768350055,34.82681885739688,False,cmp,4499.113229142472,2.2250807265788684,5924.110385419239,5926.110385419239,1.8500228623685413,0.0,True,0.3722162100654007,0.005,5737.466760975758,6783.004380610076,5739.470231447244,1238.3535318332863,hurdle_cmp,4687.756853585953,4687.756853585953,4499.113229142472,shared binary core
Matched AI Lean root values,pair_58e22ef3,3511,3343,0.04784961549416121,2.0023930601256357,0.002985598420279663,0.0025082581612469548,0.0002991325157044571,0.9970086748429554,0.0026921926413401138,3,1.5968355257005267,0.4052584019094003,0.005,7552.1398278359975,9281.844892533554,7554.142814365888,146.7124945296091,34.59242008055738,False,cmp,7405.427333306388,2.2152041080784888,9403.35104944788,9405.35104944788,1.9065793221304472,0.0,True,0.383747761070338,0.005,8903.306295206454,10633.01135990401,8905.309281736345,1497.878961900066,hurdle_cmp,7907.472087547813,7907.472087547813,7405.4273333063875,all normalized constructors
Matched AI Lean root values,pair_58e22ef3,3511,3343,0.04784961549416121,2.0023930601256357,0.002985598420279663,0.0025082581612469548,0.0002991325157044571,0.9970086748429554,0.0026921926413401138,3,1.5968355257005267,0.4052584019094003,0.005,7552.1398278359975,9281.844892533554,7554.142814365888,146.7124945296091,34.59242008055738,False,cmp,7405.427333306388,2.2152041080784888,9403.35104944788,9405.35104944788,1.9065793221304472,0.0,True,0.383747761070338,0.005,8903.306295206454,10633.01135990401,8905.309281736345,1497.878961900066,hurdle_cmp,7907.472087547813,7907.472087547813,7405.4273333063875,shared binary core
Matched human Lean root values,pair_59111b24,4773,4530,0.05091137649277184,2.0008830022075057,0.0017652247221125782,0.0014854077816927578,0.0004415011037527594,0.9982339955849889,0.0013245033112582781,3,1.5948093768795462,0.40563212422420286,0.005,10224.857363816105,12567.370323965566,10226.862675835637,130.4077973892563,35.38773937661992,False,cmp,10094.449566426849,2.2283553126770084,12794.194529810009,12796.194529810009,1.8990152943641316,0.0,True,0.3826984948568324,0.005,12147.417509088546,14489.930469238006,12149.422821108077,2052.9679426616963,hurdle_cmp,10743.226587148312,10743.226587148312,10094.449566426849,all normalized constructors
Matched human Lean root values,pair_59111b24,4773,4530,0.05091137649277184,2.0008830022075057,0.0017652247221125782,0.0014854077816927578,0.0004415011037527594,0.9982339955849889,0.0013245033112582781,3,1.5948093768795462,0.40563212422420286,0.005,10224.857363816105,12567.370323965566,10226.862675835637,130.4077973892563,35.38773937661992,False,cmp,10094.449566426849,2.2283553126770084,12794.194529810009,12796.194529810009,1.8990152943641316,0.0,True,0.3826984948568324,0.005,12147.417509088546,14489.930469238006,12149.422821108077,2052.9679426616963,hurdle_cmp,10743.226587148312,10743.226587148312,10094.449566426849,shared binary core
Matched AI Lean root values,pair_59111b24,8685,8479,0.023719055843408176,2.0008255690529544,0.0012966412332385095,0.0010911698348721245,0.00023587687227267368,0.9987026772025003,0.0010614459252270315,3,1.5947323007203678,0.4058573914603098,0.005,19134.541941836003,23520.480948099423,19136.895719963853,182.6607441045344,37.4823001334386,False,cmp,18951.88119773147,2.235155230302096,22985.391219841098,22987.391219841098,1.9533678756476685,0.0,True,0.39482557512687344,0.005,21085.10504220173,25471.044048465148,21087.45882032958,2133.2238444702602,hurdle_cmp,20854.16737537084,20854.16737537084,18951.88119773147,all normalized constructors
Matched AI Lean root values,pair_59111b24,8685,8479,0.023719055843408176,2.0008255690529544,0.0012966412332385095,0.0010911698348721245,0.00023587687227267368,0.9987026772025003,0.0010614459252270315,3,1.5947323007203678,0.4058573914603098,0.005,19134.541941836003,23520.480948099423,19136.895719963853,182.6607441045344,37.4823001334386,False,cmp,18951.88119773147,2.235155230302096,22985.391219841098,22987.391219841098,1.9533678756476685,0.0,True,0.39482557512687344,0.005,21085.10504220173,25471.044048465148,21087.45882032958,2133.2238444702602,hurdle_cmp,20854.16737537084,20854.16737537084,18951.88119773147,shared binary core
Matched human Lean root values,pair_5a6fca10,2354,2133,0.09388275276125743,1.9995311767463666,0.0004686034583902327,0.00039489634062889374,0.00046882325363338024,0.9995311767463666,0.0,2,1.5929949316877678,0.4060674218049613,0.005,4811.944219993127,5914.5452157097425,4813.976751522099,21.330100540537387,370.27574076419967,False,cmp,4790.61411945259,2.245951298383774,6417.977329847202,6419.977329847202,1.8118096856414614,0.0,True,0.3650247257130064,0.005,6280.1577199811045,7382.75871569772,6282.190251510076,1489.5436005285144,hurdle_cmp,4930.433729318687,4930.433729318687,4790.61411945259,all normalized constructors
Matched human Lean root values,pair_5a6fca10,2354,2133,0.09388275276125743,1.9995311767463666,0.0004686034583902327,0.00039489634062889374,0.00046882325363338024,0.9995311767463666,0.0,2,1.5929949316877678,0.4060674218049613,0.005,4811.944219993127,5914.5452157097425,4813.976751522099,21.330100540537387,370.27574076419967,False,cmp,4790.61411945259,2.245951298383774,6417.977329847202,6419.977329847202,1.8118096856414614,0.0,True,0.3650247257130064,0.005,6280.1577199811045,7382.75871569772,6282.190251510076,1489.5436005285144,hurdle_cmp,4930.433729318687,4930.433729318687,4790.61411945259,shared binary core
Matched AI Lean root values,pair_5a6fca10,4300,4042,0.06,2.0002474022761008,0.0007421456204166006,0.0006249306581985377,0.00024740227610094015,0.9992577931716972,0.0004948045522018803,3,1.593956334442053,0.4060436655579428,0.005,9119.702883905686,11210.189785968478,9121.761295793003,57.05215351883089,39.2496184554322,False,cmp,9062.650730386855,2.2421204182055554,11568.74520721127,11570.74520721127,1.880232558139535,0.0,True,0.37916023625778206,0.005,11073.623577410883,13164.110479473675,11075.6819892982,2010.9728470240286,hurdle_cmp,9559.772360187242,9559.772360187242,9062.650730386855,all normalized constructors
Matched AI Lean root values,pair_5a6fca10,4300,4042,0.06,2.0002474022761008,0.0007421456204166006,0.0006249306581985377,0.00024740227610094015,0.9992577931716972,0.0004948045522018803,3,1.593956334442053,0.4060436655579428,0.005,9119.702883905686,11210.189785968478,9121.761295793003,57.05215351883089,39.2496184554322,False,cmp,9062.650730386855,2.2421204182055554,11568.74520721127,11570.74520721127,1.880232558139535,0.0,True,0.37916023625778206,0.005,11073.623577410883,13164.110479473675,11075.6819892982,2010.9728470240286,hurdle_cmp,9559.772360187242,9559.772360187242,9062.650730386855,shared binary core
Matched human Lean root values,pair_5cf7a965,2919,2649,0.09249743062692703,1.9996224990562477,0.00037735843678982545,0.0003179720644436998,0.00037750094375235937,0.9996224990562477,0.0,2,1.5931175242870745,0.4061274738254167,0.005,5975.641355549254,7345.2010420659535,5978.417366766367,21.76349742989987,376.2371817773393,False,cmp,5953.877858119354,2.247594510426332,7953.947840111246,7955.947840111246,1.81466255566975,0.0,True,0.3656484379138282,0.005,7777.369492573028,9146.929179089728,7780.145503790141,1823.4916344536741,hurdle_cmp,6132.456205657571,6132.456205657571,5953.877858119354,all normalized constructors
Matched human Lean root values,pair_5cf7a965,2919,2649,0.09249743062692703,1.9996224990562477,0.00037735843678982545,0.0003179720644436998,0.00037750094375235937,0.9996224990562477,0.0,2,1.5931175242870745,0.4061274738254167,0.005,5975.641355549254,7345.2010420659535,5978.417366766367,21.76349742989987,376.2371817773393,False,cmp,5953.877858119354,2.247594510426332,7953.947840111246,7955.947840111246,1.81466255566975,0.0,True,0.3656484379138282,0.005,7777.369492573028,9146.929179089728,7780.145503790141,1823.4916344536741,hurdle_cmp,6132.456205657571,6132.456205657571,5953.877858119354,shared binary core
Matched AI Lean root values,pair_5cf7a965,2095,1890,0.09785202863961814,1.9994708994708994,0.0005288205817306344,0.00044567078654567127,0.0005291005291005291,0.9994708994708995,0.0,2,1.5929140130251895,0.4060277859166054,0.005,4263.924042764312,5240.806126051793,4265.924232158578,21.088135022786446,373.43734874701994,False,cmp,4242.835907741525,2.2448867236727645,5720.2014751884835,5722.2014751884835,1.80381861575179,0.0,True,0.3633723125718017,0.005,5608.138590447261,6585.020673734743,5610.138779841527,1365.3026827057358,hurdle_cmp,4356.898792482748,4356.898792482748,4242.835907741525,all normalized constructors
Matched AI Lean root values,pair_5cf7a965,2095,1890,0.09785202863961814,1.9994708994708994,0.0005288205817306344,0.00044567078654567127,0.0005291005291005291,0.9994708994708995,0.0,2,1.5929140130251895,0.4060277859166054,0.005,4263.924042764312,5240.806126051793,4265.924232158578,21.088135022786446,373.43734874701994,False,cmp,4242.835907741525,2.2448867236727645,5720.2014751884835,5722.2014751884835,1.80381861575179,0.0,True,0.3633723125718017,0.005,5608.138590447261,6585.020673734743,5610.138779841527,1365.3026827057358,hurdle_cmp,4356.898792482748,4356.898792482748,4242.835907741525,shared binary core
Matched human Lean root values,pair_5d026d45,776,637,0.1791237113402062,1.9984301412872842,0.0015673942563379653,0.0013224255004716527,0.0015698587127158557,0.9984301412872841,0.0,2,1.591516676595161,0.4053436059794035,0.005,1438.1239126939454,1766.7519361595855,1440.1262137363096,18.911968630331103,375.77393889573233,False,cmp,1419.2119440636143,2.2279622355786723,2169.4664801315685,2171.4664801315685,1.6404639175257731,0.0,True,0.3315473690588647,0.005,2169.660329409033,2498.2883528746725,2171.6626304513966,750.4483853454183,hurdle_cmp,1421.0180947861502,1421.0180947861502,1419.2119440636145,all normalized constructors
Matched human Lean root values,pair_5d026d45,776,637,0.1791237113402062,1.9984301412872842,0.0015673942563379653,0.0013224255004716527,0.0015698587127158557,0.9984301412872841,0.0,2,1.591516676595161,0.4053436059794035,0.005,1438.1239126939454,1766.7519361595855,1440.1262137363096,18.911968630331103,375.77393889573233,False,cmp,1419.2119440636143,2.2279622355786723,2169.4664801315685,2171.4664801315685,1.6404639175257731,0.0,True,0.3315473690588647,0.005,2169.660329409033,2498.2883528746725,2171.6626304513966,750.4483853454183,hurdle_cmp,1421.0180947861502,1421.0180947861502,1419.2119440636145,shared binary core
Matched AI Lean root values,pair_5d026d45,248,187,0.24596774193548387,2.0,0.0106951871657754,0.009008381130729102,0.0053475935828877,0.9893048128342246,0.0053475935828877,3,1.5936242600400345,0.4010281463770736,0.005,424.5383526207092,520.4740910588391,426.53878730948304,28.9029739813559,25.74997334552518,False,cmp,395.6353786393533,2.115697211975151,702.7493414109726,703.2377765857809,1.5936242600400345,0.05368878101093666,False,0.30238815876013214,0.005,703.2377765857809,799.1735150239109,705.2382112745548,307.6023979464277,hurdle_cmp,395.63537863935323,395.63537863935323,395.63537863935323,all normalized constructors
Matched AI Lean root values,pair_5d026d45,248,187,0.24596774193548387,2.0,0.0106951871657754,0.009008381130729102,0.0053475935828877,0.9893048128342246,0.0053475935828877,3,1.5936242600400345,0.4010281463770736,0.005,424.5383526207092,520.4740910588391,426.53878730948304,28.9029739813559,25.74997334552518,False,cmp,395.6353786393533,2.115697211975151,702.7493414109726,703.2377765857809,1.5936242600400345,0.05368878101093666,False,0.30238815876013214,0.005,703.2377765857809,799.1735150239109,705.2382112745548,307.6023979464277,hurdle_cmp,395.63537863935323,395.63537863935323,395.63537863935323,shared binary core
Matched human Lean root values,pair_5daf2594,2306,2071,0.10190806591500434,2.000482858522453,0.001448342415006059,0.0012192812706878346,0.0004828585224529213,0.9985514244326412,0.0009657170449058426,3,1.5942723564742542,0.4057276435257414,0.005,4674.650548956189,5745.4172967487175,4676.65081905117,53.03778474970022,35.94752604234599,False,cmp,4621.6127642064885,2.2315851106743065,6307.208804688624,6309.208804688624,1.7966175195143106,0.0,True,0.3615023425068432,0.005,6195.176037631292,7265.942785423821,6197.176307726274,1573.5632734248038,hurdle_cmp,4735.64553126382,4735.64553126382,4621.6127642064885,all normalized constructors
Matched human Lean root values,pair_5daf2594,2306,2071,0.10190806591500434,2.000482858522453,0.001448342415006059,0.0012192812706878346,0.0004828585224529213,0.9985514244326412,0.0009657170449058426,3,1.5942723564742542,0.4057276435257414,0.005,4674.650548956189,5745.4172967487175,4676.65081905117,53.03778474970022,35.94752604234599,False,cmp,4621.6127642064885,2.2315851106743065,6307.208804688624,6309.208804688624,1.7966175195143106,0.0,True,0.3615023425068432,0.005,6195.176037631292,7265.942785423821,6197.176307726274,1573.5632734248038,hurdle_cmp,4735.64553126382,4735.64553126382,4621.6127642064885,shared binary core
Matched AI Lean root values,pair_5daf2594,2483,2254,0.09222714458316553,2.0004436557231586,0.0013307703390757946,0.0011203509503003803,0.00044365572315882877,0.9986690328305236,0.0008873114463176575,3,1.594219740908784,0.40578025909121157,0.005,5087.35709693847,6252.80105251092,5089.357872358611,53.54618687313632,36.365907418638265,False,cmp,5033.810910065334,2.2332790195498373,6767.505666469096,6769.505666469096,1.815948449456303,0.0,True,0.3654785736091415,0.005,6617.199452888639,7782.643408461089,6619.2002283087795,1583.388542823305,hurdle_cmp,5186.11712364579,5186.11712364579,5033.810910065334,all normalized constructors
Matched AI Lean root values,pair_5daf2594,2483,2254,0.09222714458316553,2.0004436557231586,0.0013307703390757946,0.0011203509503003803,0.00044365572315882877,0.9986690328305236,0.0008873114463176575,3,1.594219740908784,0.40578025909121157,0.005,5087.35709693847,6252.80105251092,5089.357872358611,53.54618687313632,36.365907418638265,False,cmp,5033.810910065334,2.2332790195498373,6767.505666469096,6769.505666469096,1.815948449456303,0.0,True,0.3654785736091415,0.005,6617.199452888639,7782.643408461089,6619.2002283087795,1583.388542823305,hurdle_cmp,5186.11712364579,5186.11712364579,5033.810910065334,shared binary core
Matched human Lean root values,pair_5df84962,878,758,0.1366742596810934,1.9973614775725594,0.0026315606268405263,0.0022228343451303626,0.002638522427440633,0.9973614775725593,0.0,2,1.5900815186836164,0.4046414364614985,0.005,1710.548963815073,2100.84702072682,1712.5510160096078,31.744863128173165,377.6300341060225,False,cmp,1678.8041006868998,2.214781135470844,2428.190828389661,2430.190828389661,1.724373576309795,0.0,True,0.34676195780519437,0.005,2412.9823513368115,2803.2804082485586,2414.9844035313463,734.1782506499115,hurdle_cmp,1696.0125777397493,1696.0125777397493,1678.8041006868998,all normalized constructors
Matched human Lean root values,pair_5df84962,878,758,0.1366742596810934,1.9973614775725594,0.0026315606268405263,0.0022228343451303626,0.002638522427440633,0.9973614775725593,0.0,2,1.5900815186836164,0.4046414364614985,0.005,1710.548963815073,2100.84702072682,1712.5510160096078,31.744863128173165,377.6300341060225,False,cmp,1678.8041006868998,2.214781135470844,2428.190828389661,2430.190828389661,1.724373576309795,0.0,True,0.34676195780519437,0.005,2412.9823513368115,2803.2804082485586,2414.9844035313463,734.1782506499115,hurdle_cmp,1696.0125777397493,1696.0125777397493,1678.8041006868998,shared binary core
Matched AI Lean root values,pair_5df84962,1239,1075,0.13236481033091202,2.0027906976744188,0.00464337479718767,0.0038993225224942807,0.0009302325581395349,0.9953488372093023,0.0037209302325581397,3,1.597368944390402,0.40449152072587347,0.005,2430.968366447553,2986.6875792761166,2432.9705994425976,72.68711658270331,30.987951864780435,False,cmp,2358.2812498648495,2.1937499998742784,3426.3559487962475,3428.3559487962475,1.7376916868442291,0.0,True,0.3484593023245764,0.005,3401.51329259044,3957.2325054190037,3403.5155255854847,1043.2320427255904,hurdle_cmp,2385.123906070657,2385.123906070657,2358.2812498648495,all normalized constructors
Matched AI Lean root values,pair_5df84962,1239,1075,0.13236481033091202,2.0027906976744188,0.00464337479718767,0.0038993225224942807,0.0009302325581395349,0.9953488372093023,0.0037209302325581397,3,1.597368944390402,0.40449152072587347,0.005,2430.968366447553,2986.6875792761166,2432.9705994425976,72.68711658270331,30.987951864780435,False,cmp,2358.2812498648495,2.1937499998742784,3426.3559487962475,3428.3559487962475,1.7376916868442291,0.0,True,0.3484593023245764,0.005,3401.51329259044,3957.2325054190037,3403.5155255854847,1043.2320427255904,hurdle_cmp,2385.123906070657,2385.123906070657,2358.2812498648495,shared binary core
Matched human Lean root values,pair_5ee839bd,2621,2397,0.085463563525372,2.0,0.001668752607425949,0.0014055630133052502,0.0008343763037129745,0.9983312473925741,0.0008343763037129745,3,1.5936242600400345,0.4055413636562484,0.005,5409.4006385263865,6647.895167208755,5411.401611329837,68.70392984809587,34.958122956461516,False,cmp,5340.696708678291,2.2280753895195207,7125.246722535997,7127.246722535997,1.829072872949256,0.0,True,0.3680159874430005,0.005,6941.616849238186,8180.111377920554,6943.617822041636,1600.9201405598953,hurdle_cmp,5526.326581976102,5526.326581976102,5340.696708678291,all normalized constructors
Matched human Lean root values,pair_5ee839bd,2621,2397,0.085463563525372,2.0,0.001668752607425949,0.0014055630133052502,0.0008343763037129745,0.9983312473925741,0.0008343763037129745,3,1.5936242600400345,0.4055413636562484,0.005,5409.4006385263865,6647.895167208755,5411.401611329837,68.70392984809587,34.958122956461516,False,cmp,5340.696708678291,2.2280753895195207,7125.246722535997,7127.246722535997,1.829072872949256,0.0,True,0.3680159874430005,0.005,6941.616849238186,8180.111377920554,6943.617822041636,1600.9201405598953,hurdle_cmp,5526.326581976102,5526.326581976102,5340.696708678291,shared binary core
Matched AI Lean root values,pair_5ee839bd,3456,3222,0.06770833333333333,2.001241464928616,0.0024813886220625505,0.0020872432274386937,0.0006207324643078833,0.9975170701427685,0.00186219739292365,3,1.5952904158357606,0.4053303166285435,0.005,7275.019427053272,8940.823559111319,7277.188586731194,124.9505401464121,33.70364175701609,False,cmp,7150.06888690686,2.2191399400704097,9332.355632900633,9334.355632900633,1.8657407407407407,0.0,True,0.37527665479776245,0.005,8988.917006379474,10654.72113843752,8991.086166057396,1838.8481194726137,hurdle_cmp,7495.50751342802,7495.50751342802,7150.06888690686,all normalized constructors
Matched AI Lean root values,pair_5ee839bd,3456,3222,0.06770833333333333,2.001241464928616,0.0024813886220625505,0.0020872432274386937,0.0006207324643078833,0.9975170701427685,0.00186219739292365,3,1.5952904158357606,0.4053303166285435,0.005,7275.019427053272,8940.823559111319,7277.188586731194,124.9505401464121,33.70364175701609,False,cmp,7150.06888690686,2.2191399400704097,9332.355632900633,9334.355632900633,1.8657407407407407,0.0,True,0.37527665479776245,0.005,8988.917006379474,10654.72113843752,8991.086166057396,1838.8481194726137,hurdle_cmp,7495.50751342802,7495.50751342802,7150.06888690686,shared binary core
Matched human Lean root values,pair_5eec702b,2009,1832,0.08810353409656546,2.0,0.002183406113537118,0.0018390472395702427,0.001091703056768559,0.9978165938864629,0.001091703056768559,3,1.5936242600400345,0.4052840369031928,0.005,4135.197463881796,5081.382539143279,4137.544810410233,66.55139120854437,33.62982576269529,False,cmp,4068.646072673251,2.2208766772233903,5467.783380749326,5469.783380749326,1.823792931806869,0.0,True,0.36669603355719044,0.005,5335.075750639414,6281.2608259008975,5337.423097167852,1266.4296779661624,hurdle_cmp,4203.3537027831635,4203.3537027831635,4068.646072673251,all normalized constructors
Matched human Lean root values,pair_5eec702b,2009,1832,0.08810353409656546,2.0,0.002183406113537118,0.0018390472395702427,0.001091703056768559,0.9978165938864629,0.001091703056768559,3,1.5936242600400345,0.4052840369031928,0.005,4135.197463881796,5081.382539143279,4137.544810410233,66.55139120854437,33.62982576269529,False,cmp,4068.646072673251,2.2208766772233903,5467.783380749326,5469.783380749326,1.823792931806869,0.0,True,0.36669603355719044,0.005,5335.075750639414,6281.2608259008975,5337.423097167852,1266.4296779661624,hurdle_cmp,4203.3537027831635,4203.3537027831635,4068.646072673251,shared binary core
Matched AI Lean root values,pair_5eec702b,1573,1402,0.10870947234583599,2.0,0.0028530670470756064,0.0024030916853728136,0.0014265335235378032,0.9971469329529244,0.0014265335235378032,3,1.5936242600400345,0.40494920643642357,0.005,3165.4499150372403,3889.1693885801733,3167.481588696469,64.40864048636286,32.306914522277566,False,cmp,3101.0412745508775,2.211869668010612,4313.432923423014,4315.432923423014,1.782581055308328,0.0,True,0.3580587888864106,0.005,4249.071904199595,4972.791377742528,4251.103577858824,1148.0306296487179,hurdle_cmp,3167.4022937742957,3167.4022937742957,3101.0412745508775,all normalized constructors
Matched AI Lean root values,pair_5eec702b,1573,1402,0.10870947234583599,2.0,0.0028530670470756064,0.0024030916853728136,0.0014265335235378032,0.9971469329529244,0.0014265335235378032,3,1.5936242600400345,0.40494920643642357,0.005,3165.4499150372403,3889.1693885801733,3167.481588696469,64.40864048636286,32.306914522277566,False,cmp,3101.0412745508775,2.211869668010612,4313.432923423014,4315.432923423014,1.782581055308328,0.0,True,0.3580587888864106,0.005,4249.071904199595,4972.791377742528,4251.103577858824,1148.0306296487179,hurdle_cmp,3167.4022937742957,3167.4022937742957,3101.0412745508775,shared binary core
Matched human Lean root values,pair_5eff76b6,1150,1004,0.12695652173913044,1.999003984063745,0.0009950238885097062,0.0008389919789178236,0.00099601593625498,0.999003984063745,0.0,2,1.5922871680814819,0.40572080004600447,0.005,2265.7926532823867,2784.2922845114963,2267.7961511415706,19.822498254594393,369.12741768660146,False,cmp,2245.9701550277923,2.2370220667607494,3171.1404266629343,3173.1404266629343,1.7452173913043478,0.0,True,0.3515081596349938,0.005,3143.08054995997,3661.5801811890797,3145.084047819154,897.110394932178,hurdle_cmp,2276.0300317307565,2276.0300317307565,2245.9701550277923,all normalized constructors
Matched human Lean root values,pair_5eff76b6,1150,1004,0.12695652173913044,1.999003984063745,0.0009950238885097062,0.0008389919789178236,0.00099601593625498,0.999003984063745,0.0,2,1.5922871680814819,0.40572080004600447,0.005,2265.7926532823867,2784.2922845114963,2267.7961511415706,19.822498254594393,369.12741768660146,False,cmp,2245.9701550277923,2.2370220667607494,3171.1404266629343,3173.1404266629343,1.7452173913043478,0.0,True,0.3515081596349938,0.005,3143.08054995997,3661.5801811890797,3145.084047819154,897.110394932178,hurdle_cmp,2276.0300317307565,2276.0300317307565,2245.9701550277923,shared binary core
Matched AI Lean root values,pair_5eff76b6,1559,1408,0.09685695958948044,2.0021306818181817,0.0035465965586260334,0.0029804032064071556,0.0007102272727272727,0.9964488636363636,0.002840909090909091,3,1.5964835260136234,0.4049369285318268,0.005,3181.960574909596,3909.960611374872,3183.9898431297256,75.39112582859525,32.32447794595565,False,cmp,3106.5694490810006,2.206370347358665,4259.705551251408,4261.705551251408,1.8082103912764593,0.0,True,0.36290004738880116,0.005,4175.863744515783,4903.863780981059,4177.893012735913,1069.294295434782,hurdle_cmp,3192.411255816626,3192.411255816626,3106.569449081001,all normalized constructors
Matched AI Lean root values,pair_5eff76b6,1559,1408,0.09685695958948044,2.0021306818181817,0.0035465965586260334,0.0029804032064071556,0.0007102272727272727,0.9964488636363636,0.002840909090909091,3,1.5964835260136234,0.4049369285318268,0.005,3181.960574909596,3909.960611374872,3183.9898431297256,75.39112582859525,32.32447794595565,False,cmp,3106.5694490810006,2.206370347358665,4259.705551251408,4261.705551251408,1.8082103912764593,0.0,True,0.36290004738880116,0.005,4175.863744515783,4903.863780981059,4177.893012735913,1069.294295434782,hurdle_cmp,3192.411255816626,3192.411255816626,3106.569449081001,shared binary core
Matched human Lean root values,pair_5feca8f4,5031,4832,0.03955476048499304,1.9995860927152318,0.00041373596552782765,0.0003486383895023901,0.0004139072847682119,0.9995860927152318,0.0,2,1.593068652119294,0.40610353331116544,0.005,10898.34693402758,13396.37570314742,10900.508034375955,39.158646307419986,375.8527533133276,False,cmp,10859.18828772016,2.2473485694785102,13411.309232513573,13413.309232513573,1.9204929437487577,0.0,True,0.3880012935897249,0.005,12575.937202194893,15073.965971314732,12578.098302543267,1716.748914474733,hurdle_cmp,11696.56031803884,11696.56031803884,10859.18828772016,all normalized constructors
Matched human Lean root values,pair_5feca8f4,5031,4832,0.03955476048499304,1.9995860927152318,0.00041373596552782765,0.0003486383895023901,0.0004139072847682119,0.9995860927152318,0.0,2,1.593068652119294,0.40610353331116544,0.005,10898.34693402758,13396.37570314742,10900.508034375955,39.158646307419986,375.8527533133276,False,cmp,10859.18828772016,2.2473485694785102,13411.309232513573,13413.309232513573,1.9204929437487577,0.0,True,0.3880012935897249,0.005,12575.937202194893,15073.965971314732,12578.098302543267,1716.748914474733,hurdle_cmp,11696.56031803884,11696.56031803884,10859.18828772016,shared binary core
Matched AI Lean root values,pair_5feca8f4,4121,3923,0.04804659063334142,1.99949018608208,0.0005095540076890543,0.0004294246960109479,0.0005098139179199592,0.9994901860820801,0.0,2,1.5929399042797037,0.40604046788445236,0.005,8848.3455586926,10876.092458680509,8850.351348676053,38.32483926275745,373.46343103860414,False,cmp,8810.020719429842,2.245735589964273,11028.031047777335,11030.031047777335,1.9034214996360106,0.0,True,0.3842455509860897,0.005,10438.767509071946,12466.514409059855,10440.7732990554,1628.7467896421047,hurdle_cmp,9401.28425813523,9401.28425813523,8810.020719429842,all normalized constructors
Matched AI Lean root values,pair_5feca8f4,4121,3923,0.04804659063334142,1.99949018608208,0.0005095540076890543,0.0004294246960109479,0.0005098139179199592,0.9994901860820801,0.0,2,1.5929399042797037,0.40604046788445236,0.005,8848.3455586926,10876.092458680509,8850.351348676053,38.32483926275745,373.46343103860414,False,cmp,8810.020719429842,2.245735589964273,11028.031047777335,11030.031047777335,1.9034214996360106,0.0,True,0.3842455509860897,0.005,10438.767509071946,12466.514409059855,10440.7732990554,1628.7467896421047,hurdle_cmp,9401.28425813523,9401.28425813523,8810.020719429842,shared binary core
Matched human Lean root values,pair_60565fc7,64,42,0.34375,2.0,0.0,0.0,0.0,1.0,0.0,2,1.5936242600400345,0.40637573995996135,0.005,96.71952802667755,118.44872633407081,98.72835039886587,3.999999999985448,438.8010414867748,False,cmp,92.7195280266921,2.207607810159336,182.5394989657836,181.08644681314672,1.5936242600400345,0.17640561021139006,False,0.2666840793487246,0.005,181.08644681314672,202.81564512053998,183.09526918533504,88.36691878645462,hurdle_cmp,92.7195280266921,92.7195280266921,92.7195280266921,all normalized constructors
Matched human Lean root values,pair_60565fc7,64,42,0.34375,2.0,0.0,0.0,0.0,1.0,0.0,2,1.5936242600400345,0.40637573995996135,0.005,96.71952802667755,118.44872633407081,98.72835039886587,3.999999999985448,438.8010414867748,False,cmp,92.7195280266921,2.207607810159336,182.5394989657836,181.08644681314672,1.5936242600400345,0.17640561021139006,False,0.2666840793487246,0.005,181.08644681314672,202.81564512053998,183.09526918533504,88.36691878645462,hurdle_cmp,92.7195280266921,92.7195280266921,92.7195280266921,shared binary core
Matched AI Lean root values,pair_60565fc7,64,42,0.34375,2.0,0.0,0.0,0.0,1.0,0.0,2,1.5936242600400345,0.40637573995996135,0.005,96.71952802667755,118.44872633407081,98.72835039886587,3.999999999985448,438.8010414867748,False,cmp,92.7195280266921,2.207607810159336,182.5394989657836,181.08644681314672,1.5936242600400345,0.17640561021139006,False,0.2666840793487246,0.005,181.08644681314672,202.81564512053998,183.09526918533504,88.36691878645462,hurdle_cmp,92.7195280266921,92.7195280266921,92.7195280266921,all normalized constructors
Matched AI Lean root values,pair_60565fc7,64,42,0.34375,2.0,0.0,0.0,0.0,1.0,0.0,2,1.5936242600400345,0.40637573995996135,0.005,96.71952802667755,118.44872633407081,98.72835039886587,3.999999999985448,438.8010414867748,False,cmp,92.7195280266921,2.207607810159336,182.5394989657836,181.08644681314672,1.5936242600400345,0.17640561021139006,False,0.2666840793487246,0.005,181.08644681314672,202.81564512053998,183.09526918533504,88.36691878645462,hurdle_cmp,92.7195280266921,92.7195280266921,92.7195280266921,shared binary core
Matched human Lean root values,pair_606263d6,4169,3928,0.057807627728472054,2.00152749490835,0.002543491606555473,0.0021388239438237832,0.0005091649694501018,0.9974541751527495,0.002036659877800407,3,1.5956742247426738,0.40534410519622227,0.005,8869.736459999149,10901.0416881366,8872.708471705368,153.44858198950533,33.970927752021126,False,cmp,8716.287878009643,2.2190142255625367,11211.41690131512,11213.41690131512,1.8858239385943871,0.0,True,0.3795037135922663,0.005,10713.534181236193,12744.839409373644,10716.506192942412,1997.2463032265493,hurdle_cmp,9216.17059808857,9216.17059808857,8716.287878009643,all normalized constructors
Matched human Lean root values,pair_606263d6,4169,3928,0.057807627728472054,2.00152749490835,0.002543491606555473,0.0021388239438237832,0.0005091649694501018,0.9974541751527495,0.002036659877800407,3,1.5956742247426738,0.40534410519622227,0.005,8869.736459999149,10901.0416881366,8872.708471705368,153.44858198950533,33.970927752021126,False,cmp,8716.287878009643,2.2190142255625367,11211.41690131512,11213.41690131512,1.8858239385943871,0.0,True,0.3795037135922663,0.005,10713.534181236193,12744.839409373644,10716.506192942412,1997.2463032265493,hurdle_cmp,9216.17059808857,9216.17059808857,8716.287878009643,shared binary core
Matched AI Lean root values,pair_606263d6,4441,4202,0.05381670794866021,2.0019038553069968,0.0028521582954650227,0.0023974121038665107,0.00047596382674916705,0.997144217039505,0.002379819133745835,3,1.5961792042525367,0.40524868722770657,0.005,9490.193920202815,11663.500557560581,9492.194448965776,179.3809914168669,33.75201746568112,False,cmp,9310.812928785948,2.21580507586529,11923.57920040797,11925.57920040797,1.8941679801846432,0.0,True,0.3811415730992604,0.005,11353.892459756842,13527.199097114608,11355.892988519803,2043.0795309708935,hurdle_cmp,9882.499669437077,9882.499669437077,9310.812928785948,all normalized constructors
Matched AI Lean root values,pair_606263d6,4441,4202,0.05381670794866021,2.0019038553069968,0.0028521582954650227,0.0023974121038665107,0.00047596382674916705,0.997144217039505,0.002379819133745835,3,1.5961792042525367,0.40524868722770657,0.005,9490.193920202815,11663.500557560581,9492.194448965776,179.3809914168669,33.75201746568112,False,cmp,9310.812928785948,2.21580507586529,11923.57920040797,11925.57920040797,1.8941679801846432,0.0,True,0.3811415730992604,0.005,11353.892459756842,13527.199097114608,11355.892988519803,2043.0795309708935,hurdle_cmp,9882.499669437077,9882.499669437077,9310.812928785948,shared binary core
Matched human Lean root values,pair_61c6d911,5887,5602,0.048411754713776116,2.0005355230274904,0.0016062822975575737,0.0013521657015146632,0.0005355230274901821,0.9983934309175294,0.0010710460549803642,3,1.5943430387457145,0.4056569612542818,0.005,12642.007903739446,15538.200102001094,12644.00884582128,149.2485674568452,35.43614933586358,False,cmp,12492.759336282601,2.2300534338240987,15761.09039889958,15763.09039889958,1.9036860879904876,0.0,True,0.3837810443658189,0.005,14925.949549477182,17822.141747738828,14927.950491559015,2433.1902131945803,hurdle_cmp,13329.900185704999,13329.900185704999,12492.759336282601,all normalized constructors
Matched human Lean root values,pair_61c6d911,5887,5602,0.048411754713776116,2.0005355230274904,0.0016062822975575737,0.0013521657015146632,0.0005355230274901821,0.9983934309175294,0.0010710460549803642,3,1.5943430387457145,0.4056569612542818,0.005,12642.007903739446,15538.200102001094,12644.00884582128,149.2485674568452,35.43614933586358,False,cmp,12492.759336282601,2.2300534338240987,15761.09039889958,15763.09039889958,1.9036860879904876,0.0,True,0.3837810443658189,0.005,14925.949549477182,17822.141747738828,14927.950491559015,2433.1902131945803,hurdle_cmp,13329.900185704999,13329.900185704999,12492.759336282601,shared binary core
Matched AI Lean root values,pair_61c6d911,2107,1894,0.10109159943046986,2.0021119324181624,0.004219404577786352,0.0035458727872744503,0.0010559662090813093,0.9957761351636748,0.0031678986272439284,3,1.5964583714954979,0.4045975947135796,0.005,4280.075230726473,5258.823997956561,4282.076118952293,116.43560443658498,31.074241057464736,False,cmp,4163.639626289888,2.1983313760770264,5765.478117158485,5767.478117158485,1.7997152349311818,0.0,True,0.3608808044841988,0.005,5662.054306955173,6640.803074185261,5664.055195180993,1498.4146806652852,hurdle_cmp,4269.063436493199,4269.063436493199,4163.639626289888,all normalized constructors
Matched AI Lean root values,pair_61c6d911,2107,1894,0.10109159943046986,2.0021119324181624,0.004219404577786352,0.0035458727872744503,0.0010559662090813093,0.9957761351636748,0.0031678986272439284,3,1.5964583714954979,0.4045975947135796,0.005,4280.075230726473,5258.823997956561,4282.076118952293,116.43560443658498,31.074241057464736,False,cmp,4163.639626289888,2.1983313760770264,5765.478117158485,5767.478117158485,1.7997152349311818,0.0,True,0.3608808044841988,0.005,5662.054306955173,6640.803074185261,5664.055195180993,1498.4146806652852,hurdle_cmp,4269.063436493199,4269.063436493199,4163.639626289888,shared binary core
Matched human Lean root values,pair_62b6e279,181,134,0.2596685082872928,1.992537313432836,0.007406994876364451,0.006289312687448417,0.007462686567164179,0.9925373134328358,0.0,2,1.5835984356637263,0.40147619120194156,0.005,303.7398236443137,372.1368490919025,305.74760807804745,15.788198279900826,398.6946054709161,False,cmp,287.95162536441285,2.1488927266000957,512.7837811391632,513.0608080149528,1.5835984356637263,0.06848978356770687,False,0.2972254675196695,0.005,513.0608080149528,581.4578334625417,515.0685924486866,225.10918265054,hurdle_cmp,287.95162536441285,287.95162536441285,287.95162536441285,all normalized constructors
Matched human Lean root values,pair_62b6e279,181,134,0.2596685082872928,1.992537313432836,0.007406994876364451,0.006289312687448417,0.007462686567164179,0.9925373134328358,0.0,2,1.5835984356637263,0.40147619120194156,0.005,303.7398236443137,372.1368490919025,305.74760807804745,15.788198279900826,398.6946054709161,False,cmp,287.95162536441285,2.1488927266000957,512.7837811391632,513.0608080149528,1.5835984356637263,0.06848978356770687,False,0.2972254675196695,0.005,513.0608080149528,581.4578334625417,515.0685924486866,225.10918265054,hurdle_cmp,287.95162536441285,287.95162536441285,287.95162536441285,shared binary core
Matched AI Lean root values,pair_62b6e279,7307,6763,0.07444915834131655,1.9998521366257578,0.0004435682591491582,0.0003736697701878401,0.0002957267484844004,0.9995564098772733,0.0001478633742422002,3,1.5934257820140254,0.4061306278632439,0.005,15254.45577212076,18751.63116020937,15256.457727406196,60.141411459073424,41.79016559371257,False,cmp,15194.314360661687,2.246682590664156,19772.058186579205,19774.058186579205,1.8509648282468865,0.0,True,0.3731224600326758,0.005,19129.142227139713,22626.317615228323,19131.14418242515,3934.8278664780273,hurdle_cmp,15839.230320101178,15839.230320101178,15194.314360661687,all normalized constructors
Matched AI Lean root values,pair_62b6e279,7307,6763,0.07444915834131655,1.9998521366257578,0.0004435682591491582,0.0003736697701878401,0.0002957267484844004,0.9995564098772733,0.0001478633742422002,3,1.5934257820140254,0.4061306278632439,0.005,15254.45577212076,18751.63116020937,15256.457727406196,60.141411459073424,41.79016559371257,False,cmp,15194.314360661687,2.246682590664156,19772.058186579205,19774.058186579205,1.8509648282468865,0.0,True,0.3731224600326758,0.005,19129.142227139713,22626.317615228323,19131.14418242515,3934.8278664780273,hurdle_cmp,15839.230320101178,15839.230320101178,15194.314360661687,shared binary core
Matched human Lean root values,pair_6357c298,2120,1889,0.1089622641509434,2.0,0.0010587612493382743,0.0008917772744554486,0.0005293806246691371,0.9989412387506618,0.0005293806246691371,3,1.5936242600400345,0.40584635933529223,0.005,4262.934464558928,5239.420096310947,4264.935112111147,38.173093225224875,37.20551845421386,False,cmp,4224.761371333703,2.236506813834676,5811.825269304071,5813.825269304071,1.7820754716981133,0.0,True,0.3587573639132068,0.005,5724.936847781243,6701.422479533262,5726.937495333462,1500.1754764475397,hurdle_cmp,4313.649792856531,4313.649792856531,4224.761371333703,all normalized constructors
Matched human Lean root values,pair_6357c298,2120,1889,0.1089622641509434,2.0,0.0010587612493382743,0.0008917772744554486,0.0005293806246691371,0.9989412387506618,0.0005293806246691371,3,1.5936242600400345,0.40584635933529223,0.005,4262.934464558928,5239.420096310947,4264.935112111147,38.173093225224875,37.20551845421386,False,cmp,4224.761371333703,2.236506813834676,5811.825269304071,5813.825269304071,1.7820754716981133,0.0,True,0.3587573639132068,0.005,5724.936847781243,6701.422479533262,5726.937495333462,1500.1754764475397,hurdle_cmp,4313.649792856531,4313.649792856531,4224.761371333703,shared binary core
Matched AI Lean root values,pair_6357c298,1438,1281,0.10917941585535466,1.9992193598750976,0.0007800307258978123,0.0006575597439484927,0.00078064012490242,0.9992193598750976,0.0,2,1.5925763237135566,0.4058623960366344,0.005,2890.490674410168,3552.299468355558,2892.5666083402903,20.310011760448106,375.20736707236335,False,cmp,2870.18066264972,2.240578190983388,3942.322407794733,3944.322407794733,1.7809457579972183,0.0,True,0.35865538833198424,0.005,3884.1247221674994,4545.933516112889,3886.2006560976215,1013.9440595177791,hurdle_cmp,2930.378348276954,2930.378348276954,2870.18066264972,all normalized constructors
Matched AI Lean root values,pair_6357c298,1438,1281,0.10917941585535466,1.9992193598750976,0.0007800307258978123,0.0006575597439484927,0.00078064012490242,0.9992193598750976,0.0,2,1.5925763237135566,0.4058623960366344,0.005,2890.490674410168,3552.299468355558,2892.5666083402903,20.310011760448106,375.20736707236335,False,cmp,2870.18066264972,2.240578190983388,3942.322407794733,3944.322407794733,1.7809457579972183,0.0,True,0.35865538833198424,0.005,3884.1247221674994,4545.933516112889,3886.2006560976215,1013.9440595177791,hurdle_cmp,2930.378348276954,2930.378348276954,2870.18066264972,shared binary core
Matched human Lean root values,pair_6369b437,776,689,0.11211340206185567,2.0029027576197387,0.008699846857417304,0.00730490857755038,0.002902757619738752,0.9912917271407837,0.005805515239477504,3,1.5975192604469395,0.4024807395530564,0.005,1559.9986864671137,1915.0833197937097,1562.0230789083407,80.5075691421298,27.064124245715806,False,cmp,1479.4911173249839,2.147302057075448,2134.279052406943,2136.279052406943,1.7783505154639174,0.0,True,0.3546186421819897,0.005,2106.6129136887503,2461.697547015346,2108.6373061299773,627.1217963637662,hurdle_cmp,1509.1572560431766,1509.1572560431766,1479.491117324984,all normalized constructors
Matched human Lean root values,pair_6369b437,776,689,0.11211340206185567,2.0029027576197387,0.008699846857417304,0.00730490857755038,0.002902757619738752,0.9912917271407837,0.005805515239477504,3,1.5975192604469395,0.4024807395530564,0.005,1559.9986864671137,1915.0833197937097,1562.0230789083407,80.5075691421298,27.064124245715806,False,cmp,1479.4911173249839,2.147302057075448,2134.279052406943,2136.279052406943,1.7783505154639174,0.0,True,0.3546186421819897,0.005,2106.6129136887503,2461.697547015346,2108.6373061299773,627.1217963637662,hurdle_cmp,1509.1572560431766,1509.1572560431766,1479.491117324984,shared binary core
Matched AI Lean root values,pair_6369b437,720,636,0.11666666666666667,2.0,0.006289308176100629,0.005297381356749504,0.0031446540880503146,0.9937106918238994,0.0031446540880503146,3,1.5936242600400345,0.40323108587191103,0.005,1437.9461419792642,1765.3664273445008,1439.9534678343982,58.07120451390074,28.390824260880326,False,cmp,1379.8749374653635,2.1696146815493136,1981.5285849766085,1983.5285849766085,1.7666666666666666,0.0,True,0.3533836276397742,0.005,1958.6780924994976,2286.098377864734,1960.6854183546316,578.8031550341341,hurdle_cmp,1404.7254299424744,1404.7254299424744,1379.8749374653635,all normalized constructors
Matched AI Lean root values,pair_6369b437,720,636,0.11666666666666667,2.0,0.006289308176100629,0.005297381356749504,0.0031446540880503146,0.9937106918238994,0.0031446540880503146,3,1.5936242600400345,0.40323108587191103,0.005,1437.9461419792642,1765.3664273445008,1439.9534678343982,58.07120451390074,28.390824260880326,False,cmp,1379.8749374653635,2.1696146815493136,1981.5285849766085,1983.5285849766085,1.7666666666666666,0.0,True,0.3533836276397742,0.005,1958.6780924994976,2286.098377864734,1960.6854183546316,578.8031550341341,hurdle_cmp,1404.7254299424744,1404.7254299424744,1379.8749374653635,shared binary core
Matched human Lean root values,pair_659419e1,12902,12645,0.019919392342272517,2.0001581652827203,0.0006326361146251133,0.0005327683262339569,0.00023724792408066428,0.9993673388691182,0.00039541320680110717,3,1.5938365587769585,0.40608435858167674,0.005,28524.306546657048,35064.1568232915,28526.31172247162,148.4291593800299,39.90670760857482,False,cmp,28375.877387277018,2.2440393346996457,34074.135543430086,34076.135543430086,1.960316230041854,0.0,True,0.39670171267364035,0.005,31048.00855672588,37587.85883336033,31050.01373254045,2672.1311694488627,hurdle_cmp,31404.004373981224,31404.004373981224,28375.877387277018,all normalized constructors
Matched human Lean root values,pair_659419e1,12902,12645,0.019919392342272517,2.0001581652827203,0.0006326361146251133,0.0005327683262339569,0.00023724792408066428,0.9993673388691182,0.00039541320680110717,3,1.5938365587769585,0.40608435858167674,0.005,28524.306546657048,35064.1568232915,28526.31172247162,148.4291593800299,39.90670760857482,False,cmp,28375.877387277018,2.2440393346996457,34074.135543430086,34076.135543430086,1.960316230041854,0.0,True,0.39670171267364035,0.005,31048.00855672588,37587.85883336033,31050.01373254045,2672.1311694488627,hurdle_cmp,31404.004373981224,31404.004373981224,28375.877387277018,shared binary core
Matched AI Lean root values,pair_659419e1,18510,18250,0.014046461372231226,2.001095890410959,0.0013138675173578532,0.0011053449532695452,0.00010958904109589041,0.9986849315068493,0.0012054794520547946,3,1.5950950670171382,0.40589123435272084,0.005,41186.79761942722,50629.459115195335,41188.79991585813,384.16214580112137,39.058602101709134,False,cmp,40802.6354736261,2.235760847869923,48753.18465793211,48755.18465793211,1.9729875742841707,0.0,True,0.39921217929551006,0.005,43923.128401521324,53365.78989728944,43925.130697952234,3120.4929278952245,hurdle_cmp,45634.69173003689,45634.69173003689,40802.6354736261,all normalized constructors
Matched AI Lean root values,pair_659419e1,18510,18250,0.014046461372231226,2.001095890410959,0.0013138675173578532,0.0011053449532695452,0.00010958904109589041,0.9986849315068493,0.0012054794520547946,3,1.5950950670171382,0.40589123435272084,0.005,41186.79761942722,50629.459115195335,41188.79991585813,384.16214580112137,39.058602101709134,False,cmp,40802.6354736261,2.235760847869923,48753.18465793211,48755.18465793211,1.9729875742841707,0.0,True,0.39921217929551006,0.005,43923.128401521324,53365.78989728944,43925.130697952234,3120.4929278952245,hurdle_cmp,45634.69173003689,45634.69173003689,40802.6354736261,shared binary core
Matched human Lean root values,pair_665c7b43,2991,2805,0.062186559679037114,2.0010695187165775,0.0024943998017291514,0.002098575686255408,0.00071301247771836,0.9975044563279858,0.0017825311942959,3,1.5950596776983004,0.40529682854055454,0.005,6333.326103767267,7783.2686455452385,6335.364006304515,110.26377342594787,33.4695290875577,False,cmp,6223.0623303413195,2.218560545576228,8058.254169944401,8060.254169944401,1.876629889669007,0.0,True,0.37757181617113406,0.005,7728.785189132676,9178.727730910647,7730.823091669924,1505.7228587913567,hurdle_cmp,6554.531311153044,6554.531311153044,6223.0623303413195,all normalized constructors
Matched human Lean root values,pair_665c7b43,2991,2805,0.062186559679037114,2.0010695187165775,0.0024943998017291514,0.002098575686255408,0.00071301247771836,0.9975044563279858,0.0017825311942959,3,1.5950596776983004,0.40529682854055454,0.005,6333.326103767267,7783.2686455452385,6335.364006304515,110.26377342594787,33.4695290875577,False,cmp,6223.0623303413195,2.218560545576228,8058.254169944401,8060.254169944401,1.876629889669007,0.0,True,0.37757181617113406,0.005,7728.785189132676,9178.727730910647,7730.823091669924,1505.7228587913567,hurdle_cmp,6554.531311153044,6554.531311153044,6223.0623303413195,shared binary core
Matched AI Lean root values,pair_665c7b43,2812,2636,0.06258890469416785,2.001517450682853,0.0030325987091307243,0.0025501419952724228,0.0007587253414264037,0.9969650986342944,0.002276176024279211,3,1.5956607473487296,0.40509797799269304,0.005,5953.455559481808,7316.086016667798,5955.504038239531,121.73428241105285,32.710689416918015,False,cmp,5831.721277070756,2.212337358524566,7578.60179756684,7580.60179756684,1.87624466571835,0.0,True,0.3772375994962833,0.005,7271.653493988542,8634.283951174531,7273.701972746265,1439.9322169177863,hurdle_cmp,6140.669580649053,6140.669580649053,5831.721277070756,all normalized constructors
Matched AI Lean root values,pair_665c7b43,2812,2636,0.06258890469416785,2.001517450682853,0.0030325987091307243,0.0025501419952724228,0.0007587253414264037,0.9969650986342944,0.002276176024279211,3,1.5956607473487296,0.40509797799269304,0.005,5953.455559481808,7316.086016667798,5955.504038239531,121.73428241105285,32.710689416918015,False,cmp,5831.721277070756,2.212337358524566,7578.60179756684,7580.60179756684,1.87624466571835,0.0,True,0.3772375994962833,0.005,7271.653493988542,8634.283951174531,7273.701972746265,1439.9322169177863,hurdle_cmp,6140.669580649053,6140.669580649053,5831.721277070756,shared binary core
Matched human Lean root values,pair_66b87803,12759,12306,0.03550434987067952,2.0012189176011703,0.0017049988815197828,0.0014342105120535513,0.00024378352023403217,0.9982935153583617,0.0014627011214041932,3,1.5952601596451128,0.4057149744358192,0.005,27776.21715280758,34142.262094985184,27778.264521342906,330.86846135999076,36.60798025497668,False,cmp,27445.34869144759,2.2302412393505273,33961.379159351025,33963.379159351025,1.9301669409828357,0.0,True,0.3894979792394949,0.005,31692.258538116675,38058.30348029428,31694.305906652,4246.909846669085,hurdle_cmp,29716.46931268194,29716.46931268194,27445.34869144759,all normalized constructors
Matched human Lean root values,pair_66b87803,12759,12306,0.03550434987067952,2.0012189176011703,0.0017049988815197828,0.0014342105120535513,0.00024378352023403217,0.9982935153583617,0.0014627011214041932,3,1.5952601596451128,0.4057149744358192,0.005,27776.21715280758,34142.262094985184,27778.264521342906,330.86846135999076,36.60798025497668,False,cmp,27445.34869144759,2.2302412393505273,33961.379159351025,33963.379159351025,1.9301669409828357,0.0,True,0.3894979792394949,0.005,31692.258538116675,38058.30348029428,31694.305906652,4246.909846669085,hurdle_cmp,29716.46931268194,29716.46931268194,27445.34869144759,shared binary core
Matched AI Lean root values,pair_66b87803,25006,24674,0.013276813564744461,2.000202642457648,0.00044577234285935645,0.00037538485351473364,0.00012158547458863581,0.999554186593175,0.00032422793223636217,3,1.5938962572376287,0.4061847997454264,0.005,55656.22544068902,68419.78509779513,55658.238807877875,208.6294743642211,42.04581072159082,False,cmp,55447.5959663248,2.247207423454843,65818.33844570196,65820.33844570196,1.9736463248820284,0.0,True,0.39978922263497446,0.005,59187.43067488956,71950.99033199568,59189.444042078416,3739.8347085647642,hurdle_cmp,62080.503737137195,62080.503737137195,55447.5959663248,all normalized constructors
Matched AI Lean root values,pair_66b87803,25006,24674,0.013276813564744461,2.000202642457648,0.00044577234285935645,0.00037538485351473364,0.00012158547458863581,0.999554186593175,0.00032422793223636217,3,1.5938962572376287,0.4061847997454264,0.005,55656.22544068902,68419.78509779513,55658.238807877875,208.6294743642211,42.04581072159082,False,cmp,55447.5959663248,2.247207423454843,65818.33844570196,65820.33844570196,1.9736463248820284,0.0,True,0.39978922263497446,0.005,59187.43067488956,71950.99033199568,59189.444042078416,3739.8347085647642,hurdle_cmp,62080.503737137195,62080.503737137195,55447.5959663248,shared binary core
Matched human Lean root values,pair_677749e1,1662,1485,0.10649819494584838,2.0,0.0026936026936026937,0.002268777469961404,0.0013468013468013469,0.9973063973063973,0.0013468013468013469,3,1.5936242600400345,0.40502893861316,0.005,3352.6337442328177,4119.294252526075,3354.634318760586,64.86939932539826,32.59134781155533,False,cmp,3287.7643449074194,2.21398272384338,4553.85986379024,4555.85986379024,1.7870036101083033,0.0,True,0.359013398147474,0.005,4481.904353009154,5248.564861302411,4483.9049275369225,1194.1400081017346,hurdle_cmp,3361.719855688505,3361.719855688505,3287.7643449074194,all normalized constructors
Matched human Lean root values,pair_677749e1,1662,1485,0.10649819494584838,2.0,0.0026936026936026937,0.002268777469961404,0.0013468013468013469,0.9973063973063973,0.0013468013468013469,3,1.5936242600400345,0.40502893861316,0.005,3352.6337442328177,4119.294252526075,3354.634318760586,64.86939932539826,32.59134781155533,False,cmp,3287.7643449074194,2.21398272384338,4553.85986379024,4555.85986379024,1.7870036101083033,0.0,True,0.359013398147474,0.005,4481.904353009154,5248.564861302411,4483.9049275369225,1194.1400081017346,hurdle_cmp,3361.719855688505,3361.719855688505,3287.7643449074194,shared binary core
Matched AI Lean root values,pair_677749e1,1639,1462,0.10799267846247712,2.0,0.0027359781121751026,0.0023044695915818638,0.0013679890560875513,0.9972640218878249,0.0013679890560875513,3,1.5936242600400345,0.4050077509038738,0.005,3300.7635265039225,4055.52471191456,3302.7639578251296,64.74435424669355,32.51416786321537,False,cmp,3236.019172257229,2.213419406468693,4493.174432437803,4495.174432437803,1.7840146430750459,0.0,True,0.3583970760020766,0.005,4424.815904029429,5179.577089440066,4426.816335350635,1188.7967317721993,hurdle_cmp,3306.3777006656037,3306.3777006656037,3236.019172257229,all normalized constructors
Matched AI Lean root values,pair_677749e1,1639,1462,0.10799267846247712,2.0,0.0027359781121751026,0.0023044695915818638,0.0013679890560875513,0.9972640218878249,0.0013679890560875513,3,1.5936242600400345,0.4050077509038738,0.005,3300.7635265039225,4055.52471191456,3302.7639578251296,64.74435424669355,32.51416786321537,False,cmp,3236.019172257229,2.213419406468693,4493.174432437803,4495.174432437803,1.7840146430750459,0.0,True,0.3583970760020766,0.005,4424.815904029429,5179.577089440066,4426.816335350635,1188.7967317721993,hurdle_cmp,3306.3777006656037,3306.3777006656037,3236.019172257229,shared binary core
Matched human Lean root values,pair_6801c12d,3724,3464,0.06981740064446831,2.0043302540415704,0.005466237352591352,0.004582755693208869,0.0005773672055427252,0.9945150115473441,0.004907621247113164,3,1.5994337451146965,0.40431914172132705,0.005,7834.651114793354,9627.00934248959,7836.853167417367,252.50058357193484,31.477433766283177,False,cmp,7582.150531221419,2.1888425321078,10074.620177235978,10076.620177235978,1.864393125671321,0.0,True,0.37359852314488695,0.005,9722.234185086669,11514.592412782902,9724.43623771068,2140.0836538652484,hurdle_cmp,7936.53652337073,7936.53652337073,7582.15053122142,all normalized constructors
Matched human Lean root values,pair_6801c12d,3724,3464,0.06981740064446831,2.0043302540415704,0.005466237352591352,0.004582755693208869,0.0005773672055427252,0.9945150115473441,0.004907621247113164,3,1.5994337451146965,0.40431914172132705,0.005,7834.651114793354,9627.00934248959,7836.853167417367,252.50058357193484,31.477433766283177,False,cmp,7582.150531221419,2.1888425321078,10074.620177235978,10076.620177235978,1.864393125671321,0.0,True,0.37359852314488695,0.005,9722.234185086669,11514.592412782902,9724.43623771068,2140.0836538652484,hurdle_cmp,7936.53652337073,7936.53652337073,7582.15053122142,shared binary core
Matched AI Lean root values,pair_6801c12d,6118,5865,0.041353383458646614,2.00306905370844,0.004082652520587908,0.0034274259526231206,0.0005115089514066496,0.9959079283887468,0.0035805626598465474,3,1.5977423210517436,0.4048152237052856,0.005,13254.065484905295,16288.158575263273,13256.083051738442,333.92442537785973,32.56046455094696,False,cmp,12920.141059527436,2.2029226017949592,16340.686513299235,16342.686513299235,1.9202353710362863,0.0,True,0.3861823398699059,0.005,15363.36992641385,18397.463016771828,15365.387493246997,2443.2288668864153,hurdle_cmp,13899.45764641282,13899.45764641282,12920.141059527436,all normalized constructors
Matched AI Lean root values,pair_6801c12d,6118,5865,0.041353383458646614,2.00306905370844,0.004082652520587908,0.0034274259526231206,0.0005115089514066496,0.9959079283887468,0.0035805626598465474,3,1.5977423210517436,0.4048152237052856,0.005,13254.065484905295,16288.158575263273,13256.083051738442,333.92442537785973,32.56046455094696,False,cmp,12920.141059527436,2.2029226017949592,16340.686513299235,16342.686513299235,1.9202353710362863,0.0,True,0.3861823398699059,0.005,15363.36992641385,18397.463016771828,15365.387493246997,2443.2288668864153,hurdle_cmp,13899.45764641282,13899.45764641282,12920.141059527436,shared binary core
Matched human Lean root values,pair_68e74a3f,2148,1918,0.10707635009310987,1.9989572471324295,0.0020844184015979456,0.0017576446451870896,0.0015641293013555788,0.9979144942648592,0.0005213764337851929,3,1.5922244188703136,0.4051686989607563,0.005,4327.425740791808,5317.051537236795,4329.426061967864,65.87228453412536,34.56590033933106,False,cmp,4261.553456257682,2.2218735434085937,5884.330509675559,5886.330509675559,1.7849162011173185,0.0,True,0.35886691646331836,0.005,5791.606900187451,6781.232696632439,5793.607221363508,1530.0534439297692,hurdle_cmp,4356.27706574579,4356.27706574579,4261.553456257682,all normalized constructors
Matched human Lean root values,pair_68e74a3f,2148,1918,0.10707635009310987,1.9989572471324295,0.0020844184015979456,0.0017576446451870896,0.0015641293013555788,0.9979144942648592,0.0005213764337851929,3,1.5922244188703136,0.4051686989607563,0.005,4327.425740791808,5317.051537236795,4329.426061967864,65.87228453412536,34.56590033933106,False,cmp,4261.553456257682,2.2218735434085937,5884.330509675559,5886.330509675559,1.7849162011173185,0.0,True,0.35886691646331836,0.005,5791.606900187451,6781.232696632439,5793.607221363508,1530.0534439297692,hurdle_cmp,4356.27706574579,4356.27706574579,4261.553456257682,shared binary core
Matched AI Lean root values,pair_68e74a3f,2290,2065,0.0982532751091703,2.0004842615012106,0.0033895959992730207,0.0028535135303177526,0.0014527845036319612,0.9966101694915255,0.001937046004842615,3,1.594274239456362,0.40475723754121234,0.005,4662.741047060658,5728.781763714129,4664.7470532578955,107.15461458449136,31.504739096286613,False,cmp,4555.586432476167,2.206095124685795,6257.014809148425,6259.014809148425,1.8039301310043667,0.0,True,0.36210522653960736,0.005,6135.965230977916,7202.005947631387,6137.971237175154,1580.3787985017493,hurdle_cmp,4678.636010646676,4678.636010646676,4555.586432476166,all normalized constructors
Matched AI Lean root values,pair_68e74a3f,2290,2065,0.0982532751091703,2.0004842615012106,0.0033895959992730207,0.0028535135303177526,0.0014527845036319612,0.9966101694915255,0.001937046004842615,3,1.594274239456362,0.40475723754121234,0.005,4662.741047060658,5728.781763714129,4664.7470532578955,107.15461458449136,31.504739096286613,False,cmp,4555.586432476167,2.206095124685795,6257.014809148425,6259.014809148425,1.8039301310043667,0.0,True,0.36210522653960736,0.005,6135.965230977916,7202.005947631387,6137.971237175154,1580.3787985017493,hurdle_cmp,4678.636010646676,4678.636010646676,4555.586432476166,shared binary core
Matched human Lean root values,pair_6920c5e4,5948,5680,0.04505716207128446,2.0012323943661974,0.0015829882463796864,0.0013315583425870848,0.00017605633802816902,0.9984154929577465,0.0014084507042253522,3,1.595278244094625,0.40577809393354014,0.005,12821.348639832942,15760.003692125498,12823.44135583362,144.31938490987523,37.50469278819385,False,cmp,12677.029254923067,2.231871347697723,15902.45485326563,15904.45485326563,1.9110625420309348,0.0,True,0.3853881927306457,0.005,15008.59306416671,17947.248116459265,15010.685780167387,2331.5638092436416,hurdle_cmp,13572.891044021988,13572.891044021988,12677.029254923067,all normalized constructors
Matched human Lean root values,pair_6920c5e4,5948,5680,0.04505716207128446,2.0012323943661974,0.0015829882463796864,0.0013315583425870848,0.00017605633802816902,0.9984154929577465,0.0014084507042253522,3,1.595278244094625,0.40577809393354014,0.005,12821.348639832942,15760.003692125498,12823.44135583362,144.31938490987523,37.50469278819385,False,cmp,12677.029254923067,2.231871347697723,15902.45485326563,15904.45485326563,1.9110625420309348,0.0,True,0.3853881927306457,0.005,15008.59306416671,17947.248116459265,15010.685780167387,2331.5638092436416,hurdle_cmp,13572.891044021988,13572.891044021988,12677.029254923067,shared binary core
Matched AI Lean root values,pair_6920c5e4,14205,13934,0.019077789510735656,2.0022965408353666,0.002434800537768643,0.0020457344105952262,7.176690110521028e-05,0.9975599253624229,0.002368307736471939,3,1.596706040525427,0.40551873340883027,0.005,31467.566611888367,38679.57597272794,31469.74150376195,490.00940126972273,38.431838867910635,False,cmp,30977.557210618645,2.223163284815462,37522.924562054315,37524.924562054315,1.9640971488912355,0.0,True,0.39666272258015034,0.005,34152.266252357935,41364.275613197504,34154.44114423152,3174.7090417392865,hurdle_cmp,34350.21552031503,34350.21552031503,30977.55721061865,all normalized constructors
Matched AI Lean root values,pair_6920c5e4,14205,13934,0.019077789510735656,2.0022965408353666,0.002434800537768643,0.0020457344105952262,7.176690110521028e-05,0.9975599253624229,0.002368307736471939,3,1.596706040525427,0.40551873340883027,0.005,31467.566611888367,38679.57597272794,31469.74150376195,490.00940126972273,38.431838867910635,False,cmp,30977.557210618645,2.223163284815462,37522.924562054315,37524.924562054315,1.9640971488912355,0.0,True,0.39666272258015034,0.005,34152.266252357935,41364.275613197504,34154.44114423152,3174.7090417392865,hurdle_cmp,34350.21552031503,34350.21552031503,30977.55721061865,shared binary core
Matched human Lean root values,pair_69286778,1345,1193,0.11301115241635688,2.0058675607711653,0.007509578436380424,0.006285484512187572,0.0008382229673093043,0.9924559932942163,0.006705783738474434,3,1.601494788419019,0.4035345493848331,0.005,2702.1184695189086,3319.3819297412265,2704.1189077503964,116.17696406810137,29.777803619869324,False,cmp,2585.941505450807,2.167595561987265,3700.5686080281307,3702.5686080281307,1.779182156133829,0.0,True,0.3553049435742328,0.005,3653.05614363269,4270.319603855008,3655.056581864178,1067.1146381818828,hurdle_cmp,2635.4539698462477,2635.4539698462477,2585.941505450807,all normalized constructors
Matched human Lean root values,pair_69286778,1345,1193,0.11301115241635688,2.0058675607711653,0.007509578436380424,0.006285484512187572,0.0008382229673093043,0.9924559932942163,0.006705783738474434,3,1.601494788419019,0.4035345493848331,0.005,2702.1184695189086,3319.3819297412265,2704.1189077503964,116.17696406810137,29.777803619869324,False,cmp,2585.941505450807,2.167595561987265,3700.5686080281307,3702.5686080281307,1.779182156133829,0.0,True,0.3553049435742328,0.005,3653.05614363269,4270.319603855008,3655.056581864178,1067.1146381818828,hurdle_cmp,2635.4539698462477,2635.4539698462477,2585.941505450807,shared binary core
Matched AI Lean root values,pair_69286778,2504,2330,0.0694888178913738,2.003004291845494,0.0038536351747131092,0.0032353885602369424,0.00042918454935622315,0.996137339055794,0.0034334763948497852,3,1.5976554540121208,0.4049196532840129,0.005,5266.328235050443,6471.82528409254,5268.360090439069,128.25935441505862,33.09793996614949,False,cmp,5138.068880635385,2.2051797770967316,6770.656817512715,6772.656817512715,1.863817891373802,0.0,True,0.3742310452469858,0.005,6531.920082913075,7737.4171319551715,6533.9519383017005,1393.8512022776906,hurdle_cmp,5378.805615235025,5378.805615235025,5138.068880635385,all normalized constructors
Matched AI Lean root values,pair_69286778,2504,2330,0.0694888178913738,2.003004291845494,0.0038536351747131092,0.0032353885602369424,0.00042918454935622315,0.996137339055794,0.0034334763948497852,3,1.5976554540121208,0.4049196532840129,0.005,5266.328235050443,6471.82528409254,5268.360090439069,128.25935441505862,33.09793996614949,False,cmp,5138.068880635385,2.2051797770967316,6770.656817512715,6772.656817512715,1.863817891373802,0.0,True,0.3742310452469858,0.005,6531.920082913075,7737.4171319551715,6533.9519383017005,1393.8512022776906,hurdle_cmp,5378.805615235025,5378.805615235025,5138.068880635385,shared binary core
Matched human Lean root values,pair_6ba505c0,11414,11050,0.03189066059225513,2.0020814479638007,0.0026201019635142607,0.0022019345001227024,0.0002714932126696833,0.9973755656108597,0.002352941176470588,3,1.5964174727907916,0.40539248196033517,0.005,24953.748943328552,30670.966239284997,24955.829384787794,425.90190698741935,35.165520225054024,False,cmp,24527.847036341132,2.2197146639222742,30338.531229589033,30340.531229589033,1.9382337480287366,0.0,True,0.3908287330610764,0.005,28180.297175819043,33897.51447177549,28182.377617278285,3652.450139477911,hurdle_cmp,26688.08109011112,26688.08109011112,24527.847036341132,all normalized constructors
Matched human Lean root values,pair_6ba505c0,11414,11050,0.03189066059225513,2.0020814479638007,0.0026201019635142607,0.0022019345001227024,0.0002714932126696833,0.9973755656108597,0.002352941176470588,3,1.5964174727907916,0.40539248196033517,0.005,24953.748943328552,30670.966239284997,24955.829384787794,425.90190698741935,35.165520225054024,False,cmp,24527.847036341132,2.2197146639222742,30338.531229589033,30340.531229589033,1.9382337480287366,0.0,True,0.3908287330610764,0.005,28180.297175819043,33897.51447177549,28182.377617278285,3652.450139477911,hurdle_cmp,26688.08109011112,26688.08109011112,24527.847036341132,shared binary core
Matched AI Lean root values,pair_6ba505c0,10359,10069,0.027994980210445025,2.0034760154930975,0.003861191722886244,0.0032400923665553585,0.00019862945674843578,0.9961267255934055,0.003674644949846062,3,1.5982881610820914,0.40498922495425355,0.005,22755.680848335047,27967.65542211001,22757.805107132364,530.8111455021426,34.83055844820329,False,cmp,22224.869702832904,2.2072568976892346,27494.942537832052,27496.942537832052,1.947388744087267,0.0,True,0.3922453752462419,0.005,25403.408902569452,30615.383476344414,25405.53316136677,3178.5391997365464,hurdle_cmp,24318.403338095504,24318.403338095504,22224.869702832904,all normalized constructors
Matched AI Lean root values,pair_6ba505c0,10359,10069,0.027994980210445025,2.0034760154930975,0.003861191722886244,0.0032400923665553585,0.00019862945674843578,0.9961267255934055,0.003674644949846062,3,1.5982881610820914,0.40498922495425355,0.005,22755.680848335047,27967.65542211001,22757.805107132364,530.8111455021426,34.83055844820329,False,cmp,22224.869702832904,2.2072568976892346,27494.942537832052,27496.942537832052,1.947388744087267,0.0,True,0.3922453752462419,0.005,25403.408902569452,30615.383476344414,25405.53316136677,3178.5391997365464,hurdle_cmp,24318.403338095504,24318.403338095504,22224.869702832904,shared binary core
Matched human Lean root values,pair_6bcfd203,968,802,0.17148760330578514,2.0,0.0024937655860349127,0.0021004579444468107,0.0012468827930174563,0.9975062344139651,0.0012468827930174563,3,1.5936242600400345,0.4051288571669439,0.005,1811.502870154202,2225.6161552363046,1813.503044665572,34.74344293936156,32.972600969394975,False,cmp,1776.7594272148403,2.215410757125736,2702.502974545545,2704.502974545545,1.6570247933884297,0.0,True,0.3341886476118613,0.005,2700.6500383693933,3114.763323451496,2702.6502128807633,923.890611154553,hurdle_cmp,1780.612363390992,1780.612363390992,1776.7594272148403,all normalized constructors
Matched human Lean root values,pair_6bcfd203,968,802,0.17148760330578514,2.0,0.0024937655860349127,0.0021004579444468107,0.0012468827930174563,0.9975062344139651,0.0012468827930174563,3,1.5936242600400345,0.4051288571669439,0.005,1811.502870154202,2225.6161552363046,1813.503044665572,34.74344293936156,32.972600969394975,False,cmp,1776.7594272148403,2.215410757125736,2702.502974545545,2704.502974545545,1.6570247933884297,0.0,True,0.3341886476118613,0.005,2700.6500383693933,3114.763323451496,2702.6502128807633,923.890611154553,hurdle_cmp,1780.612363390992,1780.612363390992,1776.7594272148403,shared binary core
Matched AI Lean root values,pair_6bcfd203,469,400,0.14712153518123666,2.0025,0.00249375,0.0020948063412523227,0.0,0.9975,0.0025,3,1.5969789871675866,0.4055210128324093,0.005,905.3538422038444,1112.4205348172572,907.3544844166099,17.98042700829683,130.1249010387666,False,cmp,887.3734151955475,2.2184335379888687,1303.2313668727204,1305.2313668727204,1.7078891257995736,0.0,True,0.3436779010627296,0.005,1299.1409036856471,1506.2075962990598,1301.1415458984125,411.7674884900995,hurdle_cmp,893.4638783826209,893.4638783826209,887.3734151955476,all normalized constructors
Matched AI Lean root values,pair_6bcfd203,469,400,0.14712153518123666,2.0025,0.00249375,0.0020948063412523227,0.0,0.9975,0.0025,3,1.5969789871675866,0.4055210128324093,0.005,905.3538422038444,1112.4205348172572,907.3544844166099,17.98042700829683,130.1249010387666,False,cmp,887.3734151955475,2.2184335379888687,1303.2313668727204,1305.2313668727204,1.7078891257995736,0.0,True,0.3436779010627296,0.005,1299.1409036856471,1506.2075962990598,1301.1415458984125,411.7674884900995,hurdle_cmp,893.4638783826209,893.4638783826209,887.3734151955476,shared binary core
Matched human Lean root values,pair_6d3a0d6c,71,47,0.3380281690140845,2.106382978723404,0.09506564056133997,0.0718293262442183,0.0,0.8936170212765957,0.10638297872340426,3,1.7347081371454454,0.3716748415779529,0.005,113.88985682648237,138.99050903343488,115.88986296565935,35.85525153348863,47.947566339571765,False,cmp,78.03460529299375,1.6603107509147605,210.3188431868476,206.72994094890225,1.7347081371454454,0.19619550555772539,False,0.2460382754107575,0.005,206.72994094890225,231.83059315585479,208.72994708807926,128.69533565590854,hurdle_cmp,78.03460529299372,78.03460529299372,78.03460529299372,all normalized constructors
Matched human Lean root values,pair_6d3a0d6c,71,47,0.3380281690140845,2.106382978723404,0.09506564056133997,0.0718293262442183,0.0,0.8936170212765957,0.10638297872340426,3,1.7347081371454454,0.3716748415779529,0.005,113.88985682648237,138.99050903343488,115.88986296565935,35.85525153348863,47.947566339571765,False,cmp,78.03460529299375,1.6603107509147605,210.3188431868476,206.72994094890225,1.7347081371454454,0.19619550555772539,False,0.2460382754107575,0.005,206.72994094890225,231.83059315585479,208.72994708807926,128.69533565590854,hurdle_cmp,78.03460529299372,78.03460529299372,78.03460529299372,shared binary core
Matched AI Lean root values,pair_6d3a0d6c,95,66,0.30526315789473685,2.0303030303030303,0.02938475665748393,0.023967874007871447,0.0,0.9696969696969697,0.030303030303030304,3,1.6341567177515497,0.39614631255147625,0.005,153.3248773681493,187.73359253540553,155.3248850012615,21.924802555218776,118.20814445237262,False,cmp,131.4000748129305,1.9909102244383412,273.70781755068595,272.2239026855484,1.6341567177515497,0.13684758599516333,False,0.27521743819365724,0.005,272.2239026855484,306.63261785280463,274.2239103186606,140.82382787261787,hurdle_cmp,131.40007481293054,131.40007481293054,131.40007481293054,all normalized constructors
Matched AI Lean root values,pair_6d3a0d6c,95,66,0.30526315789473685,2.0303030303030303,0.02938475665748393,0.023967874007871447,0.0,0.9696969696969697,0.030303030303030304,3,1.6341567177515497,0.39614631255147625,0.005,153.3248773681493,187.73359253540553,155.3248850012615,21.924802555218776,118.20814445237262,False,cmp,131.4000748129305,1.9909102244383412,273.70781755068595,272.2239026855484,1.6341567177515497,0.13684758599516333,False,0.27521743819365724,0.005,272.2239026855484,306.63261785280463,274.2239103186606,140.82382787261787,hurdle_cmp,131.40007481293054,131.40007481293054,131.40007481293054,shared binary core
Matched human Lean root values,pair_6d779213,2709,2457,0.09302325581395349,2.002035002035002,0.003658862429721201,0.003075062551328944,0.000814000814000814,0.9963369963369964,0.002849002849002849,3,1.5963551592130567,0.4048658420079407,0.005,5551.031700575766,6821.17688001406,5553.216840454358,132.47220058078528,31.980563090069733,False,cmp,5418.559499994981,2.205355921853879,7390.113444031298,7392.113444031298,1.815799187892211,0.0,True,0.36439101825703896,0.005,7229.77964031798,8499.924819756274,7231.964780196572,1811.2201403229992,hurdle_cmp,5580.893303708299,5580.893303708299,5418.559499994981,all normalized constructors
Matched human Lean root values,pair_6d779213,2709,2457,0.09302325581395349,2.002035002035002,0.003658862429721201,0.003075062551328944,0.000814000814000814,0.9963369963369964,0.002849002849002849,3,1.5963551592130567,0.4048658420079407,0.005,5551.031700575766,6821.17688001406,5553.216840454358,132.47220058078528,31.980563090069733,False,cmp,5418.559499994981,2.205355921853879,7390.113444031298,7392.113444031298,1.815799187892211,0.0,True,0.36439101825703896,0.005,7229.77964031798,8499.924819756274,7231.964780196572,1811.2201403229992,hurdle_cmp,5580.893303708299,5580.893303708299,5418.559499994981,shared binary core
Matched AI Lean root values,pair_6d779213,8102,7713,0.048012836336706985,2.004408142097757,0.004907315333680313,0.004113826127147046,0.000259302476338649,0.9950732529495657,0.004667444574095682,3,1.5995381862038753,0.4046106534175385,0.005,17441.077474021724,21434.036049243918,17443.08209646577,499.2768943463452,33.57811329038881,False,cmp,16941.80057967538,2.1965254219726926,21712.00946150779,21714.00946150779,1.9081708220192546,0.0,True,0.38317181432884334,0.005,20564.325372258452,24557.283947480646,20566.329994702497,3622.5247925830745,hurdle_cmp,18091.484668924717,18091.484668924717,16941.80057967538,all normalized constructors
Matched AI Lean root values,pair_6d779213,8102,7713,0.048012836336706985,2.004408142097757,0.004907315333680313,0.004113826127147046,0.000259302476338649,0.9950732529495657,0.004667444574095682,3,1.5995381862038753,0.4046106534175385,0.005,17441.077474021724,21434.036049243918,17443.08209646577,499.2768943463452,33.57811329038881,False,cmp,16941.80057967538,2.1965254219726926,21712.00946150779,21714.00946150779,1.9081708220192546,0.0,True,0.38317181432884334,0.005,20564.325372258452,24557.283947480646,20566.329994702497,3622.5247925830745,hurdle_cmp,18091.484668924717,18091.484668924717,16941.80057967538,shared binary core
Matched human Lean root values,pair_6e98ad25,675,563,0.16592592592592592,1.9982238010657194,0.0017730440516264998,0.0014962671243609039,0.0017761989342806395,0.9982238010657194,0.0,2,1.5912396008152065,0.4052080013162282,0.005,1271.2369512124078,1561.5802673708708,1273.2923481621287,18.664782004780136,376.8005227603369,False,cmp,1252.5721692076277,2.224817352056177,1881.7397774758995,1883.7397774758995,1.6666666666666667,0.0,True,0.33626086682609074,0.005,1879.8824754349305,2170.2257915933933,1881.9378723846514,627.3103062273028,hurdle_cmp,1256.4294712485967,1256.4294712485967,1252.5721692076277,all normalized constructors
Matched human Lean root values,pair_6e98ad25,675,563,0.16592592592592592,1.9982238010657194,0.0017730440516264998,0.0014962671243609039,0.0017761989342806395,0.9982238010657194,0.0,2,1.5912396008152065,0.4052080013162282,0.005,1271.2369512124078,1561.5802673708708,1273.2923481621287,18.664782004780136,376.8005227603369,False,cmp,1252.5721692076277,2.224817352056177,1881.7397774758995,1883.7397774758995,1.6666666666666667,0.0,True,0.33626086682609074,0.005,1879.8824754349305,2170.2257915933933,1881.9378723846514,627.3103062273028,hurdle_cmp,1256.4294712485967,1256.4294712485967,1252.5721692076277,shared binary core
Matched AI Lean root values,pair_6e98ad25,257,204,0.20622568093385213,1.9950980392156863,0.004877931564782775,0.0041303975622316615,0.004901960784313725,0.9950980392156863,0.0,2,1.5870406526018515,0.4031554258295172,0.005,461.607870164463,566.2193479708664,463.60791788825713,16.631329997471767,399.5009743252408,False,cmp,444.97654016699124,2.1812575498381923,723.1917554617744,725.1890774756407,1.5870406526018515,0.002131681408204701,False,0.32001442361564786,0.005,725.1890774756407,829.8005552820441,727.1891251994349,280.21253730864953,hurdle_cmp,444.9765401669912,444.9765401669912,444.9765401669912,all normalized constructors
Matched AI Lean root values,pair_6e98ad25,257,204,0.20622568093385213,1.9950980392156863,0.004877931564782775,0.0041303975622316615,0.004901960784313725,0.9950980392156863,0.0,2,1.5870406526018515,0.4031554258295172,0.005,461.607870164463,566.2193479708664,463.60791788825713,16.631329997471767,399.5009743252408,False,cmp,444.97654016699124,2.1812575498381923,723.1917554617744,725.1890774756407,1.5870406526018515,0.002131681408204701,False,0.32001442361564786,0.005,725.1890774756407,829.8005552820441,727.1891251994349,280.21253730864953,hurdle_cmp,444.9765401669912,444.9765401669912,444.9765401669912,shared binary core
Matched human Lean root values,pair_7007ed35,1467,1282,0.12610770279481937,2.000780031201248,0.0023394851550692297,0.001968856624890999,0.00078003120124805,0.9976599063962559,0.0015600624024961,3,1.5946711875002,0.40532881249979585,0.005,2895.276307979017,3557.8446464089616,2897.2980869232174,50.157445738470415,33.577535588907054,False,cmp,2845.1188622405466,2.2192814838069785,4045.9065611097662,4047.9065611097662,1.7484662576687116,0.0,True,0.3515555494948229,0.005,4009.0277532712475,4671.596091701193,4011.049532215448,1163.908891030701,hurdle_cmp,2883.9976700790653,2883.9976700790653,2845.1188622405466,all normalized constructors
Matched human Lean root values,pair_7007ed35,1467,1282,0.12610770279481937,2.000780031201248,0.0023394851550692297,0.001968856624890999,0.00078003120124805,0.9976599063962559,0.0015600624024961,3,1.5946711875002,0.40532881249979585,0.005,2895.276307979017,3557.8446464089616,2897.2980869232174,50.157445738470415,33.577535588907054,False,cmp,2845.1188622405466,2.2192814838069785,4045.9065611097662,4047.9065611097662,1.7484662576687116,0.0,True,0.3515555494948229,0.005,4009.0277532712475,4671.596091701193,4011.049532215448,1163.908891030701,hurdle_cmp,2883.9976700790653,2883.9976700790653,2845.1188622405466,shared binary core
Matched AI Lean root values,pair_7007ed35,1485,1301,0.12390572390572391,2.000768639508071,0.0023053277175187773,0.001940134290273665,0.0007686395080707148,0.9976940814757879,0.0015372790161414297,3,1.5946558993900393,0.405344100609957,0.005,2938.125627866506,3610.5238378229565,2940.3862436451286,50.24581945508544,33.65024608457671,False,cmp,2887.8798084114205,2.2197385153047047,4092.7103799476035,4094.7103799476035,1.752861952861953,0.0,True,0.35242942137151345,0.005,4052.7925001501567,4725.190710106607,4055.0531159287793,1164.9126917387362,hurdle_cmp,2929.7976882088674,2929.7976882088674,2887.8798084114205,all normalized constructors
Matched AI Lean root values,pair_7007ed35,1485,1301,0.12390572390572391,2.000768639508071,0.0023053277175187773,0.001940134290273665,0.0007686395080707148,0.9976940814757879,0.0015372790161414297,3,1.5946558993900393,0.405344100609957,0.005,2938.125627866506,3610.5238378229565,2940.3862436451286,50.24581945508544,33.65024608457671,False,cmp,2887.8798084114205,2.2197385153047047,4092.7103799476035,4094.7103799476035,1.752861952861953,0.0,True,0.35242942137151345,0.005,4052.7925001501567,4725.190710106607,4055.0531159287793,1164.9126917387362,hurdle_cmp,2929.7976882088674,2929.7976882088674,2887.8798084114205,shared binary core
Matched human Lean root values,pair_7187bdc5,4614,4337,0.0600346770697876,2.000691722388748,0.002074688686380852,0.0017461759187270547,0.0006917223887479825,0.9979248328337561,0.001383444777495965,3,1.5945526724567423,0.4054473275432538,0.005,9789.145534131481,12030.875134212423,9791.366451810489,144.63741068483796,34.171457098355695,False,cmp,9644.508123446643,2.2237740658166114,12416.931865322014,12418.931865322014,1.8805808409189424,0.0,True,0.3786080296182058,0.005,11886.482224710304,14128.211824791244,11888.70314238931,2241.9741012636596,hurdle_cmp,10176.957764058356,10176.957764058356,9644.508123446645,all normalized constructors
Matched human Lean root values,pair_7187bdc5,4614,4337,0.0600346770697876,2.000691722388748,0.002074688686380852,0.0017461759187270547,0.0006917223887479825,0.9979248328337561,0.001383444777495965,3,1.5945526724567423,0.4054473275432538,0.005,9789.145534131481,12030.875134212423,9791.366451810489,144.63741068483796,34.171457098355695,False,cmp,9644.508123446643,2.2237740658166114,12416.931865322014,12418.931865322014,1.8805808409189424,0.0,True,0.3786080296182058,0.005,11886.482224710304,14128.211824791244,11888.70314238931,2241.9741012636596,hurdle_cmp,10176.957764058356,10176.957764058356,9644.508123446645,shared binary core
Matched AI Lean root values,pair_7187bdc5,5276,4937,0.06425322213798332,2.0012153129430827,0.002429148900616063,0.0020433587550612747,0.0006076564715414219,0.9975693741138343,0.0018229694146242657,3,1.5952553225505004,0.4053523339210369,0.005,11146.072865836748,13698.584644139599,11148.126845681098,185.93740998965222,33.80897386331309,False,cmp,10960.135455847096,2.219999079572027,14225.42848732453,14227.42848732453,1.8726307808946172,0.0,True,0.3767553181134562,0.005,13664.866983874981,16217.378762177832,13666.92096371933,2704.7315280278845,hurdle_cmp,11522.696959296645,11522.696959296645,10960.135455847096,all normalized constructors
Matched AI Lean root values,pair_7187bdc5,5276,4937,0.06425322213798332,2.0012153129430827,0.002429148900616063,0.0020433587550612747,0.0006076564715414219,0.9975693741138343,0.0018229694146242657,3,1.5952553225505004,0.4053523339210369,0.005,11146.072865836748,13698.584644139599,11148.126845681098,185.93740998965222,33.80897386331309,False,cmp,10960.135455847096,2.219999079572027,14225.42848732453,14227.42848732453,1.8726307808946172,0.0,True,0.3767553181134562,0.005,13664.866983874981,16217.378762177832,13666.92096371933,2704.7315280278845,hurdle_cmp,11522.696959296645,11522.696959296645,10960.135455847096,shared binary core
Matched human Lean root values,pair_71cf0c00,2716,2468,0.09131075110456553,1.9991896272285252,0.0008097160674461304,0.0006826061204757457,0.0008103727714748784,0.9991896272285251,0.0,2,1.5925364066261671,0.4058428478308792,0.005,5566.989974073941,6841.975567064262,5569.126352939057,36.470443634549156,374.48099237813557,False,cmp,5530.519530439392,2.2408912197890567,7397.506465124712,7399.506465124712,1.816642120765832,0.0,True,0.36585643283299885,0.005,7228.791781993419,8503.77737498374,7230.928160858535,1698.2722515540268,hurdle_cmp,5701.234213570686,5701.234213570686,5530.519530439393,all normalized constructors
Matched human Lean root values,pair_71cf0c00,2716,2468,0.09131075110456553,1.9991896272285252,0.0008097160674461304,0.0006826061204757457,0.0008103727714748784,0.9991896272285251,0.0,2,1.5925364066261671,0.4058428478308792,0.005,5566.989974073941,6841.975567064262,5569.126352939057,36.470443634549156,374.48099237813557,False,cmp,5530.519530439392,2.2408912197890567,7397.506465124712,7399.506465124712,1.816642120765832,0.0,True,0.36585643283299885,0.005,7228.791781993419,8503.77737498374,7230.928160858535,1698.2722515540268,hurdle_cmp,5701.234213570686,5701.234213570686,5530.519530439393,shared binary core
Matched AI Lean root values,pair_71cf0c00,4599,4420,0.03892150467492933,1.9997737556561086,0.00022619315738825992,0.00019056521160106188,0.00022624434389140272,0.9997737556561086,0.0,2,1.5933205679093219,0.4062269434028914,0.005,9969.648248102725,12255.455744803743,9971.65998664333,22.787563694175333,371.645297339369,False,cmp,9946.86068440855,2.2504209693232013,12256.381135176132,12258.381135176132,1.9219395520765383,0.0,True,0.38840768435460726,0.005,11484.731703009738,13770.539199710756,11486.743441550343,1537.871018601189,hurdle_cmp,10720.510116574944,10720.510116574944,9946.86068440855,all normalized constructors
Matched AI Lean root values,pair_71cf0c00,4599,4420,0.03892150467492933,1.9997737556561086,0.00022619315738825992,0.00019056521160106188,0.00022624434389140272,0.9997737556561086,0.0,2,1.5933205679093219,0.4062269434028914,0.005,9969.648248102725,12255.455744803743,9971.65998664333,22.787563694175333,371.645297339369,False,cmp,9946.86068440855,2.2504209693232013,12256.381135176132,12258.381135176132,1.9219395520765383,0.0,True,0.38840768435460726,0.005,11484.731703009738,13770.539199710756,11486.743441550343,1537.871018601189,hurdle_cmp,10720.510116574944,10720.510116574944,9946.86068440855,shared binary core
Matched human Lean root values,pair_73bd6122,123,85,0.3089430894308943,2.0,0.0,0.0,0.0,1.0,0.0,2,1.5936242600400345,0.40637573995996135,0.005,193.69428291113312,237.67004139038139,195.69744144385507,4.0,438.77571721067915,False,cmp,189.69428291113312,2.2316974460133308,349.80623292472364,347.7843725901887,1.5936242600400345,0.1327229035133492,False,0.28082876338696516,0.005,347.7843725901887,391.76013106943697,349.78753112291065,158.09008967905558,hurdle_cmp,189.69428291113312,189.69428291113312,189.69428291113312,all normalized constructors
Matched human Lean root values,pair_73bd6122,123,85,0.3089430894308943,2.0,0.0,0.0,0.0,1.0,0.0,2,1.5936242600400345,0.40637573995996135,0.005,193.69428291113312,237.67004139038139,195.69744144385507,4.0,438.77571721067915,False,cmp,189.69428291113312,2.2316974460133308,349.80623292472364,347.7843725901887,1.5936242600400345,0.1327229035133492,False,0.28082876338696516,0.005,347.7843725901887,391.76013106943697,349.78753112291065,158.09008967905558,hurdle_cmp,189.69428291113312,189.69428291113312,189.69428291113312,shared binary core
Matched AI Lean root values,pair_73bd6122,596,477,0.19966442953020133,1.9979035639412999,0.002092041014551991,0.0017660778073748033,0.0020964360587002098,0.9979035639412998,0.0,2,1.5908095565260028,0.404997571356593,0.005,1077.28717133757,1323.1374768291198,1079.2910130597704,18.332935079117306,373.5916417462819,False,cmp,1058.9542362584527,2.2200298454055614,1673.2488209547155,1675.2488209547155,1.598993288590604,0.0,True,0.3239139287229466,0.005,1675.2119228114454,1921.0622283029952,1677.2157645336458,616.2576865529927,hurdle_cmp,1058.9911344017228,1058.9911344017228,1058.9542362584527,all normalized constructors
Matched AI Lean root values,pair_73bd6122,596,477,0.19966442953020133,1.9979035639412999,0.002092041014551991,0.0017660778073748033,0.0020964360587002098,0.9979035639412998,0.0,2,1.5908095565260028,0.404997571356593,0.005,1077.28717133757,1323.1374768291198,1079.2910130597704,18.332935079117306,373.5916417462819,False,cmp,1058.9542362584527,2.2200298454055614,1673.2488209547155,1675.2488209547155,1.598993288590604,0.0,True,0.3239139287229466,0.005,1675.2119228114454,1921.0622283029952,1677.2157645336458,616.2576865529927,hurdle_cmp,1058.9911344017228,1058.9911344017228,1058.9542362584527,shared binary core
Matched human Lean root values,pair_7415487b,514,422,0.17898832684824903,2.0023696682464456,0.007103389411738281,0.005967842811315881,0.002369668246445498,0.9928909952606635,0.004739336492890996,3,1.596804144660862,0.40319585533913405,0.005,955.7798728760082,1173.4175517140789,957.7818404042082,43.47607136519582,28.072950033371377,False,cmp,912.3038015108124,2.161857349551688,1439.9027935717518,1441.9027935717518,1.6439688715953307,0.0,True,0.32991183172967375,0.005,1440.7918065405006,1658.4294853785711,1442.7937740687005,528.4880050296881,hurdle_cmp,913.4147885420637,913.4147885420637,912.3038015108125,all normalized constructors
Matched human Lean root values,pair_7415487b,514,422,0.17898832684824903,2.0023696682464456,0.007103389411738281,0.005967842811315881,0.002369668246445498,0.9928909952606635,0.004739336492890996,3,1.596804144660862,0.40319585533913405,0.005,955.7798728760082,1173.4175517140789,957.7818404042082,43.47607136519582,28.072950033371377,False,cmp,912.3038015108124,2.161857349551688,1439.9027935717518,1441.9027935717518,1.6439688715953307,0.0,True,0.32991183172967375,0.005,1440.7918065405006,1658.4294853785711,1442.7937740687005,528.4880050296881,hurdle_cmp,913.4147885420637,913.4147885420637,912.3038015108125,shared binary core
Matched AI Lean root values,pair_7415487b,1961,1791,0.08669046404895461,2.0,0.002233389168062535,0.0018811471484604604,0.0011166945840312675,0.9977666108319375,0.0011166945840312675,3,1.5936242600400345,0.4052590453759301,0.005,4042.7331627128974,4967.706401531448,4044.733587862791,66.3701178477786,33.517782565667986,False,cmp,3976.363044865119,2.2201915381714787,5334.403218174394,5336.403218174394,1.8266190719020907,0.0,True,0.36725330025602787,0.005,5200.990314276409,6125.96355309496,5202.990739426303,1224.6272694112902,hurdle_cmp,4111.775948763104,4111.775948763104,3976.3630448651184,all normalized constructors
Matched AI Lean root values,pair_7415487b,1961,1791,0.08669046404895461,2.0,0.002233389168062535,0.0018811471484604604,0.0011166945840312675,0.9977666108319375,0.0011166945840312675,3,1.5936242600400345,0.4052590453759301,0.005,4042.7331627128974,4967.706401531448,4044.733587862791,66.3701178477786,33.517782565667986,False,cmp,3976.363044865119,2.2201915381714787,5334.403218174394,5336.403218174394,1.8266190719020907,0.0,True,0.36725330025602787,0.005,5200.990314276409,6125.96355309496,5202.990739426303,1224.6272694112902,hurdle_cmp,4111.775948763104,4111.775948763104,3976.3630448651184,shared binary core
Matched human Lean root values,pair_7580a01f,16032,15675,0.022267964071856286,2.000637958532695,0.0010203266612231606,0.0008588145854571467,0.00019138755980861245,0.9989792663476874,0.0008293460925039872,3,1.5944805173506955,0.405966053622187,0.005,35367.7604432792,43476.1879759442,35373.16635021853,271.8176217034925,38.60770542112624,False,cmp,35095.94282157571,2.238975618601321,42394.8065122142,42396.8065122142,1.9560878243512974,0.0,True,0.3955669541116914,0.005,38792.23994918392,46900.66748184892,38797.64585612325,3696.29712760821,hurdle_cmp,38700.50938460599,38700.50938460599,35095.94282157571,all normalized constructors
Matched human Lean root values,pair_7580a01f,16032,15675,0.022267964071856286,2.000637958532695,0.0010203266612231606,0.0008588145854571467,0.00019138755980861245,0.9989792663476874,0.0008293460925039872,3,1.5944805173506955,0.405966053622187,0.005,35367.7604432792,43476.1879759442,35373.16635021853,271.8176217034925,38.60770542112624,False,cmp,35095.94282157571,2.238975618601321,42394.8065122142,42396.8065122142,1.9560878243512974,0.0,True,0.3955669541116914,0.005,38792.23994918392,46900.66748184892,38797.64585612325,3696.29712760821,hurdle_cmp,38700.50938460599,38700.50938460599,35095.94282157571,shared binary core
Matched AI Lean root values,pair_7580a01f,11140,10909,0.02073608617594255,2.001100009166743,0.001465468868823823,0.0012328803492487265,0.0001833348611238427,0.9985333211110092,0.001283344027866899,3,1.5951005941341811,0.4058160801714339,0.005,24621.062973063257,30264.799306819943,24623.072451986725,256.825317722396,37.63477637370705,False,cmp,24364.23765534086,2.233407063465108,29441.11715231923,29443.11715231923,1.959605026929982,0.0,True,0.3961343622389587,0.005,26870.89594965314,32514.632283409825,26872.905428576607,2506.658294312278,hurdle_cmp,26936.458858006954,26936.458858006954,24364.23765534086,all normalized constructors
Matched AI Lean root values,pair_7580a01f,11140,10909,0.02073608617594255,2.001100009166743,0.001465468868823823,0.0012328803492487265,0.0001833348611238427,0.9985333211110092,0.001283344027866899,3,1.5951005941341811,0.4058160801714339,0.005,24621.062973063257,30264.799306819943,24623.072451986725,256.825317722396,37.63477637370705,False,cmp,24364.23765534086,2.233407063465108,29441.11715231923,29443.11715231923,1.959605026929982,0.0,True,0.3961343622389587,0.005,26870.89594965314,32514.632283409825,26872.905428576607,2506.658294312278,hurdle_cmp,26936.458858006954,26936.458858006954,24364.23765534086,shared binary core
Matched human Lean root values,pair_759606e4,7983,7574,0.05123387197795315,2.0,0.0,0.0,0.0,1.0,0.0,2,1.5936242600400345,0.40637573995996135,0.005,17083.088220810852,21001.5869822441,17085.09067487809,3.999999998137355,438.81445062421096,False,cmp,17079.088220812715,2.25496279651607,21391.56255795019,21393.56255795019,1.8975322560440937,0.0,True,0.3832168180131872,0.005,20312.334147494224,24230.832908927474,20314.336601561463,3233.2459266815104,hurdle_cmp,18160.31663126868,18160.31663126868,17079.088220812715,all normalized constructors
Matched human Lean root values,pair_759606e4,7983,7574,0.05123387197795315,2.0,0.0,0.0,0.0,1.0,0.0,2,1.5936242600400345,0.40637573995996135,0.005,17083.088220810852,21001.5869822441,17085.09067487809,3.999999998137355,438.81445062421096,False,cmp,17079.088220812715,2.25496279651607,21391.56255795019,21393.56255795019,1.8975322560440937,0.0,True,0.3832168180131872,0.005,20312.334147494224,24230.832908927474,20314.336601561463,3233.2459266815104,hurdle_cmp,18160.31663126868,18160.31663126868,17079.088220812715,shared binary core
Matched AI Lean root values,pair_759606e4,7983,7574,0.05123387197795315,2.0,0.0,0.0,0.0,1.0,0.0,2,1.5936242600400345,0.40637573995996135,0.005,17083.088220810852,21001.5869822441,17085.09067487809,3.999999998137355,438.81445062421096,False,cmp,17079.088220812715,2.25496279651607,21391.56255795019,21393.56255795019,1.8975322560440937,0.0,True,0.3832168180131872,0.005,20312.334147494224,24230.832908927474,20314.336601561463,3233.2459266815104,hurdle_cmp,18160.31663126868,18160.31663126868,17079.088220812715,all normalized constructors
Matched AI Lean root values,pair_759606e4,7983,7574,0.05123387197795315,2.0,0.0,0.0,0.0,1.0,0.0,2,1.5936242600400345,0.40637573995996135,0.005,17083.088220810852,21001.5869822441,17085.09067487809,3.999999998137355,438.81445062421096,False,cmp,17079.088220812715,2.25496279651607,21391.56255795019,21393.56255795019,1.8975322560440937,0.0,True,0.3832168180131872,0.005,20312.334147494224,24230.832908927474,20314.336601561463,3233.2459266815104,hurdle_cmp,18160.31663126868,18160.31663126868,17079.088220812715,shared binary core
Matched human Lean root values,pair_76494dbd,1592,1433,0.09987437185929648,1.9993021632937893,0.000697349730142212,0.000587807874060185,0.0006978367062107466,0.9993021632937893,0.0,2,1.5926874886475233,0.4059168379400513,0.005,3233.28522657342,3973.73299556834,3235.294199842384,20.534352856921032,377.05558735024385,False,cmp,3212.750873716499,2.2419754875900204,4350.355809597631,4352.355809597631,1.7996231155778895,0.0,True,0.36244652128581145,0.005,4269.470244743227,5009.918013738147,4271.479218012191,1056.7193710267284,hurdle_cmp,3295.636438570903,3295.636438570903,3212.750873716499,all normalized constructors
Matched human Lean root values,pair_76494dbd,1592,1433,0.09987437185929648,1.9993021632937893,0.000697349730142212,0.000587807874060185,0.0006978367062107466,0.9993021632937893,0.0,2,1.5926874886475233,0.4059168379400513,0.005,3233.28522657342,3973.73299556834,3235.294199842384,20.534352856921032,377.05558735024385,False,cmp,3212.750873716499,2.2419754875900204,4350.355809597631,4352.355809597631,1.7996231155778895,0.0,True,0.36244652128581145,0.005,4269.470244743227,5009.918013738147,4271.479218012191,1056.7193710267284,hurdle_cmp,3295.636438570903,3295.636438570903,3212.750873716499,shared binary core
Matched AI Lean root values,pair_76494dbd,1592,1433,0.09987437185929648,1.9993021632937893,0.000697349730142212,0.000587807874060185,0.0006978367062107466,0.9993021632937893,0.0,2,1.5926874886475233,0.4059168379400513,0.005,3233.28522657342,3973.73299556834,3235.294199842384,20.534352856921032,377.05558735024385,False,cmp,3212.750873716499,2.2419754875900204,4350.355809597631,4352.355809597631,1.7996231155778895,0.0,True,0.36244652128581145,0.005,4269.470244743227,5009.918013738147,4271.479218012191,1056.7193710267284,hurdle_cmp,3295.636438570903,3295.636438570903,3212.750873716499,all normalized constructors
Matched AI Lean root values,pair_76494dbd,1592,1433,0.09987437185929648,1.9993021632937893,0.000697349730142212,0.000587807874060185,0.0006978367062107466,0.9993021632937893,0.0,2,1.5926874886475233,0.4059168379400513,0.005,3233.28522657342,3973.73299556834,3235.294199842384,20.534352856921032,377.05558735024385,False,cmp,3212.750873716499,2.2419754875900204,4350.355809597631,4352.355809597631,1.7996231155778895,0.0,True,0.36244652128581145,0.005,4269.470244743227,5009.918013738147,4271.479218012191,1056.7193710267284,hurdle_cmp,3295.636438570903,3295.636438570903,3212.750873716499,shared binary core
Matched human Lean root values,pair_77658e38,2663,2470,0.07247465264739016,1.9991902834008097,0.0008090609582192789,0.0006820533686467308,0.0008097165991902834,0.9991902834008097,0.0,2,1.5925372875627382,0.40584327923887753,0.005,5571.500428895508,6847.520745165445,5573.501833214525,36.47368512582034,374.95948556751114,False,cmp,5535.0267437696875,2.2409015156962298,7200.874520759272,7202.874520759272,1.8542996620352985,0.0,True,0.3736507510532674,0.005,6958.2262016904315,8234.24651796037,6960.227606009448,1423.1994579207444,hurdle_cmp,5779.675062838527,5779.675062838527,5535.0267437696875,all normalized constructors
Matched human Lean root values,pair_77658e38,2663,2470,0.07247465264739016,1.9991902834008097,0.0008090609582192789,0.0006820533686467308,0.0008097165991902834,0.9991902834008097,0.0,2,1.5925372875627382,0.40584327923887753,0.005,5571.500428895508,6847.520745165445,5573.501833214525,36.47368512582034,374.95948556751114,False,cmp,5535.0267437696875,2.2409015156962298,7200.874520759272,7202.874520759272,1.8542996620352985,0.0,True,0.3736507510532674,0.005,6958.2262016904315,8234.24651796037,6960.227606009448,1423.1994579207444,hurdle_cmp,5779.675062838527,5779.675062838527,5535.0267437696875,shared binary core
Matched AI Lean root values,pair_77658e38,3097,2896,0.06490151759767517,2.00103591160221,0.0031066616937822406,0.0026137751961404616,0.0010359116022099447,0.9968922651933702,0.0020718232044198894,3,1.5950145785394059,0.4049854214605899,0.005,6539.362762897346,8035.574269626712,6541.363100223803,137.35875995183596,32.17440937236791,False,cmp,6402.00400294551,2.210636741348588,8353.884270654335,8355.884270654335,1.8711656441717792,0.0,True,0.37612885178306543,0.005,8029.449286307141,9525.660793036506,8031.449623633596,1627.4452833616301,hurdle_cmp,6728.438987292704,6728.438987292704,6402.00400294551,all normalized constructors
Matched AI Lean root values,pair_77658e38,3097,2896,0.06490151759767517,2.00103591160221,0.0031066616937822406,0.0026137751961404616,0.0010359116022099447,0.9968922651933702,0.0020718232044198894,3,1.5950145785394059,0.4049854214605899,0.005,6539.362762897346,8035.574269626712,6541.363100223803,137.35875995183596,32.17440937236791,False,cmp,6402.00400294551,2.210636741348588,8353.884270654335,8355.884270654335,1.8711656441717792,0.0,True,0.37612885178306543,0.005,8029.449286307141,9525.660793036506,8031.449623633596,1627.4452833616301,hurdle_cmp,6728.438987292704,6728.438987292704,6402.00400294551,shared binary core
Matched human Lean root values,pair_78234522,4626,4426,0.043233895373973194,2.000903750564844,0.0022585596470268013,0.0019004986519606127,0.0006778129236330773,0.9977406235878897,0.0015815634884771804,3,1.5948372212330135,0.4053887164081935,0.005,9991.124630964185,12279.021055392956,9993.149013289258,158.04800508823246,33.89060605933005,False,cmp,9833.076625875952,2.2216621386976847,12358.741120427001,12360.741120427001,1.9143968871595332,0.0,True,0.38578923678676497,0.005,11640.802665402332,13928.699089831103,11642.827047727405,1807.7260395263797,hurdle_cmp,10553.01508090062,10553.01508090062,9833.076625875952,all normalized constructors
Matched human Lean root values,pair_78234522,4626,4426,0.043233895373973194,2.000903750564844,0.0022585596470268013,0.0019004986519606127,0.0006778129236330773,0.9977406235878897,0.0015815634884771804,3,1.5948372212330135,0.4053887164081935,0.005,9991.124630964185,12279.021055392956,9993.149013289258,158.04800508823246,33.89060605933005,False,cmp,9833.076625875952,2.2216621386976847,12358.741120427001,12360.741120427001,1.9143968871595332,0.0,True,0.38578923678676497,0.005,11640.802665402332,13928.699089831103,11642.827047727405,1807.7260395263797,hurdle_cmp,10553.01508090062,10553.01508090062,9833.076625875952,shared binary core
Matched AI Lean root values,pair_78234522,8987,8687,0.033381551129409145,2.0010360308506963,0.0014954156466379343,0.0012581607555320264,0.0002302290779325429,0.9985035109934385,0.0012662599286289858,3,1.5950147385658648,0.4057910632068946,0.005,19606.156549417443,24099.95021962183,19609.873124565263,210.2634081436554,37.10582333758786,False,cmp,19395.893141273787,2.2327492967967983,23896.53198952649,23898.53198952649,1.934238344275064,0.0,True,0.39049402640171443,0.005,22237.879889083466,26731.673559287854,22241.596464231287,2841.9867478096794,hurdle_cmp,21056.545241716813,21056.545241716813,19395.893141273787,all normalized constructors
Matched AI Lean root values,pair_78234522,8987,8687,0.033381551129409145,2.0010360308506963,0.0014954156466379343,0.0012581607555320264,0.0002302290779325429,0.9985035109934385,0.0012662599286289858,3,1.5950147385658648,0.4057910632068946,0.005,19606.156549417443,24099.95021962183,19609.873124565263,210.2634081436554,37.10582333758786,False,cmp,19395.893141273787,2.2327492967967983,23896.53198952649,23898.53198952649,1.934238344275064,0.0,True,0.39049402640171443,0.005,22237.879889083466,26731.673559287854,22241.596464231287,2841.9867478096794,hurdle_cmp,21056.545241716813,21056.545241716813,19395.893141273787,shared binary core
Matched human Lean root values,pair_788625c0,3497,3258,0.06834429511009436,2.0049109883364027,0.006114617614063093,0.005123152512559333,0.0006138735420503376,0.9938612645794966,0.0055248618784530384,3,1.6002124134552034,0.4040847013391451,0.005,7371.328142931282,9057.235575124163,7373.366436577768,260.60577942212694,31.030715148882543,False,cmp,7110.722363509155,2.182542161911957,9456.83646695795,9458.83646695795,1.8678867600800686,0.0,True,0.3740280543969588,0.005,9117.17672994974,10803.084162142623,9119.215023596227,2006.454366440586,hurdle_cmp,7452.382100517363,7452.382100517363,7110.722363509154,all normalized constructors
Matched human Lean root values,pair_788625c0,3497,3258,0.06834429511009436,2.0049109883364027,0.006114617614063093,0.005123152512559333,0.0006138735420503376,0.9938612645794966,0.0055248618784530384,3,1.6002124134552034,0.4040847013391451,0.005,7371.328142931282,9057.235575124163,7373.366436577768,260.60577942212694,31.030715148882543,False,cmp,7110.722363509155,2.182542161911957,9456.83646695795,9458.83646695795,1.8678867600800686,0.0,True,0.3740280543969588,0.005,9117.17672994974,10803.084162142623,9119.215023596227,2006.454366440586,hurdle_cmp,7452.382100517363,7452.382100517363,7110.722363509154,shared binary core
Matched AI Lean root values,pair_788625c0,2458,2233,0.09153783563873068,2.007613076578594,0.008450773711672148,0.0070600729143509644,0.0004478280340349306,0.9914912673533364,0.00806090461262875,3,1.6038340791954202,0.4033311693491346,0.005,5060.132239537598,6216.693154986429,5062.2980596953075,230.80637863223092,30.86514402108321,False,cmp,4829.325860905367,2.1627075060032994,6713.6910815835145,6715.6910815835145,1.8238405207485762,0.0,True,0.3638364081374541,0.005,6566.828642086783,7723.389557535614,6568.994462244492,1737.5027811814152,hurdle_cmp,4978.188300402099,4978.188300402099,4829.325860905367,all normalized constructors
Matched AI Lean root values,pair_788625c0,2458,2233,0.09153783563873068,2.007613076578594,0.008450773711672148,0.0070600729143509644,0.0004478280340349306,0.9914912673533364,0.00806090461262875,3,1.6038340791954202,0.4033311693491346,0.005,5060.132239537598,6216.693154986429,5062.2980596953075,230.80637863223092,30.86514402108321,False,cmp,4829.325860905367,2.1627075060032994,6713.6910815835145,6715.6910815835145,1.8238405207485762,0.0,True,0.3638364081374541,0.005,6566.828642086783,7723.389557535614,6568.994462244492,1737.5027811814152,hurdle_cmp,4978.188300402099,4978.188300402099,4829.325860905367,shared binary core
Matched human Lean root values,pair_7a30a024,800,711,0.11125,2.0,0.0028129395218002813,0.002369292927491339,0.0014064697609001407,0.9971870604781997,0.0014064697609001407,3,1.5936242600400345,0.4049692701990612,0.005,1606.2772260964005,1973.3105815124843,1608.307357619141,34.261058812633564,32.37701571484836,False,cmp,1572.016167283767,2.210993202930755,2196.575002587142,2198.575002587142,1.7775,0.0,True,0.35706490012057396,0.005,2166.870521372555,2533.9038767886386,2168.900652895295,594.8543540887879,hurdle_cmp,1603.7206484983542,1603.7206484983542,1572.016167283767,all normalized constructors
Matched human Lean root values,pair_7a30a024,800,711,0.11125,2.0,0.0028129395218002813,0.002369292927491339,0.0014064697609001407,0.9971870604781997,0.0014064697609001407,3,1.5936242600400345,0.4049692701990612,0.005,1606.2772260964005,1973.3105815124843,1608.307357619141,34.261058812633564,32.37701571484836,False,cmp,1572.016167283767,2.210993202930755,2196.575002587142,2198.575002587142,1.7775,0.0,True,0.35706490012057396,0.005,2166.870521372555,2533.9038767886386,2168.900652895295,594.8543540887879,hurdle_cmp,1603.7206484983542,1603.7206484983542,1572.016167283767,shared binary core
Matched AI Lean root values,pair_7a30a024,1013,905,0.10661401776900296,2.0022099447513813,0.004415005646958274,0.003709859990000153,0.0011049723756906078,0.9955801104972376,0.0033149171270718232,3,1.5965898653117467,0.40451510706393984,0.005,2046.3179224838327,2513.963174843275,2048.3180391447777,59.854102949066146,30.8495458917133,False,cmp,1986.4638195347666,2.19498764589477,2778.391480132619,2780.391480132619,1.7887462981243831,0.0,True,0.35859247213366197,0.005,2735.8957969359676,3203.5410492954097,2737.895913596912,749.4319774012009,hurdle_cmp,2030.959502731418,2030.959502731418,1986.4638195347666,all normalized constructors
Matched AI Lean root values,pair_7a30a024,1013,905,0.10661401776900296,2.0022099447513813,0.004415005646958274,0.003709859990000153,0.0011049723756906078,0.9955801104972376,0.0033149171270718232,3,1.5965898653117467,0.40451510706393984,0.005,2046.3179224838327,2513.963174843275,2048.3180391447777,59.854102949066146,30.8495458917133,False,cmp,1986.4638195347666,2.19498764589477,2778.391480132619,2780.391480132619,1.7887462981243831,0.0,True,0.35859247213366197,0.005,2735.8957969359676,3203.5410492954097,2737.895913596912,749.4319774012009,hurdle_cmp,2030.959502731418,2030.959502731418,1986.4638195347666,shared binary core
Matched human Lean root values,pair_7a9abe33,1366,1166,0.14641288433382138,1.9991423670668953,0.0008568973988566855,0.0007224176721780046,0.0008576329331046312,0.9991423670668954,0.0,2,1.592472957682049,0.4058117764517375,0.005,2631.1395208777585,3233.451726770023,2633.1396578359327,20.121810855693184,373.2747091026553,False,cmp,2611.0177100220653,2.2392947770343614,3787.610718609461,3789.610718609461,1.7064421669106882,0.0,True,0.34410253000559515,0.005,3770.842884260572,4373.155090152837,3772.8430212187463,1159.8251742385069,hurdle_cmp,2629.785544370954,2629.785544370954,2611.0177100220653,all normalized constructors
Matched human Lean root values,pair_7a9abe33,1366,1166,0.14641288433382138,1.9991423670668953,0.0008568973988566855,0.0007224176721780046,0.0008576329331046312,0.9991423670668954,0.0,2,1.592472957682049,0.4058117764517375,0.005,2631.1395208777585,3233.451726770023,2633.1396578359327,20.121810855693184,373.2747091026553,False,cmp,2611.0177100220653,2.2392947770343614,3787.610718609461,3789.610718609461,1.7064421669106882,0.0,True,0.34410253000559515,0.005,3770.842884260572,4373.155090152837,3772.8430212187463,1159.8251742385069,hurdle_cmp,2629.785544370954,2629.785544370954,2611.0177100220653,shared binary core
Matched AI Lean root values,pair_7a9abe33,2013,1781,0.11525086934923001,2.0005614823133073,0.001684131677533236,0.001417659578423616,0.0005614823133071309,0.9983155530600786,0.0011229646266142617,3,1.5943778789932757,0.40562212100672024,0.005,4020.634694001836,4941.366528007804,4022.6358684026327,52.131936976948055,35.20237256657506,False,cmp,3968.502757024888,2.2282441083800606,5531.218162950044,5533.218162950044,1.7699950322901143,0.0,True,0.3560762364220224,0.005,5461.344504096694,6382.076338102662,5463.345678497491,1492.841747071806,hurdle_cmp,4040.376415878238,4040.376415878238,3968.5027570248885,all normalized constructors
Matched AI Lean root values,pair_7a9abe33,2013,1781,0.11525086934923001,2.0005614823133073,0.001684131677533236,0.001417659578423616,0.0005614823133071309,0.9983155530600786,0.0011229646266142617,3,1.5943778789932757,0.40562212100672024,0.005,4020.634694001836,4941.366528007804,4022.6358684026327,52.131936976948055,35.20237256657506,False,cmp,3968.502757024888,2.2282441083800606,5531.218162950044,5533.218162950044,1.7699950322901143,0.0,True,0.3560762364220224,0.005,5461.344504096694,6382.076338102662,5463.345678497491,1492.841747071806,hurdle_cmp,4040.376415878238,4040.376415878238,3968.5027570248885,shared binary core
Matched human Lean root values,pair_7b0b98d6,3119,2917,0.0647643475472908,2.002056907781968,0.003423948766989439,0.002877563464161619,0.0006856359273225917,0.9965718203633871,0.002742543709290367,3,1.5963845488585906,0.40498672299605076,0.005,6589.699434727395,8097.9529045555155,6591.925314882613,147.48824880449683,32.49878526758996,False,cmp,6442.211185922898,2.20850572023411,8414.715423658166,8416.715423658166,1.8723949983969221,0.0,True,0.37623944983233243,0.005,8088.073102968498,9596.326572796619,8090.2989831237155,1645.8619170456,hurdle_cmp,6770.853506612566,6770.853506612566,6442.211185922897,all normalized constructors
Matched human Lean root values,pair_7b0b98d6,3119,2917,0.0647643475472908,2.002056907781968,0.003423948766989439,0.002877563464161619,0.0006856359273225917,0.9965718203633871,0.002742543709290367,3,1.5963845488585906,0.40498672299605076,0.005,6589.699434727395,8097.9529045555155,6591.925314882613,147.48824880449683,32.49878526758996,False,cmp,6442.211185922898,2.20850572023411,8414.715423658166,8416.715423658166,1.8723949983969221,0.0,True,0.37623944983233243,0.005,8088.073102968498,9596.326572796619,8090.2989831237155,1645.8619170456,hurdle_cmp,6770.853506612566,6770.853506612566,6442.211185922897,shared binary core
Matched AI Lean root values,pair_7b0b98d6,5174,4950,0.04329339002705837,2.001010101010101,0.001817161514131211,0.0015289027275773883,0.00040404040404040404,0.9981818181818182,0.0014141414141414141,3,1.59497994170395,0.4056261189021064,0.005,11173.316568592334,13733.24312291462,11175.317228826865,145.09686776832677,35.44471953987555,False,cmp,11028.219700824007,2.2279231718836376,13822.277926442503,13824.277926442503,1.9143795902589873,0.0,True,0.3859965843522933,0.005,13020.086168985534,15580.01272330782,13022.086829220065,1991.8664681615262,hurdle_cmp,11832.411458280976,11832.411458280976,11028.219700824007,all normalized constructors
Matched AI Lean root values,pair_7b0b98d6,5174,4950,0.04329339002705837,2.001010101010101,0.001817161514131211,0.0015289027275773883,0.00040404040404040404,0.9981818181818182,0.0014141414141414141,3,1.59497994170395,0.4056261189021064,0.005,11173.316568592334,13733.24312291462,11175.317228826865,145.09686776832677,35.44471953987555,False,cmp,11028.219700824007,2.2279231718836376,13822.277926442503,13824.277926442503,1.9143795902589873,0.0,True,0.3859965843522933,0.005,13020.086168985534,15580.01272330782,13022.086829220065,1991.8664681615262,hurdle_cmp,11832.411458280976,11832.411458280976,11028.219700824007,shared binary core
Matched human Lean root values,pair_7b176d5c,3389,3094,0.08704632634995574,2.0035552682611506,0.0041890407398601625,0.0035149057736532305,0.0003232062055591467,0.9957983193277311,0.003878474466709761,3,1.598394453314049,0.4048376087415384,0.005,6994.367162208201,8595.619225294655,6996.4943363709735,179.27526881103404,33.49512783423848,False,cmp,6815.091893397167,2.202679991401799,9227.604468487682,9229.604468487682,1.8291531425199175,0.0,True,0.36687764669781525,0.005,9000.284932469227,10601.53699555568,9002.412106631999,2185.1930390720595,hurdle_cmp,7044.4114294156225,7044.4114294156225,6815.091893397168,all normalized constructors
Matched human Lean root values,pair_7b176d5c,3389,3094,0.08704632634995574,2.0035552682611506,0.0041890407398601625,0.0035149057736532305,0.0003232062055591467,0.9957983193277311,0.003878474466709761,3,1.598394453314049,0.4048376087415384,0.005,6994.367162208201,8595.619225294655,6996.4943363709735,179.27526881103404,33.49512783423848,False,cmp,6815.091893397167,2.202679991401799,9227.604468487682,9229.604468487682,1.8291531425199175,0.0,True,0.36687764669781525,0.005,9000.284932469227,10601.53699555568,9002.412106631999,2185.1930390720595,hurdle_cmp,7044.4114294156225,7044.4114294156225,6815.091893397168,shared binary core
Matched AI Lean root values,pair_7b176d5c,7003,6703,0.04283878337855205,2.003580486349396,0.0038660403293472334,0.0032437975056201136,0.0001491869312248247,0.9961211397881545,0.0037296732806206176,3,1.5984282748983893,0.40500302451977743,0.005,15149.88914184734,18619.890380762947,15151.998692821664,353.09137888695113,35.49971314002534,False,cmp,14796.797762960388,2.2074888502104115,18717.92244585189,18719.92244585189,1.91774953591318,0.0,True,0.3857445643368952,0.005,17629.03681568202,21099.038054597626,17631.146366656343,2832.239052721631,hurdle_cmp,15887.68339313026,15887.68339313026,14796.797762960388,all normalized constructors
Matched AI Lean root values,pair_7b176d5c,7003,6703,0.04283878337855205,2.003580486349396,0.0038660403293472334,0.0032437975056201136,0.0001491869312248247,0.9961211397881545,0.0037296732806206176,3,1.5984282748983893,0.40500302451977743,0.005,15149.88914184734,18619.890380762947,15151.998692821664,353.09137888695113,35.49971314002534,False,cmp,14796.797762960388,2.2074888502104115,18717.92244585189,18719.92244585189,1.91774953591318,0.0,True,0.3857445643368952,0.005,17629.03681568202,21099.038054597626,17631.146366656343,2832.239052721631,hurdle_cmp,15887.68339313026,15887.68339313026,14796.797762960388,shared binary core
Matched human Lean root values,pair_7cb6be3d,1942,1756,0.09577754891864057,2.001138952164009,0.005693463608013656,0.004789638049055156,0.002277904328018223,0.9943052391799544,0.003416856492027335,3,1.5951528529789243,0.40370819485706266,0.005,3967.950571095367,4873.437246671307,3969.950761167614,140.76736080971023,28.9842627393842,False,cmp,3827.183210285657,2.179489299707094,5304.1097035185785,5306.1097035185785,1.8094747682801235,0.0,True,0.3621864425280966,0.005,5196.148725639332,6101.6354012152715,5198.148915711579,1368.965515353675,hurdle_cmp,3937.1441881649034,3937.1441881649034,3827.183210285657,all normalized constructors
Matched human Lean root values,pair_7cb6be3d,1942,1756,0.09577754891864057,2.001138952164009,0.005693463608013656,0.004789638049055156,0.002277904328018223,0.9943052391799544,0.003416856492027335,3,1.5951528529789243,0.40370819485706266,0.005,3967.950571095367,4873.437246671307,3969.950761167614,140.76736080971023,28.9842627393842,False,cmp,3827.183210285657,2.179489299707094,5304.1097035185785,5306.1097035185785,1.8094747682801235,0.0,True,0.3621864425280966,0.005,5196.148725639332,6101.6354012152715,5198.148915711579,1368.965515353675,hurdle_cmp,3937.1441881649034,3937.1441881649034,3827.183210285657,shared binary core
Matched AI Lean root values,pair_7cb6be3d,4643,4460,0.03941417187163472,2.002242152466368,0.0040308471917794445,0.003386940492084807,0.0008968609865470852,0.9959641255605381,0.003139013452914798,3,1.5966330746786612,0.40471221680115566,0.005,10076.188665599726,12381.597446589996,10079.242326722246,257.44785207067616,31.50050312495603,False,cmp,9818.74081352905,2.2015113931679484,12388.654267940812,12390.654267940812,1.9233254361404264,0.0,True,0.38688132983134343,0.005,11620.3877168869,13925.79649787717,11623.44137800942,1801.64690335785,hurdle_cmp,10589.007364582962,10589.007364582962,9818.74081352905,all normalized constructors
Matched AI Lean root values,pair_7cb6be3d,4643,4460,0.03941417187163472,2.002242152466368,0.0040308471917794445,0.003386940492084807,0.0008968609865470852,0.9959641255605381,0.003139013452914798,3,1.5966330746786612,0.40471221680115566,0.005,10076.188665599726,12381.597446589996,10079.242326722246,257.44785207067616,31.50050312495603,False,cmp,9818.74081352905,2.2015113931679484,12388.654267940812,12390.654267940812,1.9233254361404264,0.0,True,0.38688132983134343,0.005,11620.3877168869,13925.79649787717,11623.44137800942,1801.64690335785,hurdle_cmp,10589.007364582962,10589.007364582962,9818.74081352905,shared binary core
Matched human Lean root values,pair_7f6de6ca,1779,1576,0.11410905002810567,2.0,0.0025380710659898475,0.0021377757251857133,0.0012690355329949238,0.9974619289340102,0.0012690355329949238,3,1.5936242600400345,0.40510670442696645,0.005,3557.859388290619,4371.599826249895,3559.945858187596,65.34582423127722,32.88547705697123,False,cmp,3492.5135640593417,2.216061906129024,4886.623521638944,4888.623521638944,1.7717818999437887,0.0,True,0.356052086255538,0.005,4823.024063157713,5636.764501116988,4825.110533054689,1330.5104990983705,hurdle_cmp,3558.1130225405736,3558.1130225405736,3492.513564059342,all normalized constructors
Matched human Lean root values,pair_7f6de6ca,1779,1576,0.11410905002810567,2.0,0.0025380710659898475,0.0021377757251857133,0.0012690355329949238,0.9974619289340102,0.0012690355329949238,3,1.5936242600400345,0.40510670442696645,0.005,3557.859388290619,4371.599826249895,3559.945858187596,65.34582423127722,32.88547705697123,False,cmp,3492.5135640593417,2.216061906129024,4886.623521638944,4888.623521638944,1.7717818999437887,0.0,True,0.356052086255538,0.005,4823.024063157713,5636.764501116988,4825.110533054689,1330.5104990983705,hurdle_cmp,3558.1130225405736,3558.1130225405736,3492.513564059342,shared binary core
Matched AI Lean root values,pair_7f6de6ca,796,651,0.18216080402010051,2.0015360983102917,0.004605935332856696,0.003873098557155255,0.0015360983102918587,0.9953917050691244,0.0030721966205837174,3,1.5956857688069004,0.40431423119309556,0.005,1472.2275244269358,1808.3407850794338,1474.2501235904715,46.08462502846669,30.223709229795936,False,cmp,1426.1428993984691,2.1906956980007206,2229.182814205717,2231.182814205717,1.6369346733668342,0.0,True,0.3296659731339036,0.005,2229.87708883367,2565.990349486168,2231.8996879972055,803.7341894352007,hurdle_cmp,1427.4486247705163,1427.4486247705163,1426.1428993984691,all normalized constructors
Matched AI Lean root values,pair_7f6de6ca,796,651,0.18216080402010051,2.0015360983102917,0.004605935332856696,0.003873098557155255,0.0015360983102918587,0.9953917050691244,0.0030721966205837174,3,1.5956857688069004,0.40431423119309556,0.005,1472.2275244269358,1808.3407850794338,1474.2501235904715,46.08462502846669,30.223709229795936,False,cmp,1426.1428993984691,2.1906956980007206,2229.182814205717,2231.182814205717,1.6369346733668342,0.0,True,0.3296659731339036,0.005,2229.87708883367,2565.990349486168,2231.8996879972055,803.7341894352007,hurdle_cmp,1427.4486247705163,1427.4486247705163,1426.1428993984691,shared binary core
Matched human Lean root values,pair_7fda4fb2,3608,3347,0.07233924611973393,2.000298775022408,0.0014937858455266182,0.0012577867892144036,0.0005975500448162533,0.9985061248879593,0.00089632506722438,3,1.5940252868269322,0.40567593815065534,0.005,7553.131104704225,9283.240598332468,7555.137439893128,85.7864616541192,35.605736945546894,False,cmp,7467.344643050106,2.2310560630565,9757.949534414503,9759.949534414503,1.85559866962306,0.0,True,0.37360585944154234,0.005,9428.752858786182,11158.862352414424,9430.759193975086,1961.4082157360758,hurdle_cmp,7798.541318678428,7798.541318678428,7467.344643050106,all normalized constructors
Matched human Lean root values,pair_7fda4fb2,3608,3347,0.07233924611973393,2.000298775022408,0.0014937858455266182,0.0012577867892144036,0.0005975500448162533,0.9985061248879593,0.00089632506722438,3,1.5940252868269322,0.40567593815065534,0.005,7553.131104704225,9283.240598332468,7555.137439893128,85.7864616541192,35.605736945546894,False,cmp,7467.344643050106,2.2310560630565,9757.949534414503,9759.949534414503,1.85559866962306,0.0,True,0.37360585944154234,0.005,9428.752858786182,11158.862352414424,9430.759193975086,1961.4082157360758,hurdle_cmp,7798.541318678428,7798.541318678428,7467.344643050106,shared binary core
Matched AI Lean root values,pair_7fda4fb2,794,657,0.172544080604534,2.0045662100456623,0.007589499801922394,0.006361236687622302,0.0015220700152207,0.9923896499238964,0.0060882800608828,3,1.5997501356972639,0.4032940043331737,0.005,1488.2790652511635,1827.742839876002,1490.2821762356862,67.74834997003927,28.544525610420266,False,cmp,1420.5307152811242,2.162147207429413,2221.319613737146,2223.319613737146,1.6586901763224182,0.0,True,0.33237968881998936,0.005,2220.5960277459308,2560.059802370769,2222.599138730453,800.0653124648063,hurdle_cmp,1423.2543012723397,1423.2543012723397,1420.5307152811245,all normalized constructors
Matched AI Lean root values,pair_7fda4fb2,794,657,0.172544080604534,2.0045662100456623,0.007589499801922394,0.006361236687622302,0.0015220700152207,0.9923896499238964,0.0060882800608828,3,1.5997501356972639,0.4032940043331737,0.005,1488.2790652511635,1827.742839876002,1490.2821762356862,67.74834997003927,28.544525610420266,False,cmp,1420.5307152811242,2.162147207429413,2221.319613737146,2223.319613737146,1.6586901763224182,0.0,True,0.33237968881998936,0.005,2220.5960277459308,2560.059802370769,2222.599138730453,800.0653124648063,hurdle_cmp,1423.2543012723397,1423.2543012723397,1420.5307152811245,shared binary core
Matched human Lean root values,pair_807fa532,5300,5041,0.04886792452830189,2.0003967466772465,0.0011900826238138275,0.0010019591412907228,0.00039674667724657806,0.9988097599682603,0.0007934933544931561,3,1.5941567818621947,0.4058432181378015,0.005,11374.750188070255,13981.391940864985,11376.758844625147,104.434229320148,36.917933347321146,False,cmp,11270.315958750107,2.235730204076593,14191.397552927569,14193.397552927569,1.9026415094339624,0.0,True,0.3837535172584739,0.005,13445.53446657507,16052.176219369801,13447.543123129963,2175.218507824963,hurdle_cmp,12018.179045102606,12018.179045102606,11270.315958750107,all normalized constructors
Matched human Lean root values,pair_807fa532,5300,5041,0.04886792452830189,2.0003967466772465,0.0011900826238138275,0.0010019591412907228,0.00039674667724657806,0.9988097599682603,0.0007934933544931561,3,1.5941567818621947,0.4058432181378015,0.005,11374.750188070255,13981.391940864985,11376.758844625147,104.434229320148,36.917933347321146,False,cmp,11270.315958750107,2.235730204076593,14191.397552927569,14193.397552927569,1.9026415094339624,0.0,True,0.3837535172584739,0.005,13445.53446657507,16052.176219369801,13447.543123129963,2175.218507824963,hurdle_cmp,12018.179045102606,12018.179045102606,11270.315958750107,shared binary core
Matched AI Lean root values,pair_807fa532,3026,2806,0.07270323859881031,1.9996436208125445,0.0010690105562411066,0.0009007556951929166,0.0007127583749109052,0.9989308624376336,0.0003563791874554526,3,1.593145878113059,0.4057849843245707,0.005,6330.522920231816,7780.497482022355,6332.552949935468,54.86129430035362,37.44774208397967,False,cmp,6275.661625931462,2.236515190994819,8183.923667936738,8185.923667936738,1.8542630535360212,0.0,True,0.3735228872843406,0.005,7909.528361595272,9359.502923385811,7911.558391298924,1633.8667356638095,hurdle_cmp,6552.056932272928,6552.056932272928,6275.661625931462,all normalized constructors
Matched AI Lean root values,pair_807fa532,3026,2806,0.07270323859881031,1.9996436208125445,0.0010690105562411066,0.0009007556951929166,0.0007127583749109052,0.9989308624376336,0.0003563791874554526,3,1.593145878113059,0.4057849843245707,0.005,6330.522920231816,7780.497482022355,6332.552949935468,54.86129430035362,37.44774208397967,False,cmp,6275.661625931462,2.236515190994819,8183.923667936738,8185.923667936738,1.8542630535360212,0.0,True,0.3735228872843406,0.005,7909.528361595272,9359.502923385811,7911.558391298924,1633.8667356638095,hurdle_cmp,6552.056932272928,6552.056932272928,6275.661625931462,shared binary core
Matched human Lean root values,pair_80de1ec1,3372,3155,0.06435349940688019,1.9990491283676703,0.000949967475468466,0.0008009619934725496,0.0009508716323296355,0.9990491283676703,0.0,2,1.5923477783710336,0.40575047836430295,0.005,7115.875514662106,8745.357108597207,7118.023451140354,51.745935400016606,370.7887277963656,False,cmp,7064.1295792620895,2.2390268080070013,9087.292165996305,9089.292165996305,1.870403321470937,0.0,True,0.37697549940903674,0.005,8728.221179288374,10357.702773223475,8730.369115766622,1664.0916000262844,hurdle_cmp,7425.200565970021,7425.200565970021,7064.1295792620895,all normalized constructors
Matched human Lean root values,pair_80de1ec1,3372,3155,0.06435349940688019,1.9990491283676703,0.000949967475468466,0.0008009619934725496,0.0009508716323296355,0.9990491283676703,0.0,2,1.5923477783710336,0.40575047836430295,0.005,7115.875514662106,8745.357108597207,7118.023451140354,51.745935400016606,370.7887277963656,False,cmp,7064.1295792620895,2.2390268080070013,9087.292165996305,9089.292165996305,1.870403321470937,0.0,True,0.37697549940903674,0.005,8728.221179288374,10357.702773223475,8730.369115766622,1664.0916000262844,hurdle_cmp,7425.200565970021,7425.200565970021,7064.1295792620895,shared binary core
Matched AI Lean root values,pair_80de1ec1,2560,2349,0.082421875,2.0,0.0017028522775649213,0.0014342846074468644,0.0008514261387824606,0.998297147722435,0.0008514261387824606,3,1.5936242600400345,0.4055243138211789,0.005,5301.149749353041,6514.810908541246,5303.172130159951,68.54196730497642,34.85820223530337,False,cmp,5232.607782048065,2.2275895198161195,6951.437332408687,6953.437332408687,1.83515625,0.0,True,0.369255389955841,0.005,6760.531870963443,7974.193030151648,6762.5542517703525,1527.9240889153778,hurdle_cmp,5425.513243493309,5425.513243493309,5232.607782048065,all normalized constructors
Matched AI Lean root values,pair_80de1ec1,2560,2349,0.082421875,2.0,0.0017028522775649213,0.0014342846074468644,0.0008514261387824606,0.998297147722435,0.0008514261387824606,3,1.5936242600400345,0.4055243138211789,0.005,5301.149749353041,6514.810908541246,5303.172130159951,68.54196730497642,34.85820223530337,False,cmp,5232.607782048065,2.2275895198161195,6951.437332408687,6953.437332408687,1.83515625,0.0,True,0.369255389955841,0.005,6760.531870963443,7974.193030151648,6762.5542517703525,1527.9240889153778,hurdle_cmp,5425.513243493309,5425.513243493309,5232.607782048065,shared binary core
Matched human Lean root values,pair_80fc276c,4002,3766,0.05897051474262868,2.0007966011683482,0.0018581014860581393,0.001563707384271821,0.0005310674455655868,0.9981412639405205,0.0013276686139139671,3,1.5946934249893205,0.405572108733458,0.005,8500.599803252428,10447.726816612332,8502.664806096342,114.39277544285869,34.92601105648967,False,cmp,8386.207027809569,2.2268207721215,10765.235637674008,10767.235637674008,1.882808595702149,0.0,True,0.37918406923043557,0.005,10296.499592667164,12243.626606027068,10298.564595511078,1910.2925648575952,hurdle_cmp,8856.943072816413,8856.943072816413,8386.207027809569,all normalized constructors
Matched human Lean root values,pair_80fc276c,4002,3766,0.05897051474262868,2.0007966011683482,0.0018581014860581393,0.001563707384271821,0.0005310674455655868,0.9981412639405205,0.0013276686139139671,3,1.5946934249893205,0.405572108733458,0.005,8500.599803252428,10447.726816612332,8502.664806096342,114.39277544285869,34.92601105648967,False,cmp,8386.207027809569,2.2268207721215,10765.235637674008,10767.235637674008,1.882808595702149,0.0,True,0.37918406923043557,0.005,10296.499592667164,12243.626606027068,10298.564595511078,1910.2925648575952,hurdle_cmp,8856.943072816413,8856.943072816413,8386.207027809569,shared binary core
Matched AI Lean root values,pair_80fc276c,4402,4191,0.047932757837346664,2.000238606537819,0.0011929757560157912,0.0010045658991108865,0.0004772130756382725,0.9988069673109043,0.0007158196134574087,3,1.593944528738656,0.40581686472352074,0.005,9456.542623338044,11623.305509979004,9458.54476681811,88.03671659977408,36.71644833323679,False,cmp,9368.50590673827,2.235386758944946,11782.012454925612,11784.012454925612,1.90436165379373,0.0,True,0.3841236831870884,0.005,11152.280715511923,13319.04360215288,11154.282858991988,1783.7748087736518,hurdle_cmp,10000.23764615196,10000.23764615196,9368.505906738272,all normalized constructors
Matched AI Lean root values,pair_80fc276c,4402,4191,0.047932757837346664,2.000238606537819,0.0011929757560157912,0.0010045658991108865,0.0004772130756382725,0.9988069673109043,0.0007158196134574087,3,1.593944528738656,0.40581686472352074,0.005,9456.542623338044,11623.305509979004,9458.54476681811,88.03671659977408,36.71644833323679,False,cmp,9368.50590673827,2.235386758944946,11782.012454925612,11784.012454925612,1.90436165379373,0.0,True,0.3841236831870884,0.005,11152.280715511923,13319.04360215288,11154.282858991988,1783.7748087736518,hurdle_cmp,10000.23764615196,10000.23764615196,9368.505906738272,shared binary core
Matched human Lean root values,pair_81db3cca,1621,1407,0.13201727328809376,2.002132196162047,0.004970578117636004,0.004177047661127735,0.0014214641080312722,0.9950248756218906,0.0035536602700781805,3,1.5964855576786319,0.40422517437537975,0.005,3180.5162744473564,3907.188020385949,3182.519095687274,100.58716546566575,30.053984640674752,False,cmp,3079.9291089816907,2.1890043418491048,4481.216527503443,4483.216527503443,1.7378161628624307,0.0,True,0.34834208361757335,0.005,4447.556176765175,5174.227922703768,4449.558998005093,1367.6270677834846,hurdle_cmp,3115.5894597199585,3115.5894597199585,3079.9291089816907,all normalized constructors
Matched human Lean root values,pair_81db3cca,1621,1407,0.13201727328809376,2.002132196162047,0.004970578117636004,0.004177047661127735,0.0014214641080312722,0.9950248756218906,0.0035536602700781805,3,1.5964855576786319,0.40422517437537975,0.005,3180.5162744473564,3907.188020385949,3182.519095687274,100.58716546566575,30.053984640674752,False,cmp,3079.9291089816907,2.1890043418491048,4481.216527503443,4483.216527503443,1.7378161628624307,0.0,True,0.34834208361757335,0.005,4447.556176765175,5174.227922703768,4449.558998005093,1367.6270677834846,hurdle_cmp,3115.5894597199585,3115.5894597199585,3079.9291089816907,shared binary core
Matched AI Lean root values,pair_81db3cca,3719,3501,0.05861790803979564,2.0011425307055126,0.002283756034612382,0.0019212070997814753,0.0005712653527563553,0.9977149385889745,0.001713796058269066,3,1.5951576551135118,0.40541361023924044,0.005,7904.228053411152,9714.376010249049,7906.2286298622475,126.28086707863258,34.11424445303699,False,cmp,7777.94718633252,2.221635871560274,10003.858034051458,10005.858034051458,1.883839741866093,0.0,True,0.37920330317892254,0.005,9565.99983012521,11376.147786963107,9568.000406576306,1788.0526437926917,hurdle_cmp,8217.805390258767,8217.805390258767,7777.947186332519,all normalized constructors
Matched AI Lean root values,pair_81db3cca,3719,3501,0.05861790803979564,2.0011425307055126,0.002283756034612382,0.0019212070997814753,0.0005712653527563553,0.9977149385889745,0.001713796058269066,3,1.5951576551135118,0.40541361023924044,0.005,7904.228053411152,9714.376010249049,7906.2286298622475,126.28086707863258,34.11424445303699,False,cmp,7777.94718633252,2.221635871560274,10003.858034051458,10005.858034051458,1.883839741866093,0.0,True,0.37920330317892254,0.005,9565.99983012521,11376.147786963107,9568.000406576306,1788.0526437926917,hurdle_cmp,8217.805390258767,8217.805390258767,7777.947186332519,shared binary core
Matched human Lean root values,pair_81dfa8e6,4996,4684,0.06244995996797438,2.0004269854824934,0.0012807741308785252,0.001078279409955753,0.0004269854824935952,0.9987190435525192,0.0008539709649871904,3,1.5941973669994147,0.4058026330005811,0.005,10569.63414891925,12991.577736799029,10571.641062257735,103.55226025119191,36.55505428862296,False,cmp,10466.081888668057,2.2344325125252045,13456.292152356302,13458.292152356302,1.8755004003202562,0.0,True,0.3779013808657298,0.005,12906.3261640563,15328.269751936079,12908.333077394786,2440.244275388243,hurdle_cmp,11018.04787696806,11018.04787696806,10466.081888668057,all normalized constructors
Matched human Lean root values,pair_81dfa8e6,4996,4684,0.06244995996797438,2.0004269854824934,0.0012807741308785252,0.001078279409955753,0.0004269854824935952,0.9987190435525192,0.0008539709649871904,3,1.5941973669994147,0.4058026330005811,0.005,10569.63414891925,12991.577736799029,10571.641062257735,103.55226025119191,36.55505428862296,False,cmp,10466.081888668057,2.2344325125252045,13456.292152356302,13458.292152356302,1.8755004003202562,0.0,True,0.3779013808657298,0.005,12906.3261640563,15328.269751936079,12908.333077394786,2440.244275388243,hurdle_cmp,11018.04787696806,11018.04787696806,10466.081888668057,shared binary core
Matched AI Lean root values,pair_81dfa8e6,7858,7520,0.04301348943751591,2.00093085106383,0.0017278569205522857,0.0014538885592818905,0.00039893617021276594,0.9982712765957447,0.0013297872340425532,3,1.5948735899745863,0.40565832491902687,0.005,16972.589695092873,20861.567995307792,16976.354455785313,209.3924958301941,35.62807765711849,False,cmp,16763.19719926268,2.229148563731739,20988.284746721183,20990.284746721183,1.914863833036396,0.0,True,0.38614459808479384,0.005,19762.69733917117,23651.67563938609,19766.46209986361,2999.5001399084895,hurdle_cmp,17990.784606812693,17990.784606812693,16763.19719926268,all normalized constructors
Matched AI Lean root values,pair_81dfa8e6,7858,7520,0.04301348943751591,2.00093085106383,0.0017278569205522857,0.0014538885592818905,0.00039893617021276594,0.9982712765957447,0.0013297872340425532,3,1.5948735899745863,0.40565832491902687,0.005,16972.589695092873,20861.567995307792,16976.354455785313,209.3924958301941,35.62807765711849,False,cmp,16763.19719926268,2.229148563731739,20988.284746721183,20990.284746721183,1.914863833036396,0.0,True,0.38614459808479384,0.005,19762.69733917117,23651.67563938609,19766.46209986361,2999.5001399084895,hurdle_cmp,17990.784606812693,17990.784606812693,16763.19719926268,shared binary core
Matched human Lean root values,pair_82f26bd9,1570,1413,0.1,1.9985845718329796,0.002828852897145053,0.0023863328036136814,0.0021231422505307855,0.997169143665959,0.0007077140835102619,3,1.5917240387493712,0.4047373908330735,0.005,3188.535549262928,3916.893859371858,3190.535719147134,63.424755310465116,33.054970523441675,False,cmp,3125.1107939524627,2.211684921410094,4291.051774627022,4293.051774627022,1.7987261146496816,0.0,True,0.3613051955791342,0.005,4211.296085712075,4939.654395821006,4213.296255596281,1086.1852917596125,hurdle_cmp,3206.866482867409,3206.866482867409,3125.1107939524627,all normalized constructors
Matched human Lean root values,pair_82f26bd9,1570,1413,0.1,1.9985845718329796,0.002828852897145053,0.0023863328036136814,0.0021231422505307855,0.997169143665959,0.0007077140835102619,3,1.5917240387493712,0.4047373908330735,0.005,3188.535549262928,3916.893859371858,3190.535719147134,63.424755310465116,33.054970523441675,False,cmp,3125.1107939524627,2.211684921410094,4291.051774627022,4293.051774627022,1.7987261146496816,0.0,True,0.3613051955791342,0.005,4211.296085712075,4939.654395821006,4213.296255596281,1086.1852917596125,hurdle_cmp,3206.866482867409,3206.866482867409,3125.1107939524627,shared binary core
Matched AI Lean root values,pair_82f26bd9,966,842,0.12836438923395446,1.996437054631829,0.0035502507884744494,0.003001831871750138,0.0035629453681710215,0.996437054631829,0.0,2,1.5888397777972787,0.4040343314663755,0.005,1899.5291815877624,2332.3554670837157,1901.5302206481902,43.81230480008526,372.41389517740606,False,cmp,1855.7168767876772,2.2039392835958163,2664.6192030823076,2666.6192030823076,1.7401656314699794,0.0,True,0.3494053354147394,0.005,2641.9983370322198,3074.8246225281728,2643.9993760926473,786.2814602445426,hurdle_cmp,1880.337742837765,1880.337742837765,1855.7168767876772,all normalized constructors
Matched AI Lean root values,pair_82f26bd9,966,842,0.12836438923395446,1.996437054631829,0.0035502507884744494,0.003001831871750138,0.0035629453681710215,0.996437054631829,0.0,2,1.5888397777972787,0.4040343314663755,0.005,1899.5291815877624,2332.3554670837157,1901.5302206481902,43.81230480008526,372.41389517740606,False,cmp,1855.7168767876772,2.2039392835958163,2664.6192030823076,2666.6192030823076,1.7401656314699794,0.0,True,0.3494053354147394,0.005,2641.9983370322198,3074.8246225281728,2643.9993760926473,786.2814602445426,hurdle_cmp,1880.337742837765,1880.337742837765,1855.7168767876772,shared binary core
Matched human Lean root values,pair_842aefbb,76,48,0.3684210526315789,2.0,0.0,0.0,0.0,1.0,0.0,2,1.5936242600400345,0.40637573995996135,0.005,110.25088917334577,135.0842586675095,112.25133688355737,3.999999999970896,843.5427892765074,False,cmp,106.25088917337487,2.2135601911119767,215.68807790690576,212.28360727989914,1.5936242600400345,0.20736780531622498,False,0.25665836207997555,0.005,212.28360727989914,237.11697677406286,214.28405499011075,106.03271810652427,hurdle_cmp,106.25088917337487,106.25088917337487,106.25088917337487,all normalized constructors
Matched human Lean root values,pair_842aefbb,76,48,0.3684210526315789,2.0,0.0,0.0,0.0,1.0,0.0,2,1.5936242600400345,0.40637573995996135,0.005,110.25088917334577,135.0842586675095,112.25133688355737,3.999999999970896,843.5427892765074,False,cmp,106.25088917337487,2.2135601911119767,215.68807790690576,212.28360727989914,1.5936242600400345,0.20736780531622498,False,0.25665836207997555,0.005,212.28360727989914,237.11697677406286,214.28405499011075,106.03271810652427,hurdle_cmp,106.25088917337487,106.25088917337487,106.25088917337487,shared binary core
Matched AI Lean root values,pair_842aefbb,185,139,0.24864864864864866,2.0,0.0,0.0,0.0,1.0,0.0,2,1.5936242600400345,0.40637573995996135,0.005,315.47653323114713,387.3898323913296,317.4914345570233,3.999999999970896,438.77682010311804,False,cmp,311.47653323117623,2.240838368569613,524.2554157272192,524.9894266227983,1.5936242600400345,0.05705332154961726,False,0.30533096137532223,0.005,524.9894266227983,596.9027257829807,527.0043279486745,213.51289339162204,hurdle_cmp,311.4765332311763,311.4765332311763,311.4765332311763,all normalized constructors
Matched AI Lean root values,pair_842aefbb,185,139,0.24864864864864866,2.0,0.0,0.0,0.0,1.0,0.0,2,1.5936242600400345,0.40637573995996135,0.005,315.47653323114713,387.3898323913296,317.4914345570233,3.999999999970896,438.77682010311804,False,cmp,311.47653323117623,2.240838368569613,524.2554157272192,524.9894266227983,1.5936242600400345,0.05705332154961726,False,0.30533096137532223,0.005,524.9894266227983,596.9027257829807,527.0043279486745,213.51289339162204,hurdle_cmp,311.4765332311763,311.4765332311763,311.4765332311763,shared binary core
Matched human Lean root values,pair_84334dbe,5239,5021,0.04161099446459248,1.9998008364867557,0.0005974508736281131,0.0005033310174734895,0.00039832702648874725,0.9994025094602669,0.00019916351324437363,3,1.5933569198770465,0.4060455895832166,0.005,11325.850542656764,13921.781580413148,11327.851207245287,58.353924836730585,40.320302073975355,False,cmp,11267.496617820034,2.2440742118741355,13979.742435835095,13981.742435835095,1.916587134949418,0.0,True,0.38706103971499234,0.005,13140.865253859534,15736.79629161592,13142.865918448057,1873.3686360395013,hurdle_cmp,12108.373799795594,12108.373799795594,11267.496617820034,all normalized constructors
Matched human Lean root values,pair_84334dbe,5239,5021,0.04161099446459248,1.9998008364867557,0.0005974508736281131,0.0005033310174734895,0.00039832702648874725,0.9994025094602669,0.00019916351324437363,3,1.5933569198770465,0.4060455895832166,0.005,11325.850542656764,13921.781580413148,11327.851207245287,58.353924836730585,40.320302073975355,False,cmp,11267.496617820034,2.2440742118741355,13979.742435835095,13981.742435835095,1.916587134949418,0.0,True,0.38706103971499234,0.005,13140.865253859534,15736.79629161592,13142.865918448057,1873.3686360395013,hurdle_cmp,12108.373799795594,12108.373799795594,11267.496617820034,shared binary core
Matched AI Lean root values,pair_84334dbe,4993,4778,0.04306028439815742,1.9995814148179154,0.00041840996852989345,0.0003525787572389243,0.0004185851820845542,0.9995814148179154,0.0,2,1.5930623724417179,0.40610045719410914,0.005,10776.564675824984,13246.655907466624,10778.565247090977,39.11368330381811,376.0809189190727,False,cmp,10737.450992521166,2.2472689394142247,13331.321500959413,13333.321500959413,1.913478870418586,0.0,True,0.3864699540996245,0.005,12551.5871925129,15021.67842415454,12553.587763778893,1814.1361999917342,hurdle_cmp,11519.18530096768,11519.18530096768,10737.450992521166,all normalized constructors
Matched AI Lean root values,pair_84334dbe,4993,4778,0.04306028439815742,1.9995814148179154,0.00041840996852989345,0.0003525787572389243,0.0004185851820845542,0.9995814148179154,0.0,2,1.5930623724417179,0.40610045719410914,0.005,10776.564675824984,13246.655907466624,10778.565247090977,39.11368330381811,376.0809189190727,False,cmp,10737.450992521166,2.2472689394142247,13331.321500959413,13333.321500959413,1.913478870418586,0.0,True,0.3864699540996245,0.005,12551.5871925129,15021.67842415454,12553.587763778893,1814.1361999917342,hurdle_cmp,11519.18530096768,11519.18530096768,10737.450992521166,shared binary core
Matched human Lean root values,pair_87179bc6,1975,1750,0.11392405063291139,1.9988571428571429,0.0011415510204081632,0.0009626942131293077,0.001142857142857143,0.9988571428571429,0.0,2,1.5920900161122036,0.40562426960207804,0.005,3947.736529704116,4851.2565316867385,3949.7372690139737,35.09460895997472,365.4193638787463,False,cmp,3912.6419207441413,2.2357953832823663,5422.168187447267,5424.168187447267,1.771139240506329,0.0,True,0.35654228638160534,0.005,5350.571139974796,6254.091141957419,5352.571879284653,1437.9292192306543,hurdle_cmp,3986.2389682166126,3986.2389682166126,3912.6419207441418,all normalized constructors
Matched human Lean root values,pair_87179bc6,1975,1750,0.11392405063291139,1.9988571428571429,0.0011415510204081632,0.0009626942131293077,0.001142857142857143,0.9988571428571429,0.0,2,1.5920900161122036,0.40562426960207804,0.005,3947.736529704116,4851.2565316867385,3949.7372690139737,35.09460895997472,365.4193638787463,False,cmp,3912.6419207441413,2.2357953832823663,5422.168187447267,5424.168187447267,1.771139240506329,0.0,True,0.35654228638160534,0.005,5350.571139974796,6254.091141957419,5352.571879284653,1437.9292192306543,hurdle_cmp,3986.2389682166126,3986.2389682166126,3912.6419207441418,shared binary core
Matched AI Lean root values,pair_87179bc6,2028,1805,0.10996055226824458,1.9994459833795013,0.001661742927080056,0.0014004941948259316,0.00110803324099723,0.9983379501385041,0.000554016620498615,3,1.5928805643181956,0.4054573858203044,0.005,4073.0406690748177,5005.136072196617,4075.0409040059885,52.2123176320747,35.26855326782052,False,cmp,4020.828351442743,2.2276057348713256,5561.370498649382,5563.370498649382,1.779585798816568,0.0,True,0.35799164834151,0.005,5480.1723248029175,6412.267727924716,5482.172559734088,1459.3439733601745,hurdle_cmp,4104.026525289208,4104.026525289208,4020.828351442743,all normalized constructors
Matched AI Lean root values,pair_87179bc6,2028,1805,0.10996055226824458,1.9994459833795013,0.001661742927080056,0.0014004941948259316,0.00110803324099723,0.9983379501385041,0.000554016620498615,3,1.5928805643181956,0.4054573858203044,0.005,4073.0406690748177,5005.136072196617,4075.0409040059885,52.2123176320747,35.26855326782052,False,cmp,4020.828351442743,2.2276057348713256,5561.370498649382,5563.370498649382,1.779585798816568,0.0,True,0.35799164834151,0.005,5480.1723248029175,6412.267727924716,5482.172559734088,1459.3439733601745,hurdle_cmp,4104.026525289208,4104.026525289208,4020.828351442743,shared binary core
Matched human Lean root values,pair_877062a7,4206,3861,0.08202567760342368,2.000259000259,0.0023309352498681684,0.0019627613181771838,0.001036001036001036,0.9976689976689976,0.001295001295001295,3,1.5939719013012126,0.4052510979217822,0.005,8713.939603529498,10708.351221445553,8715.981319797544,143.4505384672084,33.33697157061166,False,cmp,8570.48906506229,2.2197588876100207,11419.531186838067,11421.531186838067,1.836186400380409,0.0,True,0.36918018563665644,0.005,11102.332442506797,13096.744060422852,11104.374158774843,2531.8433774445075,hurdle_cmp,8889.68780939356,8889.68780939356,8570.48906506229,all normalized constructors
Matched human Lean root values,pair_877062a7,4206,3861,0.08202567760342368,2.000259000259,0.0023309352498681684,0.0019627613181771838,0.001036001036001036,0.9976689976689976,0.001295001295001295,3,1.5939719013012126,0.4052510979217822,0.005,8713.939603529498,10708.351221445553,8715.981319797544,143.4505384672084,33.33697157061166,False,cmp,8570.48906506229,2.2197588876100207,11419.531186838067,11421.531186838067,1.836186400380409,0.0,True,0.36918018563665644,0.005,11102.332442506797,13096.744060422852,11104.374158774843,2531.8433774445075,hurdle_cmp,8889.68780939356,8889.68780939356,8570.48906506229,shared binary core
Matched AI Lean root values,pair_877062a7,5769,5425,0.059629051828739815,2.0012903225806453,0.0023946484316931774,0.0020141750954684647,0.0005529953917050691,0.9976036866359447,0.0018433179723502304,3,1.5953559772236912,0.40538134996524516,0.005,12247.887310296966,15052.99336546106,12249.889727196862,200.89355214120587,34.014217645729715,False,cmp,12046.99375815576,2.2206440107199557,15524.453181817069,15526.453181817069,1.8819552782111284,0.0,True,0.37874977917045227,0.005,14856.847911546094,17661.953966710185,14858.85032844599,2809.8541533903335,hurdle_cmp,12716.599028426735,12716.599028426735,12046.99375815576,all normalized constructors
Matched AI Lean root values,pair_877062a7,5769,5425,0.059629051828739815,2.0012903225806453,0.0023946484316931774,0.0020141750954684647,0.0005529953917050691,0.9976036866359447,0.0018433179723502304,3,1.5953559772236912,0.40538134996524516,0.005,12247.887310296966,15052.99336546106,12249.889727196862,200.89355214120587,34.014217645729715,False,cmp,12046.99375815576,2.2206440107199557,15524.453181817069,15526.453181817069,1.8819552782111284,0.0,True,0.37874977917045227,0.005,14856.847911546094,17661.953966710185,14858.85032844599,2809.8541533903335,hurdle_cmp,12716.599028426735,12716.599028426735,12046.99375815576,shared binary core
Matched human Lean root values,pair_8793031c,4518,4234,0.06285967242142541,2.0037789324515822,0.005181751790452215,0.004346818705504766,0.0007085498346717053,0.9948039678790742,0.004487482286254133,3,1.5986944166536385,0.4043759659632681,0.005,9573.255695120304,11763.291185277249,9575.431382609147,296.84486342949094,31.194624949344554,False,cmp,9276.410831690813,2.190933120380447,12185.40779550204,12187.40779550204,1.8778220451527226,0.0,True,0.3765609285763051,0.005,11696.588329237627,13886.623819394572,11698.76401672647,2420.1774975468143,hurdle_cmp,9767.230297955226,9767.230297955226,9276.410831690813,all normalized constructors
Matched human Lean root values,pair_8793031c,4518,4234,0.06285967242142541,2.0037789324515822,0.005181751790452215,0.004346818705504766,0.0007085498346717053,0.9948039678790742,0.004487482286254133,3,1.5986944166536385,0.4043759659632681,0.005,9573.255695120304,11763.291185277249,9575.431382609147,296.84486342949094,31.194624949344554,False,cmp,9276.410831690813,2.190933120380447,12185.40779550204,12187.40779550204,1.8778220451527226,0.0,True,0.3765609285763051,0.005,11696.588329237627,13886.623819394572,11698.76401672647,2420.1774975468143,hurdle_cmp,9767.230297955226,9767.230297955226,9276.410831690813,shared binary core
Matched AI Lean root values,pair_8793031c,4390,4088,0.06879271070615034,2.00293542074364,0.0039052776299110387,0.003278988283225378,0.0004892367906066536,0.9960861056751468,0.003424657534246575,3,1.5975630736839295,0.4048831102690997,0.005,9238.142051733434,11352.960642131107,9240.1588086559,225.37706582597457,32.781030185651005,False,cmp,9012.764985907459,2.2046881080986935,11865.336846519473,11867.336846519473,1.8651480637813211,0.0,True,0.3744865783400954,0.005,11439.574282246911,13554.392872644585,11441.59103916938,2426.809296339453,hurdle_cmp,9440.52755018002,9440.52755018002,9012.764985907459,all normalized constructors
Matched AI Lean root values,pair_8793031c,4390,4088,0.06879271070615034,2.00293542074364,0.0039052776299110387,0.003278988283225378,0.0004892367906066536,0.9960861056751468,0.003424657534246575,3,1.5975630736839295,0.4048831102690997,0.005,9238.142051733434,11352.960642131107,9240.1588086559,225.37706582597457,32.781030185651005,False,cmp,9012.764985907459,2.2046881080986935,11865.336846519473,11867.336846519473,1.8651480637813211,0.0,True,0.3744865783400954,0.005,11439.574282246911,13554.392872644585,11441.59103916938,2426.809296339453,hurdle_cmp,9440.52755018002,9440.52755018002,9012.764985907459,shared binary core
Matched human Lean root values,pair_87ba057a,236,198,0.16101694915254236,2.005050505050505,0.015126007550249976,0.012671481561640196,0.005050505050505051,0.9848484848484849,0.010101010101010102,3,1.6003994665026164,0.39960053349737956,0.005,450.6068047031887,552.3563424702452,452.60682973562643,38.91136535118858,24.300202703649244,False,cmp,411.6954393520001,2.0792698957171725,660.531484619996,662.531484619996,1.6822033898305084,0.0,True,0.33353842664701183,0.005,660.9251243810354,762.6746621480918,662.925149413473,249.22968502903524,hurdle_cmp,413.3017995909608,413.3017995909608,411.69543935200016,all normalized constructors
Matched human Lean root values,pair_87ba057a,236,198,0.16101694915254236,2.005050505050505,0.015126007550249976,0.012671481561640196,0.005050505050505051,0.9848484848484849,0.010101010101010102,3,1.6003994665026164,0.39960053349737956,0.005,450.6068047031887,552.3563424702452,452.60682973562643,38.91136535118858,24.300202703649244,False,cmp,411.6954393520001,2.0792698957171725,660.531484619996,662.531484619996,1.6822033898305084,0.0,True,0.33353842664701183,0.005,660.9251243810354,762.6746621480918,662.925149413473,249.22968502903524,hurdle_cmp,413.3017995909608,413.3017995909608,411.69543935200016,shared binary core
Matched AI Lean root values,pair_87ba057a,222,189,0.14864864864864866,1.9947089947089947,0.005263010554015845,0.004458340748195379,0.005291005291005291,0.9947089947089947,0.0,2,1.5865178191408342,0.402900170277151,0.005,427.77913840846827,524.6303216191943,429.7795499478454,16.478193668473978,398.491706704086,False,cmp,411.3009447399943,2.1761954748147847,617.3292144864381,619.3292144864381,1.6981981981981982,0.0,True,0.34065214046851633,0.005,616.4180252104278,713.2692084211538,618.418436749805,205.11708047043354,hurdle_cmp,414.2121340160046,414.2121340160046,411.3009447399943,all normalized constructors
Matched AI Lean root values,pair_87ba057a,222,189,0.14864864864864866,1.9947089947089947,0.005263010554015845,0.004458340748195379,0.005291005291005291,0.9947089947089947,0.0,2,1.5865178191408342,0.402900170277151,0.005,427.77913840846827,524.6303216191943,429.7795499478454,16.478193668473978,398.491706704086,False,cmp,411.3009447399943,2.1761954748147847,617.3292144864381,619.3292144864381,1.6981981981981982,0.0,True,0.34065214046851633,0.005,616.4180252104278,713.2692084211538,618.418436749805,205.11708047043354,hurdle_cmp,414.2121340160046,414.2121340160046,411.3009447399943,shared binary core
Matched human Lean root values,pair_87d2dbfe,674,573,0.14985163204747776,1.9982547993019197,0.0017421549726036995,0.0014701507602242771,0.0017452006980802793,0.9982547993019197,0.0,2,1.591281226423194,0.40522837218064145,0.005,1293.789245932537,1589.3061701197182,1295.7908959682152,18.700025216734502,376.0135862635301,False,cmp,1275.0892207158024,2.2252865981078576,1871.4211209364619,1873.4211209364619,1.698813056379822,0.0,True,0.3422789130079856,0.005,1865.254059685301,2160.7709838724822,1867.2557097209792,590.1648389694984,hurdle_cmp,1283.2562819669633,1283.2562819669633,1275.0892207158026,all normalized constructors
Matched human Lean root values,pair_87d2dbfe,674,573,0.14985163204747776,1.9982547993019197,0.0017421549726036995,0.0014701507602242771,0.0017452006980802793,0.9982547993019197,0.0,2,1.591281226423194,0.40522837218064145,0.005,1293.789245932537,1589.3061701197182,1295.7908959682152,18.700025216734502,376.0135862635301,False,cmp,1275.0892207158024,2.2252865981078576,1871.4211209364619,1873.4211209364619,1.698813056379822,0.0,True,0.3422789130079856,0.005,1865.254059685301,2160.7709838724822,1867.2557097209792,590.1648389694984,hurdle_cmp,1283.2562819669633,1283.2562819669633,1275.0892207158026,shared binary core
Matched AI Lean root values,pair_87d2dbfe,491,416,0.15274949083503056,2.0,0.0,0.0,0.0,1.0,0.0,2,1.5936242600400345,0.40637573995996135,0.005,940.1743728356633,1155.396908451749,942.1749911458256,3.9999999999417923,438.77798087936526,False,cmp,936.1743728357216,2.2504191654704844,1365.1243013494657,1367.1243013494657,1.694501018329939,0.0,True,0.34220573072040616,0.005,1361.9291527620649,1577.1516883781505,1363.9297710722271,425.75477992634336,hurdle_cmp,941.3695214231223,941.3695214231223,936.1743728357214,all normalized constructors
Matched AI Lean root values,pair_87d2dbfe,491,416,0.15274949083503056,2.0,0.0,0.0,0.0,1.0,0.0,2,1.5936242600400345,0.40637573995996135,0.005,940.1743728356633,1155.396908451749,942.1749911458256,3.9999999999417923,438.77798087936526,False,cmp,936.1743728357216,2.2504191654704844,1365.1243013494657,1367.1243013494657,1.694501018329939,0.0,True,0.34220573072040616,0.005,1361.9291527620649,1577.1516883781505,1363.9297710722271,425.75477992634336,hurdle_cmp,941.3695214231223,941.3695214231223,936.1743728357214,shared binary core
Matched human Lean root values,pair_88838551,1858,1658,0.10764262648008611,1.9993968636911943,0.0018090451530103704,0.0015247191713945352,0.0012062726176115801,0.9981905910735827,0.0006031363088057901,3,1.5928146228230484,0.40537596825053024,0.005,3741.522279591549,4597.565505453307,3743.5235030331623,51.70218384185864,34.84874830662873,False,cmp,3689.82009574969,2.225464472707895,5091.415887669707,5093.415887669707,1.7841765339074274,0.0,True,0.35884244951138167,0.005,5012.752244199898,5868.7954700616565,5014.753467641512,1322.932148450208,hurdle_cmp,3770.4837392194995,3770.4837392194995,3689.82009574969,all normalized constructors
Matched human Lean root values,pair_88838551,1858,1658,0.10764262648008611,1.9993968636911943,0.0018090451530103704,0.0015247191713945352,0.0012062726176115801,0.9981905910735827,0.0006031363088057901,3,1.5928146228230484,0.40537596825053024,0.005,3741.522279591549,4597.565505453307,3743.5235030331623,51.70218384185864,34.84874830662873,False,cmp,3689.82009574969,2.225464472707895,5091.415887669707,5093.415887669707,1.7841765339074274,0.0,True,0.35884244951138167,0.005,5012.752244199898,5868.7954700616565,5014.753467641512,1322.932148450208,hurdle_cmp,3770.4837392194995,3770.4837392194995,3689.82009574969,shared binary core
Matched AI Lean root values,pair_88838551,1477,1322,0.1049424509140149,1.9992435703479576,0.0007558574662238712,0.000637165255760456,0.0007564296520423601,0.9992435703479576,0.0,2,1.592608826889713,0.4058783138061983,0.005,2982.954995982408,3665.9756180819354,2985.2687299790596,20.373045420856215,374.4636906665434,False,cmp,2962.581950561552,2.240984834010251,4043.3628239019768,4045.3628239019768,1.7894380501015572,0.0,True,0.3603673388297396,0.005,3976.9344183667836,4659.955040466311,3979.248152363435,1014.3524678052318,hurdle_cmp,3031.010356096745,3031.010356096745,2962.581950561552,all normalized constructors
Matched AI Lean root values,pair_88838551,1477,1322,0.1049424509140149,1.9992435703479576,0.0007558574662238712,0.000637165255760456,0.0007564296520423601,0.9992435703479576,0.0,2,1.592608826889713,0.4058783138061983,0.005,2982.954995982408,3665.9756180819354,2985.2687299790596,20.373045420856215,374.4636906665434,False,cmp,2962.581950561552,2.240984834010251,4043.3628239019768,4045.3628239019768,1.7894380501015572,0.0,True,0.3603673388297396,0.005,3976.9344183667836,4659.955040466311,3979.248152363435,1014.3524678052318,hurdle_cmp,3031.010356096745,3031.010356096745,2962.581950561552,shared binary core
Matched human Lean root values,pair_8956508b,1494,1287,0.13855421686746988,1.9992229992229993,0.0007763970467933173,0.0006544940146927187,0.000777000777000777,0.9992229992229992,0.0,2,1.5925812096425476,0.40586478880344706,0.005,2904.022038623913,3568.935002510089,2906.1673797574617,20.319361213129014,375.1287503955669,False,cmp,2883.702677410784,2.2406392209874,4133.32946025328,4135.32946025328,1.7222222222222223,0.0,True,0.34715224923044724,0.005,4108.1848665495945,4773.09783043577,4110.330207683143,1224.4821891388108,hurdle_cmp,2910.8472711144686,2910.8472711144686,2883.7026774107835,all normalized constructors
Matched human Lean root values,pair_8956508b,1494,1287,0.13855421686746988,1.9992229992229993,0.0007763970467933173,0.0006544940146927187,0.000777000777000777,0.9992229992229992,0.0,2,1.5925812096425476,0.40586478880344706,0.005,2904.022038623913,3568.935002510089,2906.1673797574617,20.319361213129014,375.1287503955669,False,cmp,2883.702677410784,2.2406392209874,4133.32946025328,4135.32946025328,1.7222222222222223,0.0,True,0.34715224923044724,0.005,4108.1848665495945,4773.09783043577,4110.330207683143,1224.4821891388108,hurdle_cmp,2910.8472711144686,2910.8472711144686,2883.7026774107835,shared binary core
Matched AI Lean root values,pair_8956508b,328,250,0.23780487804878048,2.0,0.008,0.006738269085785369,0.004,0.992,0.004,3,1.5936242600400345,0.40237573995996134,0.005,566.6176446607254,695.1471805599452,568.6177627214327,30.06980406026014,27.195592467626273,False,cmp,536.5478406004653,2.1461913624018614,927.790030458141,928.4575358660242,1.5936242600400345,0.043444378875017474,False,0.30668882618899496,0.005,928.4575358660242,1056.9870717652439,930.4576539267314,391.90969526555887,hurdle_cmp,536.5478406004653,536.5478406004653,536.5478406004653,all normalized constructors
Matched AI Lean root values,pair_8956508b,328,250,0.23780487804878048,2.0,0.008,0.006738269085785369,0.004,0.992,0.004,3,1.5936242600400345,0.40237573995996134,0.005,566.6176446607254,695.1471805599452,568.6177627214327,30.06980406026014,27.195592467626273,False,cmp,536.5478406004653,2.1461913624018614,927.790030458141,928.4575358660242,1.5936242600400345,0.043444378875017474,False,0.30668882618899496,0.005,928.4575358660242,1056.9870717652439,930.4576539267314,391.90969526555887,hurdle_cmp,536.5478406004653,536.5478406004653,536.5478406004653,shared binary core
Matched human Lean root values,pair_896a11b6,5932,5683,0.041975724881995954,2.0007038535984516,0.0014072117870149907,0.001184373965030725,0.00035192679922576106,0.9985922928030969,0.0010557803976772831,3,1.5945689533196354,0.40578297347958636,0.005,12825.134534066448,15764.165478721165,12827.136030131707,134.03878371301107,36.50804887105799,False,cmp,12691.095750353437,2.2331683530447717,15835.693682497214,15837.693682497214,1.9167228590694538,0.0,True,0.3867026415444527,0.005,14893.52376269475,17832.554707349467,14895.525258760008,2202.4280123413123,hurdle_cmp,13635.265670155903,13635.265670155903,12691.095750353437,all normalized constructors
Matched human Lean root values,pair_896a11b6,5932,5683,0.041975724881995954,2.0007038535984516,0.0014072117870149907,0.001184373965030725,0.00035192679922576106,0.9985922928030969,0.0010557803976772831,3,1.5945689533196354,0.40578297347958636,0.005,12825.134534066448,15764.165478721165,12827.136030131707,134.03878371301107,36.50804887105799,False,cmp,12691.095750353437,2.2331683530447717,15835.693682497214,15837.693682497214,1.9167228590694538,0.0,True,0.3867026415444527,0.005,14893.52376269475,17832.554707349467,14895.525258760008,2202.4280123413123,hurdle_cmp,13635.265670155903,13635.265670155903,12691.095750353437,shared binary core
Matched AI Lean root values,pair_896a11b6,343,299,0.1282798833819242,2.0,0.0,0.0,0.0,1.0,0.0,2,1.5936242600400345,0.40637573995996135,0.005,676.3128304756331,831.0040279496945,678.3132063558095,3.9999999998835847,438.7917372406799,False,cmp,672.3128304757495,2.248537894567724,947.6930870603559,949.6930870603559,1.7434402332361516,0.0,True,0.3515961170838555,0.005,941.1219725590304,1095.8131700330919,943.1223484392068,268.8091420832809,hurdle_cmp,680.883944977075,680.883944977075,672.3128304757495,all normalized constructors
Matched AI Lean root values,pair_896a11b6,343,299,0.1282798833819242,2.0,0.0,0.0,0.0,1.0,0.0,2,1.5936242600400345,0.40637573995996135,0.005,676.3128304756331,831.0040279496945,678.3132063558095,3.9999999998835847,438.7917372406799,False,cmp,672.3128304757495,2.248537894567724,947.6930870603559,949.6930870603559,1.7434402332361516,0.0,True,0.3515961170838555,0.005,941.1219725590304,1095.8131700330919,943.1223484392068,268.8091420832809,hurdle_cmp,680.883944977075,680.883944977075,672.3128304757495,shared binary core
Matched human Lean root values,pair_8a45bd25,10946,10587,0.032797368901881965,2.0035893076414473,0.003954246369096534,0.003317775307624571,0.00018891092849721356,0.9960328705015585,0.0037782185699442713,3,1.5984401056479733,0.40496029106497244,0.005,23927.67158002461,29408.007913363996,23929.677089863024,568.4103254737565,34.885191692315296,False,cmp,23359.261254550853,2.2064098663030935,29120.39478249635,29122.39478249635,1.9378768499908643,0.0,True,0.3901017365239996,0.005,27089.464663672283,32569.80099701167,27091.470173510694,3730.203409121428,hurdle_cmp,25392.191373374924,25392.191373374924,23359.261254550853,all normalized constructors
Matched human Lean root values,pair_8a45bd25,10946,10587,0.032797368901881965,2.0035893076414473,0.003954246369096534,0.003317775307624571,0.00018891092849721356,0.9960328705015585,0.0037782185699442713,3,1.5984401056479733,0.40496029106497244,0.005,23927.67158002461,29408.007913363996,23929.677089863024,568.4103254737565,34.885191692315296,False,cmp,23359.261254550853,2.2064098663030935,29120.39478249635,29122.39478249635,1.9378768499908643,0.0,True,0.3901017365239996,0.005,27089.464663672283,32569.80099701167,27091.470173510694,3730.203409121428,hurdle_cmp,25392.191373374924,25392.191373374924,23359.261254550853,shared binary core
Matched AI Lean root values,pair_8a45bd25,10981,10637,0.03132683726436572,2.0011281376327914,0.0015029108158697477,0.001264341539082303,0.00018802293879853342,0.9984958164896117,0.001316160571589734,3,1.5951383406638246,0.40580177403016426,0.005,24007.640983668996,29510.65500578777,24010.490660980304,256.0167284348281,37.509549124415564,False,cmp,23751.62425523417,2.232925096853828,29170.315490697263,29172.315490697263,1.9384391221200254,0.0,True,0.39141595722821676,0.005,27069.48695290716,32572.50097502593,27072.336630218466,3317.86269767299,hurdle_cmp,25854.452793024273,25854.452793024273,23751.62425523417,all normalized constructors
Matched AI Lean root values,pair_8a45bd25,10981,10637,0.03132683726436572,2.0011281376327914,0.0015029108158697477,0.001264341539082303,0.00018802293879853342,0.9984958164896117,0.001316160571589734,3,1.5951383406638246,0.40580177403016426,0.005,24007.640983668996,29510.65500578777,24010.490660980304,256.0167284348281,37.509549124415564,False,cmp,23751.62425523417,2.232925096853828,29170.315490697263,29172.315490697263,1.9384391221200254,0.0,True,0.39141595722821676,0.005,27069.48695290716,32572.50097502593,27072.336630218466,3317.86269767299,hurdle_cmp,25854.452793024273,25854.452793024273,23751.62425523417,shared binary core
Matched human Lean root values,pair_8a465ac4,731,592,0.19015047879616964,1.9983108108108107,0.0016863358290723153,0.0014229607470114974,0.0016891891891891893,0.9983108108108109,0.0,2,1.5913564400351399,0.40526518158647756,0.005,1336.638603466121,1641.9853838961924,1338.6541719785446,18.76532312866766,375.35665360191234,False,cmp,1317.8732803374533,2.2261372978673197,2048.3184410169683,2050.3184410169683,1.6183310533515731,0.0,True,0.3275113520081068,0.005,2049.815472507302,2355.1622529373735,2051.8310410197255,731.9421921698488,hurdle_cmp,1318.3762488471195,1318.3762488471195,1317.873280337453,all normalized constructors
Matched human Lean root values,pair_8a465ac4,731,592,0.19015047879616964,1.9983108108108107,0.0016863358290723153,0.0014229607470114974,0.0016891891891891893,0.9983108108108109,0.0,2,1.5913564400351399,0.40526518158647756,0.005,1336.638603466121,1641.9853838961924,1338.6541719785446,18.76532312866766,375.35665360191234,False,cmp,1317.8732803374533,2.2261372978673197,2048.3184410169683,2050.3184410169683,1.6183310533515731,0.0,True,0.3275113520081068,0.005,2049.815472507302,2355.1622529373735,2051.8310410197255,731.9421921698488,hurdle_cmp,1318.3762488471195,1318.3762488471195,1317.873280337453,shared binary core
Matched AI Lean root values,pair_8a465ac4,670,543,0.18955223880597014,2.007366482504604,0.01099545869241544,0.009188412354203174,0.001841620626151013,0.988950276243094,0.009208103130755065,3,1.6035036584921358,0.40202120338631336,0.005,1232.435172335644,1513.0461746886515,1234.4352491339607,75.40442781738966,27.037075331695227,False,cmp,1157.0307445182543,2.13081168419568,1883.4491936264344,1885.4491936264344,1.626865671641791,0.0,True,0.32525160519920415,0.005,1885.1030655228237,2165.7140678758315,1887.1031423211405,728.0723210045694,hurdle_cmp,1157.376872621865,1157.376872621865,1157.0307445182543,all normalized constructors
Matched AI Lean root values,pair_8a465ac4,670,543,0.18955223880597014,2.007366482504604,0.01099545869241544,0.009188412354203174,0.001841620626151013,0.988950276243094,0.009208103130755065,3,1.6035036584921358,0.40202120338631336,0.005,1232.435172335644,1513.0461746886515,1234.4352491339607,75.40442781738966,27.037075331695227,False,cmp,1157.0307445182543,2.13081168419568,1883.4491936264344,1885.4491936264344,1.626865671641791,0.0,True,0.32525160519920415,0.005,1885.1030655228237,2165.7140678758315,1887.1031423211405,728.0723210045694,hurdle_cmp,1157.376872621865,1157.376872621865,1157.0307445182543,shared binary core
Matched human Lean root values,pair_8d6d2aa2,2547,2383,0.06438947781703966,2.0037767519932856,0.005441044579127329,0.004564342449320693,0.000839278220730172,0.9945446915652539,0.004616030214015947,3,1.5986914924455453,0.4042459813270061,0.005,5389.185697611579,6621.538610986649,5391.234696838391,176.5816842400236,30.706120431324642,False,cmp,5212.604013371555,2.187412510856716,6874.97356489434,6876.97356489434,1.8747546132705144,0.0,True,0.3757913770060058,0.005,6608.031638977991,7840.384552353061,6610.080638204803,1395.4276256064356,hurdle_cmp,5481.545939287904,5481.545939287904,5212.604013371555,all normalized constructors
Matched human Lean root values,pair_8d6d2aa2,2547,2383,0.06438947781703966,2.0037767519932856,0.005441044579127329,0.004564342449320693,0.000839278220730172,0.9945446915652539,0.004616030214015947,3,1.5986914924455453,0.4042459813270061,0.005,5389.185697611579,6621.538610986649,5391.234696838391,176.5816842400236,30.706120431324642,False,cmp,5212.604013371555,2.187412510856716,6874.97356489434,6876.97356489434,1.8747546132705144,0.0,True,0.3757913770060058,0.005,6608.031638977991,7840.384552353061,6610.080638204803,1395.4276256064356,hurdle_cmp,5481.545939287904,5481.545939287904,5212.604013371555,shared binary core
Matched AI Lean root values,pair_8d6d2aa2,1913,1769,0.07527443805541036,1.9994347088750706,0.0016955538207320917,0.0014290069086293849,0.0011305822498586771,0.998304126625212,0.0005652911249293386,3,1.5928654287502233,0.4054386978749846,0.005,3991.852492694661,4905.322872555576,3994.161757544286,52.091338991653174,35.16886473900274,False,cmp,3939.761153703008,2.2271120145296823,5180.054962056961,5182.054962056961,1.8489283847360167,0.0,True,0.3721178052001293,0.005,5015.67529555786,5929.145675418776,5017.984560407485,1075.9141418548522,hurdle_cmp,4106.140820202108,4106.140820202108,3939.761153703008,all normalized constructors
Matched AI Lean root values,pair_8d6d2aa2,1913,1769,0.07527443805541036,1.9994347088750706,0.0016955538207320917,0.0014290069086293849,0.0011305822498586771,0.998304126625212,0.0005652911249293386,3,1.5928654287502233,0.4054386978749846,0.005,3991.852492694661,4905.322872555576,3994.161757544286,52.091338991653174,35.16886473900274,False,cmp,3939.761153703008,2.2271120145296823,5180.054962056961,5182.054962056961,1.8489283847360167,0.0,True,0.3721178052001293,0.005,5015.67529555786,5929.145675418776,5017.984560407485,1075.9141418548522,hurdle_cmp,4106.140820202108,4106.140820202108,3939.761153703008,shared binary core
Matched human Lean root values,pair_8e82b67b,1274,1091,0.14364207221350078,1.999083409715857,0.0009157501463940029,0.0007720832399851292,0.0009165902841429881,0.999083409715857,0.0,2,1.5923938037365477,0.4057730156951622,0.005,2461.9974568539546,3025.5075430971924,2464.08182512319,19.98878310120199,371.845872377997,False,cmp,2442.0086737527527,2.238321424154677,3529.9539946574328,3531.9539946574328,1.7119309262166404,0.0,True,0.34512233804480913,0.005,3512.5509542908467,4076.061040534085,3514.6353225600824,1070.5422805380942,hurdle_cmp,2461.4117141193383,2461.4117141193383,2442.0086737527527,all normalized constructors
Matched human Lean root values,pair_8e82b67b,1274,1091,0.14364207221350078,1.999083409715857,0.0009157501463940029,0.0007720832399851292,0.0009165902841429881,0.999083409715857,0.0,2,1.5923938037365477,0.4057730156951622,0.005,2461.9974568539546,3025.5075430971924,2464.08182512319,19.98878310120199,371.845872377997,False,cmp,2442.0086737527527,2.238321424154677,3529.9539946574328,3531.9539946574328,1.7119309262166404,0.0,True,0.34512233804480913,0.005,3512.5509542908467,4076.061040534085,3514.6353225600824,1070.5422805380942,hurdle_cmp,2461.4117141193383,2461.4117141193383,2442.0086737527527,shared binary core
Matched AI Lean root values,pair_8e82b67b,2402,2161,0.1003330557868443,2.001388246182323,0.002311816409742263,0.0019442991218472476,0.00046274872744099955,0.997686256362795,0.0018509949097639982,3,1.595487377254098,0.40543812020078,0.005,4880.1482724748685,5997.721030918505,4882.181173766672,79.68133176583797,34.4438535453352,False,cmp,4800.4669407090305,2.221409967935692,6568.029613647968,6570.029613647968,1.8005828476269776,0.0,True,0.36191411464616086,0.005,6447.35947839183,7564.932236835466,6449.392379683633,1646.8925376827992,hurdle_cmp,4923.137075965169,4923.137075965169,4800.4669407090305,all normalized constructors
Matched AI Lean root values,pair_8e82b67b,2402,2161,0.1003330557868443,2.001388246182323,0.002311816409742263,0.0019442991218472476,0.00046274872744099955,0.997686256362795,0.0018509949097639982,3,1.595487377254098,0.40543812020078,0.005,4880.1482724748685,5997.721030918505,4882.181173766672,79.68133176583797,34.4438535453352,False,cmp,4800.4669407090305,2.221409967935692,6568.029613647968,6570.029613647968,1.8005828476269776,0.0,True,0.36191411464616086,0.005,6447.35947839183,7564.932236835466,6449.392379683633,1646.8925376827992,hurdle_cmp,4923.137075965169,4923.137075965169,4800.4669407090305,shared binary core
Matched human Lean root values,pair_915d7da0,2808,2562,0.0876068376068376,1.9988290398126465,0.0011695890395932624,0.0009863691485953246,0.00117096018735363,0.9988290398126464,0.0,2,1.5920522836230444,0.40560579600224456,0.005,5778.525431444938,7101.211665825615,5780.530318734869,50.49607291072607,365.4251955251084,False,cmp,5728.0293585342115,2.235764776945438,7637.342513328636,7639.342513328636,1.8237179487179487,0.0,True,0.3671419482377165,0.005,7448.284640716451,8770.970875097128,7450.289528006382,1720.2552821822387,hurdle_cmp,5919.087231146397,5919.087231146397,5728.0293585342115,all normalized constructors
Matched human Lean root values,pair_915d7da0,2808,2562,0.0876068376068376,1.9988290398126465,0.0011695890395932624,0.0009863691485953246,0.00117096018735363,0.9988290398126464,0.0,2,1.5920522836230444,0.40560579600224456,0.005,5778.525431444938,7101.211665825615,5780.530318734869,50.49607291072607,365.4251955251084,False,cmp,5728.0293585342115,2.235764776945438,7637.342513328636,7639.342513328636,1.8237179487179487,0.0,True,0.3671419482377165,0.005,7448.284640716451,8770.970875097128,7450.289528006382,1720.2552821822387,hurdle_cmp,5919.087231146397,5919.087231146397,5728.0293585342115,shared binary core
Matched AI Lean root values,pair_915d7da0,3233,2977,0.07918342097123415,2.0,0.0013436345314074571,0.0011317213781970724,0.0006718172657037286,0.9986563654685925,0.0006718172657037286,3,1.5936242600400345,0.4057039226942576,0.005,6717.432216037649,8255.996626107828,6719.8369085334725,70.43881658223108,36.028672994657285,False,cmp,6646.993399455418,2.232782465386435,8766.967061557109,8768.967061557109,1.8416331580575318,0.0,True,0.3707623785411321,0.005,8509.029999748831,10047.59440981901,8511.434692244655,1862.036600293413,hurdle_cmp,6906.930461263695,6906.930461263695,6646.993399455418,all normalized constructors
Matched AI Lean root values,pair_915d7da0,3233,2977,0.07918342097123415,2.0,0.0013436345314074571,0.0011317213781970724,0.0006718172657037286,0.9986563654685925,0.0006718172657037286,3,1.5936242600400345,0.4057039226942576,0.005,6717.432216037649,8255.996626107828,6719.8369085334725,70.43881658223108,36.028672994657285,False,cmp,6646.993399455418,2.232782465386435,8766.967061557109,8768.967061557109,1.8416331580575318,0.0,True,0.3707623785411321,0.005,8509.029999748831,10047.59440981901,8511.434692244655,1862.036600293413,hurdle_cmp,6906.930461263695,6906.930461263695,6646.993399455418,shared binary core
Matched human Lean root values,pair_919a0d3c,102,78,0.23529411764705882,2.0,0.0,0.0,0.0,1.0,0.0,2,1.5936242600400345,0.40637573995996135,0.005,177.90769490668686,218.26192033470292,179.9077484826551,3.999999999985448,438.76831545157063,False,cmp,173.9076949067014,2.2295858321371975,289.5674036501885,291.2089879964004,1.5936242600400345,0.04029337212307636,False,0.31075791879291154,0.005,291.2089879964004,331.5632134244165,293.20904157236873,117.30129308969904,hurdle_cmp,173.90769490670138,173.90769490670138,173.90769490670138,all normalized constructors
Matched human Lean root values,pair_919a0d3c,102,78,0.23529411764705882,2.0,0.0,0.0,0.0,1.0,0.0,2,1.5936242600400345,0.40637573995996135,0.005,177.90769490668686,218.26192033470292,179.9077484826551,3.999999999985448,438.76831545157063,False,cmp,173.9076949067014,2.2295858321371975,289.5674036501885,291.2089879964004,1.5936242600400345,0.04029337212307636,False,0.31075791879291154,0.005,291.2089879964004,331.5632134244165,293.20904157236873,117.30129308969904,hurdle_cmp,173.90769490670138,173.90769490670138,173.90769490670138,shared binary core
Matched AI Lean root values,pair_919a0d3c,96,74,0.22916666666666666,2.0,0.0,0.0,0.0,1.0,0.0,2,1.5936242600400345,0.40637573995996135,0.005,168.88678747557472,207.1715654457438,170.88724241860223,3.999999999985448,438.7842771902785,False,cmp,164.88678747558927,2.2281998307512065,272.45801436317333,274.23413849541623,1.5936242600400345,0.03260341516893434,False,0.31324796621913686,0.005,274.23413849541623,312.51891646558533,276.23459343844377,109.34735101982699,hurdle_cmp,164.88678747558924,164.88678747558924,164.88678747558924,all normalized constructors
Matched AI Lean root values,pair_919a0d3c,96,74,0.22916666666666666,2.0,0.0,0.0,0.0,1.0,0.0,2,1.5936242600400345,0.40637573995996135,0.005,168.88678747557472,207.1715654457438,170.88724241860223,3.999999999985448,438.7842771902785,False,cmp,164.88678747558927,2.2281998307512065,272.45801436317333,274.23413849541623,1.5936242600400345,0.03260341516893434,False,0.31324796621913686,0.005,274.23413849541623,312.51891646558533,276.23459343844377,109.34735101982699,hurdle_cmp,164.88678747558924,164.88678747558924,164.88678747558924,shared binary core
Matched human Lean root values,pair_92daf189,5175,4877,0.05758454106280193,2.0028706171826944,0.003682553077597351,0.003092197147978409,0.0004100881689563256,0.996309206479393,0.003280705351650605,3,1.5974761479983703,0.40498438101536366,0.005,11020.042271210861,13543.303253892156,11022.050813770105,254.16034324129578,33.323224621434086,False,cmp,10765.881927969565,2.2074804035205178,13920.659043070264,13922.659043070264,1.887536231884058,0.0,True,0.3793303902426198,0.005,13301.825540540234,15825.08652322153,13303.834083099478,2535.9436125706693,hurdle_cmp,11386.715430499595,11386.715430499595,10765.881927969565,all normalized constructors
Matched human Lean root values,pair_92daf189,5175,4877,0.05758454106280193,2.0028706171826944,0.003682553077597351,0.003092197147978409,0.0004100881689563256,0.996309206479393,0.003280705351650605,3,1.5974761479983703,0.40498438101536366,0.005,11020.042271210861,13543.303253892156,11022.050813770105,254.16034324129578,33.323224621434086,False,cmp,10765.881927969565,2.2074804035205178,13920.659043070264,13922.659043070264,1.887536231884058,0.0,True,0.3793303902426198,0.005,13301.825540540234,15825.08652322153,13303.834083099478,2535.9436125706693,hurdle_cmp,11386.715430499595,11386.715430499595,10765.881927969565,shared binary core
Matched AI Lean root values,pair_92daf189,5865,5585,0.04774083546462063,2.0010743061772605,0.0017893561616716984,0.0015054042256334266,0.00035810205908683976,0.9982094897045658,0.001432408236347359,3,1.5950661022153643,0.40565010190280504,0.005,12606.64965148186,15495.222558687481,12608.831325363988,160.4952258351841,35.71083851993852,False,cmp,12446.154425646675,2.2284967637684288,15699.44645684123,15701.44645684123,1.905541346973572,0.0,True,0.3840944793914693,0.005,14858.56643377247,17747.139340978094,14860.7481076546,2412.412008125796,hurdle_cmp,13289.034448715433,13289.034448715433,12446.154425646673,all normalized constructors
Matched AI Lean root values,pair_92daf189,5865,5585,0.04774083546462063,2.0010743061772605,0.0017893561616716984,0.0015054042256334266,0.00035810205908683976,0.9982094897045658,0.001432408236347359,3,1.5950661022153643,0.40565010190280504,0.005,12606.64965148186,15495.222558687481,12608.831325363988,160.4952258351841,35.71083851993852,False,cmp,12446.154425646675,2.2284967637684288,15699.44645684123,15701.44645684123,1.905541346973572,0.0,True,0.3840944793914693,0.005,14858.56643377247,17747.139340978094,14860.7481076546,2412.412008125796,hurdle_cmp,13289.034448715433,13289.034448715433,12446.154425646673,shared binary core
Matched human Lean root values,pair_95cc16d3,2544,2344,0.07861635220125786,1.9991467576791808,0.0008525142983610755,0.0007187190461677719,0.0008532423208191126,0.9991467576791809,0.0,2,1.592478852310932,0.4058146630474257,0.005,5287.341771449683,6498.1745226012945,5289.345250499198,36.264160910388455,348.4305972069859,False,cmp,5251.077610539294,2.240220823608914,6895.8930318791545,6897.8930318791545,1.8419811320754718,0.0,True,0.3710603017895188,0.005,6690.459686015931,7901.292437167543,6692.463165065446,1439.3820754766364,hurdle_cmp,5458.510956402518,5458.510956402518,5251.077610539294,all normalized constructors
Matched human Lean root values,pair_95cc16d3,2544,2344,0.07861635220125786,1.9991467576791808,0.0008525142983610755,0.0007187190461677719,0.0008532423208191126,0.9991467576791809,0.0,2,1.592478852310932,0.4058146630474257,0.005,5287.341771449683,6498.1745226012945,5289.345250499198,36.264160910388455,348.4305972069859,False,cmp,5251.077610539294,2.240220823608914,6895.8930318791545,6897.8930318791545,1.8419811320754718,0.0,True,0.3710603017895188,0.005,6690.459686015931,7901.292437167543,6692.463165065446,1439.3820754766364,hurdle_cmp,5458.510956402518,5458.510956402518,5251.077610539294,shared binary core
Matched AI Lean root values,pair_95cc16d3,2885,2679,0.07140381282495667,1.9988801791713326,0.001118566829979096,0.0009432877352941336,0.0011198208286674132,0.9988801791713325,0.0,2,1.5921209455818743,0.4056394127607869,0.005,6042.387103132831,7425.604623124657,6044.3895664304055,50.7641587681137,366.3696669022943,False,cmp,5991.622944364717,2.2365147235403944,7797.526550163183,7799.526550163183,1.856152512998267,0.0,True,0.3738950834437589,0.005,7528.749211068003,8911.96673105983,7530.751674365578,1537.1262667032865,hurdle_cmp,6262.400283459896,6262.400283459896,5991.622944364717,all normalized constructors
Matched AI Lean root values,pair_95cc16d3,2885,2679,0.07140381282495667,1.9988801791713326,0.001118566829979096,0.0009432877352941336,0.0011198208286674132,0.9988801791713325,0.0,2,1.5921209455818743,0.4056394127607869,0.005,6042.387103132831,7425.604623124657,6044.3895664304055,50.7641587681137,366.3696669022943,False,cmp,5991.622944364717,2.2365147235403944,7797.526550163183,7799.526550163183,1.856152512998267,0.0,True,0.3738950834437589,0.005,7528.749211068003,8911.96673105983,7530.751674365578,1537.1262667032865,hurdle_cmp,6262.400283459896,6262.400283459896,5991.622944364717,shared binary core
Matched human Lean root values,pair_95ff000b,8370,8027,0.04097968936678614,2.0006228977201945,0.0011208278947799964,0.0009434223157647885,0.00024915908807773764,0.9988787841036502,0.0008720568082720817,3,1.5944603044537693,0.40591343417834336,0.005,18112.65123969534,22264.49958846485,18114.773717219872,153.80476519081276,37.83270552908257,False,cmp,17958.846474504528,2.2373049052578207,22331.80440597524,22333.80440597524,1.9186379928315411,0.0,True,0.38725720161489985,0.005,20977.948768089314,25129.79711685882,20980.071245613843,3019.102293584785,hurdle_cmp,19314.702112390456,19314.702112390456,17958.846474504528,all normalized constructors
Matched human Lean root values,pair_95ff000b,8370,8027,0.04097968936678614,2.0006228977201945,0.0011208278947799964,0.0009434223157647885,0.00024915908807773764,0.9988787841036502,0.0008720568082720817,3,1.5944603044537693,0.40591343417834336,0.005,18112.65123969534,22264.49958846485,18114.773717219872,153.80476519081276,37.83270552908257,False,cmp,17958.846474504528,2.2373049052578207,22331.80440597524,22333.80440597524,1.9186379928315411,0.0,True,0.38725720161489985,0.005,20977.948768089314,25129.79711685882,20980.071245613843,3019.102293584785,hurdle_cmp,19314.702112390456,19314.702112390456,17958.846474504528,shared binary core
Matched AI Lean root values,pair_95ff000b,7738,7458,0.036185060739209095,2.000402252614642,0.0009384276269986687,0.0007900800744461534,0.0002681684097613301,0.9990614105658353,0.0006704210244033253,3,1.5941641717001913,0.4059699125046852,0.005,16826.89835820044,20684.124970290053,16828.900970708157,123.96505595231429,38.30061326198578,False,cmp,16702.933302248126,2.239599531006721,20598.77927028871,20600.77927028871,1.9280175756009306,0.0,True,0.3893963098236623,0.005,19237.343076137076,23094.56968822669,19239.345688644793,2534.4097738889513,hurdle_cmp,18066.36949639976,18066.36949639976,16702.933302248126,all normalized constructors
Matched AI Lean root values,pair_95ff000b,7738,7458,0.036185060739209095,2.000402252614642,0.0009384276269986687,0.0007900800744461534,0.0002681684097613301,0.9990614105658353,0.0006704210244033253,3,1.5941641717001913,0.4059699125046852,0.005,16826.89835820044,20684.124970290053,16828.900970708157,123.96505595231429,38.30061326198578,False,cmp,16702.933302248126,2.239599531006721,20598.77927028871,20600.77927028871,1.9280175756009306,0.0,True,0.3893963098236623,0.005,19237.343076137076,23094.56968822669,19239.345688644793,2534.4097738889513,hurdle_cmp,18066.36949639976,18066.36949639976,16702.933302248126,shared binary core
Matched human Lean root values,pair_965e479d,7534,7267,0.03543934165118131,2.0015136920324754,0.0023370509684385254,0.0019652570189566255,0.00041282509976606576,0.9976606577679923,0.0019265171322416404,3,1.5956557039639847,0.4054451629687207,0.005,16407.069581260945,20165.643163478046,16409.071814817664,259.772283966071,34.626525205119954,False,cmp,16147.297297294874,2.2220032059026935,20056.785179174476,20058.785179174476,1.9305813644810195,0.0,True,0.389283846734393,0.005,18717.017551673955,22475.59113389106,18719.019785230674,2569.7202543790827,hurdle_cmp,17489.06492479539,17489.06492479539,16147.297297294872,all normalized constructors
Matched human Lean root values,pair_965e479d,7533,7266,0.03544404619673437,2.001651527663088,0.002199309340495863,0.0018491542898477575,0.0002752546105147261,0.9977979631158822,0.0019267822736030828,3,1.5958406499265685,0.40553562312600083,0.005,16405.265961256133,20164.255287136468,16407.287461232092,243.80930829176214,35.62648435549734,False,cmp,16161.45665296437,2.2242577281811684,20054.239599266137,20056.239599266137,1.930704898446834,0.0,True,0.38937724297642223,0.005,18715.141761676685,22474.13108755702,18717.163261652644,2553.685108712313,hurdle_cmp,17502.554490553823,17502.554490553823,16161.45665296437,shared binary core
Matched AI Lean root values,pair_965e479d,13308,13053,0.01916140667267809,2.0007661074082588,0.001071963451001104,0.0009021531726039027,0.00015322148165172758,0.9989274496284379,0.0009193288899103654,3,1.5946525012047676,0.4059603847218353,0.005,29453.74361313552,36206.459705936664,29455.880286007756,234.92428254685365,38.90218902428922,False,cmp,29218.819330588667,2.238475394973467,35138.97864468057,35140.97864468057,1.9624286143672978,0.0,True,0.3969591345732738,0.005,31977.803060303762,38730.519153104906,31979.939733175997,2758.983729715095,hurdle_cmp,32381.99491496547,32381.99491496547,29218.819330588667,all normalized constructors
Matched AI Lean root values,pair_965e479d,13308,13053,0.01916140667267809,2.0007661074082588,0.001071963451001104,0.0009021531726039027,0.00015322148165172758,0.9989274496284379,0.0009193288899103654,3,1.5946525012047676,0.4059603847218353,0.005,29453.74361313552,36206.459705936664,29455.880286007756,234.92428254685365,38.90218902428922,False,cmp,29218.819330588667,2.238475394973467,35138.97864468057,35140.97864468057,1.9624286143672978,0.0,True,0.3969591345732738,0.005,31977.803060303762,38730.519153104906,31979.939733175997,2758.983729715095,hurdle_cmp,32381.99491496547,32381.99491496547,29218.819330588667,shared binary core
Matched human Lean root values,pair_98273f65,5829,5519,0.053182364041859664,2.000181192244972,0.0009059283942299378,0.0007628998409670464,0.0003623844899438304,0.9990940387751405,0.0005435767349157456,3,1.5938674662628027,0.40595134149222156,0.005,12451.48393881911,15305.303361814556,12453.953228341928,90.79072606406407,38.07555550625227,False,cmp,12360.693212755046,2.239661752628202,15636.009766786923,15638.009766786923,1.893806827929319,0.0,True,0.3819860785889405,0.005,14875.794746071815,17729.61416906726,14878.264035594633,2515.101533316769,hurdle_cmp,13122.908233470154,13122.908233470154,12360.693212755046,all normalized constructors
Matched human Lean root values,pair_98273f65,5829,5519,0.053182364041859664,2.000181192244972,0.0009059283942299378,0.0007628998409670464,0.0003623844899438304,0.9990940387751405,0.0005435767349157456,3,1.5938674662628027,0.40595134149222156,0.005,12451.48393881911,15305.303361814556,12453.953228341928,90.79072606406407,38.07555550625227,False,cmp,12360.693212755046,2.239661752628202,15636.009766786923,15638.009766786923,1.893806827929319,0.0,True,0.3819860785889405,0.005,14875.794746071815,17729.61416906726,14878.264035594633,2515.101533316769,hurdle_cmp,13122.908233470154,13122.908233470154,12360.693212755046,shared binary core
Matched AI Lean root values,pair_98273f65,10914,10689,0.02061572292468389,2.0012162035737675,0.0015889409068707103,0.0013365887958669358,0.0001871082421180653,0.9984095799419964,0.0014033118158854898,3,1.5952565176891655,0.40577257764247976,0.005,24126.17606987711,29656.214778196183,24128.208738827147,269.37585011019837,37.363384350609934,False,cmp,23856.800219766912,2.2319019758412306,28843.25574264044,28845.25574264044,1.9599596848085028,0.0,True,0.3961530825601168,0.005,26320.270884420264,31850.309592739337,26322.3035533703,2463.470664653354,hurdle_cmp,26381.785077987086,26381.785077987086,23856.800219766912,all normalized constructors
Matched AI Lean root values,pair_98273f65,10914,10689,0.02061572292468389,2.0012162035737675,0.0015889409068707103,0.0013365887958669358,0.0001871082421180653,0.9984095799419964,0.0014033118158854898,3,1.5952565176891655,0.40577257764247976,0.005,24126.17606987711,29656.214778196183,24128.208738827147,269.37585011019837,37.363384350609934,False,cmp,23856.800219766912,2.2319019758412306,28843.25574264044,28845.25574264044,1.9599596848085028,0.0,True,0.3961530825601168,0.005,26320.270884420264,31850.309592739337,26322.3035533703,2463.470664653354,hurdle_cmp,26381.785077987086,26381.785077987086,23856.800219766912,shared binary core
Matched human Lean root values,pair_99ea5bb6,4820,4442,0.07842323651452282,2.0013507429086,0.0026996613107943272,0.002270578550355866,0.0006753714542998649,0.9972985141828006,0.002026114362899595,3,1.5954370533650586,0.40523831808923744,0.005,10029.734887443587,12326.152820861706,10031.735366209532,183.3984794592834,33.28640624836551,False,cmp,9846.336407984303,2.2166448464620223,13071.45319058967,13073.45319058967,1.8443983402489628,0.0,True,0.3707118368872318,0.005,12681.784151892918,14978.202085311037,12683.784630658864,2835.447743908615,hurdle_cmp,10238.005446681054,10238.005446681054,9846.336407984303,all normalized constructors
Matched human Lean root values,pair_99ea5bb6,4820,4442,0.07842323651452282,2.0013507429086,0.0026996613107943272,0.002270578550355866,0.0006753714542998649,0.9972985141828006,0.002026114362899595,3,1.5954370533650586,0.40523831808923744,0.005,10029.734887443587,12326.152820861706,10031.735366209532,183.3984794592834,33.28640624836551,False,cmp,9846.336407984303,2.2166448464620223,13071.45319058967,13073.45319058967,1.8443983402489628,0.0,True,0.3707118368872318,0.005,12681.784151892918,14978.202085311037,12683.784630658864,2835.447743908615,hurdle_cmp,10238.005446681054,10238.005446681054,9846.336407984303,shared binary core
Matched AI Lean root values,pair_99ea5bb6,4649,4331,0.06840180684018068,2.0018471484645577,0.0027673107393866394,0.0023262343237387384,0.0004617871161394597,0.9972292773031632,0.0023089355806972986,3,1.5961031210013306,0.4052822403470839,0.005,9781.118566448547,12021.164729132164,9783.482435501437,180.1077224795008,33.901469527330704,False,cmp,9601.010843969047,2.2168115548300733,12558.66385728476,12560.66385728476,1.8649171864917187,0.0,True,0.374969558181311,0.005,12102.831587478315,14342.877750161933,12105.195456531204,2501.820743509269,hurdle_cmp,10058.843113775492,10058.843113775492,9601.010843969045,all normalized constructors
Matched AI Lean root values,pair_99ea5bb6,4649,4331,0.06840180684018068,2.0018471484645577,0.0027673107393866394,0.0023262343237387384,0.0004617871161394597,0.9972292773031632,0.0023089355806972986,3,1.5961031210013306,0.4052822403470839,0.005,9781.118566448547,12021.164729132164,9783.482435501437,180.1077224795008,33.901469527330704,False,cmp,9601.010843969047,2.2168115548300733,12558.66385728476,12560.66385728476,1.8649171864917187,0.0,True,0.374969558181311,0.005,12102.831587478315,14342.877750161933,12105.195456531204,2501.820743509269,hurdle_cmp,10058.843113775492,10058.843113775492,9601.010843969045,shared binary core
Matched human Lean root values,pair_99eea8ae,140,114,0.18571428571428572,2.008771929824561,0.008694983071714372,0.007255112811316731,0.0,0.9912280701754386,0.008771929824561403,3,1.6053866164920871,0.40338531333246985,0.005,260.3536994002531,319.45704187034926,262.3558744557566,15.463599204951606,115.19081577111092,False,cmp,244.8901001953015,2.1481587736429955,394.8623336722234,396.8623336722234,1.6357142857142857,0.0,True,0.3277575677243354,0.005,396.7393115197963,455.8426539898924,398.74148657529975,151.84921132449477,hurdle_cmp,245.0131223477286,245.0131223477286,244.8901001953015,all normalized constructors
Matched human Lean root values,pair_99eea8ae,140,114,0.18571428571428572,2.008771929824561,0.008694983071714372,0.007255112811316731,0.0,0.9912280701754386,0.008771929824561403,3,1.6053866164920871,0.40338531333246985,0.005,260.3536994002531,319.45704187034926,262.3558744557566,15.463599204951606,115.19081577111092,False,cmp,244.8901001953015,2.1481587736429955,394.8623336722234,396.8623336722234,1.6357142857142857,0.0,True,0.3277575677243354,0.005,396.7393115197963,455.8426539898924,398.74148657529975,151.84921132449477,hurdle_cmp,245.0131223477286,245.0131223477286,244.8901001953015,shared binary core
Matched AI Lean root values,pair_99eea8ae,1472,1299,0.11752717391304347,2.0,0.001539645881447267,0.0012968185307516106,0.0007698229407236335,0.9984603541185527,0.0007698229407236335,3,1.5936242600400345,0.4056059170192377,0.005,2932.3506184698863,3603.5927501894757,2934.3507504460267,36.67431925320125,35.35589440259542,False,cmp,2895.676299216685,2.229158044046717,4047.6563156057596,4049.6563156057596,1.764945652173913,0.0,True,0.35514136399155544,0.005,3999.987152569728,4671.229284289318,4001.9872845458685,1104.3108533530428,hurdle_cmp,2945.345462252717,2945.345462252717,2895.676299216685,all normalized constructors
Matched AI Lean root values,pair_99eea8ae,1472,1299,0.11752717391304347,2.0,0.001539645881447267,0.0012968185307516106,0.0007698229407236335,0.9984603541185527,0.0007698229407236335,3,1.5936242600400345,0.4056059170192377,0.005,2932.3506184698863,3603.5927501894757,2934.3507504460267,36.67431925320125,35.35589440259542,False,cmp,2895.676299216685,2.229158044046717,4047.6563156057596,4049.6563156057596,1.764945652173913,0.0,True,0.35514136399155544,0.005,3999.987152569728,4671.229284289318,4001.9872845458685,1104.3108533530428,hurdle_cmp,2945.345462252717,2945.345462252717,2895.676299216685,shared binary core
Matched human Lean root values,pair_9a76e23c,10103,9806,0.029397208749876273,2.0023455027534163,0.0025439581314166252,0.0021373368956762073,0.00010197838058331633,0.997450540485417,0.0024474811339995923,3,1.5967717256104041,0.405471798762425,0.005,22146.61976452514,27221.862838897126,22148.624382745475,360.9271139772609,37.48381884922642,False,cmp,21785.69265054788,2.2216696563887295,26823.169790628082,26825.169790628082,1.9434821340195982,0.0,True,0.3920234730659287,0.005,24828.754154441463,29903.997228813445,24830.758772661793,3043.061503893581,hurdle_cmp,23782.108286734503,23782.108286734503,21785.692650547884,all normalized constructors
Matched human Lean root values,pair_9a76e23c,10103,9806,0.029397208749876273,2.0023455027534163,0.0025439581314166252,0.0021373368956762073,0.00010197838058331633,0.997450540485417,0.0024474811339995923,3,1.5967717256104041,0.405471798762425,0.005,22146.61976452514,27221.862838897126,22148.624382745475,360.9271139772609,37.48381884922642,False,cmp,21785.69265054788,2.2216696563887295,26823.169790628082,26825.169790628082,1.9434821340195982,0.0,True,0.3920234730659287,0.005,24828.754154441463,29903.997228813445,24830.758772661793,3043.061503893581,hurdle_cmp,23782.108286734503,23782.108286734503,21785.692650547884,shared binary core
Matched AI Lean root values,pair_9a76e23c,11237,10944,0.026074575064519,2.002923976608187,0.0030981755069936045,0.0026013530759123786,9.137426900584795e-05,0.9968932748538012,0.0030153508771929823,3,1.597547722936188,0.40528487940298885,0.005,24724.421427424975,30389.52568040294,24726.654265964673,473.561938689556,37.237243053355584,False,cmp,24250.85948873542,2.2159045585467307,29791.385099153526,29793.385099153526,1.950698585031592,0.0,True,0.39335116582613294,0.005,27441.735916380454,33106.840169358424,27443.96875492015,3190.876427645036,hurdle_cmp,26602.50867150849,26602.50867150849,24250.85948873542,all normalized constructors
Matched AI Lean root values,pair_9a76e23c,11237,10944,0.026074575064519,2.002923976608187,0.0030981755069936045,0.0026013530759123786,9.137426900584795e-05,0.9968932748538012,0.0030153508771929823,3,1.597547722936188,0.40528487940298885,0.005,24724.421427424975,30389.52568040294,24726.654265964673,473.561938689556,37.237243053355584,False,cmp,24250.85948873542,2.2159045585467307,29791.385099153526,29793.385099153526,1.950698585031592,0.0,True,0.39335116582613294,0.005,27441.735916380454,33106.840169358424,27443.96875492015,3190.876427645036,hurdle_cmp,26602.50867150849,26602.50867150849,24250.85948873542,shared binary core
Matched human Lean root values,pair_9a84ead7,1221,1056,0.13513513513513514,1.9990530303030303,0.002840012339302112,0.0023945371166602765,0.001893939393939394,0.9971590909090909,0.000946969696969697,3,1.592353017040175,0.4048060738689118,0.005,2383.8754214427317,2928.466922614929,2385.8756137983123,48.992341413541,32.61848183460299,False,cmp,2334.8830800291908,2.2110635227549156,3375.8420568774864,3377.8420568774864,1.7289107289107288,0.0,True,0.3475474608655333,0.005,3352.9882263036525,3897.5797274758497,3354.9884186592326,1018.1051462744615,hurdle_cmp,2359.7369106030246,2359.7369106030246,2334.8830800291908,all normalized constructors
Matched human Lean root values,pair_9a84ead7,1221,1056,0.13513513513513514,1.9990530303030303,0.002840012339302112,0.0023945371166602765,0.001893939393939394,0.9971590909090909,0.000946969696969697,3,1.592353017040175,0.4048060738689118,0.005,2383.8754214427317,2928.466922614929,2385.8756137983123,48.992341413541,32.61848183460299,False,cmp,2334.8830800291908,2.2110635227549156,3375.8420568774864,3377.8420568774864,1.7289107289107288,0.0,True,0.3475474608655333,0.005,3352.9882263036525,3897.5797274758497,3354.9884186592326,1018.1051462744615,hurdle_cmp,2359.7369106030246,2359.7369106030246,2334.8830800291908,shared binary core
Matched AI Lean root values,pair_9a84ead7,555,465,0.16216216216216217,1.9978494623655914,0.002145912822291595,0.001811661540076804,0.002150537634408602,0.9978494623655914,0.0,2,1.5907369006904122,0.4049620240407666,0.005,1050.224403405794,1289.8663850539056,1052.2719345666771,18.28192273064633,373.36973129946614,False,cmp,1031.9424806751476,2.2192311412368766,1546.1093021843926,1548.1093021843926,1.6738738738738739,0.0,True,0.3374388084672926,0.005,1544.218481808647,1783.8604634567587,1546.2660129695305,512.2760011334996,hurdle_cmp,1035.8333010508932,1035.8333010508932,1031.9424806751476,all normalized constructors
Matched AI Lean root values,pair_9a84ead7,555,465,0.16216216216216217,1.9978494623655914,0.002145912822291595,0.001811661540076804,0.002150537634408602,0.9978494623655914,0.0,2,1.5907369006904122,0.4049620240407666,0.005,1050.224403405794,1289.8663850539056,1052.2719345666771,18.28192273064633,373.36973129946614,False,cmp,1031.9424806751476,2.2192311412368766,1546.1093021843926,1548.1093021843926,1.6738738738738739,0.0,True,0.3374388084672926,0.005,1544.218481808647,1783.8604634567587,1546.2660129695305,512.2760011334996,hurdle_cmp,1035.8333010508932,1035.8333010508932,1031.9424806751476,shared binary core
Matched human Lean root values,pair_9af28884,1348,1206,0.10534124629080119,1.9983416252072967,0.0033139993784532286,0.002796319831150347,0.0024875621890547263,0.9966832504145937,0.0008291873963515755,3,1.5913978179321906,0.40445624508604744,0.005,2721.7031799909428,3342.9677505477084,2723.7076265008914,62.15555975075404,32.27131560732361,False,cmp,2659.5476202401887,2.205263366699991,3691.4665182445638,3693.4665182445638,1.7878338278931751,0.0,True,0.3588997965745231,0.005,3631.346195424818,4252.610765981583,3633.3506419347664,971.7985751846289,hurdle_cmp,2721.6679430599347,2721.6679430599347,2659.5476202401887,all normalized constructors
Matched human Lean root values,pair_9af28884,1348,1206,0.10534124629080119,1.9983416252072967,0.0033139993784532286,0.002796319831150347,0.0024875621890547263,0.9966832504145937,0.0008291873963515755,3,1.5913978179321906,0.40445624508604744,0.005,2721.7031799909428,3342.9677505477084,2723.7076265008914,62.15555975075404,32.27131560732361,False,cmp,2659.5476202401887,2.205263366699991,3691.4665182445638,3693.4665182445638,1.7878338278931751,0.0,True,0.3588997965745231,0.005,3631.346195424818,4252.610765981583,3633.3506419347664,971.7985751846289,hurdle_cmp,2721.6679430599347,2721.6679430599347,2659.5476202401887,shared binary core
Matched AI Lean root values,pair_9af28884,665,581,0.12631578947368421,1.9982788296041307,0.0017182079683375744,0.0014499050448413856,0.0017211703958691911,0.9982788296041308,0.0,2,1.591313495016623,0.4052441641916345,0.005,1311.8310810603039,1611.4868919336438,1313.8370422591963,18.72777935542399,376.8314308901792,False,cmp,1293.1033017048799,2.225651121695146,1834.1163663499256,1836.1163663499256,1.7458646616541353,0.0,True,0.35131748408470126,0.005,1818.3302434649922,2117.9860543383325,1820.336204663885,525.2269417601125,hurdle_cmp,1310.8894245898132,1310.8894245898132,1293.1033017048799,all normalized constructors
Matched AI Lean root values,pair_9af28884,665,581,0.12631578947368421,1.9982788296041307,0.0017182079683375744,0.0014499050448413856,0.0017211703958691911,0.9982788296041308,0.0,2,1.591313495016623,0.4052441641916345,0.005,1311.8310810603039,1611.4868919336438,1313.8370422591963,18.72777935542399,376.8314308901792,False,cmp,1293.1033017048799,2.225651121695146,1834.1163663499256,1836.1163663499256,1.7458646616541353,0.0,True,0.35131748408470126,0.005,1818.3302434649922,2117.9860543383325,1820.336204663885,525.2269417601125,hurdle_cmp,1310.8894245898132,1310.8894245898132,1293.1033017048799,shared binary core
Matched human Lean root values,pair_9b461a0f,3666,3384,0.07692307692307693,1.9994089834515367,0.0017727003448295136,0.0014940671367199541,0.001182033096926714,0.99822695035461,0.000591016548463357,3,1.5928308932557715,0.40539605709883464,0.005,7634.400005937308,9381.667056145921,7636.434016603489,99.64817655147635,34.94912069137956,False,cmp,7534.751829385832,2.2265815098657895,9931.539071566243,9933.539071566243,1.8456082924168031,0.0,True,0.37139052649937954,0.005,9624.760489080109,11372.027539288723,9626.794499746291,2090.0086596942774,hurdle_cmp,7843.530411871966,7843.530411871966,7534.751829385831,all normalized constructors
Matched human Lean root values,pair_9b461a0f,3666,3384,0.07692307692307693,1.9994089834515367,0.0017727003448295136,0.0014940671367199541,0.001182033096926714,0.99822695035461,0.000591016548463357,3,1.5928308932557715,0.40539605709883464,0.005,7634.400005937308,9381.667056145921,7636.434016603489,99.64817655147635,34.94912069137956,False,cmp,7534.751829385832,2.2265815098657895,9931.539071566243,9933.539071566243,1.8456082924168031,0.0,True,0.37139052649937954,0.005,9624.760489080109,11372.027539288723,9626.794499746291,2090.0086596942774,hurdle_cmp,7843.530411871966,7843.530411871966,7534.751829385831,shared binary core
Matched AI Lean root values,pair_9b461a0f,4641,4368,0.058823529411764705,2.0,0.0018315018315018315,0.0015426440214710093,0.0009157509157509158,0.9981684981684982,0.0009157509157509158,3,1.5936242600400345,0.40545998904421043,0.005,9856.07463563933,12112.667538743364,9858.078556788958,131.9175978944404,34.49825067412178,False,cmp,9724.15703774489,2.2262264280551487,12481.143343869933,12483.143343869933,1.8823529411764706,0.0,True,0.37909947687939893,0.005,11934.6258176824,14191.218720786434,11936.629738832027,2210.468779937509,hurdle_cmp,10272.674563932424,10272.674563932424,9724.15703774489,all normalized constructors
Matched AI Lean root values,pair_9b461a0f,4641,4368,0.058823529411764705,2.0,0.0018315018315018315,0.0015426440214710093,0.0009157509157509158,0.9981684981684982,0.0009157509157509158,3,1.5936242600400345,0.40545998904421043,0.005,9856.07463563933,12112.667538743364,9858.078556788958,131.9175978944404,34.49825067412178,False,cmp,9724.15703774489,2.2262264280551487,12481.143343869933,12483.143343869933,1.8823529411764706,0.0,True,0.37909947687939893,0.005,11934.6258176824,14191.218720786434,11936.629738832027,2210.468779937509,hurdle_cmp,10272.674563932424,10272.674563932424,9724.15703774489,shared binary core
Matched human Lean root values,pair_9d3572bb,769,653,0.1508452535760728,1.998468606431853,0.0015290484018864513,0.0012900192283829223,0.0015313935681470138,0.998468606431853,0.0,2,1.591568326504928,0.40536888635877394,0.005,1474.2075748530572,1811.1133749778573,1476.2976067846193,18.961622082744725,376.09292832237605,False,cmp,1455.2459527703124,2.2285542921444295,2135.520139294668,2137.520139294668,1.6970091027308192,0.0,True,0.3420293019808305,0.005,2128.584830781042,2465.4906309058424,2130.6748627126044,673.3388780107296,hurdle_cmp,1464.1812612839383,1464.1812612839383,1455.2459527703124,all normalized constructors
Matched human Lean root values,pair_9d3572bb,769,653,0.1508452535760728,1.998468606431853,0.0015290484018864513,0.0012900192283829223,0.0015313935681470138,0.998468606431853,0.0,2,1.591568326504928,0.40536888635877394,0.005,1474.2075748530572,1811.1133749778573,1476.2976067846193,18.961622082744725,376.09292832237605,False,cmp,1455.2459527703124,2.2285542921444295,2135.520139294668,2137.520139294668,1.6970091027308192,0.0,True,0.3420293019808305,0.005,2128.584830781042,2465.4906309058424,2130.6748627126044,673.3388780107296,hurdle_cmp,1464.1812612839383,1464.1812612839383,1455.2459527703124,shared binary core
Matched AI Lean root values,pair_9d3572bb,660,552,0.16363636363636364,2.0,0.007246376811594203,0.006103504606689646,0.0036231884057971015,0.9927536231884058,0.0036231884057971015,3,1.5936242600400345,0.40275255155416423,0.005,1248.507085925909,1532.4689746763593,1250.5089676422083,56.93415622133034,27.687369740070384,False,cmp,1191.5729297045787,2.158646611783657,1840.9388426396274,1842.9388426396274,1.6727272727272726,0.0,True,0.33509608804300517,0.005,1838.7662800041862,2122.7281687546365,1840.7681617204858,647.1933502996077,hurdle_cmp,1195.7454923400196,1195.7454923400196,1191.5729297045787,all normalized constructors
Matched AI Lean root values,pair_9d3572bb,660,552,0.16363636363636364,2.0,0.007246376811594203,0.006103504606689646,0.0036231884057971015,0.9927536231884058,0.0036231884057971015,3,1.5936242600400345,0.40275255155416423,0.005,1248.507085925909,1532.4689746763593,1250.5089676422083,56.93415622133034,27.687369740070384,False,cmp,1191.5729297045787,2.158646611783657,1840.9388426396274,1842.9388426396274,1.6727272727272726,0.0,True,0.33509608804300517,0.005,1838.7662800041862,2122.7281687546365,1840.7681617204858,647.1933502996077,hurdle_cmp,1195.7454923400196,1195.7454923400196,1191.5729297045787,shared binary core
Matched human Lean root values,pair_9d50620a,6676,6405,0.040593169562612344,2.0006245120999218,0.0015608902344418907,0.0013138289372868837,0.000468384074941452,0.9984387197501952,0.001092896174863388,3,1.5944624710926814,0.40569365693229514,0.005,14454.219522783229,17765.97469475595,14456.229593684327,165.4466480645351,35.71707583089052,False,cmp,14288.772874718694,2.2308778883245424,17810.486005161838,17812.486005161838,1.919412822049131,0.0,True,0.38721509422956146,0.005,16723.71908669404,20035.474258666763,16725.72915759514,2434.9462119753475,hurdle_cmp,15377.53979318649,15377.53979318649,14288.772874718692,all normalized constructors
Matched human Lean root values,pair_9d50620a,6676,6405,0.040593169562612344,2.0006245120999218,0.0015608902344418907,0.0013138289372868837,0.000468384074941452,0.9984387197501952,0.001092896174863388,3,1.5944624710926814,0.40569365693229514,0.005,14454.219522783229,17765.97469475595,14456.229593684327,165.4466480645351,35.71707583089052,False,cmp,14288.772874718694,2.2308778883245424,17810.486005161838,17812.486005161838,1.919412822049131,0.0,True,0.38721509422956146,0.005,16723.71908669404,20035.474258666763,16725.72915759514,2434.9462119753475,hurdle_cmp,15377.53979318649,15377.53979318649,14288.772874718692,shared binary core
Matched AI Lean root values,pair_9d50620a,8221,7982,0.029071889064590684,2.0010022550739164,0.0015023780956412761,0.0012640644944704172,0.00025056376847907793,0.9984966173891255,0.0012528188423953897,3,1.5949694127137548,0.40578227859167837,0.005,18014.957511500397,22143.889528794454,18017.89525550396,194.79632325074635,36.92325893878395,False,cmp,17820.16118824965,2.232543371116218,21815.142729168518,21817.142729168518,1.9428293394964116,0.0,True,0.3923862052969564,0.005,20179.09715439156,24308.029171685615,20182.034898395123,2358.935966141907,hurdle_cmp,19458.20676302661,19458.20676302661,17820.16118824965,all normalized constructors
Matched AI Lean root values,pair_9d50620a,8221,7982,0.029071889064590684,2.0010022550739164,0.0015023780956412761,0.0012640644944704172,0.00025056376847907793,0.9984966173891255,0.0012528188423953897,3,1.5949694127137548,0.40578227859167837,0.005,18014.957511500397,22143.889528794454,18017.89525550396,194.79632325074635,36.92325893878395,False,cmp,17820.16118824965,2.232543371116218,21815.142729168518,21817.142729168518,1.9428293394964116,0.0,True,0.3923862052969564,0.005,20179.09715439156,24308.029171685615,20182.034898395123,2358.935966141907,hurdle_cmp,19458.20676302661,19458.20676302661,17820.16118824965,shared binary core
Matched human Lean root values,pair_9effdc53,2078,1882,0.09432146294513956,1.9994686503719448,0.0015937665517385463,0.0013431718394883877,0.0010626992561105207,0.9984059511158342,0.0005313496280552603,3,1.5929109937212846,0.40549495739454583,0.005,4246.693156223203,5218.625415148729,4248.88247807062,52.463168549438706,35.47483909981572,False,cmp,4194.229987673764,2.228602543928674,5667.411905383455,5669.411905383455,1.8108758421559192,0.0,True,0.3643248117121045,0.005,5547.126074193358,6519.058333118885,5549.315396040776,1352.8960865195945,hurdle_cmp,4316.51581886386,4316.51581886386,4194.229987673763,all normalized constructors
Matched human Lean root values,pair_9effdc53,2078,1882,0.09432146294513956,1.9994686503719448,0.0015937665517385463,0.0013431718394883877,0.0010626992561105207,0.9984059511158342,0.0005313496280552603,3,1.5929109937212846,0.40549495739454583,0.005,4246.693156223203,5218.625415148729,4248.88247807062,52.463168549438706,35.47483909981572,False,cmp,4194.229987673764,2.228602543928674,5667.411905383455,5669.411905383455,1.8108758421559192,0.0,True,0.3643248117121045,0.005,5547.126074193358,6519.058333118885,5549.315396040776,1352.8960865195945,hurdle_cmp,4316.51581886386,4316.51581886386,4194.229987673763,shared binary core
Matched AI Lean root values,pair_9effdc53,2693,2454,0.08874860750092833,2.0,0.0016299918500407497,0.0013729154616514607,0.0008149959250203749,0.9983700081499592,0.0008149959250203749,3,1.5936242600400345,0.40556074403494097,0.005,5537.948569419735,6805.932724376423,5539.948864590257,68.8920961804397,35.07425392846196,False,cmp,5469.056473239295,2.2286293696981643,7329.919863624145,7331.919863624145,1.8225027849981434,0.0,True,0.36668372172737246,0.005,7153.771676650379,8421.755831607068,7155.771971820901,1684.7152034110843,hurdle_cmp,5647.204660213061,5647.204660213061,5469.056473239295,all normalized constructors
Matched AI Lean root values,pair_9effdc53,2693,2454,0.08874860750092833,2.0,0.0016299918500407497,0.0013729154616514607,0.0008149959250203749,0.9983700081499592,0.0008149959250203749,3,1.5936242600400345,0.40556074403494097,0.005,5537.948569419735,6805.932724376423,5539.948864590257,68.8920961804397,35.07425392846196,False,cmp,5469.056473239295,2.2286293696981643,7329.919863624145,7331.919863624145,1.8225027849981434,0.0,True,0.36668372172737246,0.005,7153.771676650379,8421.755831607068,7155.771971820901,1684.7152034110843,hurdle_cmp,5647.204660213061,5647.204660213061,5469.056473239295,shared binary core
Matched human Lean root values,pair_9f0d7c77,2422,2211,0.08711808422791081,1.9995477159656263,0.0013566475422730107,0.0011432386947944166,0.0009045680687471732,0.9986431478968792,0.0004522840343735866,3,1.5930171344074928,0.4056260134893824,0.005,4988.66285905135,6130.807144317866,4990.681946439856,53.430539992055856,36.27088483595382,False,cmp,4935.232319059294,2.2321267838350494,6587.65105948701,6589.65105948701,1.8253509496284064,0.0,True,0.367392747626216,0.005,6423.609715376377,7565.754000642892,6425.6288027648825,1488.377396317082,hurdle_cmp,5101.273663169928,5101.273663169928,4935.232319059294,all normalized constructors
Matched human Lean root values,pair_9f0d7c77,2422,2211,0.08711808422791081,1.9995477159656263,0.0013566475422730107,0.0011432386947944166,0.0009045680687471732,0.9986431478968792,0.0004522840343735866,3,1.5930171344074928,0.4056260134893824,0.005,4988.66285905135,6130.807144317866,4990.681946439856,53.430539992055856,36.27088483595382,False,cmp,4935.232319059294,2.2321267838350494,6587.65105948701,6589.65105948701,1.8253509496284064,0.0,True,0.367392747626216,0.005,6423.609715376377,7565.754000642892,6425.6288027648825,1488.377396317082,hurdle_cmp,5101.273663169928,5101.273663169928,4935.232319059294,shared binary core
Matched AI Lean root values,pair_9f0d7c77,3249,3036,0.06555863342566944,2.0013175230566533,0.0026333102463021694,0.0022148523920421754,0.0006587615283267457,0.997364953886693,0.001976284584980237,3,1.59539247683046,0.40526628469786286,0.005,6855.546975491576,8425.121904852876,6857.551795818381,123.99793854667223,33.40952297932128,False,cmp,6731.5490369449035,2.217242765792129,8766.05660467993,8768.05660467993,1.8701138811942135,0.0,True,0.3761278809894107,0.005,8430.036636610934,9999.611565972235,8432.041456937739,1698.48759966603,hurdle_cmp,7069.5690050139,7069.5690050139,6731.5490369449035,all normalized constructors
Matched AI Lean root values,pair_9f0d7c77,3249,3036,0.06555863342566944,2.0013175230566533,0.0026333102463021694,0.0022148523920421754,0.0006587615283267457,0.997364953886693,0.001976284584980237,3,1.59539247683046,0.40526628469786286,0.005,6855.546975491576,8425.121904852876,6857.551795818381,123.99793854667223,33.40952297932128,False,cmp,6731.5490369449035,2.217242765792129,8766.05660467993,8768.05660467993,1.8701138811942135,0.0,True,0.3761278809894107,0.005,8430.036636610934,9999.611565972235,8432.041456937739,1698.48759966603,hurdle_cmp,7069.5690050139,7069.5690050139,6731.5490369449035,shared binary core
Matched human Lean root values,pair_a0095248,7070,6708,0.0512022630834512,2.0,0.0008944543828264759,0.0007533842895556093,0.0004472271914132379,0.9991055456171736,0.0004472271914132379,3,1.5936242600400345,0.40592851276854813,0.005,15132.494552623717,18600.52514878445,15134.571973573195,108.54395773273427,38.038101851164015,False,cmp,15023.950594890983,2.23970640949478,18947.450368000253,18949.450368000253,1.8975954738330976,0.0,True,0.38280611277717497,0.005,17991.34202857058,21459.372624731313,17993.419449520057,2967.3914336795983,hurdle_cmp,15982.058934320654,15982.058934320654,15023.950594890981,all normalized constructors
Matched human Lean root values,pair_a0095248,7070,6708,0.0512022630834512,2.0,0.0008944543828264759,0.0007533842895556093,0.0004472271914132379,0.9991055456171736,0.0004472271914132379,3,1.5936242600400345,0.40592851276854813,0.005,15132.494552623717,18600.52514878445,15134.571973573195,108.54395773273427,38.038101851164015,False,cmp,15023.950594890983,2.23970640949478,18947.450368000253,18949.450368000253,1.8975954738330976,0.0,True,0.38280611277717497,0.005,17991.34202857058,21459.372624731313,17993.419449520057,2967.3914336795983,hurdle_cmp,15982.058934320654,15982.058934320654,15023.950594890981,shared binary core
Matched AI Lean root values,pair_a0095248,10098,9725,0.03693800752624282,2.00133676092545,0.0017462850496626375,0.0014687534931586985,0.00020565552699228792,0.9982519280205655,0.0015424164524421595,3,1.5954182914827504,0.4057128139157033,0.005,21952.136060121957,26983.438467333413,21954.398965666067,266.15964755718596,36.89642742481259,False,cmp,21685.97641256477,2.2299204537341666,26897.51973207285,26899.51973207285,1.9274113685878391,0.0,True,0.3888737761660825,0.005,25146.876962409704,30178.17936962116,25149.13986795381,3460.9005498449314,hurdle_cmp,23438.61918222792,23438.61918222792,21685.97641256477,all normalized constructors
Matched AI Lean root values,pair_a0095248,10098,9725,0.03693800752624282,2.00133676092545,0.0017462850496626375,0.0014687534931586985,0.00020565552699228792,0.9982519280205655,0.0015424164524421595,3,1.5954182914827504,0.4057128139157033,0.005,21952.136060121957,26983.438467333413,21954.398965666067,266.15964755718596,36.89642742481259,False,cmp,21685.97641256477,2.2299204537341666,26897.51973207285,26899.51973207285,1.9274113685878391,0.0,True,0.3888737761660825,0.005,25146.876962409704,30178.17936962116,25149.13986795381,3460.9005498449314,hurdle_cmp,23438.61918222792,23438.61918222792,21685.97641256477,shared binary core
Matched human Lean root values,pair_a00e8681,3401,3098,0.08909144369303146,2.0025823111684957,0.0038667984217727676,0.0032479109604229323,0.0006455777921239509,0.9961265332472563,0.0032278889606197547,3,1.5970894064084085,0.4048473269679594,0.005,7000.418904944574,8602.559900459733,7002.42103538632,172.05346226046095,32.24336754240092,False,cmp,6828.365442684113,2.204120543151747,9265.18382269973,9267.18382269973,1.824169361952367,0.0,True,0.36600477667438913,0.005,9045.9485304525,10648.08952596766,9047.950660894247,2217.5830877683875,hurdle_cmp,7049.600734931342,7049.600734931342,6828.365442684113,all normalized constructors
Matched human Lean root values,pair_a00e8681,3401,3098,0.08909144369303146,2.0025823111684957,0.0038667984217727676,0.0032479109604229323,0.0006455777921239509,0.9961265332472563,0.0032278889606197547,3,1.5970894064084085,0.4048473269679594,0.005,7000.418904944574,8602.559900459733,7002.42103538632,172.05346226046095,32.24336754240092,False,cmp,6828.365442684113,2.204120543151747,9265.18382269973,9267.18382269973,1.824169361952367,0.0,True,0.36600477667438913,0.005,9045.9485304525,10648.08952596766,9047.950660894247,2217.5830877683875,hurdle_cmp,7049.600734931342,7049.600734931342,6828.365442684113,shared binary core
Matched AI Lean root values,pair_a00e8681,3625,3383,0.06675862068965517,2.001182382500739,0.0023633669730999244,0.001988094511337237,0.0005911912503694946,0.997635234998522,0.0017735737511084836,3,1.5952111329651149,0.40538005828525087,0.005,7638.111150039202,9387.210461413722,7640.128684126636,125.73165652476018,33.944628892078406,False,cmp,7512.3794935144415,2.2206265130104765,9784.5269291288,9786.5269291288,1.8675862068965516,0.0,True,0.37572063748017376,0.005,9417.612723452712,11166.712034827233,9419.630257540146,1905.2332299382701,hurdle_cmp,7881.29369919053,7881.29369919053,7512.3794935144415,all normalized constructors
Matched AI Lean root values,pair_a00e8681,3625,3383,0.06675862068965517,2.001182382500739,0.0023633669730999244,0.001988094511337237,0.0005911912503694946,0.997635234998522,0.0017735737511084836,3,1.5952111329651149,0.40538005828525087,0.005,7638.111150039202,9387.210461413722,7640.128684126636,125.73165652476018,33.944628892078406,False,cmp,7512.3794935144415,2.2206265130104765,9784.5269291288,9786.5269291288,1.8675862068965516,0.0,True,0.37572063748017376,0.005,9417.612723452712,11166.712034827233,9419.630257540146,1905.2332299382701,hurdle_cmp,7881.29369919053,7881.29369919053,7512.3794935144415,shared binary core
Matched human Lean root values,pair_a10926bc,1829,1672,0.08583925642427556,1.999401913875598,0.000597728417389712,0.000503781244801407,0.0005980861244019139,0.9994019138755981,0.0,2,1.592821402557247,0.40598242519394506,0.005,3772.2845296397472,4636.381750091274,3774.284729914122,20.842953382991254,375.21382294494737,False,cmp,3751.441576256756,2.24368515326361,4972.176371967886,4974.176371967886,1.8277747402952433,0.0,True,0.3682379633037966,0.005,4845.362256626466,5709.459477077992,4847.362456900841,1093.92068036971,hurdle_cmp,3880.255691598176,3880.255691598176,3751.441576256756,all normalized constructors
Matched human Lean root values,pair_a10926bc,1829,1672,0.08583925642427556,1.999401913875598,0.000597728417389712,0.000503781244801407,0.0005980861244019139,0.9994019138755981,0.0,2,1.592821402557247,0.40598242519394506,0.005,3772.2845296397472,4636.381750091274,3774.284729914122,20.842953382991254,375.21382294494737,False,cmp,3751.441576256756,2.24368515326361,4972.176371967886,4974.176371967886,1.8277747402952433,0.0,True,0.3682379633037966,0.005,4845.362256626466,5709.459477077992,4847.362456900841,1093.92068036971,hurdle_cmp,3880.255691598176,3880.255691598176,3751.441576256756,shared binary core
Matched AI Lean root values,pair_a10926bc,2327,2166,0.06918779544477868,2.0,0.0009233610341643582,0.0007777318889410628,0.0004616805170821791,0.9990766389658357,0.0004616805170821791,3,1.5936242600400345,0.40591405944287917,0.005,4887.632304163443,6007.427172371366,4889.633201851499,38.72070243678172,37.88103773940305,False,cmp,4848.9116017266615,2.2386480155709427,6285.286526493641,6287.286526493641,1.8616244091104426,0.0,True,0.37513601676361674,0.005,6060.266612453337,7180.061480661261,6062.267510141393,1211.355010726676,hurdle_cmp,5075.931515766964,5075.931515766964,4848.911601726661,all normalized constructors
Matched AI Lean root values,pair_a10926bc,2327,2166,0.06918779544477868,2.0,0.0009233610341643582,0.0007777318889410628,0.0004616805170821791,0.9990766389658357,0.0004616805170821791,3,1.5936242600400345,0.40591405944287917,0.005,4887.632304163443,6007.427172371366,4889.633201851499,38.72070243678172,37.88103773940305,False,cmp,4848.9116017266615,2.2386480155709427,6285.286526493641,6287.286526493641,1.8616244091104426,0.0,True,0.37513601676361674,0.005,6060.266612453337,7180.061480661261,6062.267510141393,1211.355010726676,hurdle_cmp,5075.931515766964,5075.931515766964,4848.911601726661,shared binary core
Matched human Lean root values,pair_a302a9d8,607,515,0.1515650741350906,1.9980582524271844,0.0019379771891789989,0.001635745830443444,0.001941747572815534,0.9980582524271845,0.0,2,1.59101729069334,0.40509921416102473,0.005,1162.9859224138327,1428.4959257749163,1164.9865257987644,18.48639079579152,370.45421587734165,False,cmp,1144.4995316180411,2.222329187607847,1686.3142032695969,1688.3142032695969,1.6952224052718288,0.0,True,0.3415181921178028,0.005,1681.438868899392,1946.9488722604756,1683.4394722843238,536.9393372813508,hurdle_cmp,1151.374865988246,1151.374865988246,1144.4995316180411,all normalized constructors
Matched human Lean root values,pair_a302a9d8,607,515,0.1515650741350906,1.9980582524271844,0.0019379771891789989,0.001635745830443444,0.001941747572815534,0.9980582524271845,0.0,2,1.59101729069334,0.40509921416102473,0.005,1162.9859224138327,1428.4959257749163,1164.9865257987644,18.48639079579152,370.45421587734165,False,cmp,1144.4995316180411,2.222329187607847,1686.3142032695969,1688.3142032695969,1.6952224052718288,0.0,True,0.3415181921178028,0.005,1681.438868899392,1946.9488722604756,1683.4394722843238,536.9393372813508,hurdle_cmp,1151.374865988246,1151.374865988246,1144.4995316180411,shared binary core
Matched AI Lean root values,pair_a302a9d8,505,420,0.16831683168316833,2.0,0.004761904761904762,0.004010874455824625,0.002380952380952381,0.9952380952380953,0.002380952380952381,3,1.5936242600400345,0.403994787579009,0.005,950.006210482992,1166.487263340708,952.0063324672085,32.1514807950698,29.770657940675342,False,cmp,917.8547296879221,2.1853684040188623,1410.1975447824113,1412.1975447824113,1.6633663366336633,0.0,True,0.33441084961523815,0.005,1409.7455529747238,1626.2266058324399,1411.7456749589403,491.8908232868016,hurdle_cmp,920.3067214956097,920.3067214956097,917.8547296879221,all normalized constructors
Matched AI Lean root values,pair_a302a9d8,505,420,0.16831683168316833,2.0,0.004761904761904762,0.004010874455824625,0.002380952380952381,0.9952380952380953,0.002380952380952381,3,1.5936242600400345,0.403994787579009,0.005,950.006210482992,1166.487263340708,952.0063324672085,32.1514807950698,29.770657940675342,False,cmp,917.8547296879221,2.1853684040188623,1410.1975447824113,1412.1975447824113,1.6633663366336633,0.0,True,0.33441084961523815,0.005,1409.7455529747238,1626.2266058324399,1411.7456749589403,491.8908232868016,hurdle_cmp,920.3067214956097,920.3067214956097,917.8547296879221,shared binary core
Matched human Lean root values,pair_a3b6f8e9,3404,3224,0.052878965922444184,2.0009305210918114,0.0021703500113909946,0.0018262207556393384,0.0006203473945409429,0.9978287841191067,0.0015508684863523574,3,1.5948731471550843,0.40543702654218194,0.005,7278.266508150649,8944.983528451827,7280.407827035129,112.21511692053173,34.157865603231066,False,cmp,7166.051391230118,2.222720654848051,9133.585072298489,9135.585072298489,1.895123384253819,0.0,True,0.3816699245900711,0.005,8688.885811478125,10355.602831779303,8691.027130362607,1522.8344202480084,hurdle_cmp,7612.75065205048,7612.75065205048,7166.051391230117,all normalized constructors
Matched human Lean root values,pair_a3b6f8e9,3404,3224,0.052878965922444184,2.0009305210918114,0.0021703500113909946,0.0018262207556393384,0.0006203473945409429,0.9978287841191067,0.0015508684863523574,3,1.5948731471550843,0.40543702654218194,0.005,7278.266508150649,8944.983528451827,7280.407827035129,112.21511692053173,34.157865603231066,False,cmp,7166.051391230118,2.222720654848051,9133.585072298489,9135.585072298489,1.895123384253819,0.0,True,0.3816699245900711,0.005,8688.885811478125,10355.602831779303,8691.027130362607,1522.8344202480084,hurdle_cmp,7612.75065205048,7612.75065205048,7166.051391230117,shared binary core
Matched AI Lean root values,pair_a3b6f8e9,4326,4123,0.04692556634304207,2.000242541838467,0.0012126503657922708,0.001021128919864925,0.00048508367693427115,0.9987872908076644,0.0007276255154014067,3,1.593949810730592,0.40580764743093645,0.005,9303.18719369507,11434.769474899524,9305.189640521594,87.87303499539848,36.63582736553761,False,cmp,9215.314158699672,2.2350992381032433,11573.480162643202,11575.480162643202,1.906380027739251,0.0,True,0.38455077017203754,0.005,10943.540910253518,13075.123191457971,10945.543357080041,1728.2267515538465,hurdle_cmp,9847.253411089356,9847.253411089356,9215.314158699672,all normalized constructors
Matched AI Lean root values,pair_a3b6f8e9,4326,4123,0.04692556634304207,2.000242541838467,0.0012126503657922708,0.001021128919864925,0.00048508367693427115,0.9987872908076644,0.0007276255154014067,3,1.593949810730592,0.40580764743093645,0.005,9303.18719369507,11434.769474899524,9305.189640521594,87.87303499539848,36.63582736553761,False,cmp,9215.314158699672,2.2350992381032433,11573.480162643202,11575.480162643202,1.906380027739251,0.0,True,0.38455077017203754,0.005,10943.540910253518,13075.123191457971,10945.543357080041,1728.2267515538465,hurdle_cmp,9847.253411089356,9847.253411089356,9215.314158699672,shared binary core
Matched human Lean root values,pair_a41e71a8,3040,2798,0.07960526315789473,1.998927805575411,0.0010710448237048727,0.0009031660503448682,0.001072194424588992,0.998927805575411,0.0,2,1.5921848901522366,0.4056707209985813,0.005,6310.759219647991,7755.542752589171,6312.814096602095,51.025069465627894,367.1677924532071,False,cmp,6259.734150182363,2.2372173517449476,8243.054990817203,8245.054990817203,1.8398026315789473,0.0,True,0.3705070632809575,0.005,8001.808921500294,9446.592454441474,8003.8637984543975,1742.0747713179308,hurdle_cmp,6502.980219499273,6502.980219499273,6259.734150182363,all normalized constructors
Matched human Lean root values,pair_a41e71a8,3040,2798,0.07960526315789473,1.998927805575411,0.0010710448237048727,0.0009031660503448682,0.001072194424588992,0.998927805575411,0.0,2,1.5921848901522366,0.4056707209985813,0.005,6310.759219647991,7755.542752589171,6312.814096602095,51.025069465627894,367.1677924532071,False,cmp,6259.734150182363,2.2372173517449476,8243.054990817203,8245.054990817203,1.8398026315789473,0.0,True,0.3705070632809575,0.005,8001.808921500294,9446.592454441474,8003.8637984543975,1742.0747713179308,hurdle_cmp,6502.980219499273,6502.980219499273,6259.734150182363,shared binary core
Matched AI Lean root values,pair_a41e71a8,5275,5029,0.04663507109004739,2.0033803937164447,0.0045620467899821935,0.003828602784852802,0.0005965400676078744,0.9954265261483396,0.003976933784052496,3,1.5981599124427046,0.4046239412061278,0.005,11367.428763328735,13968.887003405762,11369.430700470117,315.5306171894772,31.920011667502457,False,cmp,11051.898146139258,2.197633355764418,14124.829616852372,14126.829616852372,1.9099526066350712,0.0,True,0.38372353810803717,0.005,13357.95191316441,15959.410153241437,13359.953850305792,2306.0537670251524,hurdle_cmp,11820.77584982722,11820.77584982722,11051.898146139258,all normalized constructors
Matched AI Lean root values,pair_a41e71a8,5275,5029,0.04663507109004739,2.0033803937164447,0.0045620467899821935,0.003828602784852802,0.0005965400676078744,0.9954265261483396,0.003976933784052496,3,1.5981599124427046,0.4046239412061278,0.005,11367.428763328735,13968.887003405762,11369.430700470117,315.5306171894772,31.920011667502457,False,cmp,11051.898146139258,2.197633355764418,14124.829616852372,14126.829616852372,1.9099526066350712,0.0,True,0.38372353810803717,0.005,13357.95191316441,15959.410153241437,13359.953850305792,2306.0537670251524,hurdle_cmp,11820.77584982722,11820.77584982722,11051.898146139258,shared binary core
Matched human Lean root values,pair_a57e4b7b,3407,3204,0.059583211036102146,2.0,0.0006242197253433209,0.0005257700597522916,0.00031210986267166043,0.9993757802746567,0.00031210986267166043,3,1.5936242600400345,0.4060636300972897,0.005,7228.557782537047,8885.374266056258,7230.562492813928,40.287372547667474,39.81397373346985,False,cmp,7188.27040998938,2.2435300905085453,9164.437712190424,9166.437712190424,1.8808335779277958,0.0,True,0.37934369884373964,0.005,8769.289604117603,10426.106087636814,8771.294314394483,1581.019194128223,hurdle_cmp,7585.418518062201,7585.418518062201,7188.27040998938,all normalized constructors
Matched human Lean root values,pair_a57e4b7b,3407,3204,0.059583211036102146,2.0,0.0006242197253433209,0.0005257700597522916,0.00031210986267166043,0.9993757802746567,0.00031210986267166043,3,1.5936242600400345,0.4060636300972897,0.005,7228.557782537047,8885.374266056258,7230.562492813928,40.287372547667474,39.81397373346985,False,cmp,7188.27040998938,2.2435300905085453,9164.437712190424,9166.437712190424,1.8808335779277958,0.0,True,0.37934369884373964,0.005,8769.289604117603,10426.106087636814,8771.294314394483,1581.019194128223,hurdle_cmp,7585.418518062201,7585.418518062201,7188.27040998938,shared binary core
Matched AI Lean root values,pair_a57e4b7b,6987,6761,0.032345785029340206,2.0017748853719866,0.0020675493825671,0.0017381415706492836,0.00014790711433219938,0.9979293003993492,0.001922792486318592,3,1.5960061645542876,0.40562081370336267,0.005,15265.564222566907,18764.097243525248,15267.569169102424,212.21223845984787,37.164043504916336,False,cmp,15053.35198410706,2.226497852996163,18573.80387264309,18575.80387264309,1.937025905252612,0.0,True,0.3908304367259461,0.005,17263.108702467634,20761.641723425975,17265.11364900315,2209.756718360574,hurdle_cmp,16366.047154282516,16366.047154282516,15053.351984107061,all normalized constructors
Matched AI Lean root values,pair_a57e4b7b,6987,6761,0.032345785029340206,2.0017748853719866,0.0020675493825671,0.0017381415706492836,0.00014790711433219938,0.9979293003993492,0.001922792486318592,3,1.5960061645542876,0.40562081370336267,0.005,15265.564222566907,18764.097243525248,15267.569169102424,212.21223845984787,37.164043504916336,False,cmp,15053.35198410706,2.226497852996163,18573.80387264309,18575.80387264309,1.937025905252612,0.0,True,0.3908304367259461,0.005,17263.108702467634,20761.641723425975,17265.11364900315,2209.756718360574,hurdle_cmp,16366.047154282516,16366.047154282516,15053.351984107061,shared binary core
Matched human Lean root values,pair_aa25e669,952,816,0.14285714285714285,1.9987745098039216,0.006125949154171474,0.005166603166580715,0.003676470588235294,0.9938725490196079,0.0024509803921568627,3,1.59197906832057,0.4031189708951123,0.005,1843.431671015908,2263.045489865718,1845.4317657195738,71.64918369141378,28.620902132228657,False,cmp,1771.7824873244942,2.1713020677996253,2639.24456648483,2641.24456648483,1.713235294117647,0.0,True,0.34313795359290444,0.005,2626.293141037039,3045.906959886849,2628.2932357407044,854.5106537125446,hurdle_cmp,1786.7339127722855,1786.7339127722855,1771.7824873244942,all normalized constructors
Matched human Lean root values,pair_aa25e669,952,816,0.14285714285714285,1.9987745098039216,0.006125949154171474,0.005166603166580715,0.003676470588235294,0.9938725490196079,0.0024509803921568627,3,1.59197906832057,0.4031189708951123,0.005,1843.431671015908,2263.045489865718,1845.4317657195738,71.64918369141378,28.620902132228657,False,cmp,1771.7824873244942,2.1713020677996253,2639.24456648483,2641.24456648483,1.713235294117647,0.0,True,0.34313795359290444,0.005,2626.293141037039,3045.906959886849,2628.2932357407044,854.5106537125446,hurdle_cmp,1786.7339127722855,1786.7339127722855,1771.7824873244942,shared binary core
Matched AI Lean root values,pair_aa25e669,3752,3565,0.04984008528784648,2.002524544179523,0.0036401904915523958,0.0030577616647333187,0.0005610098176718093,0.9963534361851333,0.0030855539971949507,3,1.5970119130514036,0.4049516213104433,0.005,8054.873314521175,9898.744097904984,8056.873729805657,187.07816046627704,32.70192079166713,False,cmp,7867.795154054898,2.2069551624277417,10058.731904885411,10060.731904885411,1.9027185501066097,0.0,True,0.382603800299185,0.005,9542.996351794864,11386.867135178672,9544.996767079345,1675.201197739965,hurdle_cmp,8385.530707145446,8385.530707145446,7867.795154054898,all normalized constructors
Matched AI Lean root values,pair_aa25e669,3752,3565,0.04984008528784648,2.002524544179523,0.0036401904915523958,0.0030577616647333187,0.0005610098176718093,0.9963534361851333,0.0030855539971949507,3,1.5970119130514036,0.4049516213104433,0.005,8054.873314521175,9898.744097904984,8056.873729805657,187.07816046627704,32.70192079166713,False,cmp,7867.795154054898,2.2069551624277417,10058.731904885411,10060.731904885411,1.9027185501066097,0.0,True,0.382603800299185,0.005,9542.996351794864,11386.867135178672,9544.996767079345,1675.201197739965,hurdle_cmp,8385.530707145446,8385.530707145446,7867.795154054898,shared binary core
Matched human Lean root values,pair_ab0f093e,1106,1000,0.09584086799276673,2.003,0.008990999999999999,0.007548590154813899,0.003,0.991,0.006,3,1.5976496971838918,0.4023503028161044,0.005,2263.447684767398,2778.743112061351,2265.4479571207185,118.16559521063027,26.900148184062814,False,cmp,2145.282089556768,2.145282089556768,3024.170834244894,3026.170834244894,1.8110307414104883,0.0,True,0.3610095294267166,0.005,2964.1015016173696,3479.396928911322,2966.1017739706895,818.8194120606015,hurdle_cmp,2207.3514221842925,2207.3514221842925,2145.2820895567684,all normalized constructors
Matched human Lean root values,pair_ab0f093e,1106,1000,0.09584086799276673,2.003,0.008990999999999999,0.007548590154813899,0.003,0.991,0.006,3,1.5976496971838918,0.4023503028161044,0.005,2263.447684767398,2778.743112061351,2265.4479571207185,118.16559521063027,26.900148184062814,False,cmp,2145.282089556768,2.145282089556768,3024.170834244894,3026.170834244894,1.8110307414104883,0.0,True,0.3610095294267166,0.005,2964.1015016173696,3479.396928911322,2966.1017739706895,818.8194120606015,hurdle_cmp,2207.3514221842925,2207.3514221842925,2145.2820895567684,shared binary core
Matched AI Lean root values,pair_ab0f093e,399,329,0.17543859649122806,2.0030395136778116,0.009109302390037047,0.007647589180230386,0.00303951367781155,0.9908814589665653,0.0060790273556231,3,1.5977026982809708,0.4022973017190253,0.005,746.0432119956663,915.5664665267426,748.044959914239,41.976329523076856,26.835014433608094,False,cmp,704.0668824725894,2.1400209193695727,1117.776528588532,1119.776528588532,1.6516290726817042,0.0,True,0.33047133700455417,0.005,1118.6390887832524,1288.1623433143286,1120.640836701825,414.5722063106629,hurdle_cmp,705.2043222778691,705.2043222778691,704.0668824725894,all normalized constructors
Matched AI Lean root values,pair_ab0f093e,399,329,0.17543859649122806,2.0030395136778116,0.009109302390037047,0.007647589180230386,0.00303951367781155,0.9908814589665653,0.0060790273556231,3,1.5977026982809708,0.4022973017190253,0.005,746.0432119956663,915.5664665267426,748.044959914239,41.976329523076856,26.835014433608094,False,cmp,704.0668824725894,2.1400209193695727,1117.776528588532,1119.776528588532,1.6516290726817042,0.0,True,0.33047133700455417,0.005,1118.6390887832524,1288.1623433143286,1120.640836701825,414.5722063106629,hurdle_cmp,705.2043222778691,705.2043222778691,704.0668824725894,shared binary core
Matched human Lean root values,pair_acbd062f,3526,3295,0.06551332955190017,1.9996965098634294,0.0009103783034486886,0.000767047368740239,0.0006069802731411229,0.9990895295902883,0.00030349013657056146,3,1.5932168757099097,0.4058726538803744,0.005,7433.3288982434115,9136.29339365086,7435.333469329425,55.825647736899555,38.24087289035962,False,cmp,7377.503250506512,2.2389994690459822,9507.88467590091,9509.88467590091,1.868689733408962,0.0,True,0.3766321135450884,0.005,9141.035328248614,10843.999823656062,9143.039899334628,1763.532077742102,hurdle_cmp,7746.352598158808,7746.352598158808,7377.503250506512,all normalized constructors
Matched human Lean root values,pair_acbd062f,3526,3295,0.06551332955190017,1.9996965098634294,0.0009103783034486886,0.000767047368740239,0.0006069802731411229,0.9990895295902883,0.00030349013657056146,3,1.5932168757099097,0.4058726538803744,0.005,7433.3288982434115,9136.29339365086,7435.333469329425,55.825647736899555,38.24087289035962,False,cmp,7377.503250506512,2.2389994690459822,9507.88467590091,9509.88467590091,1.868689733408962,0.0,True,0.3766321135450884,0.005,9141.035328248614,10843.999823656062,9143.039899334628,1763.532077742102,hurdle_cmp,7746.352598158808,7746.352598158808,7377.503250506512,shared binary core
Matched AI Lean root values,pair_acbd062f,2744,2489,0.09293002915451895,2.001607071112897,0.003211559548231584,0.0027003717810382263,0.0008035355564483728,0.9967858577742065,0.0024106066693451184,3,1.5957809993876837,0.4050225361687607,0.005,5621.936909783297,6908.515295537328,5623.938675646498,120.81474033254199,32.42677859188404,False,cmp,5501.122169450755,2.210173631760046,7484.221283256835,7486.221283256835,1.815597667638484,0.0,True,0.3645532025432406,0.005,7321.182863352245,8607.761249106275,7323.184629215446,1820.0606939014897,hurdle_cmp,5666.160589355345,5666.160589355345,5501.122169450755,all normalized constructors
Matched AI Lean root values,pair_acbd062f,2744,2489,0.09293002915451895,2.001607071112897,0.003211559548231584,0.0027003717810382263,0.0008035355564483728,0.9967858577742065,0.0024106066693451184,3,1.5957809993876837,0.4050225361687607,0.005,5621.936909783297,6908.515295537328,5623.938675646498,120.81474033254199,32.42677859188404,False,cmp,5501.122169450755,2.210173631760046,7484.221283256835,7486.221283256835,1.815597667638484,0.0,True,0.3645532025432406,0.005,7321.182863352245,8607.761249106275,7323.184629215446,1820.0606939014897,hurdle_cmp,5666.160589355345,5666.160589355345,5501.122169450755,shared binary core
Matched human Lean root values,pair_ad39313c,168,129,0.23214285714285715,2.0,0.0,0.0,0.0,1.0,0.0,2,1.5936242600400345,0.40637573995996135,0.005,292.9242646533667,359.6639451689318,294.9242911343432,3.999999999970896,438.8163687502953,False,cmp,288.9242646533958,2.23972298180927,475.47024013699286,476.9867530094379,1.5936242600400345,0.036338537118089057,False,0.3120385146121131,0.005,476.9867530094379,543.7264335250029,478.9867794904144,188.06248835604208,hurdle_cmp,288.9242646533958,288.9242646533958,288.9242646533958,all normalized constructors
Matched human Lean root values,pair_ad39313c,168,129,0.23214285714285715,2.0,0.0,0.0,0.0,1.0,0.0,2,1.5936242600400345,0.40637573995996135,0.005,292.9242646533667,359.6639451689318,294.9242911343432,3.999999999970896,438.8163687502953,False,cmp,288.9242646533958,2.23972298180927,475.47024013699286,476.9867530094379,1.5936242600400345,0.036338537118089057,False,0.3120385146121131,0.005,476.9867530094379,543.7264335250029,478.9867794904144,188.06248835604208,hurdle_cmp,288.9242646533958,288.9242646533958,288.9242646533958,shared binary core
Matched AI Lean root values,pair_ad39313c,661,575,0.13010590015128592,1.9965217391304348,0.0034661625708884694,0.0029304648760085338,0.0034782608695652175,0.9965217391304347,0.0,2,1.5889535423685057,0.40408993589236014,0.005,1297.8410311330224,1593.4624422433144,1299.8411012320435,30.637926839641295,372.73337311711845,False,cmp,1267.203104293381,2.203831485727619,1824.9024647058102,1826.9024647058102,1.7367624810892588,0.0,True,0.3487837154414063,0.005,1810.9103255443954,2106.5317366546874,1812.9103956434165,543.7072212510143,hurdle_cmp,1283.195243454796,1283.195243454796,1267.203104293381,all normalized constructors
Matched AI Lean root values,pair_ad39313c,661,575,0.13010590015128592,1.9965217391304348,0.0034661625708884694,0.0029304648760085338,0.0034782608695652175,0.9965217391304347,0.0,2,1.5889535423685057,0.40408993589236014,0.005,1297.8410311330224,1593.4624422433144,1299.8411012320435,30.637926839641295,372.73337311711845,False,cmp,1267.203104293381,2.203831485727619,1824.9024647058102,1826.9024647058102,1.7367624810892588,0.0,True,0.3487837154414063,0.005,1810.9103255443954,2106.5317366546874,1812.9103956434165,543.7072212510143,hurdle_cmp,1283.195243454796,1283.195243454796,1267.203104293381,shared binary core
Matched human Lean root values,pair_ae900f0c,3687,3464,0.06048277732573908,1.9997113163972287,0.000865967470091579,0.0007296169902657277,0.0005773672055427252,0.999133949191686,0.0002886836027713626,3,1.593236751657014,0.4058971975346679,0.005,7814.4622496818465,9604.860895114842,7816.495012591252,56.12588800460799,38.48771299951565,False,cmp,7758.3363616772385,2.2397044924010503,9921.026105905066,9923.026105905066,1.8787632221318145,0.0,True,0.3787891772365177,0.005,9499.901027830063,11290.299673263056,9501.933790739467,1741.5646661528235,hurdle_cmp,8181.461439752243,8181.461439752243,7758.336361677239,all normalized constructors
Matched human Lean root values,pair_ae900f0c,3687,3464,0.06048277732573908,1.9997113163972287,0.000865967470091579,0.0007296169902657277,0.0005773672055427252,0.999133949191686,0.0002886836027713626,3,1.593236751657014,0.4058971975346679,0.005,7814.4622496818465,9604.860895114842,7816.495012591252,56.12588800460799,38.48771299951565,False,cmp,7758.3363616772385,2.2397044924010503,9921.026105905066,9923.026105905066,1.8787632221318145,0.0,True,0.3787891772365177,0.005,9499.901027830063,11290.299673263056,9501.933790739467,1741.5646661528235,hurdle_cmp,8181.461439752243,8181.461439752243,7758.336361677239,shared binary core
Matched AI Lean root values,pair_ae900f0c,1046,899,0.14053537284894838,2.0,0.002224694104560623,0.001873823438761226,0.0011123470522803114,0.9977753058954394,0.0011123470522803114,3,1.5936242600400345,0.40526339290768104,0.005,2030.259875358672,2494.5572612935634,2032.2601814149484,35.20067959118751,33.53714118918278,False,cmp,1995.0591957674844,2.2191982155366903,2897.130713680514,2899.130713680514,1.7189292543021033,0.0,True,0.34589838343194423,0.005,2881.4741234209746,3345.771509355866,2883.474429477251,886.41492765349,hurdle_cmp,2012.715786027024,2012.715786027024,1995.0591957674847,all normalized constructors
Matched AI Lean root values,pair_ae900f0c,1046,899,0.14053537284894838,2.0,0.002224694104560623,0.001873823438761226,0.0011123470522803114,0.9977753058954394,0.0011123470522803114,3,1.5936242600400345,0.40526339290768104,0.005,2030.259875358672,2494.5572612935634,2032.2601814149484,35.20067959118751,33.53714118918278,False,cmp,1995.0591957674844,2.2191982155366903,2897.130713680514,2899.130713680514,1.7189292543021033,0.0,True,0.34589838343194423,0.005,2881.4741234209746,3345.771509355866,2883.474429477251,886.41492765349,hurdle_cmp,2012.715786027024,2012.715786027024,1995.0591957674847,shared binary core
Matched human Lean root values,pair_ae9ff2a1,19650,19269,0.019389312977099237,2.0003632778037264,0.0006745268075859628,0.000567920773585589,0.00015569048731122528,0.9993253412216514,0.0005189682910374177,3,1.5941118611403495,0.4060957261760614,0.005,43469.253391977414,53436.714878124774,43471.53872012173,233.87042648391798,40.274638421640056,False,cmp,43235.382965493496,2.2437792809950436,51883.00501957698,51885.00501957698,1.9615776081424936,0.0,True,0.39696355946528034,0.005,47230.409180866554,57197.870667013914,47232.69450901087,3995.02621537306,hurdle_cmp,47889.97880420392,47889.97880420392,43235.382965493496,all normalized constructors
Matched human Lean root values,pair_ae9ff2a1,19650,19269,0.019389312977099237,2.0003632778037264,0.0006745268075859628,0.000567920773585589,0.00015569048731122528,0.9993253412216514,0.0005189682910374177,3,1.5941118611403495,0.4060957261760614,0.005,43469.253391977414,53436.714878124774,43471.53872012173,233.87042648391798,40.274638421640056,False,cmp,43235.382965493496,2.2437792809950436,51883.00501957698,51885.00501957698,1.9615776081424936,0.0,True,0.39696355946528034,0.005,47230.409180866554,57197.870667013914,47232.69450901087,3995.02621537306,hurdle_cmp,47889.97880420392,47889.97880420392,43235.382965493496,shared binary core
Matched AI Lean root values,pair_ae9ff2a1,7642,7403,0.031274535461920966,1.9997298392543563,0.0002700877588151712,0.00022755668507194846,0.00027016074564365796,0.9997298392543563,0.0,2,1.5932616162131301,0.4061980622955786,0.005,16696.535427585095,20524.701451821617,16698.55045657037,40.865433322265744,367.9364668451718,False,cmp,16655.66999426283,2.249854112422373,20292.02792334796,20294.02792334796,1.9371892174823344,0.0,True,0.391737504731343,0.005,18825.22826444594,22653.394288682463,18827.243293431216,2169.5582701831127,hurdle_cmp,18124.469653164848,18124.469653164848,16655.66999426283,all normalized constructors
Matched AI Lean root values,pair_ae9ff2a1,7642,7403,0.031274535461920966,1.9997298392543563,0.0002700877588151712,0.00022755668507194846,0.00027016074564365796,0.9997298392543563,0.0,2,1.5932616162131301,0.4061980622955786,0.005,16696.535427585095,20524.701451821617,16698.55045657037,40.865433322265744,367.9364668451718,False,cmp,16655.66999426283,2.249854112422373,20292.02792334796,20294.02792334796,1.9371892174823344,0.0,True,0.391737504731343,0.005,18825.22826444594,22653.394288682463,18827.243293431216,2169.5582701831127,hurdle_cmp,18124.469653164848,18124.469653164848,16655.66999426283,shared binary core
Matched human Lean root values,pair_af58b0a0,2481,2286,0.07859733978234583,2.0,0.0017497812773403325,0.0014738121359985498,0.0008748906386701663,0.9982502187226596,0.0008748906386701663,3,1.5936242600400345,0.40550084932129116,0.005,5159.070457313024,6340.13781904014,5161.070969745287,68.32429026049795,34.72388583016672,False,cmp,5090.746167052526,2.226923082700143,6727.063777010302,6729.063777010302,1.8428053204353083,0.0,True,0.3708187666972301,0.005,6527.258666161935,7708.326027889051,6529.259178594198,1436.5124991094092,hurdle_cmp,5292.551277900893,5292.551277900893,5090.746167052526,all normalized constructors
Matched human Lean root values,pair_af58b0a0,2481,2286,0.07859733978234583,2.0,0.0017497812773403325,0.0014738121359985498,0.0008748906386701663,0.9982502187226596,0.0008748906386701663,3,1.5936242600400345,0.40550084932129116,0.005,5159.070457313024,6340.13781904014,5161.070969745287,68.32429026049795,34.72388583016672,False,cmp,5090.746167052526,2.226923082700143,6727.063777010302,6729.063777010302,1.8428053204353083,0.0,True,0.3708187666972301,0.005,6527.258666161935,7708.326027889051,6529.259178594198,1436.5124991094092,hurdle_cmp,5292.551277900893,5292.551277900893,5090.746167052526,shared binary core
Matched AI Lean root values,pair_af58b0a0,2855,2653,0.07075306479859896,2.0018846588767434,0.0033888340390562702,0.0028485793851164786,0.0007538635506973238,0.996607614021862,0.002638522427440633,3,1.5961534486231543,0.4049773467028875,0.005,5993.056796968929,7364.604644695597,5995.057152043718,133.85614086547866,32.36045425224262,False,cmp,5859.2006561034505,2.208518905429118,7721.283378484613,7723.283378484613,1.860245183887916,0.0,True,0.3736991434213368,0.005,7454.433159298527,8825.981007025195,7456.433514373316,1595.232503195077,hurdle_cmp,6128.050875289537,6128.050875289537,5859.2006561034505,all normalized constructors
Matched AI Lean root values,pair_af58b0a0,2855,2653,0.07075306479859896,2.0018846588767434,0.0033888340390562702,0.0028485793851164786,0.0007538635506973238,0.996607614021862,0.002638522427440633,3,1.5961534486231543,0.4049773467028875,0.005,5993.056796968929,7364.604644695597,5995.057152043718,133.85614086547866,32.36045425224262,False,cmp,5859.2006561034505,2.208518905429118,7721.283378484613,7723.283378484613,1.860245183887916,0.0,True,0.3736991434213368,0.005,7454.433159298527,8825.981007025195,7456.433514373316,1595.232503195077,hurdle_cmp,6128.050875289537,6128.050875289537,5859.2006561034505,shared binary core
Matched human Lean root values,pair_b0ad8896,7966,7637,0.04130052724077329,2.001047531753306,0.0018320832455117914,0.0015413953542109853,0.00039282440748985203,0.998166819431714,0.001440356160796124,3,1.5950301722730318,0.40562453507278057,0.005,17237.714870920983,21187.346238700462,17239.718401444967,222.97023499466013,35.46871195638881,False,cmp,17014.744635926323,2.2279356600662985,21260.90305537949,21262.90305537949,1.9184032136580467,0.0,True,0.3868648455609791,0.005,19980.903022563194,23930.534390342673,19982.906553087178,2966.158386636871,hurdle_cmp,18296.74466874262,18296.74466874262,17014.744635926323,all normalized constructors
Matched human Lean root values,pair_b0ad8896,7966,7637,0.04130052724077329,2.001047531753306,0.0018320832455117914,0.0015413953542109853,0.00039282440748985203,0.998166819431714,0.001440356160796124,3,1.5950301722730318,0.40562453507278057,0.005,17237.714870920983,21187.346238700462,17239.718401444967,222.97023499466013,35.46871195638881,False,cmp,17014.744635926323,2.2279356600662985,21260.90305537949,21262.90305537949,1.9184032136580467,0.0,True,0.3868648455609791,0.005,19980.903022563194,23930.534390342673,19982.906553087178,2966.158386636871,hurdle_cmp,18296.74466874262,18296.74466874262,17014.744635926323,shared binary core
Matched AI Lean root values,pair_b0ad8896,6529,6203,0.04993107673456885,2.002095760116073,0.0030586418053346856,0.002570443997165483,0.00048363694986296955,0.9969369659842012,0.0025793970659358373,3,1.596436674367752,0.4051754487984539,0.005,14010.029696663445,17218.376062564425,14013.652641174172,278.4731917302124,33.512705192096604,False,cmp,13731.556504933233,2.213696034972309,17499.99823819907,17501.99823819907,1.9021289630877622,0.0,True,0.3827537261297015,0.005,16601.591095950916,19809.937461851896,16605.214040461644,2870.034591017683,hurdle_cmp,14631.963647181386,14631.963647181386,13731.556504933233,all normalized constructors
Matched AI Lean root values,pair_b0ad8896,6529,6203,0.04993107673456885,2.002095760116073,0.0030586418053346856,0.002570443997165483,0.00048363694986296955,0.9969369659842012,0.0025793970659358373,3,1.596436674367752,0.4051754487984539,0.005,14010.029696663445,17218.376062564425,14013.652641174172,278.4731917302124,33.512705192096604,False,cmp,13731.556504933233,2.213696034972309,17499.99823819907,17501.99823819907,1.9021289630877622,0.0,True,0.3827537261297015,0.005,16601.591095950916,19809.937461851896,16605.214040461644,2870.034591017683,hurdle_cmp,14631.963647181386,14631.963647181386,13731.556504933233,shared binary core
Matched human Lean root values,pair_b1a1594e,11729,11248,0.04100946372239748,2.0008890469416785,0.0017773034788925337,0.0014955621344166757,0.0004445234708392603,0.998221906116643,0.0013335704125177809,3,1.5948174889436433,0.40562703452719195,0.005,25385.49089060989,31201.936448104534,25389.03654530863,319.74635796935763,35.35415899717492,False,cmp,25065.744532640532,2.2284623517639166,31297.956284857828,31299.956284857828,1.9188336601585814,0.0,True,0.38698497123289666,0.005,29402.072249510777,35218.517807005424,29405.617904209517,4336.327716870244,hurdle_cmp,26963.628567987584,26963.628567987584,25065.744532640532,all normalized constructors
Matched human Lean root values,pair_b1a1594e,11729,11248,0.04100946372239748,2.0008890469416785,0.0017773034788925337,0.0014955621344166757,0.0004445234708392603,0.998221906116643,0.0013335704125177809,3,1.5948174889436433,0.40562703452719195,0.005,25385.49089060989,31201.936448104534,25389.03654530863,319.74635796935763,35.35415899717492,False,cmp,25065.744532640532,2.2284623517639166,31297.956284857828,31299.956284857828,1.9188336601585814,0.0,True,0.38698497123289666,0.005,29402.072249510777,35218.517807005424,29405.617904209517,4336.327716870244,hurdle_cmp,26963.628567987584,26963.628567987584,25065.744532640532,shared binary core
Matched AI Lean root values,pair_b1a1594e,10433,10069,0.03488929358765456,2.0009931472837423,0.0013894198557118465,0.0011690356218757676,0.00019862945674843578,0.9986095938027609,0.0011917767404906149,3,1.5949571903324489,0.40583732749454104,0.005,22724.144758412604,27933.053824571565,22726.321063413132,227.65224446519278,37.62000744441269,False,cmp,22496.49251394741,2.2342330433953133,27760.138466573422,27762.138466573422,1.9311799099012747,0.0,True,0.38987278725365987,0.005,25884.153526457052,31093.062592616014,25886.32983145758,3387.6610125096418,hurdle_cmp,24374.47745406378,24374.47745406378,22496.49251394741,all normalized constructors
Matched AI Lean root values,pair_b1a1594e,10433,10069,0.03488929358765456,2.0009931472837423,0.0013894198557118465,0.0011690356218757676,0.00019862945674843578,0.9986095938027609,0.0011917767404906149,3,1.5949571903324489,0.40583732749454104,0.005,22724.144758412604,27933.053824571565,22726.321063413132,227.65224446519278,37.62000744441269,False,cmp,22496.49251394741,2.2342330433953133,27760.138466573422,27762.138466573422,1.9311799099012747,0.0,True,0.38987278725365987,0.005,25884.153526457052,31093.062592616014,25886.32983145758,3387.6610125096418,hurdle_cmp,24374.47745406378,24374.47745406378,22496.49251394741,shared binary core
Matched human Lean root values,pair_b21abbab,2052,1852,0.09746588693957114,1.9994600431965444,0.00269949246392902,0.0022750608440381143,0.0016198704103671706,0.9973002159827213,0.0010799136069114472,3,1.5928994390000863,0.4049407337860869,0.005,4179.847273453608,5135.4477491756425,4182.262013555046,79.86244097101735,32.68066669710328,False,cmp,4099.984832482591,2.2138147043642498,5603.680780407763,5605.680780407763,1.8045808966861598,0.0,True,0.3625474089634788,0.005,5492.989131527776,6448.589607249811,5495.403871629214,1393.004299045186,hurdle_cmp,4212.676481362578,4212.676481362578,4099.984832482591,all normalized constructors
Matched human Lean root values,pair_b21abbab,2052,1852,0.09746588693957114,1.9994600431965444,0.00269949246392902,0.0022750608440381143,0.0016198704103671706,0.9973002159827213,0.0010799136069114472,3,1.5928994390000863,0.4049407337860869,0.005,4179.847273453608,5135.4477491756425,4182.262013555046,79.86244097101735,32.68066669710328,False,cmp,4099.984832482591,2.2138147043642498,5603.680780407763,5605.680780407763,1.8045808966861598,0.0,True,0.3625474089634788,0.005,5492.989131527776,6448.589607249811,5495.403871629214,1393.004299045186,hurdle_cmp,4212.676481362578,4212.676481362578,4099.984832482591,shared binary core
Matched AI Lean root values,pair_b21abbab,5067,4862,0.04045786461417012,2.0016454134101194,0.002465412729888738,0.002072904616218987,0.00041135335252982314,0.9975318798848211,0.0020567667626491155,3,1.5958324460320494,0.40540161402553615,0.005,10978.645385572367,13493.410146174716,10980.674417383103,182.8869933381793,34.47348276957525,False,cmp,10795.758392234187,2.220435703873753,13521.7842594231,13523.7842594231,1.9206631142687982,0.0,True,0.3870531266236305,0.005,12697.309986403598,15212.074747005947,12699.339018214334,1901.5515941694098,hurdle_cmp,11622.23266525369,11622.23266525369,10795.758392234187,all normalized constructors
Matched AI Lean root values,pair_b21abbab,5067,4862,0.04045786461417012,2.0016454134101194,0.002465412729888738,0.002072904616218987,0.00041135335252982314,0.9975318798848211,0.0020567667626491155,3,1.5958324460320494,0.40540161402553615,0.005,10978.645385572367,13493.410146174716,10980.674417383103,182.8869933381793,34.47348276957525,False,cmp,10795.758392234187,2.220435703873753,13521.7842594231,13523.7842594231,1.9206631142687982,0.0,True,0.3870531266236305,0.005,12697.309986403598,15212.074747005947,12699.339018214334,1901.5515941694098,hurdle_cmp,11622.23266525369,11622.23266525369,10795.758392234187,shared binary core
Matched human Lean root values,pair_b39511ce,6360,6129,0.03632075471698113,2.00114211127427,0.0017934418699755443,0.0015087315612829807,0.00032631750693424703,0.9982052537118616,0.0014684287812041115,3,1.5951570922684168,0.40565870149891486,0.005,13834.756961046127,17004.89634402721,13837.188324761413,175.51492716866778,35.87893334354861,False,cmp,13659.24203387746,2.228624903553183,16936.22707398551,16938.22707398551,1.9284591194968554,0.0,True,0.3890808178128366,0.005,15821.962469587574,18992.101852568656,15824.39383330286,2162.7204357101145,hurdle_cmp,14775.506638275394,14775.506638275394,13659.24203387746,all normalized constructors
Matched human Lean root values,pair_b39511ce,6360,6129,0.03632075471698113,2.00114211127427,0.0017934418699755443,0.0015087315612829807,0.00032631750693424703,0.9982052537118616,0.0014684287812041115,3,1.5951570922684168,0.40565870149891486,0.005,13834.756961046127,17004.89634402721,13837.188324761413,175.51492716866778,35.87893334354861,False,cmp,13659.24203387746,2.228624903553183,16936.22707398551,16938.22707398551,1.9284591194968554,0.0,True,0.3890808178128366,0.005,15821.962469587574,18992.101852568656,15824.39383330286,2162.7204357101145,hurdle_cmp,14775.506638275394,14775.506638275394,13659.24203387746,shared binary core
Matched AI Lean root values,pair_b39511ce,4121,3895,0.05484105799563213,1.9994865211810013,0.0005132151585011559,0.0004325118243219843,0.0005134788189987163,0.9994865211810012,0.0,2,1.592934984353027,0.4060380580089717,0.005,8785.199200498771,10798.45997079102,8787.76348020191,38.29617997817695,373.1320906252449,False,cmp,8746.903020520595,2.2456747164366098,11060.903197092353,11062.903197092353,1.8898325649114294,0.0,True,0.38131895935283466,0.005,10538.871020127459,12552.13179041971,10541.435299830599,1791.9679996068653,hurdle_cmp,9270.935197485487,9270.935197485487,8746.903020520593,all normalized constructors
Matched AI Lean root values,pair_b39511ce,4121,3895,0.05484105799563213,1.9994865211810013,0.0005132151585011559,0.0004325118243219843,0.0005134788189987163,0.9994865211810012,0.0,2,1.592934984353027,0.4060380580089717,0.005,8785.199200498771,10798.45997079102,8787.76348020191,38.29617997817695,373.1320906252449,False,cmp,8746.903020520595,2.2456747164366098,11060.903197092353,11062.903197092353,1.8898325649114294,0.0,True,0.38131895935283466,0.005,10538.871020127459,12552.13179041971,10541.435299830599,1791.9679996068653,hurdle_cmp,9270.935197485487,9270.935197485487,8746.903020520593,shared binary core
Matched human Lean root values,pair_b40cb2db,1893,1662,0.12202852614896989,2.0012033694344162,0.0024052907708370444,0.00202331568584969,0.0006016847172081829,0.9975932611311673,0.0018050541516245488,3,1.5952392955140517,0.4053623892031518,0.005,3753.5263473914883,4612.8138424388635,3755.527322356508,64.72490802287939,33.85777370772126,False,cmp,3688.801439368609,2.2194954508836395,5214.109460720451,5216.109460720451,1.756999471737982,0.0,True,0.3531961812369061,0.005,5159.932819328148,6019.220314375523,5161.933794293168,1471.1313799595391,hurdle_cmp,3744.9780807609122,3744.9780807609122,3688.801439368609,all normalized constructors
Matched human Lean root values,pair_b40cb2db,1893,1662,0.12202852614896989,2.0012033694344162,0.0024052907708370444,0.00202331568584969,0.0006016847172081829,0.9975932611311673,0.0018050541516245488,3,1.5952392955140517,0.4053623892031518,0.005,3753.5263473914883,4612.8138424388635,3755.527322356508,64.72490802287939,33.85777370772126,False,cmp,3688.801439368609,2.2194954508836395,5214.109460720451,5216.109460720451,1.756999471737982,0.0,True,0.3531961812369061,0.005,5159.932819328148,6019.220314375523,5161.933794293168,1471.1313799595391,hurdle_cmp,3744.9780807609122,3744.9780807609122,3688.801439368609,shared binary core
Matched AI Lean root values,pair_b40cb2db,2181,1982,0.09124254928931683,2.0005045408678104,0.0015133680419435868,0.0012739931104395054,0.0005045408678102926,0.9984863773965691,0.0010090817356205853,3,1.5943014569657479,0.40569854303424796,0.005,4473.93534035773,5498.656889633554,4475.956575720087,52.77403854546719,35.730710081896646,False,cmp,4421.1613018122625,2.230656559945642,5942.705201345333,5944.705201345333,1.817973406694177,0.0,True,0.3658094516164965,0.005,5808.104280465192,6832.825829741016,5810.125515827549,1386.9429786529295,hurdle_cmp,4557.762222692403,4557.762222692403,4421.1613018122625,all normalized constructors
Matched AI Lean root values,pair_b40cb2db,2181,1982,0.09124254928931683,2.0005045408678104,0.0015133680419435868,0.0012739931104395054,0.0005045408678102926,0.9984863773965691,0.0010090817356205853,3,1.5943014569657479,0.40569854303424796,0.005,4473.93534035773,5498.656889633554,4475.956575720087,52.77403854546719,35.730710081896646,False,cmp,4421.1613018122625,2.230656559945642,5942.705201345333,5944.705201345333,1.817973406694177,0.0,True,0.3658094516164965,0.005,5808.104280465192,6832.825829741016,5810.125515827549,1386.9429786529295,hurdle_cmp,4557.762222692403,4557.762222692403,4421.1613018122625,shared binary core
Matched human Lean root values,pair_b4b63346,1166,1037,0.11063464837049743,2.012536162005786,0.018164927573697955,0.01509622167982081,0.0028929604628736743,0.9816779170684667,0.015429122468659595,3,1.6104267452427499,0.399216456300158,0.005,2359.414026492826,2895.1153536539014,2361.414170750889,210.2109586591905,24.613888004080867,False,cmp,2149.2030678336355,2.072519833976505,3214.6959559792776,3216.6959559792776,1.7898799313893654,0.0,True,0.35264721070130767,0.005,3172.5772999346154,3708.2786270956913,3174.5774441926787,1023.3742321009802,hurdle_cmp,2193.3217238782972,2193.3217238782972,2149.203067833635,all normalized constructors
Matched human Lean root values,pair_b4b63346,1165,1036,0.11072961373390558,2.0135135135135136,0.01719190232703746,0.014272749071457062,0.0019305019305019305,0.9826254826254827,0.015444015444015444,3,1.6117346532088446,0.39984835837416244,0.005,2357.5911422603754,2893.716076859164,2359.594642375264,198.14272814815195,25.61386676519137,False,cmp,2159.4484141122234,2.08440966613149,3212.280194027201,3214.280194027201,1.7905579399141631,0.0,True,0.35320579677104125,0.005,3170.519814632745,3706.644749231533,3172.523314747633,1011.0714005205211,hurdle_cmp,2203.20879350668,2203.20879350668,2159.448414112224,shared binary core
Matched AI Lean root values,pair_b4b63346,2184,1944,0.10989010989010989,2.007201646090535,0.01126500872157022,0.009415321477654065,0.00205761316872428,0.9886831275720165,0.009259259259259259,3,1.6032827773839733,0.40186125553783336,0.005,4407.032870238689,5411.270366331094,4409.427565453735,265.7966308553732,26.748525287851734,False,cmp,4141.2362393833155,2.130265555238331,6006.056540544932,6008.056540544932,1.7866300366300367,0.0,True,0.3551051532719272,0.005,5921.608036700706,6925.8455327931115,5924.0027319157525,1780.3717973173905,hurdle_cmp,4227.684743227542,4227.684743227542,4141.2362393833155,all normalized constructors
Matched AI Lean root values,pair_b4b63346,2183,1943,0.10994044892349977,2.0077200205867216,0.010748430103550788,0.008978590005383955,0.001544004117344313,0.9891919711785898,0.009264024704065878,3,1.603977371610648,0.4021986448587254,0.005,4405.21935145797,5409.876625067977,4407.219642423741,253.15079220752523,27.458051200256957,False,cmp,4152.068559250445,2.1369369836595187,6003.643784196368,6005.643784196368,1.7869903802107192,0.0,True,0.35540421710088943,0.005,5919.561640670137,6924.218914280144,5921.561931635908,1767.4930814196923,hurdle_cmp,4238.150702776676,4238.150702776676,4152.068559250445,shared binary core
Matched human Lean root values,pair_b4b897fd,971,830,0.14521112255406798,1.9987951807228916,0.0012033676876179416,0.0010148933029560136,0.0012048192771084338,0.9987951807228915,0.0,2,1.5920068224623736,0.40558353898340554,0.005,1873.3830040183443,2301.861742325107,1875.4662666636839,19.441646098159254,363.65163783412993,False,cmp,1853.941357920185,2.2336642866508254,2691.97182430711,2693.97182430711,1.7085478887744594,0.0,True,0.34435455437718,0.005,2679.9760530409853,3108.454791347748,2682.059315686325,826.0346951208004,hurdle_cmp,1867.93712918631,1867.93712918631,1853.941357920185,all normalized constructors
Matched human Lean root values,pair_b4b897fd,971,830,0.14521112255406798,1.9987951807228916,0.0012033676876179416,0.0010148933029560136,0.0012048192771084338,0.9987951807228915,0.0,2,1.5920068224623736,0.40558353898340554,0.005,1873.3830040183443,2301.861742325107,1875.4662666636839,19.441646098159254,363.65163783412993,False,cmp,1853.941357920185,2.2336642866508254,2691.97182430711,2693.97182430711,1.7085478887744594,0.0,True,0.34435455437718,0.005,2679.9760530409853,3108.454791347748,2682.059315686325,826.0346951208004,hurdle_cmp,1867.93712918631,1867.93712918631,1853.941357920185,shared binary core
Matched AI Lean root values,pair_b4b897fd,947,810,0.1446673706441394,2.0024691358024693,0.004932174973327237,0.004143275729684494,0.0012345679012345679,0.9950617283950617,0.003703703703703704,3,1.5969375827456724,0.40429698515555806,0.005,1832.0709351019677,2250.5669876445922,1834.109286925765,58.964818225555064,30.299926802444162,False,cmp,1773.1061168764127,2.1890198973782873,2628.455048886776,2630.455048886776,1.712777191129884,0.0,True,0.34356452546757044,0.005,2616.9491626997888,3035.4452152424133,2618.987514523586,843.8430458233762,hurdle_cmp,1786.6120030633997,1786.6120030633997,1773.1061168764127,all normalized constructors
Matched AI Lean root values,pair_b4b897fd,947,810,0.1446673706441394,2.0024691358024693,0.004932174973327237,0.004143275729684494,0.0012345679012345679,0.9950617283950617,0.003703703703703704,3,1.5969375827456724,0.40429698515555806,0.005,1832.0709351019677,2250.5669876445922,1834.109286925765,58.964818225555064,30.299926802444162,False,cmp,1773.1061168764127,2.1890198973782873,2628.455048886776,2630.455048886776,1.712777191129884,0.0,True,0.34356452546757044,0.005,2616.9491626997888,3035.4452152424133,2618.987514523586,843.8430458233762,hurdle_cmp,1786.6120030633997,1786.6120030633997,1773.1061168764127,shared binary core
Matched human Lean root values,pair_b4d61cac,4399,4103,0.06728802000454649,2.0012186205215694,0.0021920319028496597,0.0018438934102221315,0.0004874482086278333,0.9978064830611747,0.0017060687301974165,3,1.5952597609938275,0.40547141131910996,0.005,9263.138542593219,11384.859954459094,9265.160148250372,141.7154407183989,34.51719487861631,False,cmp,9121.42310187482,2.2231106755727077,11875.64499020897,11877.64499020897,1.8665605819504434,0.0,True,0.37558431255226177,0.005,11434.432548278832,13556.153960144708,11436.454153935985,2313.0094464040126,hurdle_cmp,9564.635543804958,9564.635543804958,9121.42310187482,all normalized constructors
Matched human Lean root values,pair_b4d61cac,4399,4103,0.06728802000454649,2.0012186205215694,0.0021920319028496597,0.0018438934102221315,0.0004874482086278333,0.9978064830611747,0.0017060687301974165,3,1.5952597609938275,0.40547141131910996,0.005,9263.138542593219,11384.859954459094,9265.160148250372,141.7154407183989,34.51719487861631,False,cmp,9121.42310187482,2.2231106755727077,11875.64499020897,11877.64499020897,1.8665605819504434,0.0,True,0.37558431255226177,0.005,11434.432548278832,13556.153960144708,11436.454153935985,2313.0094464040126,hurdle_cmp,9564.635543804958,9564.635543804958,9121.42310187482,shared binary core
Matched AI Lean root values,pair_b4d61cac,5862,5568,0.05015353121801433,2.002514367816092,0.003226436575175057,0.002710237802974844,0.00035919540229885057,0.9967672413793104,0.0028735632183908046,3,1.5969982615379394,0.4051569108758497,0.005,12578.40822271676,15459.164548006825,12580.411084520427,258.9388082224177,33.97919994644292,False,cmp,12319.469414494342,2.2125483862238404,15715.514986962065,15717.514986962065,1.9020812009553054,0.0,True,0.3826631391229042,0.005,14913.098019670168,17793.854344960233,14915.100881473834,2593.6286051758243,hurdle_cmp,13123.88638178624,13123.88638178624,12319.469414494342,all normalized constructors
Matched AI Lean root values,pair_b4d61cac,5862,5568,0.05015353121801433,2.002514367816092,0.003226436575175057,0.002710237802974844,0.00035919540229885057,0.9967672413793104,0.0028735632183908046,3,1.5969982615379394,0.4051569108758497,0.005,12578.40822271676,15459.164548006825,12580.411084520427,258.9388082224177,33.97919994644292,False,cmp,12319.469414494342,2.2125483862238404,15715.514986962065,15717.514986962065,1.9020812009553054,0.0,True,0.3826631391229042,0.005,14913.098019670168,17793.854344960233,14915.100881473834,2593.6286051758243,hurdle_cmp,13123.88638178624,13123.88638178624,12319.469414494342,shared binary core
Matched human Lean root values,pair_b5dab1a1,886,754,0.1489841986455982,1.9986737400530503,0.006629540769301128,0.005591937927190093,0.003978779840848806,0.993368700265252,0.002652519893899204,3,1.5918437662667426,0.4028511939454549,0.005,1703.6075208791542,2091.14493863762,1705.6076024285892,70.85643436842656,28.228588549761067,False,cmp,1632.7510865107276,2.165452369377623,2460.5875408191673,2462.5875408191673,1.700902934537246,0.0,True,0.3405949467703675,0.005,2451.518558832558,2839.0559765910234,2453.518640381993,818.7674723218303,hurdle_cmp,1643.8200684973372,1643.8200684973372,1632.7510865107279,all normalized constructors
Matched human Lean root values,pair_b5dab1a1,886,754,0.1489841986455982,1.9986737400530503,0.006629540769301128,0.005591937927190093,0.003978779840848806,0.993368700265252,0.002652519893899204,3,1.5918437662667426,0.4028511939454549,0.005,1703.6075208791542,2091.14493863762,1705.6076024285892,70.85643436842656,28.228588549761067,False,cmp,1632.7510865107276,2.165452369377623,2460.5875408191673,2462.5875408191673,1.700902934537246,0.0,True,0.3405949467703675,0.005,2451.518558832558,2839.0559765910234,2453.518640381993,818.7674723218303,hurdle_cmp,1643.8200684973372,1643.8200684973372,1632.7510865107279,shared binary core
Matched AI Lean root values,pair_b5dab1a1,692,573,0.17196531791907516,1.9982547993019197,0.008722957764924816,0.007361034575668408,0.005235602094240838,0.9912739965095986,0.0034904013961605585,3,1.591281226423194,0.40173797078448087,0.005,1295.4111063649696,1589.3061701197182,1297.439449002701,68.10084343351627,26.86421459128114,False,cmp,1227.3102629314533,2.141902727629063,1933.3978657441749,1935.3978657441749,1.6546242774566473,0.0,True,0.3311676637140949,0.005,1932.6516462241887,2226.5467099789375,1934.67998886192,705.3413832927354,hurdle_cmp,1230.0564824514395,1230.0564824514395,1227.3102629314533,all normalized constructors
Matched AI Lean root values,pair_b5dab1a1,692,573,0.17196531791907516,1.9982547993019197,0.008722957764924816,0.007361034575668408,0.005235602094240838,0.9912739965095986,0.0034904013961605585,3,1.591281226423194,0.40173797078448087,0.005,1295.4111063649696,1589.3061701197182,1297.439449002701,68.10084343351627,26.86421459128114,False,cmp,1227.3102629314533,2.141902727629063,1933.3978657441749,1935.3978657441749,1.6546242774566473,0.0,True,0.3311676637140949,0.005,1932.6516462241887,2226.5467099789375,1934.67998886192,705.3413832927354,hurdle_cmp,1230.0564824514395,1230.0564824514395,1227.3102629314533,shared binary core
Matched human Lean root values,pair_b7bb3d8e,335,266,0.20597014925373133,1.9962406015037595,0.003745265419187066,0.003167394330899338,0.0037593984962406013,0.9962406015037594,0.0,2,1.5885758552999354,0.4039053477075796,0.005,601.4329007098469,738.1204225143774,603.4346421083163,17.163228499150136,371.0701175694491,False,cmp,584.2696722106967,2.1965025271078824,942.1773639360524,944.1736231263557,1.5885758552999354,0.002204004563323639,False,0.32071290295586913,0.005,944.1736231263557,1080.8611449308862,946.1753645248251,359.9039509156589,hurdle_cmp,584.2696722106967,584.2696722106967,584.2696722106967,all normalized constructors
Matched human Lean root values,pair_b7bb3d8e,335,266,0.20597014925373133,1.9962406015037595,0.003745265419187066,0.003167394330899338,0.0037593984962406013,0.9962406015037594,0.0,2,1.5885758552999354,0.4039053477075796,0.005,601.4329007098469,738.1204225143774,603.4346421083163,17.163228499150136,371.0701175694491,False,cmp,584.2696722106967,2.1965025271078824,942.1773639360524,944.1736231263557,1.5885758552999354,0.002204004563323639,False,0.32071290295586913,0.005,944.1736231263557,1080.8611449308862,946.1753645248251,359.9039509156589,hurdle_cmp,584.2696722106967,584.2696722106967,584.2696722106967,shared binary core
Matched AI Lean root values,pair_b7bb3d8e,362,291,0.19613259668508287,1.9965635738831615,0.003424617092381999,0.0028952094099509965,0.003436426116838488,0.9965635738831615,0.0,2,1.589009742051122,0.404117405715197,0.005,657.81384489314,807.4353026394108,659.8140642931317,17.343206165154697,373.1061239747233,False,cmp,640.4706387279853,2.2009300299930765,1016.2755594043933,1018.2755594043933,1.6049723756906078,0.0,True,0.32443116980674364,0.005,1018.1895702213228,1167.8110279675936,1020.1897896213145,377.7189314933375,hurdle_cmp,640.5566279110558,640.5566279110558,640.4706387279853,all normalized constructors
Matched AI Lean root values,pair_b7bb3d8e,362,291,0.19613259668508287,1.9965635738831615,0.003424617092381999,0.0028952094099509965,0.003436426116838488,0.9965635738831615,0.0,2,1.589009742051122,0.404117405715197,0.005,657.81384489314,807.4353026394108,659.8140642931317,17.343206165154697,373.1061239747233,False,cmp,640.4706387279853,2.2009300299930765,1016.2755594043933,1018.2755594043933,1.6049723756906078,0.0,True,0.32443116980674364,0.005,1018.1895702213228,1167.8110279675936,1020.1897896213145,377.7189314933375,hurdle_cmp,640.5566279110558,640.5566279110558,640.4706387279853,shared binary core
Matched human Lean root values,pair_b94f69f4,3916,3671,0.06256384065372829,1.9997275946608553,0.000817141812765147,0.0006884670835614351,0.0005448106782892945,0.9991827839825661,0.00027240533914464724,3,1.593258603140459,0.40592418084210286,0.005,8281.294222955577,10178.786768759892,8283.33322361874,56.47427527466789,38.7743592288971,False,cmp,8224.81994768091,2.240484867251678,10546.27859143091,10548.27859143091,1.8746169560776302,0.0,True,0.37793111430449633,0.005,10115.704246744845,12013.196792549159,10117.743247408007,1890.884299063935,hurdle_cmp,8657.394292366975,8657.394292366975,8224.81994768091,all normalized constructors
Matched human Lean root values,pair_b94f69f4,3916,3671,0.06256384065372829,1.9997275946608553,0.000817141812765147,0.0006884670835614351,0.0005448106782892945,0.9991827839825661,0.00027240533914464724,3,1.593258603140459,0.40592418084210286,0.005,8281.294222955577,10178.786768759892,8283.33322361874,56.47427527466789,38.7743592288971,False,cmp,8224.81994768091,2.240484867251678,10546.27859143091,10548.27859143091,1.8746169560776302,0.0,True,0.37793111430449633,0.005,10115.704246744845,12013.196792549159,10117.743247408007,1890.884299063935,hurdle_cmp,8657.394292366975,8657.394292366975,8224.81994768091,shared binary core
Matched AI Lean root values,pair_b94f69f4,5183,4916,0.051514566853173835,2.000406834825061,0.0012203389606081935,0.0010274215237051098,0.0004068348250610252,0.9987794955248169,0.0008136696501220504,3,1.5941703217433585,0.4058296782566374,0.005,11092.846813858741,13634.818340500919,11094.87045820873,104.13273619482061,36.79389755132404,False,cmp,10988.71407766392,2.2352957847160133,13894.438087496606,13896.438087496606,1.8973567431989196,0.0,True,0.38260018390695816,0.005,13198.635574843487,15740.607101485664,13200.659219193476,2209.9214971795664,hurdle_cmp,11686.51659031704,11686.51659031704,10988.71407766392,all normalized constructors
Matched AI Lean root values,pair_b94f69f4,5183,4916,0.051514566853173835,2.000406834825061,0.0012203389606081935,0.0010274215237051098,0.0004068348250610252,0.9987794955248169,0.0008136696501220504,3,1.5941703217433585,0.4058296782566374,0.005,11092.846813858741,13634.818340500919,11094.87045820873,104.13273619482061,36.79389755132404,False,cmp,10988.71407766392,2.2352957847160133,13894.438087496606,13896.438087496606,1.8973567431989196,0.0,True,0.38260018390695816,0.005,13198.635574843487,15740.607101485664,13200.659219193476,2209.9214971795664,hurdle_cmp,11686.51659031704,11686.51659031704,10988.71407766392,shared binary core
Matched human Lean root values,pair_b9bbcc78,5405,5140,0.04902867715078631,2.0011673151750973,0.0019441626671107817,0.001635480987522885,0.0003891050583657588,0.9980544747081712,0.0015564202334630351,3,1.5951909139043967,0.4055872962123308,0.005,11603.073230108672,14261.420298576215,11605.083949169455,158.83304686885094,35.30055954668905,False,cmp,11444.24018323982,2.226505872225646,14477.11358136002,14479.11358136002,1.9030527289546717,0.0,True,0.3834833924831885,0.005,13719.998379570554,16378.345448038097,13722.009098631337,2275.758196330733,hurdle_cmp,12203.355385029286,12203.355385029286,11444.24018323982,all normalized constructors
Matched human Lean root values,pair_b9bbcc78,5405,5140,0.04902867715078631,2.0011673151750973,0.0019441626671107817,0.001635480987522885,0.0003891050583657588,0.9980544747081712,0.0015564202334630351,3,1.5951909139043967,0.4055872962123308,0.005,11603.073230108672,14261.420298576215,11605.083949169455,158.83304686885094,35.30055954668905,False,cmp,11444.24018323982,2.226505872225646,14477.11358136002,14479.11358136002,1.9030527289546717,0.0,True,0.3834833924831885,0.005,13719.998379570554,16378.345448038097,13722.009098631337,2275.758196330733,hurdle_cmp,12203.355385029286,12203.355385029286,11444.24018323982,shared binary core
Matched AI Lean root values,pair_b9bbcc78,6143,5879,0.04297574475012209,2.0022112604184383,0.00288675856685836,0.0024256945131073786,0.0003401939105290015,0.9971083517605035,0.0025514543289675115,3,1.596591630396478,0.40527943611142714,0.005,13278.52400178639,16320.05656742048,13281.562548434616,249.02753021667013,34.408122204638076,False,cmp,13029.49647156972,2.216277678443565,16414.243706016197,16416.243706016197,1.9161647403548754,0.0,True,0.38587157218262697,0.005,15458.691333731434,18500.223899365526,15461.72988037966,2429.194862161714,hurdle_cmp,13987.048843854483,13987.048843854483,13029.49647156972,all normalized constructors
Matched AI Lean root values,pair_b9bbcc78,6143,5879,0.04297574475012209,2.0022112604184383,0.00288675856685836,0.0024256945131073786,0.0003401939105290015,0.9971083517605035,0.0025514543289675115,3,1.596591630396478,0.40527943611142714,0.005,13278.52400178639,16320.05656742048,13281.562548434616,249.02753021667013,34.408122204638076,False,cmp,13029.49647156972,2.216277678443565,16414.243706016197,16416.243706016197,1.9161647403548754,0.0,True,0.38587157218262697,0.005,15458.691333731434,18500.223899365526,15461.72988037966,2429.194862161714,hurdle_cmp,13987.048843854483,13987.048843854483,13029.49647156972,shared binary core
Matched human Lean root values,pair_ba39d0a3,3417,3145,0.07960199004975124,2.002543720190779,0.003809109773759544,0.0031995880551389496,0.0006359300476947536,0.9961844197138314,0.003179650238473768,3,1.5970376374351094,0.4048701527079712,0.005,7106.414826819151,8732.871724374161,7108.419910197514,172.41553002173896,32.3178839537284,False,cmp,6933.999296797412,2.204769251763883,9275.030015095817,9277.030015095817,1.8431372549019607,0.0,True,0.3699380666148308,0.005,9006.87416385377,10633.33106140878,9008.879247232133,2072.8748670563587,hurdle_cmp,7204.155148039459,7204.155148039459,6933.999296797412,all normalized constructors
Matched human Lean root values,pair_ba39d0a3,3417,3145,0.07960199004975124,2.002543720190779,0.003809109773759544,0.0031995880551389496,0.0006359300476947536,0.9961844197138314,0.003179650238473768,3,1.5970376374351094,0.4048701527079712,0.005,7106.414826819151,8732.871724374161,7108.419910197514,172.41553002173896,32.3178839537284,False,cmp,6933.999296797412,2.204769251763883,9275.030015095817,9277.030015095817,1.8431372549019607,0.0,True,0.3699380666148308,0.005,9006.87416385377,10633.33106140878,9008.879247232133,2072.8748670563587,hurdle_cmp,7204.155148039459,7204.155148039459,6933.999296797412,shared binary core
Matched AI Lean root values,pair_ba39d0a3,3583,3310,0.07619313424504605,2.0009063444108763,0.002113982165186517,0.0017788368138295825,0.0006042296072507553,0.9978851963746224,0.0015105740181268882,3,1.5948407021721176,0.405461412631504,0.005,7472.216078970188,9183.42619479619,7474.216509012861,112.58406742618536,34.288010957006925,False,cmp,7359.632011544003,2.2234537799226595,9707.19424584066,9709.19424584066,1.8484510186994139,0.0,True,0.3718253398586762,0.005,9404.53418838976,11115.744304215761,9406.534618432433,2044.9021768457574,hurdle_cmp,7664.292068994902,7664.292068994902,7359.632011544003,all normalized constructors
Matched AI Lean root values,pair_ba39d0a3,3583,3310,0.07619313424504605,2.0009063444108763,0.002113982165186517,0.0017788368138295825,0.0006042296072507553,0.9978851963746224,0.0015105740181268882,3,1.5948407021721176,0.405461412631504,0.005,7472.216078970188,9183.42619479619,7474.216509012861,112.58406742618536,34.288010957006925,False,cmp,7359.632011544003,2.2234537799226595,9707.19424584066,9709.19424584066,1.8484510186994139,0.0,True,0.3718253398586762,0.005,9404.53418838976,11115.744304215761,9406.534618432433,2044.9021768457574,hurdle_cmp,7664.292068994902,7664.292068994902,7359.632011544003,shared binary core
Matched human Lean root values,pair_babc83eb,5896,5599,0.05037313432835821,2.0005358099660655,0.001249936161832792,0.0010521938066946285,0.0003572066440435792,0.9987497767458474,0.000893016610108948,3,1.5943434238503398,0.40583517947167796,0.005,12634.431292225128,15529.8823354042,12636.458878446889,119.94908321485855,36.885148747155895,False,cmp,12514.48220901027,2.235128095911818,15798.064729070926,15800.064729070926,1.8997625508819538,0.0,True,0.38310413056608694,0.005,14990.2613318327,17885.71237501177,14992.28891805446,2475.7791228224305,hurdle_cmp,13324.285606248495,13324.285606248495,12514.48220901027,all normalized constructors
Matched human Lean root values,pair_babc83eb,5896,5599,0.05037313432835821,2.0005358099660655,0.001249936161832792,0.0010521938066946285,0.0003572066440435792,0.9987497767458474,0.000893016610108948,3,1.5943434238503398,0.40583517947167796,0.005,12634.431292225128,15529.8823354042,12636.458878446889,119.94908321485855,36.885148747155895,False,cmp,12514.48220901027,2.235128095911818,15798.064729070926,15800.064729070926,1.8997625508819538,0.0,True,0.38310413056608694,0.005,14990.2613318327,17885.71237501177,14992.28891805446,2475.7791228224305,hurdle_cmp,13324.285606248495,13324.285606248495,12514.48220901027,shared binary core
Matched AI Lean root values,pair_babc83eb,7165,6872,0.04089323098394976,2.0013096623981372,0.0018900193594902158,0.0015896908780719924,0.0002910360884749709,0.9981082654249127,0.0016006984866123398,3,1.5953819288424262,0.40563669746723197,0.005,15512.917730016421,19067.700458857355,15514.920825470896,204.16458040114958,35.947926339783976,False,cmp,15308.753149615271,2.22769981804646,19120.754114277253,19122.754114277253,1.91946964410328,0.0,True,0.38706927014740106,0.005,17962.08863449151,21516.871363332444,17964.091729945983,2653.3354848762383,hurdle_cmp,16469.418629401014,16469.418629401014,15308.75314961527,all normalized constructors
Matched AI Lean root values,pair_babc83eb,7165,6872,0.04089323098394976,2.0013096623981372,0.0018900193594902158,0.0015896908780719924,0.0002910360884749709,0.9981082654249127,0.0016006984866123398,3,1.5953819288424262,0.40563669746723197,0.005,15512.917730016421,19067.700458857355,15514.920825470896,204.16458040114958,35.947926339783976,False,cmp,15308.753149615271,2.22769981804646,19120.754114277253,19122.754114277253,1.91946964410328,0.0,True,0.38706927014740106,0.005,17962.08863449151,21516.871363332444,17964.091729945983,2653.3354848762383,hurdle_cmp,16469.418629401014,16469.418629401014,15308.75314961527,shared binary core
Matched human Lean root values,pair_bb5a8572,1931,1723,0.10771620921802175,2.000580383052815,0.002901578419586295,0.002442425875282512,0.0011607661056297156,0.9970980847359258,0.0017411491584445734,3,1.5944032457537094,0.4050163711934721,0.005,3890.642450553661,4780.55637267292,3892.6426421917417,79.13943723899138,32.32361685414138,False,cmp,3811.5030133146697,2.2121317546805974,5293.563706714249,5295.563706714249,1.7850854479544278,0.0,True,0.3585372801880425,0.005,5212.3408390615905,6102.254761180849,5214.341030699671,1400.8378257469205,hurdle_cmp,3894.7258809673285,3894.7258809673285,3811.50301331467,all normalized constructors
Matched human Lean root values,pair_bb5a8572,1931,1723,0.10771620921802175,2.000580383052815,0.002901578419586295,0.002442425875282512,0.0011607661056297156,0.9970980847359258,0.0017411491584445734,3,1.5944032457537094,0.4050163711934721,0.005,3890.642450553661,4780.55637267292,3892.6426421917417,79.13943723899138,32.32361685414138,False,cmp,3811.5030133146697,2.2121317546805974,5293.563706714249,5295.563706714249,1.7850854479544278,0.0,True,0.3585372801880425,0.005,5212.3408390615905,6102.254761180849,5214.341030699671,1400.8378257469205,hurdle_cmp,3894.7258809673285,3894.7258809673285,3811.50301331467,shared binary core
Matched AI Lean root values,pair_bb5a8572,3331,3081,0.07505253677574301,2.0016228497241157,0.002918495862180923,0.0024539137755953105,0.0006491398896462187,0.997078870496592,0.0022719896137617657,3,1.5958021707519892,0.40517153908247644,0.005,6958.294993299824,8551.273271190992,6960.359169618099,136.55252669894253,33.10056903724457,False,cmp,6821.742466600881,2.21413257598211,9022.77772946527,9024.77772946527,1.851395977184029,0.0,True,0.3720670230926657,0.005,8735.827462062327,10328.805739953496,8737.891638380603,1914.0849954614455,hurdle_cmp,7110.692734003824,7110.692734003824,6821.742466600881,all normalized constructors
Matched AI Lean root values,pair_bb5a8572,3331,3081,0.07505253677574301,2.0016228497241157,0.002918495862180923,0.0024539137755953105,0.0006491398896462187,0.997078870496592,0.0022719896137617657,3,1.5958021707519892,0.40517153908247644,0.005,6958.294993299824,8551.273271190992,6960.359169618099,136.55252669894253,33.10056903724457,False,cmp,6821.742466600881,2.21413257598211,9022.77772946527,9024.77772946527,1.851395977184029,0.0,True,0.3720670230926657,0.005,8735.827462062327,10328.805739953496,8737.891638380603,1914.0849954614455,hurdle_cmp,7110.692734003824,7110.692734003824,6821.742466600881,shared binary core
Matched human Lean root values,pair_bc3e9c75,1839,1621,0.11854268624252311,2.000616903146206,0.0055517477463626124,0.004673042597133824,0.0024676125848241827,0.9944478716841456,0.0030845157310302285,3,1.5944522592035637,0.40369703135781454,0.005,3662.23114074567,4497.75230475534,3664.238853420854,127.79958478811022,29.040079457322815,False,cmp,3534.43155595756,2.180401946920148,5061.266250091906,5063.266250091906,1.7634584013050572,0.0,True,0.35307962465727744,0.005,5003.064717997258,5838.585882006929,5005.072430672442,1468.6331620396986,hurdle_cmp,3594.6330880522073,3594.6330880522073,3534.43155595756,all normalized constructors
Matched human Lean root values,pair_bc3e9c75,1839,1621,0.11854268624252311,2.000616903146206,0.0055517477463626124,0.004673042597133824,0.0024676125848241827,0.9944478716841456,0.0030845157310302285,3,1.5944522592035637,0.40369703135781454,0.005,3662.23114074567,4497.75230475534,3664.238853420854,127.79958478811022,29.040079457322815,False,cmp,3534.43155595756,2.180401946920148,5061.266250091906,5063.266250091906,1.7634584013050572,0.0,True,0.35307962465727744,0.005,5003.064717997258,5838.585882006929,5005.072430672442,1468.6331620396986,hurdle_cmp,3594.6330880522073,3594.6330880522073,3534.43155595756,shared binary core
Matched AI Lean root values,pair_bc3e9c75,2538,2327,0.08313632781717888,2.005586592178771,0.00641485788640996,0.005370822991054354,0.0004297378599054577,0.9935539321014182,0.006016330038676407,3,1.6011181533700818,0.4040387009487795,0.005,5267.11041700282,6471.799571600537,5269.110685313859,192.57956879521953,31.698643025161168,False,cmp,5074.530848207601,2.1807180267329613,6905.568156344617,6907.568156344617,1.838849487785658,0.0,True,0.3678474469364422,0.005,6722.690681307568,7927.379835905285,6724.690949618607,1648.159833099968,hurdle_cmp,5259.408323244649,5259.408323244649,5074.530848207601,all normalized constructors
Matched AI Lean root values,pair_bc3e9c75,2538,2327,0.08313632781717888,2.005586592178771,0.00641485788640996,0.005370822991054354,0.0004297378599054577,0.9935539321014182,0.006016330038676407,3,1.6011181533700818,0.4040387009487795,0.005,5267.11041700282,6471.799571600537,5269.110685313859,192.57956879521953,31.698643025161168,False,cmp,5074.530848207601,2.1807180267329613,6905.568156344617,6907.568156344617,1.838849487785658,0.0,True,0.3678474469364422,0.005,6722.690681307568,7927.379835905285,6724.690949618607,1648.159833099968,hurdle_cmp,5259.408323244649,5259.408323244649,5074.530848207601,shared binary core
Matched human Lean root values,pair_bd329034,58504,56084,0.041364693012443596,2.00071321589045,0.0007840288025886525,0.000659867944172431,3.566079452250196e-05,0.999215462520505,0.0007488766849725411,3,1.594581518085436,0.40609603701048763,0.005,126536.34904560228,155555.30341330753,126538.46006442938,737.4739493681118,43.0044156728434,False,cmp,125798.87509623417,2.243043917984348,156103.46728341962,156105.46728341962,1.9179543279092028,0.0,True,0.3872695596723001,0.005,146693.82250111466,175712.7768688199,146695.93351994175,20894.94740488049,hurdle_cmp,135210.51987853914,135210.51987853914,125798.87509623417,all normalized constructors
Matched human Lean root values,pair_bd329034,58504,56084,0.041364693012443596,2.00071321589045,0.0007840288025886525,0.000659867944172431,3.566079452250196e-05,0.999215462520505,0.0007488766849725411,3,1.594581518085436,0.40609603701048763,0.005,126536.34904560228,155555.30341330753,126538.46006442938,737.4739493681118,43.0044156728434,False,cmp,125798.87509623417,2.243043917984348,156103.46728341962,156105.46728341962,1.9179543279092028,0.0,True,0.3872695596723001,0.005,146693.82250111466,175712.7768688199,146695.93351994175,20894.94740488049,hurdle_cmp,135210.51987853914,135210.51987853914,125798.87509623417,shared binary core
Matched AI Lean root values,pair_bd329034,58504,56084,0.041364693012443596,2.00071321589045,0.0007840288025886525,0.000659867944172431,3.566079452250196e-05,0.999215462520505,0.0007488766849725411,3,1.594581518085436,0.40609603701048763,0.005,126536.34904560228,155555.30341330753,126538.46006442938,737.4739493681118,43.0044156728434,False,cmp,125798.87509623417,2.243043917984348,156103.46728341962,156105.46728341962,1.9179543279092028,0.0,True,0.3872695596723001,0.005,146693.82250111466,175712.7768688199,146695.93351994175,20894.94740488049,hurdle_cmp,135210.51987853914,135210.51987853914,125798.87509623417,all normalized constructors
Matched AI Lean root values,pair_bd329034,58504,56084,0.041364693012443596,2.00071321589045,0.0007840288025886525,0.000659867944172431,3.566079452250196e-05,0.999215462520505,0.0007488766849725411,3,1.594581518085436,0.40609603701048763,0.005,126536.34904560228,155555.30341330753,126538.46006442938,737.4739493681118,43.0044156728434,False,cmp,125798.87509623417,2.243043917984348,156103.46728341962,156105.46728341962,1.9179543279092028,0.0,True,0.3872695596723001,0.005,146693.82250111466,175712.7768688199,146695.93351994175,20894.94740488049,hurdle_cmp,135210.51987853914,135210.51987853914,125798.87509623417,shared binary core
Matched human Lean root values,pair_bde52c9a,10978,10815,0.014847877573328476,1.999907535829866,0.0002773839607794606,0.00023365923098386934,0.0001849283402681461,0.9997226074895977,9.246417013407305e-05,3,1.5935001455530182,0.4062224619365753,0.005,24392.635046503234,29986.160690427892,24394.798000840623,62.95871506188996,44.106327928917416,False,cmp,24329.676331441344,2.2496233316173226,28917.142905913293,28919.142905913293,1.970213153579887,0.0,True,0.3990982462270582,0.005,26090.629635981502,31684.15527990616,26092.79259031889,1760.95330454016,hurdle_cmp,27158.189601373135,27158.189601373135,24329.676331441344,all normalized constructors
Matched human Lean root values,pair_bde52c9a,10978,10815,0.014847877573328476,1.999907535829866,0.0002773839607794606,0.00023365923098386934,0.0001849283402681461,0.9997226074895977,9.246417013407305e-05,3,1.5935001455530182,0.4062224619365753,0.005,24392.635046503234,29986.160690427892,24394.798000840623,62.95871506188996,44.106327928917416,False,cmp,24329.676331441344,2.2496233316173226,28917.142905913293,28919.142905913293,1.970213153579887,0.0,True,0.3990982462270582,0.005,26090.629635981502,31684.15527990616,26092.79259031889,1760.95330454016,hurdle_cmp,27158.189601373135,27158.189601373135,24329.676331441344,shared binary core
Matched AI Lean root values,pair_bde52c9a,6095,5929,0.027235438884331418,2.0006746500252994,0.0010115198852924277,0.0008513682648522099,0.00016866250632484398,0.998988024962051,0.0008433125316242199,3,1.594529760169692,0.40597622734927863,0.005,13379.109509205748,16446.222362759065,13381.254696995182,104.1508772186935,38.87824216943825,False,cmp,13274.958631987054,2.238987794229559,16157.809549139583,16159.809549139583,1.9461853978671042,0.0,True,0.39336828869688406,0.005,14904.821249737794,17971.93410329111,14906.966437527226,1629.8626177507385,hurdle_cmp,14529.946931388844,14529.946931388844,13274.958631987054,all normalized constructors
Matched AI Lean root values,pair_bde52c9a,6095,5929,0.027235438884331418,2.0006746500252994,0.0010115198852924277,0.0008513682648522099,0.00016866250632484398,0.998988024962051,0.0008433125316242199,3,1.594529760169692,0.40597622734927863,0.005,13379.109509205748,16446.222362759065,13381.254696995182,104.1508772186935,38.87824216943825,False,cmp,13274.958631987054,2.238987794229559,16157.809549139583,16159.809549139583,1.9461853978671042,0.0,True,0.39336828869688406,0.005,14904.821249737794,17971.93410329111,14906.966437527226,1629.8626177507385,hurdle_cmp,14529.946931388844,14529.946931388844,13274.958631987054,shared binary core
Matched human Lean root values,pair_bf349feb,1284,1120,0.1277258566978193,1.9982142857142857,0.0017825255102040815,0.0015042839403975868,0.0017857142857142857,0.9982142857142857,0.0,2,1.5912268231794402,0.40520174824912725,0.005,2526.9425252283804,3104.524992875979,2528.9533245942553,33.30817357858177,377.55134615238416,False,cmp,2493.6343516497986,2.226459242544463,3541.0007326441264,3543.0007326441264,1.7429906542056075,0.0,True,0.3507296274094369,0.005,3510.022980448129,4087.6054480957278,3512.033779814004,1016.3886287983305,hurdle_cmp,2526.612103845796,2526.612103845796,2493.6343516497986,all normalized constructors
Matched human Lean root values,pair_bf349feb,1284,1120,0.1277258566978193,1.9982142857142857,0.0017825255102040815,0.0015042839403975868,0.0017857142857142857,0.9982142857142857,0.0,2,1.5912268231794402,0.40520174824912725,0.005,2526.9425252283804,3104.524992875979,2528.9533245942553,33.30817357858177,377.55134615238416,False,cmp,2493.6343516497986,2.226459242544463,3541.0007326441264,3543.0007326441264,1.7429906542056075,0.0,True,0.3507296274094369,0.005,3510.022980448129,4087.6054480957278,3512.033779814004,1016.3886287983305,hurdle_cmp,2526.612103845796,2526.612103845796,2493.6343516497986,shared binary core
Matched AI Lean root values,pair_bf349feb,3253,3066,0.05748539809406702,2.0009784735812133,0.0022821476122819174,0.001920192767146863,0.0006523157208088715,0.997716894977169,0.0016307893020221786,3,1.5949374986088452,0.4053886592515551,0.005,6921.940543535877,8506.914438477805,6923.942805964526,111.51084602420451,33.90951167469046,False,cmp,6810.429697511672,2.2212751785752354,8746.106121016754,8748.106121016754,1.8859514294497386,0.0,True,0.37965438509340554,0.005,8355.206548032336,9940.180442974266,8357.208810460987,1544.776850520665,hurdle_cmp,7203.329270496089,7203.329270496089,6810.429697511671,all normalized constructors
Matched AI Lean root values,pair_bf349feb,3253,3066,0.05748539809406702,2.0009784735812133,0.0022821476122819174,0.001920192767146863,0.0006523157208088715,0.997716894977169,0.0016307893020221786,3,1.5949374986088452,0.4053886592515551,0.005,6921.940543535877,8506.914438477805,6923.942805964526,111.51084602420451,33.90951167469046,False,cmp,6810.429697511672,2.2212751785752354,8746.106121016754,8748.106121016754,1.8859514294497386,0.0,True,0.37965438509340554,0.005,8355.206548032336,9940.180442974266,8357.208810460987,1544.776850520665,hurdle_cmp,7203.329270496089,7203.329270496089,6810.429697511671,shared binary core
Matched human Lean root values,pair_bf40e969,1808,1648,0.08849557522123894,1.9987864077669903,0.0024257116599113965,0.0020458101252369865,0.0018203883495145632,0.9975728155339806,0.0006067961165048543,3,1.5919950433284749,0.4049709760889967,0.005,3718.5142011680964,4568.452411199762,3720.52088879819,64.65715142240515,33.81583069384767,False,cmp,3653.8570497456913,2.21714626804957,4920.632984472921,4922.632984472921,1.8219026548672566,0.0,True,0.3661969229630327,0.005,4801.854578668946,5651.792788700611,4803.861266299039,1147.9975289232543,hurdle_cmp,3774.6354555496664,3774.6354555496664,3653.8570497456913,all normalized constructors
Matched human Lean root values,pair_bf40e969,1808,1648,0.08849557522123894,1.9987864077669903,0.0024257116599113965,0.0020458101252369865,0.0018203883495145632,0.9975728155339806,0.0006067961165048543,3,1.5919950433284749,0.4049709760889967,0.005,3718.5142011680964,4568.452411199762,3720.52088879819,64.65715142240515,33.81583069384767,False,cmp,3653.8570497456913,2.21714626804957,4920.632984472921,4922.632984472921,1.8219026548672566,0.0,True,0.3661969229630327,0.005,4801.854578668946,5651.792788700611,4803.861266299039,1147.9975289232543,hurdle_cmp,3774.6354555496664,3774.6354555496664,3653.8570497456913,shared binary core
Matched AI Lean root values,pair_bf40e969,5064,4778,0.056477093206951025,2.001465048137296,0.0027186573175050086,0.002286274381917085,0.0006278777731268313,0.9972791963164503,0.002092925910422771,3,1.5955904328271573,0.4052467375370078,0.005,10788.75450415278,13259.127851473968,10790.787663658803,197.58743519324344,33.38616025379294,False,cmp,10591.167068959536,2.216652798024181,13610.272765269541,13612.272765269541,1.8884281200631912,0.0,True,0.37997699551121816,0.005,12990.171412697146,15460.544760018332,12992.204572203169,2399.004343737609,hurdle_cmp,11213.268421531931,11213.268421531931,10591.167068959538,all normalized constructors
Matched AI Lean root values,pair_bf40e969,5064,4778,0.056477093206951025,2.001465048137296,0.0027186573175050086,0.002286274381917085,0.0006278777731268313,0.9972791963164503,0.002092925910422771,3,1.5955904328271573,0.4052467375370078,0.005,10788.75450415278,13259.127851473968,10790.787663658803,197.58743519324344,33.38616025379294,False,cmp,10591.167068959536,2.216652798024181,13610.272765269541,13612.272765269541,1.8884281200631912,0.0,True,0.37997699551121816,0.005,12990.171412697146,15460.544760018332,12992.204572203169,2399.004343737609,hurdle_cmp,11213.268421531931,11213.268421531931,10591.167068959538,shared binary core
Matched human Lean root values,pair_bf419b23,99,79,0.20202020202020202,2.0,0.02531645569620253,0.021323636347422053,0.012658227848101266,0.9746835443037974,0.012658227848101266,3,1.5936242600400345,0.39371751211186007,0.005,180.97385198068125,221.0345090569427,182.9739091042677,25.426780365424293,21.42651805891924,False,cmp,155.54707161525695,1.9689502736108475,280.60602695069656,282.60602695069656,1.595959595959596,0.0,True,0.3141159121652425,0.005,282.60553067538103,322.6661877516425,284.60558779896746,127.05845906012405,hurdle_cmp,155.5475678905725,155.5475678905725,155.54707161525698,all normalized constructors
Matched human Lean root values,pair_bf419b23,99,79,0.20202020202020202,2.0,0.02531645569620253,0.021323636347422053,0.012658227848101266,0.9746835443037974,0.012658227848101266,3,1.5936242600400345,0.39371751211186007,0.005,180.97385198068125,221.0345090569427,182.9739091042677,25.426780365424293,21.42651805891924,False,cmp,155.54707161525695,1.9689502736108475,280.60602695069656,282.60602695069656,1.595959595959596,0.0,True,0.3141159121652425,0.005,282.60553067538103,322.6661877516425,284.60558779896746,127.05845906012405,hurdle_cmp,155.5475678905725,155.5475678905725,155.54707161525698,shared binary core
Matched AI Lean root values,pair_bf419b23,96,75,0.21875,1.9866666666666666,0.013155555555555561,0.011242037173166035,0.013333333333333334,0.9866666666666667,0.0,2,1.575699048908404,0.3976342844249257,0.005,170.6764570685929,208.55114834708314,172.67738595543426,14.621583236243168,399.0193831916254,False,cmp,156.05487383234973,2.0807316510979965,271.5855446085403,273.5381504155871,1.575699048908404,0.014987453087208369,False,0.3106517847069733,0.005,273.5381504155871,311.4128416940774,275.5390793024285,117.4832765832374,hurdle_cmp,156.0548738323497,156.0548738323497,156.0548738323497,all normalized constructors
Matched AI Lean root values,pair_bf419b23,96,75,0.21875,1.9866666666666666,0.013155555555555561,0.011242037173166035,0.013333333333333334,0.9866666666666667,0.0,2,1.575699048908404,0.3976342844249257,0.005,170.6764570685929,208.55114834708314,172.67738595543426,14.621583236243168,399.0193831916254,False,cmp,156.05487383234973,2.0807316510979965,271.5855446085403,273.5381504155871,1.575699048908404,0.014987453087208369,False,0.3106517847069733,0.005,273.5381504155871,311.4128416940774,275.5390793024285,117.4832765832374,hurdle_cmp,156.0548738323497,156.0548738323497,156.0548738323497,shared binary core
Matched human Lean root values,pair_bf476baa,10507,10298,0.019891500904159132,2.0,0.0003884249368809478,0.000327163968041628,0.0001942124684404739,0.999611575063119,0.0001942124684404739,3,1.5936242600400345,0.40618152749152087,0.005,23227.948041830656,28554.118661625267,23229.9493105856,80.37090851704124,42.155142830508176,False,cmp,23147.577133313614,2.2477740467385527,27747.192197025906,27749.192197025906,1.9602169981916817,0.0,True,0.396799169510584,0.005,25281.26229614033,30607.43291593494,25283.263564895275,2133.6851628267127,hurdle_cmp,25615.507034199192,25615.507034199192,23147.577133313614,all normalized constructors
Matched human Lean root values,pair_bf476baa,10507,10298,0.019891500904159132,2.0,0.0003884249368809478,0.000327163968041628,0.0001942124684404739,0.999611575063119,0.0001942124684404739,3,1.5936242600400345,0.40618152749152087,0.005,23227.948041830656,28554.118661625267,23229.9493105856,80.37090851704124,42.155142830508176,False,cmp,23147.577133313614,2.2477740467385527,27747.192197025906,27749.192197025906,1.9602169981916817,0.0,True,0.396799169510584,0.005,25281.26229614033,30607.43291593494,25283.263564895275,2133.6851628267127,hurdle_cmp,25615.507034199192,25615.507034199192,23147.577133313614,shared binary core
Matched AI Lean root values,pair_bf476baa,10848,10636,0.019542772861356934,2.000094020308387,0.0004700927021146685,0.00039591131514963364,0.000188040616773223,0.999529898458067,0.00028206092515983453,3,1.5937504605713122,0.4061555191202975,0.005,23991.47984348558,29492.63989709549,23993.528857824953,97.35338421026245,41.31379472118283,False,cmp,23894.126459275318,2.246533138329759,28643.504743861486,28645.504743861486,1.9610066371681416,0.0,True,0.3969359408856905,0.005,26081.81300762993,31582.97306123984,26083.862021969304,2187.6865483546144,hurdle_cmp,26457.818195506872,26457.818195506872,23894.126459275318,all normalized constructors
Matched AI Lean root values,pair_bf476baa,10848,10636,0.019542772861356934,2.000094020308387,0.0004700927021146685,0.00039591131514963364,0.000188040616773223,0.999529898458067,0.00028206092515983453,3,1.5937504605713122,0.4061555191202975,0.005,23991.47984348558,29492.63989709549,23993.528857824953,97.35338421026245,41.31379472118283,False,cmp,23894.126459275318,2.246533138329759,28643.504743861486,28645.504743861486,1.9610066371681416,0.0,True,0.3969359408856905,0.005,26081.81300762993,31582.97306123984,26083.862021969304,2187.6865483546144,hurdle_cmp,26457.818195506872,26457.818195506872,23894.126459275318,shared binary core
Matched human Lean root values,pair_bfdd51b8,2619,2368,0.0958381061473845,2.0,0.0016891891891891893,0.001422776411694546,0.0008445945945945946,0.9983108108108109,0.0008445945945945946,3,1.5936242600400345,0.4055311453653668,0.005,5343.999059650823,6567.490094263801,5346.030129042905,68.60647010724642,34.898027126314176,False,cmp,5275.392589543577,2.227784032746443,7147.150962328673,7149.150962328673,1.808323787705231,0.0,True,0.363763071749364,0.005,7000.3737766636095,8223.864811276588,7002.404846055691,1724.981187120033,hurdle_cmp,5424.16977520864,5424.16977520864,5275.392589543577,all normalized constructors
Matched human Lean root values,pair_bfdd51b8,2619,2368,0.0958381061473845,2.0,0.0016891891891891893,0.001422776411694546,0.0008445945945945946,0.9983108108108109,0.0008445945945945946,3,1.5936242600400345,0.4055311453653668,0.005,5343.999059650823,6567.490094263801,5346.030129042905,68.60647010724642,34.898027126314176,False,cmp,5275.392589543577,2.227784032746443,7147.150962328673,7149.150962328673,1.808323787705231,0.0,True,0.363763071749364,0.005,7000.3737766636095,8223.864811276588,7002.404846055691,1724.981187120033,hurdle_cmp,5424.16977520864,5424.16977520864,5275.392589543577,shared binary core
Matched AI Lean root values,pair_bfdd51b8,6903,6605,0.043169636389975376,2.001665404996215,0.002268233239219021,0.0019070762764815746,0.0003028009084027252,0.9977289931869796,0.001968205904617714,3,1.5958592700117191,0.4055033340760886,0.005,14913.297067158492,18330.188596258522,14915.391235631483,228.3721055679489,35.338204052381634,False,cmp,14684.924961590543,2.2233043090977356,18442.921975343335,18444.921975343335,1.9152542372881356,0.0,True,0.38597034535859787,0.005,17371.24355758707,20788.1350866871,17373.33772606006,2686.318595996528,hurdle_cmp,15758.603379346807,15758.603379346807,14684.924961590541,all normalized constructors
Matched AI Lean root values,pair_bfdd51b8,6903,6605,0.043169636389975376,2.001665404996215,0.002268233239219021,0.0019070762764815746,0.0003028009084027252,0.9977289931869796,0.001968205904617714,3,1.5958592700117191,0.4055033340760886,0.005,14913.297067158492,18330.188596258522,14915.391235631483,228.3721055679489,35.338204052381634,False,cmp,14684.924961590543,2.2233043090977356,18442.921975343335,18444.921975343335,1.9152542372881356,0.0,True,0.38597034535859787,0.005,17371.24355758707,20788.1350866871,17373.33772606006,2686.318595996528,hurdle_cmp,15758.603379346807,15758.603379346807,14684.924961590541,shared binary core
Matched human Lean root values,pair_c021c917,126,95,0.24603174603174602,2.0,0.0,0.0,0.0,1.0,0.0,2,1.5936242600400345,0.40637573995996135,0.005,216.2465514889135,265.3959286127792,218.24698719334248,4.0,438.80849339460224,False,cmp,212.2465514889135,2.2341742261990896,357.61594152696654,358.8457759585041,1.5936242600400345,0.05376910621414427,False,0.3063944071126692,0.005,358.8457759585041,407.9951530823698,360.8462116629331,146.5992244695906,hurdle_cmp,212.24655148891347,212.24655148891347,212.24655148891347,all normalized constructors
Matched human Lean root values,pair_c021c917,126,95,0.24603174603174602,2.0,0.0,0.0,0.0,1.0,0.0,2,1.5936242600400345,0.40637573995996135,0.005,216.2465514889135,265.3959286127792,218.24698719334248,4.0,438.80849339460224,False,cmp,212.2465514889135,2.2341742261990896,357.61594152696654,358.8457759585041,1.5936242600400345,0.05376910621414427,False,0.3063944071126692,0.005,358.8457759585041,407.9951530823698,360.8462116629331,146.5992244695906,hurdle_cmp,212.24655148891347,212.24655148891347,212.24655148891347,shared binary core
Matched AI Lean root values,pair_c021c917,106,79,0.25471698113207547,2.0,0.0,0.0,0.0,1.0,0.0,2,1.5936242600400345,0.40637573995996135,0.005,180.1629217644649,221.0345090569427,182.16293539600318,3.999999999985448,438.7550767992213,False,cmp,176.16292176447945,2.229910402082018,301.3839778313631,302.46405826219996,1.5936242600400345,0.06466908473243219,False,0.3028649382720466,0.005,302.46405826219996,343.33564555467774,304.46407189373826,126.3011364977205,hurdle_cmp,176.16292176447945,176.16292176447945,176.16292176447945,all normalized constructors
Matched AI Lean root values,pair_c021c917,106,79,0.25471698113207547,2.0,0.0,0.0,0.0,1.0,0.0,2,1.5936242600400345,0.40637573995996135,0.005,180.1629217644649,221.0345090569427,182.16293539600318,3.999999999985448,438.7550767992213,False,cmp,176.16292176447945,2.229910402082018,301.3839778313631,302.46405826219996,1.5936242600400345,0.06466908473243219,False,0.3028649382720466,0.005,302.46405826219996,343.33564555467774,304.46407189373826,126.3011364977205,hurdle_cmp,176.16292176447945,176.16292176447945,176.16292176447945,shared binary core
Matched human Lean root values,pair_c0d3928e,945,799,0.1544973544973545,2.002503128911139,0.004999992167932068,0.004200092273889617,0.0012515644555694619,0.9949937421777222,0.0037546933667083854,3,1.5969831845954312,0.4042683798601343,0.005,1807.2633825047099,2220.068477791174,1809.2697411377194,58.8551590843781,30.23211550427143,False,cmp,1748.4082234203318,2.1882455862582373,2629.817835556466,2631.817835556466,1.693121693121693,0.0,True,0.3398291221060741,0.005,2622.7789705945424,3035.5840658810066,2624.785329227552,874.3707471742107,hurdle_cmp,1757.4470883822553,1757.4470883822553,1748.4082234203318,all normalized constructors
Matched human Lean root values,pair_c0d3928e,945,799,0.1544973544973545,2.002503128911139,0.004999992167932068,0.004200092273889617,0.0012515644555694619,0.9949937421777222,0.0037546933667083854,3,1.5969831845954312,0.4042683798601343,0.005,1807.2633825047099,2220.068477791174,1809.2697411377194,58.8551590843781,30.23211550427143,False,cmp,1748.4082234203318,2.1882455862582373,2629.817835556466,2631.817835556466,1.693121693121693,0.0,True,0.3398291221060741,0.005,2622.7789705945424,3035.5840658810066,2624.785329227552,874.3707471742107,hurdle_cmp,1757.4470883822553,1757.4470883822553,1748.4082234203318,shared binary core
Matched AI Lean root values,pair_c0d3928e,1993,1785,0.10436527847466132,2.008403361344538,0.009453193041922651,0.00789086780095834,0.0005602240896358543,0.9904761904761905,0.008963585434173669,3,1.6048928838161538,0.4029502534387443,0.005,4047.2630636335016,4971.802522925406,4049.263330754832,203.67869631989743,30.04610030085479,False,cmp,3843.584367313604,2.153268553116865,5470.672740149224,5472.672740149224,1.7987957852483694,0.0,True,0.35832824791911344,0.005,5382.858866502904,6307.3983257948075,5384.859133624233,1539.2744991892991,hurdle_cmp,3933.3982409599253,3933.3982409599253,3843.5843673136046,all normalized constructors
Matched AI Lean root values,pair_c0d3928e,1993,1785,0.10436527847466132,2.008403361344538,0.009453193041922651,0.00789086780095834,0.0005602240896358543,0.9904761904761905,0.008963585434173669,3,1.6048928838161538,0.4029502534387443,0.005,4047.2630636335016,4971.802522925406,4049.263330754832,203.67869631989743,30.04610030085479,False,cmp,3843.584367313604,2.153268553116865,5470.672740149224,5472.672740149224,1.7987957852483694,0.0,True,0.35832824791911344,0.005,5382.858866502904,6307.3983257948075,5384.859133624233,1539.2744991892991,hurdle_cmp,3933.3982409599253,3933.3982409599253,3843.5843673136046,shared binary core
Matched human Lean root values,pair_c287c8cc,11828,11604,0.018938112952316538,2.000344708721131,0.0006892986181588655,0.0005803695617012193,0.0001723543605653223,0.9993105825577387,0.000517063081695967,3,1.5940869382316802,0.40608541612888116,0.005,26178.3339685225,32180.66402101626,26181.024995793694,145.46646342845634,40.03275469204821,False,cmp,26032.867505094044,2.2434391162611207,31223.91973706359,31225.91973706359,1.9624619546838011,0.0,True,0.3971544298887553,0.005,28401.09211081381,34403.422163307565,28403.783138085004,2368.2246057197663,hurdle_cmp,28857.695131343822,28857.695131343822,26032.867505094044,all normalized constructors
Matched human Lean root values,pair_c287c8cc,11828,11604,0.018938112952316538,2.000344708721131,0.0006892986181588655,0.0005803695617012193,0.0001723543605653223,0.9993105825577387,0.000517063081695967,3,1.5940869382316802,0.40608541612888116,0.005,26178.3339685225,32180.66402101626,26181.024995793694,145.46646342845634,40.03275469204821,False,cmp,26032.867505094044,2.2434391162611207,31223.91973706359,31225.91973706359,1.9624619546838011,0.0,True,0.3971544298887553,0.005,28401.09211081381,34403.422163307565,28403.783138085004,2368.2246057197663,hurdle_cmp,28857.695131343822,28857.695131343822,26032.867505094044,shared binary core
Matched AI Lean root values,pair_c287c8cc,12571,12289,0.02243258292896349,2.00040686793067,0.0007321967336924608,0.0006164472996964439,0.00016274717226788185,0.9992676377247945,0.0005696151029375865,3,1.5941703661762403,0.4060737545821577,0.005,27724.429017001035,34081.27326244732,27726.430767407204,161.4743533844594,39.93541309167912,False,cmp,27562.954663616576,2.242896465425712,33242.9833129164,33244.9833129164,1.9555325749741468,0.0,True,0.39558397386385047,0.005,30425.69898908579,36782.54323453207,30427.70073949196,2862.7443254692153,hurdle_cmp,30382.23898744719,30382.23898744719,27562.954663616576,all normalized constructors
Matched AI Lean root values,pair_c287c8cc,12571,12289,0.02243258292896349,2.00040686793067,0.0007321967336924608,0.0006164472996964439,0.00016274717226788185,0.9992676377247945,0.0005696151029375865,3,1.5941703661762403,0.4060737545821577,0.005,27724.429017001035,34081.27326244732,27726.430767407204,161.4743533844594,39.93541309167912,False,cmp,27562.954663616576,2.242896465425712,33242.9833129164,33244.9833129164,1.9555325749741468,0.0,True,0.39558397386385047,0.005,30425.69898908579,36782.54323453207,30427.70073949196,2862.7443254692153,hurdle_cmp,30382.23898744719,30382.23898744719,27562.954663616576,shared binary core
Matched human Lean root values,pair_c3b332ce,376,331,0.1196808510638298,1.9939577039274925,0.006005786730679714,0.0050916936505313315,0.006042296072507553,0.9939577039274925,0.0,2,1.5855080305835747,0.4024073772714063,0.005,747.5613437309123,916.9482177237917,749.6015369516119,28.423775773815578,399.0770847405268,False,cmp,719.1375679570967,2.1726210512298993,1035.391931856083,1037.391931856083,1.7553191489361701,0.0,True,0.35126261271223425,0.005,1025.0103909811685,1194.3972649740479,1027.050584201868,305.8728230240718,hurdle_cmp,731.5191088320112,731.5191088320112,719.1375679570967,all normalized constructors
Matched human Lean root values,pair_c3b332ce,376,331,0.1196808510638298,1.9939577039274925,0.006005786730679714,0.0050916936505313315,0.006042296072507553,0.9939577039274925,0.0,2,1.5855080305835747,0.4024073772714063,0.005,747.5613437309123,916.9482177237917,749.6015369516119,28.423775773815578,399.0770847405268,False,cmp,719.1375679570967,2.1726210512298993,1035.391931856083,1037.391931856083,1.7553191489361701,0.0,True,0.35126261271223425,0.005,1025.0103909811685,1194.3972649740479,1027.050584201868,305.8728230240718,hurdle_cmp,731.5191088320112,731.5191088320112,719.1375679570967,shared binary core
Matched AI Lean root values,pair_c3b332ce,247,213,0.13765182186234817,2.0,0.0,0.0,0.0,1.0,0.0,2,1.5936242600400345,0.40637573995996135,0.005,482.363320706722,592.5613978370734,484.36344941283403,4.0,438.79153181404365,False,cmp,478.363320706722,2.245837186416535,684.8972387040697,686.8972387040697,1.7246963562753037,0.0,True,0.34796307462119314,0.005,682.2981807348286,792.49625786518,684.2983094409407,203.93486002810664,hurdle_cmp,482.962378675963,482.962378675963,478.363320706722,all normalized constructors
Matched AI Lean root values,pair_c3b332ce,247,213,0.13765182186234817,2.0,0.0,0.0,0.0,1.0,0.0,2,1.5936242600400345,0.40637573995996135,0.005,482.363320706722,592.5613978370734,484.36344941283403,4.0,438.79153181404365,False,cmp,478.363320706722,2.245837186416535,684.8972387040697,686.8972387040697,1.7246963562753037,0.0,True,0.34796307462119314,0.005,682.2981807348286,792.49625786518,684.2983094409407,203.93486002810664,hurdle_cmp,482.962378675963,482.962378675963,478.363320706722,shared binary core
Matched human Lean root values,pair_c4fe0db7,8251,8004,0.02993576536177433,2.0006246876561717,0.0011240475464416718,0.0009461305361984363,0.0002498750624687656,0.9988755622188905,0.0008745627186406797,3,1.5944627067044868,0.40591210588921217,0.005,18060.781014431646,22200.73004338128,18062.786294838512,153.7530862094136,37.81849996470518,False,cmp,17907.027928222233,2.2372598610972303,21901.14073007477,21903.14073007477,1.9407344564295237,0.0,True,0.3921067326349888,0.005,20282.610438403684,24422.55946735332,20284.61571881055,2375.582510181451,hurdle_cmp,19527.55821989332,19527.55821989332,17907.027928222233,all normalized constructors
Matched human Lean root values,pair_c4fe0db7,8251,8004,0.02993576536177433,2.0006246876561717,0.0011240475464416718,0.0009461305361984363,0.0002498750624687656,0.9988755622188905,0.0008745627186406797,3,1.5944627067044868,0.40591210588921217,0.005,18060.781014431646,22200.73004338128,18062.786294838512,153.7530862094136,37.81849996470518,False,cmp,17907.027928222233,2.2372598610972303,21901.14073007477,21903.14073007477,1.9407344564295237,0.0,True,0.3921067326349888,0.005,20282.610438403684,24422.55946735332,20284.61571881055,2375.582510181451,hurdle_cmp,19527.55821989332,19527.55821989332,17907.027928222233,shared binary core
Matched AI Lean root values,pair_c4fe0db7,30542,30261,0.009200445288455242,2.0003304583457253,0.00046253248129747034,0.0003894449856084488,6.609166914510426e-05,0.9995373583159842,0.0003965500148706256,3,1.5940678116987395,0.4061965549778364,0.005,68261.69104973742,83917.16861529044,68264.43122759978,258.47639471758157,43.052075965077634,False,cmp,68003.21465501984,2.247222981891538,80224.07412812742,80226.07412812742,1.9819265274048852,0.0,True,0.4016539809474211,0.005,71458.03666731161,87113.51423286463,71460.77684517397,3454.8220122917737,hurdle_cmp,76771.25211583565,76771.25211583565,68003.21465501984,all normalized constructors
Matched AI Lean root values,pair_c4fe0db7,30542,30261,0.009200445288455242,2.0003304583457253,0.00046253248129747034,0.0003894449856084488,6.609166914510426e-05,0.9995373583159842,0.0003965500148706256,3,1.5940678116987395,0.4061965549778364,0.005,68261.69104973742,83917.16861529044,68264.43122759978,258.47639471758157,43.052075965077634,False,cmp,68003.21465501984,2.247222981891538,80224.07412812742,80226.07412812742,1.9819265274048852,0.0,True,0.4016539809474211,0.005,71458.03666731161,87113.51423286463,71460.77684517397,3454.8220122917737,hurdle_cmp,76771.25211583565,76771.25211583565,68003.21465501984,shared binary core
Matched human Lean root values,pair_c5fb8da2,385,308,0.2,1.9935064935064934,0.006451340866925283,0.005472108398799543,0.006493506493506494,0.9935064935064936,0.0,2,1.5849014856065056,0.40211150140647733,0.005,695.690362471236,853.178223058112,697.6917717418436,28.134795194637263,398.52362793915097,False,cmp,667.5555672765987,2.167388205443502,1081.0351172433946,1083.0351172433946,1.594805194805195,0.0,True,0.3214158751385005,0.005,1083.0002285956407,1240.4880891825167,1085.001637866248,415.44466131904187,hurdle_cmp,667.5904559243527,667.5904559243527,667.5555672765988,all normalized constructors
Matched human Lean root values,pair_c5fb8da2,385,308,0.2,1.9935064935064934,0.006451340866925283,0.005472108398799543,0.006493506493506494,0.9935064935064936,0.0,2,1.5849014856065056,0.40211150140647733,0.005,695.690362471236,853.178223058112,697.6917717418436,28.134795194637263,398.52362793915097,False,cmp,667.5555672765987,2.167388205443502,1081.0351172433946,1083.0351172433946,1.594805194805195,0.0,True,0.3214158751385005,0.005,1083.0002285956407,1240.4880891825167,1085.001637866248,415.44466131904187,hurdle_cmp,667.5904559243527,667.5904559243527,667.5555672765988,shared binary core
Matched AI Lean root values,pair_c5fb8da2,536,447,0.166044776119403,2.0022371364653244,0.011180677547057444,0.009394673560435201,0.0044742729306487695,0.9888143176733781,0.006711409395973154,3,1.596626345311474,0.4011365182231978,0.005,1012.9715859818135,1242.7323358836338,1015.0178630380592,65.60521096161756,25.62705792884527,False,cmp,947.366375020196,2.1193878635798566,1497.7783570351046,1499.7783570351046,1.669776119402985,0.0,True,0.33291393093850485,0.005,1496.8987492528618,1726.6594991546822,1498.9450263091076,549.5323742326659,hurdle_cmp,950.2459828024387,950.2459828024387,947.3663750201958,all normalized constructors
Matched AI Lean root values,pair_c5fb8da2,536,447,0.166044776119403,2.0022371364653244,0.011180677547057444,0.009394673560435201,0.0044742729306487695,0.9888143176733781,0.006711409395973154,3,1.596626345311474,0.4011365182231978,0.005,1012.9715859818135,1242.7323358836338,1015.0178630380592,65.60521096161756,25.62705792884527,False,cmp,947.366375020196,2.1193878635798566,1497.7783570351046,1499.7783570351046,1.669776119402985,0.0,True,0.33291393093850485,0.005,1496.8987492528618,1726.6594991546822,1498.9450263091076,549.5323742326659,hurdle_cmp,950.2459828024387,950.2459828024387,947.3663750201958,shared binary core
Matched human Lean root values,pair_c7a11f6b,139089,130923,0.0587106097534672,2.0,0.0,0.0,0.0,1.0,0.0,2,1.5936242600400345,0.40637573995996135,0.005,295263.06590087386,362997.63328179886,295265.52048320073,3.9999999701976776,438.81894496611994,False,cmp,295259.06590090366,2.255211581623578,373881.9855094383,373883.9855094383,1.8825787804930656,0.0,True,0.3800095681545939,0.005,357411.3889070154,425145.9562879404,357413.84348934225,62152.323006111736,hurdle_cmp,311731.6625033266,311731.6625033266,295259.06590090366,all normalized constructors
Matched human Lean root values,pair_c7a11f6b,139089,130923,0.0587106097534672,2.0,0.0,0.0,0.0,1.0,0.0,2,1.5936242600400345,0.40637573995996135,0.005,295263.06590087386,362997.63328179886,295265.52048320073,3.9999999701976776,438.81894496611994,False,cmp,295259.06590090366,2.255211581623578,373881.9855094383,373883.9855094383,1.8825787804930656,0.0,True,0.3800095681545939,0.005,357411.3889070154,425145.9562879404,357413.84348934225,62152.323006111736,hurdle_cmp,311731.6625033266,311731.6625033266,295259.06590090366,shared binary core
Matched AI Lean root values,pair_c7a11f6b,2065,1912,0.07409200968523003,2.0,0.0,0.0,0.0,1.0,0.0,2,1.5936242600400345,0.40637573995996135,0.005,4313.993752071607,5303.189636922461,4316.024643721853,3.9999999997671694,438.82649434298236,False,cmp,4309.9937520718395,2.254180832673556,5588.151370861168,5590.151370861168,1.85181598062954,0.0,True,0.37350588635991966,0.005,5406.715807437632,6395.911692288487,5408.746699087878,1096.7220553657924,hurdle_cmp,4493.429315495376,4493.429315495376,4309.9937520718395,all normalized constructors
Matched AI Lean root values,pair_c7a11f6b,2065,1912,0.07409200968523003,2.0,0.0,0.0,0.0,1.0,0.0,2,1.5936242600400345,0.40637573995996135,0.005,4313.993752071607,5303.189636922461,4316.024643721853,3.9999999997671694,438.82649434298236,False,cmp,4309.9937520718395,2.254180832673556,5588.151370861168,5590.151370861168,1.85181598062954,0.0,True,0.37350588635991966,0.005,5406.715807437632,6395.911692288487,5408.746699087878,1096.7220553657924,hurdle_cmp,4493.429315495376,4493.429315495376,4309.9937520718395,shared binary core
Matched human Lean root values,pair_c84a0169,173,137,0.20809248554913296,2.0291970802919708,0.04294315094038042,0.035067351744389186,0.0072992700729927005,0.9562043795620438,0.0364963503649635,3,1.6326823988441754,0.38921541137479815,0.005,316.7404676022922,387.33227644844453,318.74048452933374,58.67987867497686,20.079944712560422,False,cmp,258.06058892731534,1.8836539337760243,493.7949433277571,495.69122205277756,1.6326823988441754,0.0157691310186441,False,0.30822260900778814,0.005,495.69122205277756,566.2830308989298,497.6912389798191,237.63063312546223,hurdle_cmp,258.06058892731534,258.06058892731534,258.06058892731534,all normalized constructors
Matched human Lean root values,pair_c84a0169,173,137,0.20809248554913296,2.0291970802919708,0.04294315094038042,0.035067351744389186,0.0072992700729927005,0.9562043795620438,0.0364963503649635,3,1.6326823988441754,0.38921541137479815,0.005,316.7404676022922,387.33227644844453,318.74048452933374,58.67987867497686,20.079944712560422,False,cmp,258.06058892731534,1.8836539337760243,493.7949433277571,495.69122205277756,1.6326823988441754,0.0157691310186441,False,0.30822260900778814,0.005,495.69122205277756,566.2830308989298,497.6912389798191,237.63063312546223,hurdle_cmp,258.06058892731534,258.06058892731534,258.06058892731534,shared binary core
Matched AI Lean root values,pair_c84a0169,204,166,0.18627450980392157,2.0240963855421685,0.035563942517056184,0.029197108070864307,0.006024096385542169,0.963855421686747,0.030120481927710843,3,1.6258779415049394,0.39219434765168226,0.005,382.158909539526,467.74728516381185,384.1593471410864,61.03067506235857,21.065624218439485,False,cmp,321.12823447716744,1.9345074366094424,578.4026288395032,580.4026288395032,1.6470588235294117,0.0,True,0.31868833381310624,0.005,580.3153731543887,665.9037487786745,582.3158107559491,259.1871386772212,hurdle_cmp,321.21549016228204,321.21549016228204,321.1282344771675,all normalized constructors
Matched AI Lean root values,pair_c84a0169,204,166,0.18627450980392157,2.0240963855421685,0.035563942517056184,0.029197108070864307,0.006024096385542169,0.963855421686747,0.030120481927710843,3,1.6258779415049394,0.39219434765168226,0.005,382.158909539526,467.74728516381185,384.1593471410864,61.03067506235857,21.065624218439485,False,cmp,321.12823447716744,1.9345074366094424,578.4026288395032,580.4026288395032,1.6470588235294117,0.0,True,0.31868833381310624,0.005,580.3153731543887,665.9037487786745,582.3158107559491,259.1871386772212,hurdle_cmp,321.21549016228204,321.21549016228204,321.1282344771675,shared binary core
Matched human Lean root values,pair_c8cf6c63,2346,2127,0.09335038363171355,2.0023507287259052,0.00422578578108626,0.003550324613671648,0.0009402914903620122,0.995768688293371,0.003291020216267043,3,1.5967787364932677,0.4046317007422716,0.005,4806.805509940998,5906.2218140857485,4809.114482228453,129.87095997383585,31.266297658931514,False,cmp,4676.934549967162,2.1988408791571046,6401.779835855107,6403.779835855107,1.8154305200341005,0.0,True,0.36405858532498236,0.005,6264.365307488932,7363.781611633682,6266.674279776387,1587.4307575217695,hurdle_cmp,4816.349078333338,4816.349078333338,4676.934549967162,all normalized constructors
Matched human Lean root values,pair_c8cf6c63,2346,2127,0.09335038363171355,2.0023507287259052,0.00422578578108626,0.003550324613671648,0.0009402914903620122,0.995768688293371,0.003291020216267043,3,1.5967787364932677,0.4046317007422716,0.005,4806.805509940998,5906.2218140857485,4809.114482228453,129.87095997383585,31.266297658931514,False,cmp,4676.934549967162,2.1988408791571046,6401.779835855107,6403.779835855107,1.8154305200341005,0.0,True,0.36405858532498236,0.005,6264.365307488932,7363.781611633682,6266.674279776387,1587.4307575217695,hurdle_cmp,4816.349078333338,4816.349078333338,4676.934549967162,shared binary core
Matched AI Lean root values,pair_c8cf6c63,271,211,0.22140221402214022,1.995260663507109,0.004716875182498147,0.00399332005729297,0.004739336492890996,0.995260663507109,0.0,2,1.587259187757511,0.403262139256703,0.005,477.39459562043135,585.6275507323282,479.39467409485155,16.698969425546238,398.87363499674353,False,cmp,460.6956261948851,2.1833915933406876,764.20901705532,765.9375167436771,1.587259187757511,0.021265369236797987,False,0.3139790087939643,0.005,765.9375167436771,874.170471855574,767.9375952180973,305.24189054879196,hurdle_cmp,460.6956261948851,460.6956261948851,460.6956261948851,all normalized constructors
Matched AI Lean root values,pair_c8cf6c63,271,211,0.22140221402214022,1.995260663507109,0.004716875182498147,0.00399332005729297,0.004739336492890996,0.995260663507109,0.0,2,1.587259187757511,0.403262139256703,0.005,477.39459562043135,585.6275507323282,479.39467409485155,16.698969425546238,398.87363499674353,False,cmp,460.6956261948851,2.1833915933406876,764.20901705532,765.9375167436771,1.587259187757511,0.021265369236797987,False,0.3139790087939643,0.005,765.9375167436771,874.170471855574,767.9375952180973,305.24189054879196,hurdle_cmp,460.6956261948851,460.6956261948851,460.6956261948851,shared binary core
Matched human Lean root values,pair_c9acf82e,9543,9243,0.03143665513989312,2.0001081899816078,0.0005409382029663953,0.0004555703325628827,0.00021637996321540625,0.9994590500919615,0.0003245699448231094,3,1.5937694798412372,0.4061223301771511,0.005,20849.94881866675,25630.423799931352,20852.42551160305,95.94925020856317,40.62100497335531,False,cmp,20753.999568458188,2.24537483159777,25343.91502714314,25345.91502714314,1.9372314785706801,0.0,True,0.3916157212369009,0.005,23518.285835940056,28298.76081720466,23520.76252887636,2764.28626748187,hurdle_cmp,22581.628759661267,22581.628759661267,20753.999568458188,all normalized constructors
Matched human Lean root values,pair_c9acf82e,9543,9243,0.03143665513989312,2.0001081899816078,0.0005409382029663953,0.0004555703325628827,0.00021637996321540625,0.9994590500919615,0.0003245699448231094,3,1.5937694798412372,0.4061223301771511,0.005,20849.94881866675,25630.423799931352,20852.42551160305,95.94925020856317,40.62100497335531,False,cmp,20753.999568458188,2.24537483159777,25343.91502714314,25345.91502714314,1.9372314785706801,0.0,True,0.3916157212369009,0.005,23518.285835940056,28298.76081720466,23520.76252887636,2764.28626748187,hurdle_cmp,22581.628759661267,22581.628759661267,20753.999568458188,shared binary core
Matched AI Lean root values,pair_c9acf82e,12154,11845,0.025423728813559324,2.0014352047277333,0.001770840145177588,0.0014892485050485512,0.00016884761502743774,0.9982271000422119,0.0016040523427606585,3,1.5955503881072468,0.40571596900545515,0.005,26738.27190050456,32866.86822857594,26741.359852943195,325.24724538996816,37.28593233646154,False,cmp,26413.02465511459,2.229888109338505,32197.767620519728,32199.767620519728,1.9505512588448248,0.0,True,0.3939673098358096,0.005,29619.68923669365,35748.285564765036,29622.77718913229,3206.6645815790616,hurdle_cmp,28993.103038940666,28993.103038940666,26413.02465511459,all normalized constructors
Matched AI Lean root values,pair_c9acf82e,12154,11845,0.025423728813559324,2.0014352047277333,0.001770840145177588,0.0014892485050485512,0.00016884761502743774,0.9982271000422119,0.0016040523427606585,3,1.5955503881072468,0.40571596900545515,0.005,26738.27190050456,32866.86822857594,26741.359852943195,325.24724538996816,37.28593233646154,False,cmp,26413.02465511459,2.229888109338505,32197.767620519728,32199.767620519728,1.9505512588448248,0.0,True,0.3939673098358096,0.005,29619.68923669365,35748.285564765036,29622.77718913229,3206.6645815790616,hurdle_cmp,28993.103038940666,28993.103038940666,26413.02465511459,shared binary core
Matched human Lean root values,pair_cb3b726a,1511,1334,0.1171409662475182,1.9992503748125936,0.002248313624297297,0.0018952473011728927,0.0014992503748125937,0.9977511244377811,0.0007496251874062968,3,1.592617962023496,0.40513316241428093,0.005,3010.828654226349,3699.2466861536086,3012.828892432004,50.396283039823174,33.77414123676117,False,cmp,2960.432371186526,2.219214671054367,4154.055528364959,4156.055528364959,1.7650562541363335,0.0,True,0.3548498749653776,0.005,4104.3436086466145,4792.761640573874,4106.343846852269,1143.9112374600886,hurdle_cmp,3012.1442909048706,3012.1442909048706,2960.432371186526,all normalized constructors
Matched human Lean root values,pair_cb3b726a,1511,1334,0.1171409662475182,1.9992503748125936,0.002248313624297297,0.0018952473011728927,0.0014992503748125937,0.9977511244377811,0.0007496251874062968,3,1.592617962023496,0.40513316241428093,0.005,3010.828654226349,3699.2466861536086,3012.828892432004,50.396283039823174,33.77414123676117,False,cmp,2960.432371186526,2.219214671054367,4154.055528364959,4156.055528364959,1.7650562541363335,0.0,True,0.3548498749653776,0.005,4104.3436086466145,4792.761640573874,4106.343846852269,1143.9112374600886,hurdle_cmp,3012.1442909048706,3012.1442909048706,2960.432371186526,shared binary core
Matched AI Lean root values,pair_cb3b726a,1516,1340,0.11609498680738786,1.9992537313432837,0.0022382490532412568,0.0018867564074017396,0.0014925373134328358,0.9977611940298508,0.0007462686567164179,3,1.5926224682296442,0.4051387258002028,0.005,3024.3600182016876,3715.882220166569,3026.3846439884014,50.4232392898557,33.79627453734897,False,cmp,2973.936778911832,2.2193558051580835,4166.383710447751,4168.383710447751,1.767150395778364,0.0,True,0.3552677888237694,0.005,4115.065215581199,4806.587417546079,4117.089841367912,1141.1284366693665,hurdle_cmp,3027.2552737783844,3027.2552737783844,2973.9367789118323,all normalized constructors
Matched AI Lean root values,pair_cb3b726a,1516,1340,0.11609498680738786,1.9992537313432837,0.0022382490532412568,0.0018867564074017396,0.0014925373134328358,0.9977611940298508,0.0007462686567164179,3,1.5926224682296442,0.4051387258002028,0.005,3024.3600182016876,3715.882220166569,3026.3846439884014,50.4232392898557,33.79627453734897,False,cmp,2973.936778911832,2.2193558051580835,4166.383710447751,4168.383710447751,1.767150395778364,0.0,True,0.3552677888237694,0.005,4115.065215581199,4806.587417546079,4117.089841367912,1141.1284366693665,hurdle_cmp,3027.2552737783844,3027.2552737783844,2973.9367789118323,shared binary core
Matched human Lean root values,pair_cc4ae138,36986,36682,0.008219326231547072,2.0002453519437324,0.0006269503252959599,0.0005279305479986162,0.00019082928956981626,0.9993729894771277,0.00043618123330243716,3,1.5939535824733264,0.40610094018083237,0.005,82745.29307502319,101718.57505450142,82747.2970404161,417.4819014011882,40.20152124057415,False,cmp,82327.811173622,2.244365388300038,97102.06148554811,97104.06148554811,1.9838046828529714,0.0,True,0.4019986063833648,0.005,86271.95788623158,105245.23986570981,86273.9618516245,3944.146712609587,hurdle_cmp,93159.91477293853,93159.91477293853,82327.811173622,all normalized constructors
Matched human Lean root values,pair_cc4ae138,36982,36678,0.008220215239846411,2.0003544359016305,0.0005178960775745351,0.0004360489998359737,8.179290037624735e-05,0.9994819782976171,0.0004362288020066525,3,1.5940999937976197,0.4061726492036305,0.005,82738.0872376582,101713.02867758009,82740.20937726062,346.05307442322373,42.291043540175885,False,cmp,82392.03416323497,2.2463611473699485,97091.67096947138,97093.67096947138,1.9839110918825376,0.0,True,0.40207682338829864,0.005,86264.68601895215,105239.62745887405,86266.80815855457,3872.6518557171767,hurdle_cmp,93221.0191137542,93221.0191137542,82392.03416323497,shared binary core
Matched AI Lean root values,pair_cc4ae138,15484,14799,0.044239214673211055,2.0004730049327657,0.0006079254656038001,0.000511785048847954,6.757213325224677e-05,0.9993918508007298,0.0005405770660179742,3,1.5942591316428474,0.40614630115666167,0.005,33386.76683052171,41043.24290582852,33388.77381287866,161.56512894527987,42.23290096966253,False,cmp,33225.20170157643,2.2450977567116985,41367.82722265256,41369.82722265256,1.9119736502195814,0.0,True,0.38605217551790494,0.005,38999.86277303694,46656.33884834375,39001.86975539389,5774.661071460515,hurdle_cmp,35595.16615119205,35595.16615119205,33225.20170157643,all normalized constructors
Matched AI Lean root values,pair_cc4ae138,15484,14799,0.044239214673211055,2.0004730049327657,0.0006079254656038001,0.000511785048847954,6.757213325224677e-05,0.9993918508007298,0.0005405770660179742,3,1.5942591316428474,0.40614630115666167,0.005,33386.76683052171,41043.24290582852,33388.77381287866,161.56512894527987,42.23290096966253,False,cmp,33225.20170157643,2.2450977567116985,41367.82722265256,41369.82722265256,1.9119736502195814,0.0,True,0.38605217551790494,0.005,38999.86277303694,46656.33884834375,39001.86975539389,5774.661071460515,hurdle_cmp,35595.16615119205,35595.16615119205,33225.20170157643,shared binary core
Matched human Lean root values,pair_cc98e98a,2319,2091,0.09831824062095731,2.006695361071258,0.008563493517456906,0.007161263029201528,0.0009564801530368245,0.9913916786226685,0.007651841224294596,3,1.6026043014811346,0.40313457943708214,0.005,4736.935298386756,5818.844428018914,4738.935536134508,223.5835498062661,29.121603811418236,False,cmp,4513.35174858049,2.158465685595643,6348.705167685404,6350.705167685404,1.809400603708495,0.0,True,0.36086501646477054,0.005,6229.4585347641405,7311.367664396299,6231.458772511893,1716.1067861836511,hurdle_cmp,4634.5983815017535,4634.5983815017535,4513.35174858049,all normalized constructors
Matched human Lean root values,pair_cc98e98a,2319,2091,0.09831824062095731,2.006695361071258,0.008563493517456906,0.007161263029201528,0.0009564801530368245,0.9913916786226685,0.007651841224294596,3,1.6026043014811346,0.40313457943708214,0.005,4736.935298386756,5818.844428018914,4738.935536134508,223.5835498062661,29.121603811418236,False,cmp,4513.35174858049,2.158465685595643,6348.705167685404,6350.705167685404,1.809400603708495,0.0,True,0.36086501646477054,0.005,6229.4585347641405,7311.367664396299,6231.458772511893,1716.1067861836511,hurdle_cmp,4634.5983815017535,4634.5983815017535,4513.35174858049,shared binary core
Matched AI Lean root values,pair_cc98e98a,6353,6111,0.03809223988666772,2.0009818360333824,0.0016354293869742605,0.0013760408426653447,0.0003272786777941417,0.9983636066110293,0.0013091147111765667,3,1.5949420109373653,0.40571254641821897,0.005,13792.899445645087,16953.604503711096,13795.264204498151,162.29688847996294,36.155602597064274,False,cmp,13630.602557165124,2.2305027912232243,16930.630391484145,16932.630391484145,1.924759955926334,0.0,True,0.38834694788147034,0.005,15851.150225572164,19011.855283638175,15853.51498442523,2220.547668407041,hurdle_cmp,14712.082723077103,14712.082723077103,13630.602557165123,all normalized constructors
Matched AI Lean root values,pair_cc98e98a,6353,6111,0.03809223988666772,2.0009818360333824,0.0016354293869742605,0.0013760408426653447,0.0003272786777941417,0.9983636066110293,0.0013091147111765667,3,1.5949420109373653,0.40571254641821897,0.005,13792.899445645087,16953.604503711096,13795.264204498151,162.29688847996294,36.155602597064274,False,cmp,13630.602557165124,2.2305027912232243,16930.630391484145,16932.630391484145,1.924759955926334,0.0,True,0.38834694788147034,0.005,15851.150225572164,19011.855283638175,15853.51498442523,2220.547668407041,hurdle_cmp,14712.082723077103,14712.082723077103,13630.602557165123,shared binary core
Matched human Lean root values,pair_ce95c511,5397,5178,0.0405780989438577,1.999613750482812,0.00038610032849857546,0.0003253412759718511,0.0003862495171881035,0.9996137504828119,0.0,2,1.5931057801691286,0.40612172079649117,0.005,11678.655473423536,14355.69142871122,11680.69432045335,39.435335320886225,376.3681199858542,False,cmp,11639.22013810265,2.2478215793941,14393.583106503487,14395.583106503487,1.918473225866222,0.0,True,0.38757357600495357,0.005,13513.228904723821,16190.264860011504,13515.267751753636,1874.0087666211718,hurdle_cmp,12521.574339882316,12521.574339882316,11639.22013810265,all normalized constructors
Matched human Lean root values,pair_ce95c511,5397,5178,0.0405780989438577,1.999613750482812,0.00038610032849857546,0.0003253412759718511,0.0003862495171881035,0.9996137504828119,0.0,2,1.5931057801691286,0.40612172079649117,0.005,11678.655473423536,14355.69142871122,11680.69432045335,39.435335320886225,376.3681199858542,False,cmp,11639.22013810265,2.2478215793941,14393.583106503487,14395.583106503487,1.918473225866222,0.0,True,0.38757357600495357,0.005,13513.228904723821,16190.264860011504,13515.267751753636,1874.0087666211718,hurdle_cmp,12521.574339882316,12521.574339882316,11639.22013810265,shared binary core
Matched AI Lean root values,pair_ce95c511,4478,4245,0.05203215721304154,2.0,0.0014134275618374558,0.0011905069056157896,0.0007067137809187279,0.9985865724381625,0.0007067137809187279,3,1.5936242600400345,0.4056690261790426,0.005,9577.870801916415,11771.639125907872,9579.958467590004,103.05013330309885,35.77845253170194,False,cmp,9474.820668613316,2.2319954460808753,12006.93440675174,12008.93440675174,1.895935685573917,0.0,True,0.3822030066312841,0.005,11410.977689559266,13604.746013550723,11413.065355232855,1936.1570209459499,hurdle_cmp,10072.77738580579,10072.77738580579,9474.820668613316,all normalized constructors
Matched AI Lean root values,pair_ce95c511,4478,4245,0.05203215721304154,2.0,0.0014134275618374558,0.0011905069056157896,0.0007067137809187279,0.9985865724381625,0.0007067137809187279,3,1.5936242600400345,0.4056690261790426,0.005,9577.870801916415,11771.639125907872,9579.958467590004,103.05013330309885,35.77845253170194,False,cmp,9474.820668613316,2.2319954460808753,12006.93440675174,12008.93440675174,1.895935685573917,0.0,True,0.3822030066312841,0.005,11410.977689559266,13604.746013550723,11413.065355232855,1936.1570209459499,hurdle_cmp,10072.77738580579,10072.77738580579,9474.820668613316,shared binary core
Matched human Lean root values,pair_cffa85ea,5665,5406,0.045719329214474844,2.0001849796522384,0.0005549047392430193,0.0004672941196918155,0.0001849796522382538,0.9994450610432852,0.0003699593044765076,3,1.5938725498195265,0.40612745018046986,0.005,12195.832370484324,14992.000834308103,12198.53734342476,58.79733452759683,40.684815489445235,False,cmp,12137.035035956727,2.2451045201547775,15145.356032459013,15147.356032459013,1.90873786407767,0.0,True,0.38537515496608465,0.005,14301.957633294553,17098.12609711833,14304.662606234988,2164.9225973378248,hurdle_cmp,12982.433435121187,12982.433435121187,12137.035035956727,all normalized constructors
Matched human Lean root values,pair_cffa85ea,5665,5406,0.045719329214474844,2.0001849796522384,0.0005549047392430193,0.0004672941196918155,0.0001849796522382538,0.9994450610432852,0.0003699593044765076,3,1.5938725498195265,0.40612745018046986,0.005,12195.832370484324,14992.000834308103,12198.53734342476,58.79733452759683,40.684815489445235,False,cmp,12137.035035956727,2.2451045201547775,15145.356032459013,15147.356032459013,1.90873786407767,0.0,True,0.38537515496608465,0.005,14301.957633294553,17098.12609711833,14304.662606234988,2164.9225973378248,hurdle_cmp,12982.433435121187,12982.433435121187,12137.035035956727,shared binary core
Matched AI Lean root values,pair_cffa85ea,8159,7845,0.03848510846917515,2.0008922880815807,0.0014013708073204506,0.0011792188751645776,0.00025493945188017844,0.998597833014659,0.001147227533460803,3,1.5948218385651987,0.4058155100644982,0.005,17704.72772087264,21762.659464883225,17706.75202773414,180.94983494852204,37.09831757782984,False,cmp,17523.77788592412,2.233751164553744,21745.880619675234,21747.880619675234,1.923887731339625,0.0,True,0.3882687728081147,0.005,20368.185213585104,24426.11695759569,20370.209520446602,2844.4073276609843,hurdle_cmp,18903.47329201425,18903.47329201425,17523.77788592412,all normalized constructors
Matched AI Lean root values,pair_cffa85ea,8159,7845,0.03848510846917515,2.0008922880815807,0.0014013708073204506,0.0011792188751645776,0.00025493945188017844,0.998597833014659,0.001147227533460803,3,1.5948218385651987,0.4058155100644982,0.005,17704.72772087264,21762.659464883225,17706.75202773414,180.94983494852204,37.09831757782984,False,cmp,17523.77788592412,2.233751164553744,21745.880619675234,21747.880619675234,1.923887731339625,0.0,True,0.3882687728081147,0.005,20368.185213585104,24426.11695759569,20370.209520446602,2844.4073276609843,hurdle_cmp,18903.47329201425,18903.47329201425,17523.77788592412,shared binary core
Matched human Lean root values,pair_d020f221,7971,7837,0.01681093965625392,1.9997448003062397,0.0002551345668766721,0.00021495472862932048,0.00025519969376036747,0.9997448003062396,0.0,2,1.5932816994244767,0.4062079011879985,0.005,17675.303909068414,21728.004972238665,17677.308573785063,41.093346391804516,370.4968536882052,False,cmp,17634.21056267661,2.2501225676504544,21017.012228816704,21019.012228816704,1.9661272111403838,0.0,True,0.3981899994697452,0.005,19038.01292926492,23090.713992435172,19040.01759398157,1403.802366588312,hurdle_cmp,19615.209862228392,19615.209862228392,17634.21056267661,all normalized constructors
Matched human Lean root values,pair_d020f221,7971,7837,0.01681093965625392,1.9997448003062397,0.0002551345668766721,0.00021495472862932048,0.00025519969376036747,0.9997448003062396,0.0,2,1.5932816994244767,0.4062079011879985,0.005,17675.303909068414,21728.004972238665,17677.308573785063,41.093346391804516,370.4968536882052,False,cmp,17634.21056267661,2.2501225676504544,21017.012228816704,21019.012228816704,1.9661272111403838,0.0,True,0.3981899994697452,0.005,19038.01292926492,23090.713992435172,19040.01759398157,1403.802366588312,hurdle_cmp,19615.209862228392,19615.209862228392,17634.21056267661,shared binary core
Matched AI Lean root values,pair_d020f221,8793,8638,0.017627658364608213,1.9997684649224357,0.0002314814690721083,0.00019502166629980323,0.00023153507756425097,0.9997684649224358,0.0,2,1.5933134658631625,0.4062234639817047,0.005,19481.740662020224,23948.848562423103,19483.74276921548,41.48265362717211,370.96678465462276,False,cmp,19440.25800839305,2.250550822921168,23193.620968256844,23195.620968256844,1.964517229614466,0.0,True,0.3978400655700304,0.005,21042.860872211702,25509.968772614582,21044.86297940696,1602.6028638186494,hurdle_cmp,21593.018104438193,21593.018104438193,19440.25800839305,all normalized constructors
Matched AI Lean root values,pair_d020f221,8793,8638,0.017627658364608213,1.9997684649224357,0.0002314814690721083,0.00019502166629980323,0.00023153507756425097,0.9997684649224358,0.0,2,1.5933134658631625,0.4062234639817047,0.005,19481.740662020224,23948.848562423103,19483.74276921548,41.48265362717211,370.96678465462276,False,cmp,19440.25800839305,2.250550822921168,23193.620968256844,23195.620968256844,1.964517229614466,0.0,True,0.3978400655700304,0.005,21042.860872211702,25509.968772614582,21044.86297940696,1602.6028638186494,hurdle_cmp,21593.018104438193,21593.018104438193,19440.25800839305,shared binary core
Matched human Lean root values,pair_d0c1af2e,2009,1869,0.06968641114982578,1.9989299090422685,0.0010689458630735891,0.000901394043535738,0.001070090957731407,0.9989299090422686,0.0,2,1.5921877143104461,0.40567210377408697,0.005,4216.108648456671,5181.1946624800485,4218.195940766656,35.35790556180291,367.417719798297,False,cmp,4180.750742894868,2.236891783250331,5426.7439093742905,5428.7439093742905,1.8596316575410652,0.0,True,0.37464845458663293,0.005,5233.967669683579,6199.053683706956,5236.054961993564,1053.2169267887102,hurdle_cmp,4375.52698258558,4375.52698258558,4180.750742894868,all normalized constructors
Matched human Lean root values,pair_d0c1af2e,2009,1869,0.06968641114982578,1.9989299090422685,0.0010689458630735891,0.000901394043535738,0.001070090957731407,0.9989299090422686,0.0,2,1.5921877143104461,0.40567210377408697,0.005,4216.108648456671,5181.1946624800485,4218.195940766656,35.35790556180291,367.417719798297,False,cmp,4180.750742894868,2.236891783250331,5426.7439093742905,5428.7439093742905,1.8596316575410652,0.0,True,0.37464845458663293,0.005,5233.967669683579,6199.053683706956,5236.054961993564,1053.2169267887102,hurdle_cmp,4375.52698258558,4375.52698258558,4180.750742894868,shared binary core
Matched AI Lean root values,pair_d0c1af2e,3602,3350,0.0699611327040533,2.0002985074626864,0.0026864780574738247,0.0022620495390056343,0.0011940298507462687,0.9973134328358209,0.0014925373134328358,3,1.5940249277110237,0.40507954990091233,0.005,7561.518645935305,9291.558364632929,7563.520570819055,140.89194769930327,32.63490478942638,False,cmp,7420.626698236002,2.2151124472346275,9734.000722169952,9736.000722169952,1.8603553581343697,0.0,True,0.37404921009569253,0.005,9390.009262942931,11120.048981640553,9392.01118782668,1969.3825647069282,hurdle_cmp,7766.6181574630245,7766.6181574630245,7420.626698236003,all normalized constructors
Matched AI Lean root values,pair_d0c1af2e,3602,3350,0.0699611327040533,2.0002985074626864,0.0026864780574738247,0.0022620495390056343,0.0011940298507462687,0.9973134328358209,0.0014925373134328358,3,1.5940249277110237,0.40507954990091233,0.005,7561.518645935305,9291.558364632929,7563.520570819055,140.89194769930327,32.63490478942638,False,cmp,7420.626698236002,2.2151124472346275,9734.000722169952,9736.000722169952,1.8603553581343697,0.0,True,0.37404921009569253,0.005,9390.009262942931,11120.048981640553,9392.01118782668,1969.3825647069282,hurdle_cmp,7766.6181574630245,7766.6181574630245,7420.626698236003,shared binary core
Matched human Lean root values,pair_d2343074,16275,16068,0.01271889400921659,1.9998755290017427,0.00012445550522799886,0.00010484088464146119,0.00012447099825740602,0.9998755290017426,0.0,2,1.593457182219415,0.40629387578406617,0.005,36238.076395690725,44549.18287574782,36240.09914131713,43.96550232172012,362.0756685642257,False,cmp,36194.110893369005,2.252558556968447,42821.68278968638,42823.68278968638,1.9744393241167435,0.0,True,0.40012679855329186,0.005,38458.40435390903,46769.510833966124,38460.42709953543,2264.293460540023,hurdle_cmp,40559.38932914636,40559.38932914636,36194.110893369005,all normalized constructors
Matched human Lean root values,pair_d2343074,16275,16068,0.01271889400921659,1.9998755290017427,0.00012445550522799886,0.00010484088464146119,0.00012447099825740602,0.9998755290017426,0.0,2,1.593457182219415,0.40629387578406617,0.005,36238.076395690725,44549.18287574782,36240.09914131713,43.96550232172012,362.0756685642257,False,cmp,36194.110893369005,2.252558556968447,42821.68278968638,42823.68278968638,1.9744393241167435,0.0,True,0.40012679855329186,0.005,38458.40435390903,46769.510833966124,38460.42709953543,2264.293460540023,hurdle_cmp,40559.38932914636,40559.38932914636,36194.110893369005,shared binary core
Matched AI Lean root values,pair_d2343074,7069,6860,0.02956570943556373,1.9997084548104955,0.00029146019090684996,0.0002455692274313774,0.0002915451895043732,0.9997084548104956,0.0,2,1.5932329103348184,0.40618399928616883,0.005,15471.947207780819,19019.185754254962,15473.947953381852,40.56067901616916,365.0319441903887,False,cmp,15431.38652876465,2.2494732549219605,18755.418249592465,18757.418249592465,1.9405856556797283,0.0,True,0.3924777282213287,0.005,17357.542702827024,20904.781249301166,17359.543448428056,1926.1561740623747,hurdle_cmp,16831.26207553009,16831.26207553009,15431.38652876465,all normalized constructors
Matched AI Lean root values,pair_d2343074,7069,6860,0.02956570943556373,1.9997084548104955,0.00029146019090684996,0.0002455692274313774,0.0002915451895043732,0.9997084548104956,0.0,2,1.5932329103348184,0.40618399928616883,0.005,15471.947207780819,19019.185754254962,15473.947953381852,40.56067901616916,365.0319441903887,False,cmp,15431.38652876465,2.2494732549219605,18755.418249592465,18757.418249592465,1.9405856556797283,0.0,True,0.3924777282213287,0.005,17357.542702827024,20904.781249301166,17359.543448428056,1926.1561740623747,hurdle_cmp,16831.26207553009,16831.26207553009,15431.38652876465,shared binary core
Matched human Lean root values,pair_d339e847,1287,1115,0.13364413364413363,2.0017937219730944,0.003584226507671579,0.003013116416426899,0.0008968609865470852,0.9964125560538116,0.0026905829596412557,3,1.5960314380551353,0.40486542293140815,0.005,2519.9162627666824,3096.2072219046604,2521.9163881164627,61.52683845630963,31.882962763021144,False,cmp,2458.3894243103728,2.2048335644039216,3559.1160986193127,3561.1160986193127,1.7342657342657342,0.0,True,0.34825817353037686,0.005,3534.156708011176,4110.447667149154,3536.156833360956,1075.767283700803,hurdle_cmp,2485.3488149185096,2485.3488149185096,2458.3894243103728,all normalized constructors
Matched human Lean root values,pair_d339e847,1287,1115,0.13364413364413363,2.0017937219730944,0.003584226507671579,0.003013116416426899,0.0008968609865470852,0.9964125560538116,0.0026905829596412557,3,1.5960314380551353,0.40486542293140815,0.005,2519.9162627666824,3096.2072219046604,2521.9163881164627,61.52683845630963,31.882962763021144,False,cmp,2458.3894243103728,2.2048335644039216,3559.1160986193127,3561.1160986193127,1.7342657342657342,0.0,True,0.34825817353037686,0.005,3534.156708011176,4110.447667149154,3536.156833360956,1075.767283700803,hurdle_cmp,2485.3488149185096,2485.3488149185096,2458.3894243103728,shared binary core
Matched AI Lean root values,pair_d339e847,4060,3740,0.07881773399014778,2.001604278074866,0.003205982441591124,0.0026956904815799063,0.0008021390374331551,0.9967914438502674,0.0024064171122994654,3,1.5957772517477091,0.40502488728971975,0.005,8446.56435334944,10379.794778366231,8448.578982430503,179.26392518525245,32.435260592104875,False,cmp,8267.300428164188,2.2105081358727774,11013.714356476437,11015.714356476437,1.8438423645320197,0.0,True,0.3703629935490098,0.005,10688.647666862986,12621.878091879777,10690.662295944048,2421.347238698798,hurdle_cmp,8594.36711777764,8594.36711777764,8267.300428164188,all normalized constructors
Matched AI Lean root values,pair_d339e847,4060,3740,0.07881773399014778,2.001604278074866,0.003205982441591124,0.0026956904815799063,0.0008021390374331551,0.9967914438502674,0.0024064171122994654,3,1.5957772517477091,0.40502488728971975,0.005,8446.56435334944,10379.794778366231,8448.578982430503,179.26392518525245,32.435260592104875,False,cmp,8267.300428164188,2.2105081358727774,11013.714356476437,11015.714356476437,1.8438423645320197,0.0,True,0.3703629935490098,0.005,10688.647666862986,12621.878091879777,10690.662295944048,2421.347238698798,hurdle_cmp,8594.36711777764,8594.36711777764,8267.300428164188,shared binary core
Matched human Lean root values,pair_d43fae54,2499,2278,0.08843537414965986,2.0,0.001755926251097454,0.0014789879468361214,0.000877963125548727,0.9982440737489026,0.000877963125548727,3,1.5936242600400345,0.4054977768344126,0.005,5141.0286424508,6317.957109262222,5143.039585536209,68.29622005036799,34.70651845464993,False,cmp,5072.732422400432,2.2268360063215242,6801.3487793764625,6803.3487793764625,1.8231292517006803,0.0,True,0.36675479877727224,0.005,6636.944966596573,7813.8734334079945,6638.955909681982,1564.2125441961407,hurdle_cmp,5239.136235180322,5239.136235180322,5072.732422400432,all normalized constructors
Matched human Lean root values,pair_d43fae54,2499,2278,0.08843537414965986,2.0,0.001755926251097454,0.0014789879468361214,0.000877963125548727,0.9982440737489026,0.000877963125548727,3,1.5936242600400345,0.4054977768344126,0.005,5141.0286424508,6317.957109262222,5143.039585536209,68.29622005036799,34.70651845464993,False,cmp,5072.732422400432,2.2268360063215242,6801.3487793764625,6803.3487793764625,1.8231292517006803,0.0,True,0.36675479877727224,0.005,6636.944966596573,7813.8734334079945,6638.955909681982,1564.2125441961407,hurdle_cmp,5239.136235180322,5239.136235180322,5072.732422400432,shared binary core
Matched AI Lean root values,pair_d43fae54,2907,2685,0.07636738906088751,2.0003724394785847,0.0018620586817584416,0.0015677529321344616,0.0007448789571694599,0.9981378026070763,0.0011173184357541898,3,1.5941241576468133,0.40550340287459813,0.005,6060.1708628237375,7447.786827389864,6062.1715716012,83.58078117037076,34.51688847992108,False,cmp,5976.590081653367,2.2259180937256486,7875.5863240556755,7877.5863240556755,1.847609219126247,0.0,True,0.3717663736262957,0.005,7630.825047838028,9018.441012404153,7632.825756615491,1654.234966184661,hurdle_cmp,6223.351357871014,6223.351357871014,5976.590081653367,all normalized constructors
Matched AI Lean root values,pair_d43fae54,2907,2685,0.07636738906088751,2.0003724394785847,0.0018620586817584416,0.0015677529321344616,0.0007448789571694599,0.9981378026070763,0.0011173184357541898,3,1.5941241576468133,0.40550340287459813,0.005,6060.1708628237375,7447.786827389864,6062.1715716012,83.58078117037076,34.51688847992108,False,cmp,5976.590081653367,2.2259180937256486,7875.5863240556755,7877.5863240556755,1.847609219126247,0.0,True,0.3717663736262957,0.005,7630.825047838028,9018.441012404153,7632.825756615491,1654.234966184661,hurdle_cmp,6223.351357871014,6223.351357871014,5976.590081653367,shared binary core
Matched human Lean root values,pair_d71a4f84,2748,2497,0.0913391557496361,2.0,0.0024028834601521826,0.002023909417036054,0.0012014417300760913,0.9975971165398478,0.0012014417300760913,3,1.5936242600400345,0.40517429822988527,0.005,5635.7342545204065,6925.154039432734,5637.734577624242,96.67636767769,33.156153235251566,False,cmp,5539.0578868427165,2.2182850968533105,7487.540001200199,7489.540001200199,1.8173216885007277,0.0,True,0.36527203414921505,0.005,7317.450578188014,8606.870363100341,7319.45090129185,1778.3926913452979,hurdle_cmp,5711.147309854901,5711.147309854901,5539.0578868427165,all normalized constructors
Matched human Lean root values,pair_d71a4f84,2748,2497,0.0913391557496361,2.0,0.0024028834601521826,0.002023909417036054,0.0012014417300760913,0.9975971165398478,0.0012014417300760913,3,1.5936242600400345,0.40517429822988527,0.005,5635.7342545204065,6925.154039432734,5637.734577624242,96.67636767769,33.156153235251566,False,cmp,5539.0578868427165,2.2182850968533105,7487.540001200199,7489.540001200199,1.8173216885007277,0.0,True,0.36527203414921505,0.005,7317.450578188014,8606.870363100341,7319.45090129185,1778.3926913452979,hurdle_cmp,5711.147309854901,5711.147309854901,5539.0578868427165,shared binary core
Matched AI Lean root values,pair_d71a4f84,3526,3265,0.07402155416903006,2.0018376722817766,0.003671967524137624,0.0030867310085893464,0.0009188361408882082,0.9963246554364472,0.0027565084226646246,3,1.5960904067618265,0.40482842937905805,0.005,7375.330417855086,9062.814436322897,7377.330796068024,175.99849196631112,31.76308832338379,False,cmp,7199.331925888775,2.2050021212523045,9548.335058904899,9550.335058904899,1.853658536585366,0.0,True,0.372190214847918,0.005,9238.489890441386,10925.973908909196,9240.490268654323,2039.1579645526099,hurdle_cmp,7511.177094352289,7511.177094352289,7199.331925888776,all normalized constructors
Matched AI Lean root values,pair_d71a4f84,3526,3265,0.07402155416903006,2.0018376722817766,0.003671967524137624,0.0030867310085893464,0.0009188361408882082,0.9963246554364472,0.0027565084226646246,3,1.5960904067618265,0.40482842937905805,0.005,7375.330417855086,9062.814436322897,7377.330796068024,175.99849196631112,31.76308832338379,False,cmp,7199.331925888775,2.2050021212523045,9548.335058904899,9550.335058904899,1.853658536585366,0.0,True,0.372190214847918,0.005,9238.489890441386,10925.973908909196,9240.490268654323,2039.1579645526099,hurdle_cmp,7511.177094352289,7511.177094352289,7199.331925888776,shared binary core
Matched human Lean root values,pair_d72cfd93,8281,7982,0.03610675039246468,1.9994988724630418,0.0007514401766289359,0.0006332674167952044,0.0006264094211976949,0.9992483086945627,0.00012528188423953897,3,1.5929515652480715,0.4059208977937687,0.005,18002.21292953543,22127.257000967176,18004.214710340053,107.72044103045482,40.346023428117256,False,cmp,17894.492488504977,2.24185573647018,22039.25763682512,22041.25763682512,1.9273034657650043,0.0,True,0.38932956646337125,0.005,20577.407391054985,24702.45146248673,20579.40917185961,2682.91490255001,hurdle_cmp,19358.34273427511,19358.34273427511,17894.492488504977,all normalized constructors
Matched human Lean root values,pair_d72cfd93,8281,7982,0.03610675039246468,1.9994988724630418,0.0007514401766289359,0.0006332674167952044,0.0006264094211976949,0.9992483086945627,0.00012528188423953897,3,1.5929515652480715,0.4059208977937687,0.005,18002.21292953543,22127.257000967176,18004.214710340053,107.72044103045482,40.346023428117256,False,cmp,17894.492488504977,2.24185573647018,22039.25763682512,22041.25763682512,1.9273034657650043,0.0,True,0.38932956646337125,0.005,20577.407391054985,24702.45146248673,20579.40917185961,2682.91490255001,hurdle_cmp,19358.34273427511,19358.34273427511,17894.492488504977,shared binary core
Matched AI Lean root values,pair_d72cfd93,8823,8475,0.03944236654199252,2.00212389380531,0.0032993238833633545,0.0027726263821261743,0.0005899705014749262,0.9966961651917404,0.002713864306784661,3,1.5964744191113325,0.40505950419249814,0.005,19141.84374715828,23524.6236247121,19143.84470665993,406.0933394609019,32.89615457685398,False,cmp,18735.75040769738,2.2107080127076553,23537.416162419573,23539.416162419573,1.9231553893233595,0.0,True,0.38719573780524397,0.005,22076.04236118187,26458.822238735695,22078.043320683522,3340.291953484493,hurdle_cmp,20199.124208935078,20199.124208935078,18735.75040769738,all normalized constructors
Matched AI Lean root values,pair_d72cfd93,8823,8475,0.03944236654199252,2.00212389380531,0.0032993238833633545,0.0027726263821261743,0.0005899705014749262,0.9966961651917404,0.002713864306784661,3,1.5964744191113325,0.40505950419249814,0.005,19141.84374715828,23524.6236247121,19143.84470665993,406.0933394609019,32.89615457685398,False,cmp,18735.75040769738,2.2107080127076553,23537.416162419573,23539.416162419573,1.9231553893233595,0.0,True,0.38719573780524397,0.005,22076.04236118187,26458.822238735695,22078.043320683522,3340.291953484493,hurdle_cmp,20199.124208935078,20199.124208935078,18735.75040769738,shared binary core
Matched human Lean root values,pair_d746cf8d,22782,22347,0.019094021595996838,2.0017899494339284,0.0020552379300417443,0.001727763644014381,0.00013424620754463686,0.9979415581509823,0.0019241956414731284,3,1.5960263763615075,0.4056293268648724,0.005,50452.535230912225,62016.45618335428,50454.594193160454,687.1795238615014,37.40145175862017,False,cmp,49765.35570705072,2.2269367569271368,60170.13786779037,60172.13786779037,1.9635677289087876,0.0,True,0.39673109454277145,0.005,54759.96655520702,66323.88750764908,54762.02551745525,4994.610848156298,hurdle_cmp,55177.52701963407,55177.52701963407,49765.35570705072,all normalized constructors
Matched human Lean root values,pair_d746cf8d,22782,22347,0.019094021595996838,2.0017899494339284,0.0020552379300417443,0.001727763644014381,0.00013424620754463686,0.9979415581509823,0.0019241956414731284,3,1.5960263763615075,0.4056293268648724,0.005,50452.535230912225,62016.45618335428,50454.594193160454,687.1795238615014,37.40145175862017,False,cmp,49765.35570705072,2.2269367569271368,60170.13786779037,60172.13786779037,1.9635677289087876,0.0,True,0.39673109454277145,0.005,54759.96655520702,66323.88750764908,54762.02551745525,4994.610848156298,hurdle_cmp,55177.52701963407,55177.52701963407,49765.35570705072,shared binary core
Matched AI Lean root values,pair_d746cf8d,8083,7803,0.03464060373623654,2.0014097142124823,0.002176661943311892,0.0018305883700465903,0.00038446751249519417,0.9978213507625272,0.0017941817249775727,3,1.5955161840009577,0.4055090626990251,0.005,17615.872139387444,21651.751289641732,17620.093217337326,262.19462006376125,34.978386856011724,False,cmp,17353.677519323683,2.2239750761660493,21509.23928258537,21511.23928258537,1.9320796733885934,0.0,True,0.38969016899173914,0.005,20051.186901183817,24087.066051438105,20055.4079791337,2697.5093818601335,hurdle_cmp,18813.729900725237,18813.729900725237,17353.677519323683,all normalized constructors
Matched AI Lean root values,pair_d746cf8d,8083,7803,0.03464060373623654,2.0014097142124823,0.002176661943311892,0.0018305883700465903,0.00038446751249519417,0.9978213507625272,0.0017941817249775727,3,1.5955161840009577,0.4055090626990251,0.005,17615.872139387444,21651.751289641732,17620.093217337326,262.19462006376125,34.978386856011724,False,cmp,17353.677519323683,2.2239750761660493,21509.23928258537,21511.23928258537,1.9320796733885934,0.0,True,0.38969016899173914,0.005,20051.186901183817,24087.066051438105,20055.4079791337,2697.5093818601335,hurdle_cmp,18813.729900725237,18813.729900725237,17353.677519323683,shared binary core
Matched human Lean root values,pair_d869cc1a,1175,1058,0.09957446808510638,1.998109640831758,0.00188678571045701,0.0015924494845918303,0.001890359168241966,0.998109640831758,0.0,2,1.5910862995093074,0.40513298215420473,0.005,2387.118283531904,2932.6243872595787,2389.1183997735884,33.08017062454019,364.8352450390722,False,cmp,2354.038112907364,2.2249887645627258,3210.764353248671,3212.764353248671,1.7991489361702129,0.0,True,0.361813562992157,0.005,3150.863679371133,3696.3697830988076,3152.8637956128173,796.825566463769,hurdle_cmp,2415.938786784902,2415.938786784902,2354.038112907364,all normalized constructors
Matched human Lean root values,pair_d869cc1a,1175,1058,0.09957446808510638,1.998109640831758,0.00188678571045701,0.0015924494845918303,0.001890359168241966,0.998109640831758,0.0,2,1.5910862995093074,0.40513298215420473,0.005,2387.118283531904,2932.6243872595787,2389.1183997735884,33.08017062454019,364.8352450390722,False,cmp,2354.038112907364,2.2249887645627258,3210.764353248671,3212.764353248671,1.7991489361702129,0.0,True,0.361813562992157,0.005,3150.863679371133,3696.3697830988076,3152.8637956128173,796.825566463769,hurdle_cmp,2415.938786784902,2415.938786784902,2354.038112907364,shared binary core
Matched AI Lean root values,pair_d869cc1a,1540,1394,0.09480519480519481,1.9985652797704447,0.0014326618074181412,0.0012085743251152579,0.0014347202295552368,0.9985652797704447,0.0,2,1.5916981346757344,0.4054324248651511,0.005,3144.8752762168747,3864.214654329712,3146.876161499972,34.18427082931157,366.76853284054215,False,cmp,3110.691005387563,2.231485656662527,4200.5038655093595,4202.5038655093595,1.809090909090909,0.0,True,0.3640335685278855,0.005,4112.506179932211,4831.845558045048,4114.507065215308,1001.8151745446477,hurdle_cmp,3200.688690964712,3200.688690964712,3110.6910053875636,all normalized constructors
Matched AI Lean root values,pair_d869cc1a,1540,1394,0.09480519480519481,1.9985652797704447,0.0014326618074181412,0.0012085743251152579,0.0014347202295552368,0.9985652797704447,0.0,2,1.5916981346757344,0.4054324248651511,0.005,3144.8752762168747,3864.214654329712,3146.876161499972,34.18427082931157,366.76853284054215,False,cmp,3110.691005387563,2.231485656662527,4200.5038655093595,4202.5038655093595,1.809090909090909,0.0,True,0.3640335685278855,0.005,4112.506179932211,4831.845558045048,4114.507065215308,1001.8151745446477,hurdle_cmp,3200.688690964712,3200.688690964712,3110.6910053875636,shared binary core
Matched human Lean root values,pair_d92632b4,3285,3058,0.06910197869101979,1.9993459777632439,0.0006535944916698781,0.000550899838929881,0.0006540222367560497,0.999345977763244,0.0,2,1.5927463094110084,0.40594564611547534,0.005,6897.5740836844725,8477.80306965082,6899.60027253312,37.32816849439405,378.3350163182647,False,cmp,6860.245915190078,2.243376689074584,8870.303786888246,8872.303786888246,1.8611872146118722,0.0,True,0.37516925122295597,0.005,8550.679642117077,10130.908628083424,8552.705830965722,1690.4337269269972,hurdle_cmp,7181.870059961248,7181.870059961248,6860.245915190079,all normalized constructors
Matched human Lean root values,pair_d92632b4,3285,3058,0.06910197869101979,1.9993459777632439,0.0006535944916698781,0.000550899838929881,0.0006540222367560497,0.999345977763244,0.0,2,1.5927463094110084,0.40594564611547534,0.005,6897.5740836844725,8477.80306965082,6899.60027253312,37.32816849439405,378.3350163182647,False,cmp,6860.245915190078,2.243376689074584,8870.303786888246,8872.303786888246,1.8611872146118722,0.0,True,0.37516925122295597,0.005,8550.679642117077,10130.908628083424,8552.705830965722,1690.4337269269972,hurdle_cmp,7181.870059961248,7181.870059961248,6860.245915190079,shared binary core
Matched AI Lean root values,pair_d92632b4,4056,3814,0.059664694280078895,1.9992134242265338,0.0007859570720187733,0.0006625598443276757,0.0007865757734661773,0.9992134242265338,0.0,2,1.5925683549260885,0.405858493526975,0.005,8602.070429348001,10572.493323211267,8604.07093947588,52.88456863886677,375.1923843622869,False,cmp,8549.185860709134,2.241527493631131,10908.833203107857,10910.833203107857,1.879930966469428,0.0,True,0.37907496925670786,0.005,10437.738696295412,12408.161590158677,10439.739206423292,1888.552835586278,hurdle_cmp,9022.28036752158,9022.28036752158,8549.185860709134,all normalized constructors
Matched AI Lean root values,pair_d92632b4,4056,3814,0.059664694280078895,1.9992134242265338,0.0007859570720187733,0.0006625598443276757,0.0007865757734661773,0.9992134242265338,0.0,2,1.5925683549260885,0.405858493526975,0.005,8602.070429348001,10572.493323211267,8604.07093947588,52.88456863886677,375.1923843622869,False,cmp,8549.185860709134,2.241527493631131,10908.833203107857,10910.833203107857,1.879930966469428,0.0,True,0.37907496925670786,0.005,10437.738696295412,12408.161590158677,10439.739206423292,1888.552835586278,hurdle_cmp,9022.28036752158,9022.28036752158,8549.185860709134,shared binary core
Matched human Lean root values,pair_d96197fd,7965,7760,0.02573760200878845,1.9997422680412371,0.0002576655330003188,0.00021708769782918962,0.0002577319587628866,0.9997422680412371,0.0,2,1.5932783002023128,0.40620623588015764,0.005,17501.65143675294,21514.515638093286,17503.65243178788,41.053846230730414,368.1583252414211,False,cmp,17460.59759052221,2.2500770090879136,21093.607070070044,21095.607070070044,1.9482736974262398,0.0,True,0.3941989477933057,0.005,19408.848290737344,23421.712492077688,19410.84928577228,1948.2507002151312,hurdle_cmp,19147.35636985491,19147.35636985491,17460.59759052221,all normalized constructors
Matched human Lean root values,pair_d96197fd,7965,7760,0.02573760200878845,1.9997422680412371,0.0002576655330003188,0.00021708769782918962,0.0002577319587628866,0.9997422680412371,0.0,2,1.5932783002023128,0.40620623588015764,0.005,17501.65143675294,21514.515638093286,17503.65243178788,41.053846230730414,368.1583252414211,False,cmp,17460.59759052221,2.2500770090879136,21093.607070070044,21095.607070070044,1.9482736974262398,0.0,True,0.3941989477933057,0.005,19408.848290737344,23421.712492077688,19410.84928577228,1948.2507002151312,hurdle_cmp,19147.35636985491,19147.35636985491,17460.59759052221,shared binary core
Matched AI Lean root values,pair_d96197fd,10035,9834,0.020029895366218235,1.9997966239576979,0.00020333468048763423,0.00017130298136121513,0.0002033760423022168,0.9997966239576977,0.0,2,1.5933512652015307,0.40624198271386075,0.005,22178.992031365946,27264.864702387044,22180.99616007667,42.001408690586686,373.9028900089092,False,cmp,22136.99062267536,2.2510667706605,26500.9937932495,26502.9937932495,1.9597409068261087,0.0,True,0.39678326374982864,0.005,24150.97166971007,29236.844340731168,24152.975798420794,2013.9810470347113,hurdle_cmp,24489.01274621479,24489.01274621479,22136.99062267536,all normalized constructors
Matched AI Lean root values,pair_d96197fd,10035,9834,0.020029895366218235,1.9997966239576979,0.00020333468048763423,0.00017130298136121513,0.0002033760423022168,0.9997966239576977,0.0,2,1.5933512652015307,0.40624198271386075,0.005,22178.992031365946,27264.864702387044,22180.99616007667,42.001408690586686,373.9028900089092,False,cmp,22136.99062267536,2.2510667706605,26500.9937932495,26502.9937932495,1.9597409068261087,0.0,True,0.39678326374982864,0.005,24150.97166971007,29236.844340731168,24152.975798420794,2013.9810470347113,hurdle_cmp,24489.01274621479,24489.01274621479,22136.99062267536,shared binary core
Matched human Lean root values,pair_d9e524cd,199,146,0.2663316582914573,1.9931506849315068,0.006802401951585666,0.005772108815763112,0.00684931506849315,0.9931506849315068,0.0,2,1.584423140214116,0.40187822964889364,0.005,330.803065239024,405.4082226530078,332.8036010287809,15.960348236869322,398.59052448433806,False,cmp,314.8427170021547,2.1564569657681827,563.8419488582301,563.4743091040128,1.584423140214116,0.07707005743975201,False,0.29484533431526866,0.005,563.4743091040128,638.0794665179966,565.4748448937697,248.6315921018581,hurdle_cmp,314.8427170021547,314.8427170021547,314.8427170021547,all normalized constructors
Matched human Lean root values,pair_d9e524cd,199,146,0.2663316582914573,1.9931506849315068,0.006802401951585666,0.005772108815763112,0.00684931506849315,0.9931506849315068,0.0,2,1.584423140214116,0.40187822964889364,0.005,330.803065239024,405.4082226530078,332.8036010287809,15.960348236869322,398.59052448433806,False,cmp,314.8427170021547,2.1564569657681827,563.8419488582301,563.4743091040128,1.584423140214116,0.07707005743975201,False,0.29484533431526866,0.005,563.4743091040128,638.0794665179966,565.4748448937697,248.6315921018581,hurdle_cmp,314.8427170021547,314.8427170021547,314.8427170021547,shared binary core
Matched AI Lean root values,pair_d9e524cd,199,146,0.2663316582914573,1.9931506849315068,0.006802401951585666,0.005772108815763112,0.00684931506849315,0.9931506849315068,0.0,2,1.584423140214116,0.40187822964889364,0.005,330.803065239024,405.4082226530078,332.8036010287809,15.960348236869322,398.59052448433806,False,cmp,314.8427170021547,2.1564569657681827,563.8419488582301,563.4743091040128,1.584423140214116,0.07707005743975201,False,0.29484533431526866,0.005,563.4743091040128,638.0794665179966,565.4748448937697,248.6315921018581,hurdle_cmp,314.8427170021547,314.8427170021547,314.8427170021547,all normalized constructors
Matched AI Lean root values,pair_d9e524cd,199,146,0.2663316582914573,1.9931506849315068,0.006802401951585666,0.005772108815763112,0.00684931506849315,0.9931506849315068,0.0,2,1.584423140214116,0.40187822964889364,0.005,330.803065239024,405.4082226530078,332.8036010287809,15.960348236869322,398.59052448433806,False,cmp,314.8427170021547,2.1564569657681827,563.8419488582301,563.4743091040128,1.584423140214116,0.07707005743975201,False,0.29484533431526866,0.005,563.4743091040128,638.0794665179966,565.4748448937697,248.6315921018581,hurdle_cmp,314.8427170021547,314.8427170021547,314.8427170021547,shared binary core
Matched human Lean root values,pair_db1d04db,2279,2110,0.0741553312856516,2.0014218009478673,0.002367646728510141,0.0019911820770876316,0.00047393364928909954,0.9976303317535545,0.0018957345971563982,3,1.595532402450296,0.4054154648482783,0.005,4765.131618025704,5856.318955822759,4767.595903698291,79.44222044668277,34.325635432008404,False,cmp,4685.689397579021,2.220705875629868,6170.914674948156,6172.914674948156,1.8530057042562527,0.0,True,0.37265808201622475,0.005,5971.6161059796605,7062.8034437767155,5974.080391652248,1285.9267084006394,hurdle_cmp,4886.987966547516,4886.987966547516,4685.689397579021,all normalized constructors
Matched human Lean root values,pair_db1d04db,2279,2110,0.0741553312856516,2.0014218009478673,0.002367646728510141,0.0019911820770876316,0.00047393364928909954,0.9976303317535545,0.0018957345971563982,3,1.595532402450296,0.4054154648482783,0.005,4765.131618025704,5856.318955822759,4767.595903698291,79.44222044668277,34.325635432008404,False,cmp,4685.689397579021,2.220705875629868,6170.914674948156,6172.914674948156,1.8530057042562527,0.0,True,0.37265808201622475,0.005,5971.6161059796605,7062.8034437767155,5974.080391652248,1285.9267084006394,hurdle_cmp,4886.987966547516,4886.987966547516,4685.689397579021,shared binary core
Matched AI Lean root values,pair_db1d04db,2927,2752,0.05978817902289033,2.0032703488372094,0.0039863978417387785,0.0033458964121315326,0.0003633720930232558,0.9960029069767442,0.003633720930232558,3,1.5980123158847948,0.40489466085938736,0.005,6220.557307050066,7644.626120302537,6222.8119995096495,154.14610674369032,33.36799610519026,False,cmp,6066.411200306376,2.204364534995049,7882.766378109064,7884.766378109064,1.8834984625896822,0.0,True,0.3783268988276437,0.005,7547.810948882135,8971.879762134606,7550.065641341718,1481.3997485757588,hurdle_cmp,6403.366629533305,6403.366629533305,6066.411200306376,all normalized constructors
Matched AI Lean root values,pair_db1d04db,2927,2752,0.05978817902289033,2.0032703488372094,0.0039863978417387785,0.0033458964121315326,0.0003633720930232558,0.9960029069767442,0.003633720930232558,3,1.5980123158847948,0.40489466085938736,0.005,6220.557307050066,7644.626120302537,6222.8119995096495,154.14610674369032,33.36799610519026,False,cmp,6066.411200306376,2.204364534995049,7882.766378109064,7884.766378109064,1.8834984625896822,0.0,True,0.3783268988276437,0.005,7547.810948882135,8971.879762134606,7550.065641341718,1481.3997485757588,hurdle_cmp,6403.366629533305,6403.366629533305,6066.411200306376,shared binary core
Matched human Lean root values,pair_db881e0a,73,57,0.2191780821917808,2.0,0.0,0.0,0.0,1.0,0.0,2,1.5936242600400345,0.40637573995996135,0.005,130.5479308933481,160.03755716766753,132.54846913018204,3.999999999985448,438.7753297440341,False,cmp,126.54793089336266,2.2201391384800466,207.39028493172196,209.3243256562015,1.5936242600400345,0.02006773191492201,False,0.3173070846262712,0.005,209.3243256562015,238.81395193052091,211.32486389303543,82.77639476283883,hurdle_cmp,126.54793089336266,126.54793089336266,126.54793089336266,all normalized constructors
Matched human Lean root values,pair_db881e0a,73,57,0.2191780821917808,2.0,0.0,0.0,0.0,1.0,0.0,2,1.5936242600400345,0.40637573995996135,0.005,130.5479308933481,160.03755716766753,132.54846913018204,3.999999999985448,438.7753297440341,False,cmp,126.54793089336266,2.2201391384800466,207.39028493172196,209.3243256562015,1.5936242600400345,0.02006773191492201,False,0.3173070846262712,0.005,209.3243256562015,238.81395193052091,211.32486389303543,82.77639476283883,hurdle_cmp,126.54793089336266,126.54793089336266,126.54793089336266,shared binary core
Matched AI Lean root values,pair_db881e0a,178,139,0.21910112359550563,1.9928057553956835,0.007142487448889808,0.006062952401237095,0.007194244604316547,0.9928057553956835,0.0,2,1.5839593821891442,0.4016521286022188,0.005,315.01618523369615,385.99992791406476,317.01620140931556,15.861736306949751,398.61075959649946,False,cmp,299.1544489267464,2.152190280048535,502.3110102685746,504.18956732923374,1.5839593821891442,0.017538080345125356,False,0.31364969593094616,0.005,504.18956732923374,575.1733100096023,506.18958350485315,205.03511840248734,hurdle_cmp,299.1544489267464,299.1544489267464,299.1544489267464,all normalized constructors
Matched AI Lean root values,pair_db881e0a,178,139,0.21910112359550563,1.9928057553956835,0.007142487448889808,0.006062952401237095,0.007194244604316547,0.9928057553956835,0.0,2,1.5839593821891442,0.4016521286022188,0.005,315.01618523369615,385.99992791406476,317.01620140931556,15.861736306949751,398.61075959649946,False,cmp,299.1544489267464,2.152190280048535,502.3110102685746,504.18956732923374,1.5839593821891442,0.017538080345125356,False,0.31364969593094616,0.005,504.18956732923374,575.1733100096023,506.18958350485315,205.03511840248734,hurdle_cmp,299.1544489267464,299.1544489267464,299.1544489267464,shared binary core
Matched human Lean root values,pair_dd457978,2646,2449,0.07445200302343159,1.999591670069416,0.0012248230584195252,0.0010321021350151692,0.0008166598611678236,0.9987750102082482,0.0004083299305839118,3,1.5930761392318882,0.40569887097635604,0.005,5525.406888235782,6790.683282197446,5527.410865389568,54.04434516973561,36.775751996843304,False,cmp,5471.362543066047,2.234121087409574,7161.530639611192,7163.530639611192,1.8507180650037793,0.0,True,0.37270922049280214,0.005,6929.816302180873,8195.092696142536,6931.820279334659,1458.4537591148267,hurdle_cmp,5705.076880496365,5705.076880496365,5471.362543066047,all normalized constructors
Matched human Lean root values,pair_dd457978,2646,2449,0.07445200302343159,1.999591670069416,0.0012248230584195252,0.0010321021350151692,0.0008166598611678236,0.9987750102082482,0.0004083299305839118,3,1.5930761392318882,0.40569887097635604,0.005,5525.406888235782,6790.683282197446,5527.410865389568,54.04434516973561,36.775751996843304,False,cmp,5471.362543066047,2.234121087409574,7161.530639611192,7163.530639611192,1.8507180650037793,0.0,True,0.37270922049280214,0.005,6929.816302180873,8195.092696142536,6931.820279334659,1458.4537591148267,hurdle_cmp,5705.076880496365,5705.076880496365,5471.362543066047,shared binary core
Matched AI Lean root values,pair_dd457978,2051,1859,0.09361287176986836,1.9989241527703066,0.0010746897824317442,0.0009062432551768499,0.0010758472296933835,0.9989241527703067,0.0,2,1.5921799858170673,0.4056683197235419,0.005,4193.556370174589,5153.468769495197,4195.558442137052,35.33643476222642,367.33631774314756,False,cmp,4158.219935412362,2.236804698984595,5591.359847886094,5593.359847886094,1.811799122379327,0.0,True,0.3647474079183066,0.005,5470.531574580497,6430.443973901106,5472.533646542961,1312.311639168135,hurdle_cmp,4281.048208717959,4281.048208717959,4158.219935412362,all normalized constructors
Matched AI Lean root values,pair_dd457978,2051,1859,0.09361287176986836,1.9989241527703066,0.0010746897824317442,0.0009062432551768499,0.0010758472296933835,0.9989241527703067,0.0,2,1.5921799858170673,0.4056683197235419,0.005,4193.556370174589,5153.468769495197,4195.558442137052,35.33643476222642,367.33631774314756,False,cmp,4158.219935412362,2.236804698984595,5591.359847886094,5593.359847886094,1.811799122379327,0.0,True,0.3647474079183066,0.005,5470.531574580497,6430.443973901106,5472.533646542961,1312.311639168135,hurdle_cmp,4281.048208717959,4281.048208717959,4158.219935412362,shared binary core
Matched human Lean root values,pair_de1e8e19,6217,5867,0.056297249477239825,2.0,0.0010226691665246293,0.0008613775037223499,0.0005113345832623146,0.9989773308334754,0.0005113345832623146,3,1.5936242600400345,0.40586440537669904,0.005,13235.848765232391,16268.778033380797,13237.903588529021,106.93569900142029,37.37662410172324,False,cmp,13128.91306623097,2.2377557638027903,16698.874630078986,16700.874630078986,1.8874055010455204,0.0,True,0.3805589788703613,0.005,15931.740913142872,18964.67018129128,15933.795736439502,2802.8278469119014,hurdle_cmp,13898.046783167085,13898.046783167085,13128.91306623097,all normalized constructors
Matched human Lean root values,pair_de1e8e19,6217,5867,0.056297249477239825,2.0,0.0010226691665246293,0.0008613775037223499,0.0005113345832623146,0.9989773308334754,0.0005113345832623146,3,1.5936242600400345,0.40586440537669904,0.005,13235.848765232391,16268.778033380797,13237.903588529021,106.93569900142029,37.37662410172324,False,cmp,13128.91306623097,2.2377557638027903,16698.874630078986,16700.874630078986,1.8874055010455204,0.0,True,0.3805589788703613,0.005,15931.740913142872,18964.67018129128,15933.795736439502,2802.8278469119014,hurdle_cmp,13898.046783167085,13898.046783167085,13128.91306623097,shared binary core
Matched AI Lean root values,pair_de1e8e19,6906,6610,0.04286128004633652,2.0013615733736763,0.0019648632132582325,0.0016525496371244727,0.000302571860816944,0.9980332829046898,0.0016641452344931921,3,1.5954515863049803,0.40560741520787486,0.005,14922.047900141517,18341.281980342777,14924.04909897911,203.15294468123466,35.755729512646276,False,cmp,14718.894955460282,2.226761717921374,18446.552533252732,18448.552533252732,1.9155806545033305,0.0,True,0.38618674417887694,0.005,17367.849277205634,20787.083357406897,17369.85047604323,2648.954321745353,hurdle_cmp,15799.598211507378,15799.598211507378,14718.89495546028,all normalized constructors
Matched AI Lean root values,pair_de1e8e19,6906,6610,0.04286128004633652,2.0013615733736763,0.0019648632132582325,0.0016525496371244727,0.000302571860816944,0.9980332829046898,0.0016641452344931921,3,1.5954515863049803,0.40560741520787486,0.005,14922.047900141517,18341.281980342777,14924.04909897911,203.15294468123466,35.755729512646276,False,cmp,14718.894955460282,2.226761717921374,18446.552533252732,18448.552533252732,1.9155806545033305,0.0,True,0.38618674417887694,0.005,17367.849277205634,20787.083357406897,17369.85047604323,2648.954321745353,hurdle_cmp,15799.598211507378,15799.598211507378,14718.89495546028,shared binary core
Matched human Lean root values,pair_de483a80,4780,4525,0.053347280334728034,2.0011049723756904,0.0019877293122920548,0.0016722425028159863,0.0004419889502762431,0.9980110497237569,0.0015469613259668509,3,1.5951072544483726,0.4055557289770372,0.005,10214.844754796686,12554.892679034892,10217.28982579139,143.47946909011807,35.001022128800095,False,cmp,10071.365285706568,2.2257160852390205,12827.535740478881,12829.535740478881,1.8943514644351465,0.0,True,0.3815906553347136,0.005,12207.768090394346,14547.816014632552,12210.213161389049,2136.402804687777,hurdle_cmp,10693.132935791104,10693.132935791104,10071.365285706568,all normalized constructors
Matched human Lean root values,pair_de483a80,4780,4525,0.053347280334728034,2.0011049723756904,0.0019877293122920548,0.0016722425028159863,0.0004419889502762431,0.9980110497237569,0.0015469613259668509,3,1.5951072544483726,0.4055557289770372,0.005,10214.844754796686,12554.892679034892,10217.28982579139,143.47946909011807,35.001022128800095,False,cmp,10071.365285706568,2.2257160852390205,12827.535740478881,12829.535740478881,1.8943514644351465,0.0,True,0.3815906553347136,0.005,12207.768090394346,14547.816014632552,12210.213161389049,2136.402804687777,hurdle_cmp,10693.132935791104,10693.132935791104,10071.365285706568,shared binary core
Matched AI Lean root values,pair_de483a80,3004,2789,0.07157123834886818,2.0007171029042667,0.002150794476224979,0.001810181449836976,0.0007171029042667623,0.9978486912871997,0.0014342058085335247,3,1.5945867346865112,0.40541326531348487,0.005,6295.978764908119,7737.521818203096,6298.031330172801,97.3254005734052,33.9933900762436,False,cmp,6198.653364334714,2.22253616505368,8123.627768547223,8125.627768547223,1.8575233022636484,0.0,True,0.3737042466294357,0.005,7846.146764034315,9287.689817329292,7848.199329298997,1647.4933996996012,hurdle_cmp,6478.134368847622,6478.134368847622,6198.653364334714,all normalized constructors
Matched AI Lean root values,pair_de483a80,3004,2789,0.07157123834886818,2.0007171029042667,0.002150794476224979,0.001810181449836976,0.0007171029042667623,0.9978486912871997,0.0014342058085335247,3,1.5945867346865112,0.40541326531348487,0.005,6295.978764908119,7737.521818203096,6298.031330172801,97.3254005734052,33.9933900762436,False,cmp,6198.653364334714,2.22253616505368,8123.627768547223,8125.627768547223,1.8575233022636484,0.0,True,0.3737042466294357,0.005,7846.146764034315,9287.689817329292,7848.199329298997,1647.4933996996012,hurdle_cmp,6478.134368847622,6478.134368847622,6198.653364334714,shared binary core
Matched human Lean root values,pair_de5a08c0,793,680,0.1424968474148802,1.9985294117647059,0.0014684256055363326,0.0012387920940526642,0.0014705882352941176,0.9985294117647059,0.0,2,1.5916499732377214,0.40540885029168644,0.005,1535.0987512836416,1885.973300926692,1537.0988252981567,19.042714286770206,374.8322880193049,False,cmp,1516.0560369968714,2.2294941720542227,2197.1583899411144,2199.1583899411144,1.7137452711223202,0.0,True,0.3452309782816358,0.005,2186.518528256114,2537.393077899165,2188.5186022706293,670.4624912592429,hurdle_cmp,1528.6958986818713,1528.6958986818713,1516.0560369968712,all normalized constructors
Matched human Lean root values,pair_de5a08c0,793,680,0.1424968474148802,1.9985294117647059,0.0014684256055363326,0.0012387920940526642,0.0014705882352941176,0.9985294117647059,0.0,2,1.5916499732377214,0.40540885029168644,0.005,1535.0987512836416,1885.973300926692,1537.0988252981567,19.042714286770206,374.8322880193049,False,cmp,1516.0560369968714,2.2294941720542227,2197.1583899411144,2199.1583899411144,1.7137452711223202,0.0,True,0.3452309782816358,0.005,2186.518528256114,2537.393077899165,2188.5186022706293,670.4624912592429,hurdle_cmp,1528.6958986818713,1528.6958986818713,1516.0560369968712,shared binary core
Matched AI Lean root values,pair_de5a08c0,138,103,0.2536231884057971,1.9902912621359223,0.00961447827316429,0.008183638286155752,0.009708737864077669,0.9902912621359223,0.0,2,1.5805775033743592,0.40000502089748136,0.005,233.82588750291052,286.1854659614511,235.82618514536742,15.259717665328935,398.6588139678193,False,cmp,218.56616983758158,2.122001648908559,391.14194430193544,392.11936872673505,1.5805775033743592,0.06014906374068093,False,0.2985544721191347,0.005,392.11936872673505,444.4789471852756,394.119666369192,173.5531988891535,hurdle_cmp,218.56616983758155,218.56616983758155,218.56616983758155,all normalized constructors
Matched AI Lean root values,pair_de5a08c0,138,103,0.2536231884057971,1.9902912621359223,0.00961447827316429,0.008183638286155752,0.009708737864077669,0.9902912621359223,0.0,2,1.5805775033743592,0.40000502089748136,0.005,233.82588750291052,286.1854659614511,235.82618514536742,15.259717665328935,398.6588139678193,False,cmp,218.56616983758158,2.122001648908559,391.14194430193544,392.11936872673505,1.5805775033743592,0.06014906374068093,False,0.2985544721191347,0.005,392.11936872673505,444.4789471852756,394.119666369192,173.5531988891535,hurdle_cmp,218.56616983758155,218.56616983758155,218.56616983758155,shared binary core
Matched human Lean root values,pair_debcd118,727,632,0.13067400275103164,2.018987341772152,0.021791379586604716,0.017986695115986905,0.0015822784810126582,0.9778481012658228,0.020569620253164556,3,1.6190543591742383,0.39835070411689666,0.005,1443.1061213186538,1770.798750460849,1445.2753728054986,145.56814711780316,25.373821500462814,False,cmp,1297.5379742008506,2.0530664148747637,2021.665128152679,2023.665128152679,1.7551581843191197,0.0,True,0.34426193419625006,0.005,2008.7724160466605,2336.4650451888556,2010.941667533505,711.2344418458098,hurdle_cmp,1312.4306863068691,1312.4306863068691,1297.5379742008508,all normalized constructors
Matched human Lean root values,pair_debcd118,727,632,0.13067400275103164,2.018987341772152,0.021791379586604716,0.017986695115986905,0.0015822784810126582,0.9778481012658228,0.020569620253164556,3,1.6190543591742383,0.39835070411689666,0.005,1443.1061213186538,1770.798750460849,1445.2753728054986,145.56814711780316,25.373821500462814,False,cmp,1297.5379742008506,2.0530664148747637,2021.665128152679,2023.665128152679,1.7551581843191197,0.0,True,0.34426193419625006,0.005,2008.7724160466605,2336.4650451888556,2010.941667533505,711.2344418458098,hurdle_cmp,1312.4306863068691,1312.4306863068691,1297.5379742008508,shared binary core
Matched AI Lean root values,pair_debcd118,4138,3904,0.05654905751570807,2.0,0.0,0.0,0.0,1.0,0.0,2,1.5936242600400345,0.40637573995996135,0.005,8806.405652765456,10826.186371624106,8808.406091613188,3.9999999990686774,438.8248009062197,False,cmp,8802.405652766387,2.254714562696308,11114.928396811389,11116.928396811389,1.886901884968584,0.0,True,0.38093370672496907,0.005,10607.31511977674,12627.09583863539,10609.315558624472,1804.9094670103539,hurdle_cmp,9312.018929801035,9312.018929801035,8802.405652766387,all normalized constructors
Matched AI Lean root values,pair_debcd118,4138,3904,0.05654905751570807,2.0,0.0,0.0,0.0,1.0,0.0,2,1.5936242600400345,0.40637573995996135,0.005,8806.405652765456,10826.186371624106,8808.406091613188,3.9999999990686774,438.8248009062197,False,cmp,8802.405652766387,2.254714562696308,11114.928396811389,11116.928396811389,1.886901884968584,0.0,True,0.38093370672496907,0.005,10607.31511977674,12627.09583863539,10609.315558624472,1804.9094670103539,hurdle_cmp,9312.018929801035,9312.018929801035,8802.405652766387,shared binary core
Matched human Lean root values,pair_df433d2d,2883,2650,0.08081859174471037,2.000377358490566,0.0018866500533997867,0.00158844913120417,0.0007547169811320754,0.9981132075471698,0.0011320754716981133,3,1.594130759776206,0.405491881733224,0.005,5981.237918659415,7350.746219652887,5983.406171057923,83.44944717228645,34.45204829226322,False,cmp,5897.788471487129,2.225580555278162,7824.201942347098,7826.201942347098,1.8387096774193548,0.0,True,0.36990635093722257,0.005,7602.123827285406,8971.632128278878,7604.2920796839135,1704.335355798277,hurdle_cmp,6121.866586548821,6121.866586548821,5897.788471487129,all normalized constructors
Matched human Lean root values,pair_df433d2d,2883,2650,0.08081859174471037,2.000377358490566,0.0018866500533997867,0.00158844913120417,0.0007547169811320754,0.9981132075471698,0.0011320754716981133,3,1.594130759776206,0.405491881733224,0.005,5981.237918659415,7350.746219652887,5983.406171057923,83.44944717228645,34.45204829226322,False,cmp,5897.788471487129,2.225580555278162,7824.201942347098,7826.201942347098,1.8387096774193548,0.0,True,0.36990635093722257,0.005,7602.123827285406,8971.632128278878,7604.2920796839135,1704.335355798277,hurdle_cmp,6121.866586548821,6121.866586548821,5897.788471487129,shared binary core
Matched AI Lean root values,pair_df433d2d,2895,2628,0.0922279792746114,2.0,0.0015220700152207,0.0012820146662453136,0.00076103500761035,0.9984779299847792,0.00076103500761035,3,1.5936242600400345,0.40561470495235097,0.005,5930.358042673113,7288.363162046145,5933.10748848728,69.44055833638413,35.41266776303303,False,cmp,5860.917484336729,2.2301816911479184,7889.602532761432,7891.602532761432,1.8155440414507773,0.0,True,0.36530911431011537,0.005,7713.723754027205,9071.728873400238,7716.473199841372,1852.8062696904767,hurdle_cmp,6038.796263070955,6038.796263070955,5860.917484336729,all normalized constructors
Matched AI Lean root values,pair_df433d2d,2895,2628,0.0922279792746114,2.0,0.0015220700152207,0.0012820146662453136,0.00076103500761035,0.9984779299847792,0.00076103500761035,3,1.5936242600400345,0.40561470495235097,0.005,5930.358042673113,7288.363162046145,5933.10748848728,69.44055833638413,35.41266776303303,False,cmp,5860.917484336729,2.2301816911479184,7889.602532761432,7891.602532761432,1.8155440414507773,0.0,True,0.36530911431011537,0.005,7713.723754027205,9071.728873400238,7716.473199841372,1852.8062696904767,hurdle_cmp,6038.796263070955,6038.796263070955,5860.917484336729,shared binary core
Matched human Lean root values,pair_e21630bd,12059,11623,0.03615556845509578,2.001462617224469,0.001804623204610172,0.0015176148007827336,0.00017207261464337952,0.9981932375462446,0.0016346898391121053,3,1.5955871709709393,0.40570337363888226,0.005,26237.61114597089,32251.353299569666,26239.61533204624,324.4518958425615,37.1926063522464,False,cmp,25913.15925012833,2.2294725329199285,32109.8333042413,32111.8333042413,1.9290985985570943,0.0,True,0.3892153717251015,0.005,29990.627817657343,36004.36997125612,29992.63200373269,4077.4685675290134,hurdle_cmp,28034.364736712287,28034.364736712287,25913.15925012833,all normalized constructors
Matched human Lean root values,pair_e21630bd,12059,11623,0.03615556845509578,2.001462617224469,0.001804623204610172,0.0015176148007827336,0.00017207261464337952,0.9981932375462446,0.0016346898391121053,3,1.5955871709709393,0.40570337363888226,0.005,26237.61114597089,32251.353299569666,26239.61533204624,324.4518958425615,37.1926063522464,False,cmp,25913.15925012833,2.2294725329199285,32109.8333042413,32111.8333042413,1.9290985985570943,0.0,True,0.3892153717251015,0.005,29990.627817657343,36004.36997125612,29992.63200373269,4077.4685675290134,hurdle_cmp,28034.364736712287,28034.364736712287,25913.15925012833,shared binary core
Matched AI Lean root values,pair_e21630bd,19474,19084,0.020026702269692925,2.0006287989939215,0.0009428031027076578,0.0007935703985010465,0.00015719974848040242,0.9990568015091176,0.0007859987424020121,3,1.5944682244757142,0.40600337476972304,0.005,43058.358225373566,52930.71493594919,43060.36071205301,306.9876380204223,39.22565630465989,False,cmp,42751.37058735314,2.2401682345081295,51438.877949603084,51440.877949603084,1.960562801684297,0.0,True,0.39660481381785045,0.005,46882.83239438367,56755.189104959296,46884.834881063114,4131.461807030532,hurdle_cmp,47309.416142572554,47309.416142572554,42751.37058735314,all normalized constructors
Matched AI Lean root values,pair_e21630bd,19474,19084,0.020026702269692925,2.0006287989939215,0.0009428031027076578,0.0007935703985010465,0.00015719974848040242,0.9990568015091176,0.0007859987424020121,3,1.5944682244757142,0.40600337476972304,0.005,43058.358225373566,52930.71493594919,43060.36071205301,306.9876380204223,39.22565630465989,False,cmp,42751.37058735314,2.2401682345081295,51438.877949603084,51440.877949603084,1.960562801684297,0.0,True,0.39660481381785045,0.005,46882.83239438367,56755.189104959296,46884.834881063114,4131.461807030532,hurdle_cmp,47309.416142572554,47309.416142572554,42751.37058735314,shared binary core
Matched human Lean root values,pair_e23940b8,2201,2019,0.08268968650613358,2.0009905894006934,0.0019801975340260594,0.0016661110854731453,0.0004952947003467063,0.9980188211986132,0.0014858841010401188,3,1.594953757725411,0.4055415369749318,0.005,4558.642693778558,5602.628228825308,4560.652475132484,66.28325766036869,34.8196431533748,False,cmp,4492.3594361181895,2.225041820761857,5978.883947887776,5980.883947887776,1.8355293048614265,0.0,True,0.3692052422285388,0.005,5816.488689814851,6860.4742248616,5818.4984711687775,1324.1292536966616,hurdle_cmp,4656.754694191115,4656.754694191115,4492.3594361181895,all normalized constructors
Matched human Lean root values,pair_e23940b8,2201,2019,0.08268968650613358,2.0009905894006934,0.0019801975340260594,0.0016661110854731453,0.0004952947003467063,0.9980188211986132,0.0014858841010401188,3,1.594953757725411,0.4055415369749318,0.005,4558.642693778558,5602.628228825308,4560.652475132484,66.28325766036869,34.8196431533748,False,cmp,4492.3594361181895,2.225041820761857,5978.883947887776,5980.883947887776,1.8355293048614265,0.0,True,0.3692052422285388,0.005,5816.488689814851,6860.4742248616,5818.4984711687775,1324.1292536966616,hurdle_cmp,4656.754694191115,4656.754694191115,4492.3594361181895,shared binary core
Matched AI Lean root values,pair_e23940b8,267,234,0.12359550561797752,2.0213675213675213,0.020910950398129884,0.01721671526117971,0.0,0.9786324786324786,0.021367521367521368,3,1.6222342981297004,0.3991332232378164,0.005,535.9597940840204,657.6643777027023,537.9615342948598,52.3512252352084,124.29155013659931,False,cmp,483.60856884881196,2.0667032856786838,742.4119967220031,744.4119967220031,1.7715355805243447,0.0,True,0.34776406684997285,0.005,737.6907966255617,859.3953802442436,739.6925368364011,254.08222777674968,hurdle_cmp,490.3297689452534,490.3297689452534,483.608568848812,all normalized constructors
Matched AI Lean root values,pair_e23940b8,267,234,0.12359550561797752,2.0213675213675213,0.020910950398129884,0.01721671526117971,0.0,0.9786324786324786,0.021367521367521368,3,1.6222342981297004,0.3991332232378164,0.005,535.9597940840204,657.6643777027023,537.9615342948598,52.3512252352084,124.29155013659931,False,cmp,483.60856884881196,2.0667032856786838,742.4119967220031,744.4119967220031,1.7715355805243447,0.0,True,0.34776406684997285,0.005,737.6907966255617,859.3953802442436,739.6925368364011,254.08222777674968,hurdle_cmp,490.3297689452534,490.3297689452534,483.608568848812,shared binary core
Matched human Lean root values,pair_e24e2569,20435,20115,0.01565940787863959,2.0002485707183695,0.0007456503677060977,0.0006278810737826551,0.00024857071836937607,0.9992542878448919,0.0004971414367387521,3,1.5939579027318678,0.40604209726812823,0.005,45376.267863119596,55779.55299830923,45382.161954083735,269.119363210164,39.226319368477796,False,cmp,45107.14849990943,2.2424632612433224,53854.88069245245,53856.88069245245,1.9689258624908246,0.0,True,0.39857795267337054,0.005,48673.50786550144,59076.79300069107,48679.401956465575,3566.3593655920076,hurdle_cmp,50290.52132686044,50290.52132686044,45107.14849990943,all normalized constructors
Matched human Lean root values,pair_e24e2569,20433,20113,0.015660940635246905,2.000348033610103,0.0006462270056545159,0.0005441025589088851,0.00014915726147267936,0.9993536518669517,0.0004971908715755978,3,1.5940914008135934,0.40610747553503257,0.005,45372.664949798695,55776.77981303085,45374.66816194333,234.9853830889333,40.48624026160959,False,cmp,45137.67956670976,2.244204224467248,53849.71484824777,53851.71484824777,1.9690207018059023,0.0,True,0.3986482084689704,0.005,48669.8418158199,59073.956679052055,48671.84502796453,3532.162249110138,hurdle_cmp,50319.552599137634,50319.552599137634,45137.67956670976,shared binary core
Matched AI Lean root values,pair_e24e2569,22843,22519,0.014183776211530885,2.0004884763977087,0.0006658655695024291,0.0005605528784880572,8.881389049247302e-05,0.9993338958213065,0.0005772902882010746,3,1.5942798963983706,0.40611976610884165,0.005,50802.988177802144,62453.17198812575,50806.292512552995,265.1921746158041,41.39644331994241,False,cmp,50537.79600318634,2.244229139978966,60157.656112969635,60159.656112969635,1.972113995534737,0.0,True,0.39933505683828624,0.005,54206.0361556463,65856.21996596991,54209.34049039715,3668.2401524599645,hurdle_cmp,56491.41596050967,56491.41596050967,50537.79600318634,all normalized constructors
Matched AI Lean root values,pair_e24e2569,22843,22519,0.014183776211530885,2.0004884763977087,0.0006658655695024291,0.0005605528784880572,8.881389049247302e-05,0.9993338958213065,0.0005772902882010746,3,1.5942798963983706,0.40611976610884165,0.005,50802.988177802144,62453.17198812575,50806.292512552995,265.1921746158041,41.39644331994241,False,cmp,50537.79600318634,2.244229139978966,60157.656112969635,60159.656112969635,1.972113995534737,0.0,True,0.39933505683828624,0.005,54206.0361556463,65856.21996596991,54209.34049039715,3668.2401524599645,hurdle_cmp,56491.41596050967,56491.41596050967,50537.79600318634,shared binary core
Matched human Lean root values,pair_e289753a,548,481,0.12226277372262774,2.004158004158004,0.0041407151594261785,0.0034721122904949374,0.0,0.9958419958419958,0.004158004158004158,3,1.5992027663027264,0.4049552378552736,0.005,1089.2875304125255,1338.3836147390043,1091.330239847444,29.922552799835103,126.86509214191784,False,cmp,1059.3649776126904,2.2024219908787743,1512.2367740799818,1514.2367740799818,1.7591240875912408,0.0,True,0.3528463259498186,0.005,1498.3521200674188,1747.4482043938976,1500.3948295023374,438.9871424547284,hurdle_cmp,1075.2496316252534,1075.2496316252534,1059.3649776126904,all normalized constructors
Matched human Lean root values,pair_e289753a,548,481,0.12226277372262774,2.004158004158004,0.0041407151594261785,0.0034721122904949374,0.0,0.9958419958419958,0.004158004158004158,3,1.5992027663027264,0.4049552378552736,0.005,1089.2875304125255,1338.3836147390043,1091.330239847444,29.922552799835103,126.86509214191784,False,cmp,1059.3649776126904,2.2024219908787743,1512.2367740799818,1514.2367740799818,1.7591240875912408,0.0,True,0.3528463259498186,0.005,1498.3521200674188,1747.4482043938976,1500.3948295023374,438.9871424547284,hurdle_cmp,1075.2496316252534,1075.2496316252534,1059.3649776126904,shared binary core
Matched AI Lean root values,pair_e289753a,283,221,0.21908127208480566,2.0,0.0,0.0,0.0,1.0,0.0,2,1.5936242600400345,0.40637573995996135,0.005,500.4051355689463,614.7421076149916,502.4102412395522,3.999999999970896,438.7914603984407,False,cmp,496.4051355689754,2.2461770840225133,798.2281755674328,799.9755018185807,1.5936242600400345,0.01994623513628647,False,0.31734642590512885,0.005,799.9755018185807,914.312473864626,801.9806074891866,303.5703662496053,hurdle_cmp,496.4051355689754,496.4051355689754,496.4051355689754,all normalized constructors
Matched AI Lean root values,pair_e289753a,283,221,0.21908127208480566,2.0,0.0,0.0,0.0,1.0,0.0,2,1.5936242600400345,0.40637573995996135,0.005,500.4051355689463,614.7421076149916,502.4102412395522,3.999999999970896,438.7914603984407,False,cmp,496.4051355689754,2.2461770840225133,798.2281755674328,799.9755018185807,1.5936242600400345,0.01994623513628647,False,0.31734642590512885,0.005,799.9755018185807,914.312473864626,801.9806074891866,303.5703662496053,hurdle_cmp,496.4051355689754,496.4051355689754,496.4051355689754,shared binary core
Matched human Lean root values,pair_e38bc8a1,4140,3937,0.04903381642512077,2.0066040132080265,0.007068401233576659,0.005911562224404075,0.000254000508001016,0.9928879857759716,0.006858013716027432,3,1.6024818770851466,0.40386813561487467,0.005,8914.390062884033,10953.639883072407,8916.390471270099,345.40299026313005,32.6692484876405,False,cmp,8568.987072620903,2.176527069499848,11108.341517111072,11110.341517111072,1.9082125603864735,0.0,True,0.3821443257959094,0.005,10536.458901766378,12575.708721954754,10538.459310152444,1967.4718291454765,hurdle_cmp,9142.869687965594,9142.869687965594,8568.987072620901,all normalized constructors
Matched human Lean root values,pair_e38bc8a1,4140,3937,0.04903381642512077,2.0066040132080265,0.007068401233576659,0.005911562224404075,0.000254000508001016,0.9928879857759716,0.006858013716027432,3,1.6024818770851466,0.40386813561487467,0.005,8914.390062884033,10953.639883072407,8916.390471270099,345.40299026313005,32.6692484876405,False,cmp,8568.987072620903,2.176527069499848,11108.341517111072,11110.341517111072,1.9082125603864735,0.0,True,0.3821443257959094,0.005,10536.458901766378,12575.708721954754,10538.459310152444,1967.4718291454765,hurdle_cmp,9142.869687965594,9142.869687965594,8568.987072620901,shared binary core
Matched AI Lean root values,pair_e38bc8a1,5760,5542,0.03784722222222222,2.0043305665824613,0.004672693324074509,0.003917467058052907,0.00018044027426921688,0.9953085528690003,0.004511006856730422,3,1.599434164208563,0.4047159620996252,0.005,12531.555640152188,15400.905908760134,12533.55638748634,343.1798085605842,34.55768698541327,False,cmp,12188.375831591604,2.1992738779486833,15364.51631672701,15366.51631672701,1.9284722222222221,0.0,True,0.3876915313462909,0.005,14388.749034696531,17258.09930330448,14390.749782030683,2200.373203104928,hurdle_cmp,13166.143113622082,13166.143113622082,12188.375831591604,all normalized constructors
Matched AI Lean root values,pair_e38bc8a1,5760,5542,0.03784722222222222,2.0043305665824613,0.004672693324074509,0.003917467058052907,0.00018044027426921688,0.9953085528690003,0.004511006856730422,3,1.599434164208563,0.4047159620996252,0.005,12531.555640152188,15400.905908760134,12533.55638748634,343.1798085605842,34.55768698541327,False,cmp,12188.375831591604,2.1992738779486833,15364.51631672701,15366.51631672701,1.9284722222222221,0.0,True,0.3876915313462909,0.005,14388.749034696531,17258.09930330448,14390.749782030683,2200.373203104928,hurdle_cmp,13166.143113622082,13166.143113622082,12188.375831591604,shared binary core
Matched human Lean root values,pair_e39b5195,8493,8308,0.02178264453079006,2.0010832932113627,0.001322851511927989,0.0011129181837695114,0.00012036591237361579,0.9986759749638903,0.001203659123736158,3,1.5950781623166754,0.4058847649823097,0.005,18750.614282100796,23049.13888143749,18752.61708580362,178.4831598426681,38.831264233451556,False,cmp,18572.131122258128,2.2354515072530248,22457.048553106775,22459.048553106775,1.9574944071588367,0.0,True,0.39573271217220646,0.005,20534.41235715547,24832.936956492165,20536.415160858294,1962.2812348973412,hurdle_cmp,20496.767318209433,20496.767318209433,18572.131122258128,all normalized constructors
Matched human Lean root values,pair_e39b5195,8493,8308,0.02178264453079006,2.0010832932113627,0.001322851511927989,0.0011129181837695114,0.00012036591237361579,0.9986759749638903,0.001203659123736158,3,1.5950781623166754,0.4058847649823097,0.005,18750.614282100796,23049.13888143749,18752.61708580362,178.4831598426681,38.831264233451556,False,cmp,18572.131122258128,2.2354515072530248,22457.048553106775,22459.048553106775,1.9574944071588367,0.0,True,0.39573271217220646,0.005,20534.41235715547,24832.936956492165,20536.415160858294,1962.2812348973412,hurdle_cmp,20496.767318209433,20496.767318209433,18572.131122258128,shared binary core
Matched AI Lean root values,pair_e39b5195,205,173,0.15609756097560976,2.046242774566474,0.04410438036686826,0.03538510043404983,0.0,0.953757225433526,0.046242774566473986,3,1.6553645613814951,0.39087821318497373,0.005,401.9693217491035,492.56739748425184,403.96947041679437,68.80582064257032,76.79799819610956,False,cmp,333.1635011065332,1.9258005844308277,580.6355718237115,582.6355718237115,1.726829268292683,0.0,True,0.32886199838831076,0.005,581.5574237204369,672.1554994555852,583.5575723881277,248.39392261390367,hurdle_cmp,334.24164920980786,334.24164920980786,333.1635011065332,all normalized constructors
Matched AI Lean root values,pair_e39b5195,205,173,0.15609756097560976,2.046242774566474,0.04410438036686826,0.03538510043404983,0.0,0.953757225433526,0.046242774566473986,3,1.6553645613814951,0.39087821318497373,0.005,401.9693217491035,492.56739748425184,403.96947041679437,68.80582064257032,76.79799819610956,False,cmp,333.1635011065332,1.9258005844308277,580.6355718237115,582.6355718237115,1.726829268292683,0.0,True,0.32886199838831076,0.005,581.5574237204369,672.1554994555852,583.5575723881277,248.39392261390367,hurdle_cmp,334.24164920980786,334.24164920980786,333.1635011065332,shared binary core
Matched human Lean root values,pair_e45dd21b,7809,7521,0.03688052247406838,2.0014625714665604,0.0025241206905820823,0.0021226830607228206,0.0005318441696582901,0.9974737401941232,0.001994415636218588,3,1.5955871095718794,0.40534361772501853,0.005,16980.708606485678,20869.880979672198,16982.738074146288,288.7873698452022,33.915419857055035,False,cmp,16691.921236640475,2.219375247525658,20803.15347369043,20805.15347369043,1.9276475861185811,0.0,True,0.38855083895252185,0.005,19448.795283908275,23337.967657094796,19450.824751568885,2756.8740472678014,hurdle_cmp,18048.27942642263,18048.27942642263,16691.921236640475,all normalized constructors
Matched human Lean root values,pair_e45dd21b,7809,7521,0.03688052247406838,2.0014625714665604,0.0025241206905820823,0.0021226830607228206,0.0005318441696582901,0.9974737401941232,0.001994415636218588,3,1.5955871095718794,0.40534361772501853,0.005,16980.708606485678,20869.880979672198,16982.738074146288,288.7873698452022,33.915419857055035,False,cmp,16691.921236640475,2.219375247525658,20803.15347369043,20805.15347369043,1.9276475861185811,0.0,True,0.38855083895252185,0.005,19448.795283908275,23337.967657094796,19450.824751568885,2756.8740472678014,hurdle_cmp,18048.27942642263,18048.27942642263,16691.921236640475,shared binary core
Matched AI Lean root values,pair_e45dd21b,9672,9391,0.029052936311000827,1.999893515067618,0.0005324133228695153,0.00044849444532185883,0.0003194547971462038,0.9994675753380896,0.00021296986476413587,3,1.5934813252746063,0.40609273499586146,0.005,21182.00291943322,26037.994342947364,21184.144946888027,96.10814561427105,40.69902167572842,False,cmp,21085.89477381895,2.2453300792055106,25656.384284216074,25658.384284216074,1.9417907361455748,0.0,True,0.39262748736922415,0.005,23726.472090218696,28582.463513732844,23728.614117673504,2640.577316399749,hurdle_cmp,23017.806967816323,23017.806967816323,21085.894773818945,all normalized constructors
Matched AI Lean root values,pair_e45dd21b,9672,9391,0.029052936311000827,1.999893515067618,0.0005324133228695153,0.00044849444532185883,0.0003194547971462038,0.9994675753380896,0.00021296986476413587,3,1.5934813252746063,0.40609273499586146,0.005,21182.00291943322,26037.994342947364,21184.144946888027,96.10814561427105,40.69902167572842,False,cmp,21085.89477381895,2.2453300792055106,25656.384284216074,25658.384284216074,1.9417907361455748,0.0,True,0.39262748736922415,0.005,23726.472090218696,28582.463513732844,23728.614117673504,2640.577316399749,hurdle_cmp,23017.806967816323,23017.806967816323,21085.894773818945,shared binary core
Matched human Lean root values,pair_e4b3d3b7,3589,3424,0.0459738088604068,1.9997079439252337,0.0008760829275482573,0.0007381424042189563,0.0005841121495327102,0.999123831775701,0.0002920560747663551,3,1.5932322245349966,0.4058916072407004,0.005,7724.253172529559,9493.957344538525,7726.760910662774,56.05617043800885,38.43049276233194,False,cmp,7668.1970020915505,2.2395435169659903,9596.635415021101,9598.635415021101,1.907773753134578,0.0,True,0.38501284902690003,0.005,9064.844026032231,10834.548198041197,9067.351764165447,1396.6470239406813,hurdle_cmp,8201.98839108042,8201.98839108042,7668.1970020915505,all normalized constructors
Matched human Lean root values,pair_e4b3d3b7,3589,3424,0.0459738088604068,1.9997079439252337,0.0008760829275482573,0.0007381424042189563,0.0005841121495327102,0.999123831775701,0.0002920560747663551,3,1.5932322245349966,0.4058916072407004,0.005,7724.253172529559,9493.957344538525,7726.760910662774,56.05617043800885,38.43049276233194,False,cmp,7668.1970020915505,2.2395435169659903,9596.635415021101,9598.635415021101,1.907773753134578,0.0,True,0.38501284902690003,0.005,9064.844026032231,10834.548198041197,9067.351764165447,1396.6470239406813,hurdle_cmp,8201.98839108042,8201.98839108042,7668.1970020915505,shared binary core
Matched AI Lean root values,pair_e4b3d3b7,3104,2894,0.06765463917525773,2.0006910850034556,0.0013816924084288492,0.0011629116604067425,0.0003455425017277125,0.9986178299930891,0.0010366275051831375,3,1.5945518170434467,0.4057937254582772,0.005,6531.966698565364,8028.6436600378665,6534.211224533207,69.16595446516294,36.5985551815231,False,cmp,6462.800744100201,2.2331723372841052,8379.698078775524,8381.698078775524,1.8653350515463918,0.0,True,0.37570405454691164,0.005,8070.630051969738,9567.307013442241,8072.874577937581,1607.829307869537,hurdle_cmp,6773.868770905987,6773.868770905987,6462.800744100201,all normalized constructors
Matched AI Lean root values,pair_e4b3d3b7,3104,2894,0.06765463917525773,2.0006910850034556,0.0013816924084288492,0.0011629116604067425,0.0003455425017277125,0.9986178299930891,0.0010366275051831375,3,1.5945518170434467,0.4057937254582772,0.005,6531.966698565364,8028.6436600378665,6534.211224533207,69.16595446516294,36.5985551815231,False,cmp,6462.800744100201,2.2331723372841052,8379.698078775524,8381.698078775524,1.8653350515463918,0.0,True,0.37570405454691164,0.005,8070.630051969738,9567.307013442241,8072.874577937581,1607.829307869537,hurdle_cmp,6773.868770905987,6773.868770905987,6462.800744100201,shared binary core
Matched human Lean root values,pair_e5328112,2341,2140,0.08586074327210594,1.9990654205607477,0.000933706000524063,0.0007872373617945012,0.0009345794392523365,0.9990654205607477,0.0,2,1.5923696519484378,0.4057611891730535,0.005,4827.275355357142,5932.566341854495,4829.2756123363115,35.89978596859146,332.62543004906695,False,cmp,4791.3755693885505,2.238960546443248,6363.421440146604,6365.421440146604,1.8274241777018367,0.0,True,0.3680119096191343,0.005,6200.422534801798,7305.713521299151,6202.422791780968,1409.0469654132473,hurdle_cmp,4956.374474733357,4956.374474733357,4791.3755693885505,all normalized constructors
Matched human Lean root values,pair_e5328112,2341,2140,0.08586074327210594,1.9990654205607477,0.000933706000524063,0.0007872373617945012,0.0009345794392523365,0.9990654205607477,0.0,2,1.5923696519484378,0.4057611891730535,0.005,4827.275355357142,5932.566341854495,4829.2756123363115,35.89978596859146,332.62543004906695,False,cmp,4791.3755693885505,2.238960546443248,6363.421440146604,6365.421440146604,1.8274241777018367,0.0,True,0.3680119096191343,0.005,6200.422534801798,7305.713521299151,6202.422791780968,1409.0469654132473,hurdle_cmp,4956.374474733357,4956.374474733357,4791.3755693885505,shared binary core
Matched AI Lean root values,pair_e5328112,2560,2350,0.08203125,1.9995744680851064,0.0012764146672702586,0.0010755959422459889,0.000851063829787234,0.9987234042553191,0.000425531914893617,3,1.5930530470335835,0.4056703572217315,0.005,5302.139414822471,6516.196990091128,5304.1410461866135,53.79660352654173,36.571897882781805,False,cmp,5248.342811295929,2.233337366508906,6949.411930095548,6951.411930095548,1.835546875,0.0,True,0.3695316228001146,0.005,6756.696590236446,7970.754165505103,6758.698221600589,1508.3537789405168,hurdle_cmp,5443.058151155032,5443.058151155032,5248.34281129593,all normalized constructors
Matched AI Lean root values,pair_e5328112,2560,2350,0.08203125,1.9995744680851064,0.0012764146672702586,0.0010755959422459889,0.000851063829787234,0.9987234042553191,0.000425531914893617,3,1.5930530470335835,0.4056703572217315,0.005,5302.139414822471,6516.196990091128,5304.1410461866135,53.79660352654173,36.571897882781805,False,cmp,5248.342811295929,2.233337366508906,6949.411930095548,6951.411930095548,1.835546875,0.0,True,0.3695316228001146,0.005,6756.696590236446,7970.754165505103,6758.698221600589,1508.3537789405168,hurdle_cmp,5443.058151155032,5443.058151155032,5248.34281129593,shared binary core
Matched human Lean root values,pair_e5e14291,360,291,0.19166666666666668,1.993127147766323,0.006825616135851018,0.005791954789279634,0.006872852233676976,0.993127147766323,0.0,2,1.5843914956763874,0.4018627998562549,0.005,657.350863774013,806.043832884145,659.3509242634598,27.906927042582538,398.5778000752866,False,cmp,629.4439367314304,2.1630375832695203,1009.4071467388895,1011.4071467388895,1.6111111111111112,0.0,True,0.32412694906618816,0.005,1011.1649272898946,1159.8578964000267,1013.1649877793413,381.72099055846417,hurdle_cmp,629.6861561804253,629.6861561804253,629.4439367314305,all normalized constructors
Matched human Lean root values,pair_e5e14291,360,291,0.19166666666666668,1.993127147766323,0.006825616135851018,0.005791954789279634,0.006872852233676976,0.993127147766323,0.0,2,1.5843914956763874,0.4018627998562549,0.005,657.350863774013,806.043832884145,659.3509242634598,27.906927042582538,398.5778000752866,False,cmp,629.4439367314304,2.1630375832695203,1009.4071467388895,1011.4071467388895,1.6111111111111112,0.0,True,0.32412694906618816,0.005,1011.1649272898946,1159.8578964000267,1013.1649877793413,381.72099055846417,hurdle_cmp,629.6861561804253,629.6861561804253,629.4439367314305,shared binary core
Matched AI Lean root values,pair_e5e14291,218,171,0.21559633027522937,1.9941520467836258,0.005813754659553367,0.004927851724738069,0.005847953216374269,0.9941520467836257,0.0,2,1.5857692584157643,0.40253483515148325,0.005,387.1845839768196,474.7234445863598,389.1863538197962,16.277467726831674,399.39184616255244,False,cmp,370.90711624998795,2.169047463450222,614.5518247051816,616.4616204682072,1.5857692584157643,0.013589035614839142,False,0.315749801884879,0.005,616.4616204682072,704.0004810777474,618.4633903111838,245.5545042182193,hurdle_cmp,370.9071162499879,370.9071162499879,370.9071162499879,all normalized constructors
Matched AI Lean root values,pair_e5e14291,218,171,0.21559633027522937,1.9941520467836258,0.005813754659553367,0.004927851724738069,0.005847953216374269,0.9941520467836257,0.0,2,1.5857692584157643,0.40253483515148325,0.005,387.1845839768196,474.7234445863598,389.1863538197962,16.277467726831674,399.39184616255244,False,cmp,370.90711624998795,2.169047463450222,614.5518247051816,616.4616204682072,1.5857692584157643,0.013589035614839142,False,0.315749801884879,0.005,616.4616204682072,704.0004810777474,618.4633903111838,245.5545042182193,hurdle_cmp,370.9071162499879,370.9071162499879,370.9071162499879,shared binary core
Matched human Lean root values,pair_e653c233,4639,4443,0.04225048501832292,2.00067521944632,0.0011249098225660679,0.0009468048537385076,0.00022507314877335134,0.9988746342561332,0.0009002925950934053,3,1.5945305243733785,0.40591962192416414,0.005,10026.57776230355,12324.769563507343,10028.84787452011,86.894867329509,38.00478292567889,False,cmp,9939.682894974041,2.237155726980428,12385.3953759759,12387.3953759759,1.9161457210605735,0.0,True,0.3867122055535387,0.005,11652.520175083382,13950.711976287175,11654.790287299942,1712.8372801093412,hurdle_cmp,10674.55809586656,10674.55809586656,9939.682894974041,all normalized constructors
Matched human Lean root values,pair_e653c233,4639,4443,0.04225048501832292,2.00067521944632,0.0011249098225660679,0.0009468048537385076,0.00022507314877335134,0.9988746342561332,0.0009002925950934053,3,1.5945305243733785,0.40591962192416414,0.005,10026.57776230355,12324.769563507343,10028.84787452011,86.894867329509,38.00478292567889,False,cmp,9939.682894974041,2.237155726980428,12385.3953759759,12387.3953759759,1.9161457210605735,0.0,True,0.3867122055535387,0.005,11652.520175083382,13950.711976287175,11654.790287299942,1712.8372801093412,hurdle_cmp,10674.55809586656,10674.55809586656,9939.682894974041,shared binary core
Matched AI Lean root values,pair_e653c233,3596,3397,0.05533926585094549,2.0035325287017955,0.004108804726399308,0.0034476660955645717,0.00029437739181630853,0.9958787165145717,0.0038269060936120106,3,1.5983639556718447,0.4048741956381303,0.005,7678.963341554125,9437.098263969074,7681.118243433055,192.91168847010704,33.7589791159897,False,cmp,7486.051653084018,2.203724360637038,9666.20233157186,9668.20233157186,1.89265850945495,0.0,True,0.3802215772900926,0.005,9219.662354724916,10977.797277139865,9221.817256603847,1733.6107016408982,hurdle_cmp,7934.591629930961,7934.591629930961,7486.051653084018,all normalized constructors
Matched AI Lean root values,pair_e653c233,3596,3397,0.05533926585094549,2.0035325287017955,0.004108804726399308,0.0034476660955645717,0.00029437739181630853,0.9958787165145717,0.0038269060936120106,3,1.5983639556718447,0.4048741956381303,0.005,7678.963341554125,9437.098263969074,7681.118243433055,192.91168847010704,33.7589791159897,False,cmp,7486.051653084018,2.203724360637038,9666.20233157186,9668.20233157186,1.89265850945495,0.0,True,0.3802215772900926,0.005,9219.662354724916,10977.797277139865,9221.817256603847,1733.6107016408982,hurdle_cmp,7934.591629930961,7934.591629930961,7486.051653084018,shared binary core
Matched human Lean root values,pair_e662ae99,150,105,0.3,2.0,0.0,0.0,0.0,1.0,0.0,2,1.5936242600400345,0.40637573995996135,0.005,238.7988200666939,293.121815835177,240.80959202975225,3.999999999970896,438.81648965854384,False,cmp,234.798820066723,2.236179238730695,426.2425685366791,424.05811068316194,1.5936242600400345,0.12149931755881604,False,0.284463017971973,0.005,424.05811068316194,478.38110645164505,426.0688826462203,189.25929061643893,hurdle_cmp,234.798820066723,234.798820066723,234.798820066723,all normalized constructors
Matched human Lean root values,pair_e662ae99,150,105,0.3,2.0,0.0,0.0,0.0,1.0,0.0,2,1.5936242600400345,0.40637573995996135,0.005,238.7988200666939,293.121815835177,240.80959202975225,3.999999999970896,438.81648965854384,False,cmp,234.798820066723,2.236179238730695,426.2425685366791,424.05811068316194,1.5936242600400345,0.12149931755881604,False,0.284463017971973,0.005,424.05811068316194,478.38110645164505,426.0688826462203,189.25929061643893,hurdle_cmp,234.798820066723,234.798820066723,234.798820066723,shared binary core
Matched AI Lean root values,pair_e662ae99,1277,1100,0.13860610806577917,2.0,0.0018181818181818182,0.0015314247922239474,0.0009090909090909091,0.9981818181818182,0.0009090909090909091,3,1.5936242600400345,0.40546664905087043,0.005,2483.560473772057,3051.8475944637594,2485.5610334089465,36.008623354224255,34.53440003507121,False,cmp,2447.5518504178326,2.225047136743484,3534.3820808670775,3536.3820808670775,1.7227877838684416,0.0,True,0.34681260999770236,0.005,3513.3541174178104,4081.641238109513,3515.3546770547,1065.8022669999777,hurdle_cmp,2470.5798138671,2470.5798138671,2447.5518504178326,all normalized constructors
Matched AI Lean root values,pair_e662ae99,1277,1100,0.13860610806577917,2.0,0.0018181818181818182,0.0015314247922239474,0.0009090909090909091,0.9981818181818182,0.0009090909090909091,3,1.5936242600400345,0.40546664905087043,0.005,2483.560473772057,3051.8475944637594,2485.5610334089465,36.008623354224255,34.53440003507121,False,cmp,2447.5518504178326,2.225047136743484,3534.3820808670775,3536.3820808670775,1.7227877838684416,0.0,True,0.34681260999770236,0.005,3513.3541174178104,4081.641238109513,3515.3546770547,1065.8022669999777,hurdle_cmp,2470.5798138671,2470.5798138671,2447.5518504178326,shared binary core
Matched human Lean root values,pair_e6f73d93,8119,7771,0.04286242148047789,2.001930253506627,0.002441261896461278,0.0020519705459572414,0.0002573671342169605,0.9975550122249389,0.002187620640844164,3,1.5962146222240685,0.40545826414833724,0.005,17547.94344551295,21568.566912997172,17549.945156486247,283.26152479753364,35.47793163958286,False,cmp,17264.681920715415,2.221680854550948,21689.924256108603,21691.924256108603,1.9161226752063063,0.0,True,0.38607599611993226,0.005,20423.04233690828,24443.6658043925,20425.044047881576,3158.3604161928624,hurdle_cmp,18533.56383991574,18533.56383991574,17264.681920715415,all normalized constructors
Matched human Lean root values,pair_e6f73d93,8119,7771,0.04286242148047789,2.001930253506627,0.002441261896461278,0.0020519705459572414,0.0002573671342169605,0.9975550122249389,0.002187620640844164,3,1.5962146222240685,0.40545826414833724,0.005,17547.94344551295,21568.566912997172,17549.945156486247,283.26152479753364,35.47793163958286,False,cmp,17264.681920715415,2.221680854550948,21689.924256108603,21691.924256108603,1.9161226752063063,0.0,True,0.38607599611993226,0.005,20423.04233690828,24443.6658043925,20425.044047881576,3158.3604161928624,hurdle_cmp,18533.56383991574,18533.56383991574,17264.681920715415,shared binary core
Matched AI Lean root values,pair_e6f73d93,9153,8844,0.033759423139954114,2.0021483491632743,0.0025960177935207803,0.0021815373661948504,0.0002261420171867933,0.9973993668023519,0.0023744911804613297,3,1.5965072287272764,0.405414978418807,0.005,19972.85269161615,24549.09386492859,19974.85397763868,337.3223549160175,35.59399899004407,False,cmp,19635.530336700132,2.220209219436921,24350.824668646143,24352.824668646143,1.934556975854911,0.0,True,0.39003111946868535,0.005,22676.39195877998,27252.63313209242,22678.393244802508,3040.861622079846,hurdle_cmp,21311.963046566296,21311.963046566296,19635.530336700132,all normalized constructors
Matched AI Lean root values,pair_e6f73d93,9153,8844,0.033759423139954114,2.0021483491632743,0.0025960177935207803,0.0021815373661948504,0.0002261420171867933,0.9973993668023519,0.0023744911804613297,3,1.5965072287272764,0.405414978418807,0.005,19972.85269161615,24549.09386492859,19974.85397763868,337.3223549160175,35.59399899004407,False,cmp,19635.530336700132,2.220209219436921,24350.824668646143,24352.824668646143,1.934556975854911,0.0,True,0.39003111946868535,0.005,22676.39195877998,27252.63313209242,22678.393244802508,3040.861622079846,hurdle_cmp,21311.963046566296,21311.963046566296,19635.530336700132,shared binary core
Matched human Lean root values,pair_e7575bee,297,274,0.07744107744107744,2.0145985401459856,0.014385422771591458,0.011929061505092787,0.0,0.9854014598540146,0.014598540145985401,3,1.6131863071508494,0.401412232995132,0.005,624.9440419528128,767.2055015772564,626.9442037840981,45.755989552577375,129.2091892086487,False,cmp,579.1880524002354,2.1138250087599832,810.3567914044621,812.3567914044621,1.8585858585858586,0.0,True,0.3681922454572876,0.005,788.793996168213,931.0554557926566,790.7941579994983,209.60594376797758,hurdle_cmp,602.7508476364845,602.7508476364845,579.1880524002354,all normalized constructors
Matched human Lean root values,pair_e7575bee,297,274,0.07744107744107744,2.0145985401459856,0.014385422771591458,0.011929061505092787,0.0,0.9854014598540146,0.014598540145985401,3,1.6131863071508494,0.401412232995132,0.005,624.9440419528128,767.2055015772564,626.9442037840981,45.755989552577375,129.2091892086487,False,cmp,579.1880524002354,2.1138250087599832,810.3567914044621,812.3567914044621,1.8585858585858586,0.0,True,0.3681922454572876,0.005,788.793996168213,931.0554557926566,790.7941579994983,209.60594376797758,hurdle_cmp,602.7508476364845,602.7508476364845,579.1880524002354,shared binary core
Matched AI Lean root values,pair_e7575bee,345,321,0.06956521739130435,2.05607476635514,0.05293038693335664,0.0420415071157791,0.0,0.9439252336448598,0.056074766355140186,3,1.6684080823836567,0.38766668397147847,0.005,747.8679371733726,916.4633083736065,749.8679898981312,142.68973763522808,72.94089853910558,False,cmp,605.1781995381446,1.8852903412403257,950.2725805659097,952.2725805659097,1.9130434782608696,0.0,True,0.360488534031023,0.005,924.1018000188393,1092.6971712190732,926.1018527435979,318.92360048069474,hurdle_cmp,633.348980085215,633.348980085215,605.1781995381446,all normalized constructors
Matched AI Lean root values,pair_e7575bee,345,321,0.06956521739130435,2.05607476635514,0.05293038693335664,0.0420415071157791,0.0,0.9439252336448598,0.056074766355140186,3,1.6684080823836567,0.38766668397147847,0.005,747.8679371733726,916.4633083736065,749.8679898981312,142.68973763522808,72.94089853910558,False,cmp,605.1781995381446,1.8852903412403257,950.2725805659097,952.2725805659097,1.9130434782608696,0.0,True,0.360488534031023,0.005,924.1018000188393,1092.6971712190732,926.1018527435979,318.92360048069474,hurdle_cmp,633.348980085215,633.348980085215,605.1781995381446,shared binary core
Matched human Lean root values,pair_e83bd10d,7164,6821,0.047878280290340594,2.000879636416948,0.002344923351634411,0.0019732218569886405,0.0007330303474563847,0.9976543028881396,0.0016126667644040464,3,1.5948048599664708,0.4053417461030167,0.005,15396.543821457768,18922.142802815062,15398.54595222351,249.60273033252452,33.64890550792993,False,cmp,15146.941091125243,2.2206334981857854,19178.210904931657,19180.210904931657,1.9050809603573422,0.0,True,0.38373061001446557,0.005,18152.671036007923,21678.27001736522,18154.673166773668,3005.72994488268,hurdle_cmp,16174.480960048977,16174.480960048977,15146.941091125243,all normalized constructors
Matched human Lean root values,pair_e83bd10d,7164,6821,0.047878280290340594,2.000879636416948,0.002344923351634411,0.0019732218569886405,0.0007330303474563847,0.9976543028881396,0.0016126667644040464,3,1.5948048599664708,0.4053417461030167,0.005,15396.543821457768,18922.142802815062,15398.54595222351,249.60273033252452,33.64890550792993,False,cmp,15146.941091125243,2.2206334981857854,19178.210904931657,19180.210904931657,1.9050809603573422,0.0,True,0.38373061001446557,0.005,18152.671036007923,21678.27001736522,18154.673166773668,3005.72994488268,hurdle_cmp,16174.480960048977,16174.480960048977,15146.941091125243,shared binary core
Matched AI Lean root values,pair_e83bd10d,8558,8220,0.03949520916101893,2.0010948905109487,0.0018236187330172092,0.0015341957267846285,0.000364963503649635,0.9981751824817519,0.00145985401459854,3,1.5950937252119939,0.4056362017953011,0.005,18553.776091203476,22805.151021749327,18555.858990981433,238.17294364550617,35.61691162763899,False,cmp,18315.60314755797,2.2281755653963464,22822.05455914584,22824.05455914584,1.9220612292591728,0.0,True,0.38766665173442966,0.005,21402.792719365505,25654.16764991136,21404.875619143466,3087.1895718075375,hurdle_cmp,19736.864987338304,19736.864987338304,18315.603147557966,all normalized constructors
Matched AI Lean root values,pair_e83bd10d,8558,8220,0.03949520916101893,2.0010948905109487,0.0018236187330172092,0.0015341957267846285,0.000364963503649635,0.9981751824817519,0.00145985401459854,3,1.5950937252119939,0.4056362017953011,0.005,18553.776091203476,22805.151021749327,18555.858990981433,238.17294364550617,35.61691162763899,False,cmp,18315.60314755797,2.2281755653963464,22822.05455914584,22824.05455914584,1.9220612292591728,0.0,True,0.38766665173442966,0.005,21402.792719365505,25654.16764991136,21404.875619143466,3087.1895718075375,hurdle_cmp,19736.864987338304,19736.864987338304,18315.603147557966,shared binary core
Matched human Lean root values,pair_e8903db6,14168,13894,0.019339356295878036,2.0003598675687346,0.0007915791465493253,0.0006664759444887803,0.00021592054124082338,0.9992082913487836,0.000575788109975529,3,1.5941072840254649,0.4060366630020246,0.005,31344.879251834736,38531.27827909804,31346.993065474107,195.99122279812582,39.211360512706285,False,cmp,31148.88802903661,2.2418949207597962,37408.84102186735,37410.84102186735,1.9616741953698476,0.0,True,0.39692779831806624,0.005,34051.74173841474,41238.14076567805,34053.85555205411,2902.8537093781306,hurdle_cmp,34507.98731248922,34507.98731248922,31148.88802903661,all normalized constructors
Matched human Lean root values,pair_e8903db6,14168,13894,0.019339356295878036,2.0003598675687346,0.0007915791465493253,0.0006664759444887803,0.00021592054124082338,0.9992082913487836,0.000575788109975529,3,1.5941072840254649,0.4060366630020246,0.005,31344.879251834736,38531.27827909804,31346.993065474107,195.99122279812582,39.211360512706285,False,cmp,31148.88802903661,2.2418949207597962,37408.84102186735,37410.84102186735,1.9616741953698476,0.0,True,0.39692779831806624,0.005,34051.74173841474,41238.14076567805,34053.85555205411,2902.8537093781306,hurdle_cmp,34507.98731248922,34507.98731248922,31148.88802903661,shared binary core
Matched AI Lean root values,pair_e8903db6,9096,8902,0.02132805628847845,2.0012356773758704,0.0016834877048826583,0.0014160902269380127,0.00022466861379465288,0.9983149853965401,0.0014603459896652437,3,1.5952826495514318,0.40572835921063966,0.005,20093.557136812284,24698.82725132123,20095.560229167615,237.334377024672,36.813263272584386,False,cmp,19856.22275978761,2.23053502131966,24047.882435293617,24049.882435293617,1.9585532102022867,0.0,True,0.3957925676431344,0.005,21972.309728197502,26577.579842706447,21974.312820552834,2116.0869684098907,hurdle_cmp,21933.795466883726,21933.795466883726,19856.22275978761,all normalized constructors
Matched AI Lean root values,pair_e8903db6,9096,8902,0.02132805628847845,2.0012356773758704,0.0016834877048826583,0.0014160902269380127,0.00022466861379465288,0.9983149853965401,0.0014603459896652437,3,1.5952826495514318,0.40572835921063966,0.005,20093.557136812284,24698.82725132123,20095.560229167615,237.334377024672,36.813263272584386,False,cmp,19856.22275978761,2.23053502131966,24047.882435293617,24049.882435293617,1.9585532102022867,0.0,True,0.3957925676431344,0.005,21972.309728197502,26577.579842706447,21974.312820552834,2116.0869684098907,hurdle_cmp,21933.795466883726,21933.795466883726,19856.22275978761,shared binary core
Matched human Lean root values,pair_e8d98c67,98,70,0.2857142857142857,2.0,0.0,0.0,0.0,1.0,0.0,2,1.5936242600400345,0.40637573995996135,0.005,159.86588004446259,196.08121055678467,161.87697669685085,4.000000000029104,438.7804373603233,False,cmp,155.86588004443348,2.2266554292061924,279.1716209755473,279.126719407173,1.5936242600400345,0.10357073220287351,False,0.2902683856856867,0.005,279.126719407173,315.3420499194951,281.13781605956126,123.26083936273952,hurdle_cmp,155.8658800444335,155.8658800444335,155.8658800444335,all normalized constructors
Matched human Lean root values,pair_e8d98c67,98,70,0.2857142857142857,2.0,0.0,0.0,0.0,1.0,0.0,2,1.5936242600400345,0.40637573995996135,0.005,159.86588004446259,196.08121055678467,161.87697669685085,4.000000000029104,438.7804373603233,False,cmp,155.86588004443348,2.2266554292061924,279.1716209755473,279.126719407173,1.5936242600400345,0.10357073220287351,False,0.2902683856856867,0.005,279.126719407173,315.3420499194951,281.13781605956126,123.26083936273952,hurdle_cmp,155.8658800444335,155.8658800444335,155.8658800444335,shared binary core
Matched AI Lean root values,pair_e8d98c67,296,256,0.13513513513513514,1.99609375,0.0038909912109375,0.003291157901822487,0.00390625,0.99609375,0.0,2,1.5883785615230035,0.4038089384769925,0.005,578.8805081001466,710.3944615838527,580.9805012359554,17.086443542764755,370.1248932718774,False,cmp,561.7940645573818,2.1945080646772728,819.4827032165758,821.4827032165758,1.7263513513513513,0.0,True,0.3465928347045255,0.005,815.3320971573394,946.8460506410456,817.4320902931483,253.5380325999576,hurdle_cmp,567.9446706166182,567.9446706166182,561.7940645573817,all normalized constructors
Matched AI Lean root values,pair_e8d98c67,296,256,0.13513513513513514,1.99609375,0.0038909912109375,0.003291157901822487,0.00390625,0.99609375,0.0,2,1.5883785615230035,0.4038089384769925,0.005,578.8805081001466,710.3944615838527,580.9805012359554,17.086443542764755,370.1248932718774,False,cmp,561.7940645573818,2.1945080646772728,819.4827032165758,821.4827032165758,1.7263513513513513,0.0,True,0.3465928347045255,0.005,815.3320971573394,946.8460506410456,817.4320902931483,253.5380325999576,hurdle_cmp,567.9446706166182,567.9446706166182,561.7940645573817,shared binary core
Matched human Lean root values,pair_e970e4c4,3510,3219,0.0829059829059829,1.9987573780677228,0.0012410778230105286,0.001046739838511599,0.0012426219322771047,0.9987573780677229,0.0,2,1.591956066017451,0.4055586901179909,0.005,7259.753975963593,8921.415432656282,7261.769775584924,65.51928081386723,363.444721370564,False,cmp,7194.234695149726,2.234928454535485,9529.18069524942,9531.18069524942,1.8330484330484331,0.0,True,0.36903054319347156,0.005,9268.140486516637,10929.801943209324,9270.156286137968,2073.9057913669103,hurdle_cmp,7457.27490388251,7457.27490388251,7194.234695149727,all normalized constructors
Matched human Lean root values,pair_e970e4c4,3510,3219,0.0829059829059829,1.9987573780677228,0.0012410778230105286,0.001046739838511599,0.0012426219322771047,0.9987573780677229,0.0,2,1.591956066017451,0.4055586901179909,0.005,7259.753975963593,8921.415432656282,7261.769775584924,65.51928081386723,363.444721370564,False,cmp,7194.234695149726,2.234928454535485,9529.18069524942,9531.18069524942,1.8330484330484331,0.0,True,0.36903054319347156,0.005,9268.140486516637,10929.801943209324,9270.156286137968,2073.9057913669103,hurdle_cmp,7457.27490388251,7457.27490388251,7194.234695149727,shared binary core
Matched AI Lean root values,pair_e970e4c4,4264,3976,0.0675422138836773,2.000503018108652,0.002514837516041925,0.002117059981606731,0.001006036217303823,0.9974849094567404,0.0015090543259557343,3,1.5942994132322594,0.40519756865908463,0.005,8974.55526600549,11028.584845455978,8976.599593956436,157.14399217476603,33.03118279639487,False,cmp,8817.411273830723,2.217658771084186,11511.427378993754,11513.427378993754,1.8653846153846154,0.0,True,0.3751862428001293,0.005,11084.9711752207,13139.00075467119,11087.015503171648,2267.5599013899773,hurdle_cmp,9245.867477603777,9245.867477603777,8817.411273830723,all normalized constructors
Matched AI Lean root values,pair_e970e4c4,4264,3976,0.0675422138836773,2.000503018108652,0.002514837516041925,0.002117059981606731,0.001006036217303823,0.9974849094567404,0.0015090543259557343,3,1.5942994132322594,0.40519756865908463,0.005,8974.55526600549,11028.584845455978,8976.599593956436,157.14399217476603,33.03118279639487,False,cmp,8817.411273830723,2.217658771084186,11511.427378993754,11513.427378993754,1.8653846153846154,0.0,True,0.3751862428001293,0.005,11084.9711752207,13139.00075467119,11087.015503171648,2267.5599013899773,hurdle_cmp,9245.867477603777,9245.867477603777,8817.411273830723,shared binary core
Matched human Lean root values,pair_eabc1c29,4182,3949,0.05571496891439503,2.0020258293238795,0.0030346400013697037,0.0025504647866692394,0.0005064573309698658,0.9969612560141808,0.0025322866548493288,3,1.5963428526841477,0.40517651930875775,0.005,8919.620704448484,10962.03512389484,8921.6951729295,177.88843473850284,33.444613860460976,False,cmp,8741.73226970998,2.213657196685232,11238.082751631935,11240.082751631935,1.8904830224772835,0.0,True,0.3802664188913039,0.005,10719.969072469385,12762.383491915742,10722.0435409504,1978.2368027594032,hurdle_cmp,9261.845948872531,9261.845948872531,8741.73226970998,all normalized constructors
Matched human Lean root values,pair_eabc1c29,4182,3949,0.05571496891439503,2.0020258293238795,0.0030346400013697037,0.0025504647866692394,0.0005064573309698658,0.9969612560141808,0.0025322866548493288,3,1.5963428526841477,0.40517651930875775,0.005,8919.620704448484,10962.03512389484,8921.6951729295,177.88843473850284,33.444613860460976,False,cmp,8741.73226970998,2.213657196685232,11238.082751631935,11240.082751631935,1.8904830224772835,0.0,True,0.3802664188913039,0.005,10719.969072469385,12762.383491915742,10722.0435409504,1978.2368027594032,hurdle_cmp,9261.845948872531,9261.845948872531,8741.73226970998,shared binary core
Matched AI Lean root values,pair_eabc1c29,5673,5463,0.0370174510840825,2.0007321984257733,0.001463860737012064,0.0012320147499724325,0.0003660992128866923,0.9985356031484532,0.001098297638660077,3,1.5946069937188725,0.4057591054940101,0.005,12328.984529906924,15154.19590317944,12331.061365790953,133.40663103415864,36.312961711761254,False,cmp,12195.577898872765,2.23239573473783,15110.096980309527,15112.096980309527,1.9266701921381986,0.0,True,0.38884777073531934,0.005,14127.586776141208,16952.798149413724,14129.663612025237,1932.0088772684421,hurdle_cmp,13180.088103041086,13180.088103041086,12195.577898872765,all normalized constructors
Matched AI Lean root values,pair_eabc1c29,5673,5463,0.0370174510840825,2.0007321984257733,0.001463860737012064,0.0012320147499724325,0.0003660992128866923,0.9985356031484532,0.001098297638660077,3,1.5946069937188725,0.4057591054940101,0.005,12328.984529906924,15154.19590317944,12331.061365790953,133.40663103415864,36.312961711761254,False,cmp,12195.577898872765,2.23239573473783,15110.096980309527,15112.096980309527,1.9266701921381986,0.0,True,0.38884777073531934,0.005,14127.586776141208,16952.798149413724,14129.663612025237,1932.0088772684421,hurdle_cmp,13180.088103041086,13180.088103041086,12195.577898872765,shared binary core
Matched human Lean root values,pair_eb63c4a0,2932,2734,0.06753069577080491,2.0007315288953915,0.002194051551649311,0.0018465594113269278,0.000731528895391368,0.9978054133138259,0.001463057790782736,3,1.5946060951732501,0.40539390482674575,0.005,6171.941263441403,7585.02942406436,6173.948368695307,97.0861321167904,33.894869875541104,False,cmp,6074.855131324613,2.2219660319402386,7916.0285663291215,7918.0285663291215,1.8656207366984994,0.0,True,0.3753855238173643,0.005,7623.5471262483925,9036.63528687135,7625.554231502297,1548.6919949237802,hurdle_cmp,6369.336571405342,6369.336571405342,6074.855131324613,all normalized constructors
Matched human Lean root values,pair_eb63c4a0,2932,2734,0.06753069577080491,2.0007315288953915,0.002194051551649311,0.0018465594113269278,0.000731528895391368,0.9978054133138259,0.001463057790782736,3,1.5946060951732501,0.40539390482674575,0.005,6171.941263441403,7585.02942406436,6173.948368695307,97.0861321167904,33.894869875541104,False,cmp,6074.855131324613,2.2219660319402386,7916.0285663291215,7918.0285663291215,1.8656207366984994,0.0,True,0.3753855238173643,0.005,7623.5471262483925,9036.63528687135,7625.554231502297,1548.6919949237802,hurdle_cmp,6369.336571405342,6369.336571405342,6074.855131324613,shared binary core
Matched AI Lean root values,pair_eb63c4a0,2168,1979,0.08717712177121771,1.9994946942900456,0.0015156617960030547,0.0012773119935238337,0.001010611419909045,0.9984840828701365,0.0005053057099545225,3,1.5929459562933623,0.40553812657677013,0.005,4465.450183372202,5487.5665342347,4467.661573700504,52.764942935231375,35.72316334436291,False,cmp,4412.685240436971,2.2297550482248463,5897.197118683287,5899.197118683287,1.8251845018450183,0.0,True,0.367285931395294,0.005,5750.722333042854,6772.838683905352,5752.933723371156,1338.0370926058831,hurdle_cmp,4561.160026077404,4561.160026077404,4412.685240436971,all normalized constructors
Matched AI Lean root values,pair_eb63c4a0,2168,1979,0.08717712177121771,1.9994946942900456,0.0015156617960030547,0.0012773119935238337,0.001010611419909045,0.9984840828701365,0.0005053057099545225,3,1.5929459562933623,0.40553812657677013,0.005,4465.450183372202,5487.5665342347,4467.661573700504,52.764942935231375,35.72316334436291,False,cmp,4412.685240436971,2.2297550482248463,5897.197118683287,5899.197118683287,1.8251845018450183,0.0,True,0.367285931395294,0.005,5750.722333042854,6772.838683905352,5752.933723371156,1338.0370926058831,hurdle_cmp,4561.160026077404,4561.160026077404,4412.685240436971,shared binary core
Matched human Lean root values,pair_ebc61bc9,7248,6932,0.04359823399558499,2.003462204270052,0.004315768479157349,0.0036216009694033623,0.00043277553375649163,0.9956722446624351,0.0038949798038084246,3,1.5982696375438368,0.4047597911924545,0.005,15667.96033773406,19254.814612558017,15669.96111849532,409.93735122540966,32.764063483680864,False,cmp,15258.022986508651,2.2010996806850334,19380.23730279867,19382.23730279867,1.9161147902869757,0.0,True,0.38517483569214545,0.005,18267.869412153737,21854.723686977693,18269.870192914994,3009.8464256450848,hurdle_cmp,16372.390877153584,16372.390877153584,15258.022986508653,all normalized constructors
Matched human Lean root values,pair_ebc61bc9,7248,6932,0.04359823399558499,2.003462204270052,0.004315768479157349,0.0036216009694033623,0.00043277553375649163,0.9956722446624351,0.0038949798038084246,3,1.5982696375438368,0.4047597911924545,0.005,15667.96033773406,19254.814612558017,15669.96111849532,409.93735122540966,32.764063483680864,False,cmp,15258.022986508651,2.2010996806850334,19380.23730279867,19382.23730279867,1.9161147902869757,0.0,True,0.38517483569214545,0.005,18267.869412153737,21854.723686977693,18269.870192914994,3009.8464256450848,hurdle_cmp,16372.390877153584,16372.390877153584,15258.022986508653,shared binary core
Matched AI Lean root values,pair_ebc61bc9,982,871,0.11303462321792261,1.997703788748565,0.002290938665323916,0.0019344019451282052,0.002296211251435132,0.9977037887485649,0.0,2,1.5905412633835487,0.4048663141135771,0.005,1965.3901764133836,2414.149889497529,1967.390274285121,32.30138324358268,374.2808220317521,False,cmp,1933.088793169801,2.219390118449829,2695.958988000886,2697.958988000886,1.7718940936863543,0.0,True,0.356180282112153,0.005,2660.3154776531564,3109.075190737302,2662.315575524894,727.2266844833557,hurdle_cmp,1970.7323035175305,1970.7323035175305,1933.0887931698007,all normalized constructors
Matched AI Lean root values,pair_ebc61bc9,982,871,0.11303462321792261,1.997703788748565,0.002290938665323916,0.0019344019451282052,0.002296211251435132,0.9977037887485649,0.0,2,1.5905412633835487,0.4048663141135771,0.005,1965.3901764133836,2414.149889497529,1967.390274285121,32.30138324358268,374.2808220317521,False,cmp,1933.088793169801,2.219390118449829,2695.958988000886,2697.958988000886,1.7718940936863543,0.0,True,0.356180282112153,0.005,2660.3154776531564,3109.075190737302,2662.315575524894,727.2266844833557,hurdle_cmp,1970.7323035175305,1970.7323035175305,1933.0887931698007,shared binary core
Matched human Lean root values,pair_ec20e9b4,1102,992,0.0998185117967332,2.0,0.0020161290322580645,0.0016981524913773612,0.0010080645161290322,0.9979838709677419,0.0010080645161290322,3,1.5936242600400345,0.4053676754438323,0.005,2239.995973132029,2752.408012461863,2242.0022377450737,35.594857572126784,34.02361138686935,False,cmp,2204.4011155599023,2.222178543911192,3012.877369459537,3014.877369459537,1.8003629764065336,0.0,True,0.3620029436454024,0.005,2957.599553131653,3470.011592461487,2959.6058177446976,753.1984375717506,hurdle_cmp,2261.6789318877863,2261.6789318877863,2204.4011155599023,all normalized constructors
Matched human Lean root values,pair_ec20e9b4,1102,992,0.0998185117967332,2.0,0.0020161290322580645,0.0016981524913773612,0.0010080645161290322,0.9979838709677419,0.0010080645161290322,3,1.5936242600400345,0.4053676754438323,0.005,2239.995973132029,2752.408012461863,2242.0022377450737,35.594857572126784,34.02361138686935,False,cmp,2204.4011155599023,2.222178543911192,3012.877369459537,3014.877369459537,1.8003629764065336,0.0,True,0.3620029436454024,0.005,2957.599553131653,3470.011592461487,2959.6058177446976,753.1984375717506,hurdle_cmp,2261.6789318877863,2261.6789318877863,2204.4011155599023,shared binary core
Matched AI Lean root values,pair_ec20e9b4,5874,5720,0.026217228464419477,2.002097902097902,0.0024431512543400652,0.002053188776226741,0.00017482517482517483,0.9975524475524475,0.0022727272727272726,3,1.596439548103932,0.4054835288191408,0.005,12917.869803290127,15877.830449319845,12919.87226776671,207.5252990537556,36.33755851303306,False,cmp,12710.344504236371,2.222088200041324,15571.416959411006,15573.416959411006,1.9496084439904664,0.0,True,0.39342968245565413,0.005,14345.328857449584,17305.289503479304,14347.331321926167,1634.9843532132134,hurdle_cmp,13938.432606197794,13938.432606197794,12710.344504236371,all normalized constructors
Matched AI Lean root values,pair_ec20e9b4,5874,5720,0.026217228464419477,2.002097902097902,0.0024431512543400652,0.002053188776226741,0.00017482517482517483,0.9975524475524475,0.0022727272727272726,3,1.596439548103932,0.4054835288191408,0.005,12917.869803290127,15877.830449319845,12919.87226776671,207.5252990537556,36.33755851303306,False,cmp,12710.344504236371,2.222088200041324,15571.416959411006,15573.416959411006,1.9496084439904664,0.0,True,0.39342968245565413,0.005,14345.328857449584,17305.289503479304,14347.331321926167,1634.9843532132134,hurdle_cmp,13938.432606197794,13938.432606197794,12710.344504236371,shared binary core
Matched human Lean root values,pair_ec7f806f,7459,7149,0.04156053090226572,2.0015386767380052,0.0023755874326314083,0.001997609191682571,0.000419639110365086,0.9976220450412645,0.0019583158483704012,3,1.5956892285425244,0.4054298090851117,0.005,16140.952580810113,19838.477557047314,16143.36996712751,259.2150104190223,34.545648977126575,False,cmp,15881.737570391091,2.2215327416968935,19913.527941877364,19915.527941877364,1.9183536667113554,0.0,True,0.3865932013419824,0.005,18721.861216617694,22419.386192854894,18724.27860293509,2840.1236462266015,hurdle_cmp,17075.404295650762,17075.404295650762,15881.737570391091,all normalized constructors
Matched human Lean root values,pair_ec7f806f,7459,7149,0.04156053090226572,2.0015386767380052,0.0023755874326314083,0.001997609191682571,0.000419639110365086,0.9976220450412645,0.0019583158483704012,3,1.5956892285425244,0.4054298090851117,0.005,16140.952580810113,19838.477557047314,16143.36996712751,259.2150104190223,34.545648977126575,False,cmp,15881.737570391091,2.2215327416968935,19913.527941877364,19915.527941877364,1.9183536667113554,0.0,True,0.3865932013419824,0.005,18721.861216617694,22419.386192854894,18724.27860293509,2840.1236462266015,hurdle_cmp,17075.404295650762,17075.404295650762,15881.737570391091,shared binary core
Matched AI Lean root values,pair_ec7f806f,3554,3306,0.06978052898142938,2.000302480338778,0.0015123101995345503,0.0012733794541119347,0.0006049606775559589,0.9984875983061101,0.0009074410163339383,3,1.5940302600621703,0.40566725959904754,0.005,7460.666800415069,9169.564458868537,7462.6703970601275,85.66311470381333,35.54490451007493,False,cmp,7375.0036857112555,2.2307936133427875,9602.042624946298,9604.042624946298,1.8607203151378728,0.0,True,0.37467191436751207,0.005,9261.49456760562,10970.392226059088,9263.49816425068,1886.490881894365,hurdle_cmp,7717.551743051933,7717.551743051933,7375.003685711255,all normalized constructors
Matched AI Lean root values,pair_ec7f806f,3554,3306,0.06978052898142938,2.000302480338778,0.0015123101995345503,0.0012733794541119347,0.0006049606775559589,0.9984875983061101,0.0009074410163339383,3,1.5940302600621703,0.40566725959904754,0.005,7460.666800415069,9169.564458868537,7462.6703970601275,85.66311470381333,35.54490451007493,False,cmp,7375.0036857112555,2.2307936133427875,9602.042624946298,9604.042624946298,1.8607203151378728,0.0,True,0.37467191436751207,0.005,9261.49456760562,10970.392226059088,9263.49816425068,1886.490881894365,hurdle_cmp,7717.551743051933,7717.551743051933,7375.003685711255,shared binary core
Matched human Lean root values,pair_ec8eb018,4307,4035,0.06315300673322498,2.0029739776951674,0.0044521219994195765,0.0037379805289841687,0.0007434944237918215,0.995539033457249,0.0037174721189591076,3,1.5976147922764543,0.4046156909949171,0.005,9119.425569601277,11206.013209192472,9121.426690939406,250.9858329067938,31.543767701590728,False,cmp,8868.439736694483,2.1978784973220526,11614.911830610681,11616.911830610681,1.87648014859531,0.0,True,0.37662052667023294,0.005,11150.508457110685,13237.09609670188,11152.509578448815,2282.068720416203,hurdle_cmp,9334.843110194477,9334.843110194477,8868.439736694483,all normalized constructors
Matched human Lean root values,pair_ec8eb018,4307,4035,0.06315300673322498,2.0029739776951674,0.0044521219994195765,0.0037379805289841687,0.0007434944237918215,0.995539033457249,0.0037174721189591076,3,1.5976147922764543,0.4046156909949171,0.005,9119.425569601277,11206.013209192472,9121.426690939406,250.9858329067938,31.543767701590728,False,cmp,8868.439736694483,2.1978784973220526,11614.911830610681,11616.911830610681,1.87648014859531,0.0,True,0.37662052667023294,0.005,11150.508457110685,13237.09609670188,11152.509578448815,2282.068720416203,hurdle_cmp,9334.843110194477,9334.843110194477,8868.439736694483,shared binary core
Matched AI Lean root values,pair_ec8eb018,10922,10628,0.026918146859549533,2.002822732404968,0.0033793110677315555,0.002837714205208284,0.0002822732404968009,0.9966127211140384,0.0031050056454648097,3,1.597411915849911,0.40512854331455617,0.005,24010.86866847025,29510.619489472334,24012.93436351246,506.04656376037747,34.38170632783183,False,cmp,23504.822104709874,2.2115941009324307,28968.847298409077,28970.847298409077,1.9489104559604469,0.0,True,0.3928180466160512,0.005,26718.476066203206,32218.22688720529,26720.541761245415,3213.6539614933326,hurdle_cmp,25757.193336915745,25757.193336915745,23504.822104709874,all normalized constructors
Matched AI Lean root values,pair_ec8eb018,10922,10628,0.026918146859549533,2.002822732404968,0.0033793110677315555,0.002837714205208284,0.0002822732404968009,0.9966127211140384,0.0031050056454648097,3,1.597411915849911,0.40512854331455617,0.005,24010.86866847025,29510.619489472334,24012.93436351246,506.04656376037747,34.38170632783183,False,cmp,23504.822104709874,2.2115941009324307,28968.847298409077,28970.847298409077,1.9489104559604469,0.0,True,0.3928180466160512,0.005,26718.476066203206,32218.22688720529,26720.541761245415,3213.6539614933326,hurdle_cmp,25757.193336915745,25757.193336915745,23504.822104709874,shared binary core
Matched human Lean root values,pair_edc1fe33,4529,4242,0.0633693972179289,2.000707213578501,0.0025926163034569773,0.002182056873050959,0.000942951438000943,0.9974068835454974,0.0016501650165016502,3,1.5945734626205728,0.4051907995199232,0.005,9575.7098737345,11767.479182379102,9577.710404356963,171.3997387943673,32.97005224957042,False,cmp,9404.310134940133,2.21695194128716,12206.239890265328,12208.239890265328,1.873923603444469,0.0,True,0.37695252069058544,0.005,11716.662441223321,13908.431749867923,11718.662971845784,2312.352306283188,hurdle_cmp,9895.88758398214,9895.88758398214,9404.310134940133,all normalized constructors
Matched human Lean root values,pair_edc1fe33,4529,4242,0.0633693972179289,2.000707213578501,0.0025926163034569773,0.002182056873050959,0.000942951438000943,0.9974068835454974,0.0016501650165016502,3,1.5945734626205728,0.4051907995199232,0.005,9575.7098737345,11767.479182379102,9577.710404356963,171.3997387943673,32.97005224957042,False,cmp,9404.310134940133,2.21695194128716,12206.239890265328,12208.239890265328,1.873923603444469,0.0,True,0.37695252069058544,0.005,11716.662441223321,13908.431749867923,11718.662971845784,2312.352306283188,hurdle_cmp,9895.88758398214,9895.88758398214,9404.310134940133,shared binary core
Matched AI Lean root values,pair_edc1fe33,3048,2834,0.07020997375328084,2.0021171489061396,0.0035240991907421184,0.0029615404648901302,0.0007057163020465773,0.9964714184897672,0.0028228652081863093,3,1.596465370036725,0.40494606256736365,0.005,6402.5153015464175,7867.827860262728,6404.515709677744,146.90991173594375,32.355936082176676,False,cmp,6255.605389810474,2.2073413513798426,8241.817516025696,8243.817516025696,1.8615485564304461,0.0,True,0.3739093554495102,0.005,7954.007221989167,9419.319780705478,7956.007630120494,1698.4018321786934,hurdle_cmp,6545.415683847003,6545.415683847003,6255.605389810474,all normalized constructors
Matched AI Lean root values,pair_edc1fe33,3048,2834,0.07020997375328084,2.0021171489061396,0.0035240991907421184,0.0029615404648901302,0.0007057163020465773,0.9964714184897672,0.0028228652081863093,3,1.596465370036725,0.40494606256736365,0.005,6402.5153015464175,7867.827860262728,6404.515709677744,146.90991173594375,32.355936082176676,False,cmp,6255.605389810474,2.2073413513798426,8241.817516025696,8243.817516025696,1.8615485564304461,0.0,True,0.3739093554495102,0.005,7954.007221989167,9419.319780705478,7956.007630120494,1698.4018321786934,hurdle_cmp,6545.415683847003,6545.415683847003,6255.605389810474,shared binary core
Matched human Lean root values,pair_ee1554cd,4645,4372,0.05877287405812702,2.0009149130832573,0.002286445642192811,0.0019239406383842648,0.0006861848124428179,0.9977127172918573,0.0016010978956999085,3,1.5948522013079234,0.4053765269628869,0.005,9869.342343060674,12129.301242087256,9871.342877191968,157.8022122150287,33.829957188301194,False,cmp,9711.540130845646,2.2213037810717395,12494.54248609376,12496.54248609376,1.8833153928955866,0.0,True,0.37909042809393895,0.005,11948.378306735061,14208.337205761643,11950.378840866355,2236.838175889416,hurdle_cmp,10259.704310204344,10259.704310204344,9711.540130845646,all normalized constructors
Matched human Lean root values,pair_ee1554cd,4645,4372,0.05877287405812702,2.0009149130832573,0.002286445642192811,0.0019239406383842648,0.0006861848124428179,0.9977127172918573,0.0016010978956999085,3,1.5948522013079234,0.4053765269628869,0.005,9869.342343060674,12129.301242087256,9871.342877191968,157.8022122150287,33.829957188301194,False,cmp,9711.540130845646,2.2213037810717395,12494.54248609376,12496.54248609376,1.8833153928955866,0.0,True,0.37909042809393895,0.005,11948.378306735061,14208.337205761643,11950.378840866355,2236.838175889416,hurdle_cmp,10259.704310204344,10259.704310204344,9711.540130845646,shared binary core
Matched AI Lean root values,pair_ee1554cd,4364,4053,0.07126489459211732,2.001233654083395,0.0027125170810715577,0.002281678252976272,0.0007401924500370096,0.997285961016531,0.0019738465334320256,3,1.59527993450421,0.4052135271291443,0.005,9151.188066663583,11246.230480809234,9153.188659250882,168.86606021469925,33.12476894709119,False,cmp,8982.322006448883,2.2162156443249157,11801.153679716055,11803.153679716055,1.8586159486709442,0.0,True,0.3736722673406355,0.005,11395.399184044478,13490.44159819013,11397.399776631777,2413.077177595594,hurdle_cmp,9390.07650212046,9390.07650212046,8982.322006448883,all normalized constructors
Matched AI Lean root values,pair_ee1554cd,4364,4053,0.07126489459211732,2.001233654083395,0.0027125170810715577,0.002281678252976272,0.0007401924500370096,0.997285961016531,0.0019738465334320256,3,1.59527993450421,0.4052135271291443,0.005,9151.188066663583,11246.230480809234,9153.188659250882,168.86606021469925,33.12476894709119,False,cmp,8982.322006448883,2.2162156443249157,11801.153679716055,11803.153679716055,1.8586159486709442,0.0,True,0.3736722673406355,0.005,11395.399184044478,13490.44159819013,11397.399776631777,2413.077177595594,hurdle_cmp,9390.07650212046,9390.07650212046,8982.322006448883,shared binary core
Matched human Lean root values,pair_ee294964,4948,4727,0.044664510913500405,1.9997884493336153,0.0006346072454693496,0.0005346410648039311,0.0004231013327691982,0.9993653480008462,0.0002115506663845991,3,1.593340292003932,0.4060250559969103,0.005,10662.813836034982,13106.640489879803,10664.893628417318,57.99178311257856,40.02241830449508,False,cmp,10604.822052922404,2.2434571721858267,13221.663617031532,13223.663617031532,1.9104688763136621,0.0,True,0.38571261122638917,0.005,12470.783253683378,14914.609907528196,12472.863046065711,1865.961200760973,hurdle_cmp,11357.70241627056,11357.70241627056,10604.822052922405,all normalized constructors
Matched human Lean root values,pair_ee294964,4948,4727,0.044664510913500405,1.9997884493336153,0.0006346072454693496,0.0005346410648039311,0.0004231013327691982,0.9993653480008462,0.0002115506663845991,3,1.593340292003932,0.4060250559969103,0.005,10662.813836034982,13106.640489879803,10664.893628417318,57.99178311257856,40.02241830449508,False,cmp,10604.822052922404,2.2434571721858267,13221.663617031532,13223.663617031532,1.9104688763136621,0.0,True,0.38571261122638917,0.005,12470.783253683378,14914.609907528196,12472.863046065711,1865.961200760973,hurdle_cmp,11357.70241627056,11357.70241627056,10604.822052922405,shared binary core
Matched AI Lean root values,pair_ee294964,6135,5881,0.041401792991035045,1.9998299608910048,0.0005100884136866187,0.00042971778921811223,0.0003400782179901377,0.9994898826730148,0.00017003910899506886,3,1.5933960147794237,0.40609386789358703,0.005,13265.34566488014,16306.20789610425,13267.36468561829,59.302773242176045,41.10070389796353,False,cmp,13206.042891637964,2.2455437666447824,16368.600612326061,16370.600612326061,1.9170334148329258,0.0,True,0.3872001818306893,0.005,15382.372394366017,18423.234625590125,15384.391415104166,2176.3295027280524,hurdle_cmp,14194.271109598008,14194.271109598008,13206.042891637964,all normalized constructors
Matched AI Lean root values,pair_ee294964,6135,5881,0.041401792991035045,1.9998299608910048,0.0005100884136866187,0.00042971778921811223,0.0003400782179901377,0.9994898826730148,0.00017003910899506886,3,1.5933960147794237,0.40609386789358703,0.005,13265.34566488014,16306.20789610425,13267.36468561829,59.302773242176045,41.10070389796353,False,cmp,13206.042891637964,2.2455437666447824,16368.600612326061,16370.600612326061,1.9170334148329258,0.0,True,0.3872001818306893,0.005,15382.372394366017,18423.234625590125,15384.391415104166,2176.3295027280524,hurdle_cmp,14194.271109598008,14194.271109598008,13206.042891637964,shared binary core
Matched human Lean root values,pair_ee52321c,1916,1703,0.11116910229645094,2.0,0.0035231943628890195,0.002967528957333545,0.0017615971814445098,0.9964768056371109,0.0017615971814445098,3,1.5936242600400345,0.4046141427785168,0.005,3845.084129444646,4723.718593974348,3847.085363946462,92.07724998555204,31.26289073000984,False,cmp,3753.006879459094,2.203762113598998,5258.355962499092,5260.355962499092,1.7776617954070981,0.0,True,0.3567814172714794,0.005,5184.270753605362,6062.905218135064,5186.271988107179,1431.2638741462688,hurdle_cmp,3829.0920883528233,3829.0920883528233,3753.0068794590934,all normalized constructors
Matched human Lean root values,pair_ee52321c,1916,1703,0.11116910229645094,2.0,0.0035231943628890195,0.002967528957333545,0.0017615971814445098,0.9964768056371109,0.0017615971814445098,3,1.5936242600400345,0.4046141427785168,0.005,3845.084129444646,4723.718593974348,3847.085363946462,92.07724998555204,31.26289073000984,False,cmp,3753.006879459094,2.203762113598998,5258.355962499092,5260.355962499092,1.7776617954070981,0.0,True,0.3567814172714794,0.005,5184.270753605362,6062.905218135064,5186.271988107179,1431.2638741462688,hurdle_cmp,3829.0920883528233,3829.0920883528233,3753.0068794590934,shared binary core
Matched AI Lean root values,pair_ee52321c,8799,8316,0.05489260143198091,2.0015632515632515,0.002522808769802517,0.0021213501972973054,0.000481000481000481,0.9974747474747475,0.002044252044252044,3,1.5957222029508464,0.40536004813140025,0.005,18776.140800521494,23076.859487640388,18778.143540850706,317.6166594956303,34.102313872780506,False,cmp,18458.524141025864,2.219639747598108,23630.795579660182,23632.795579660182,1.8916922377542902,0.0,True,0.38076734411990176,0.005,22520.824675139196,26821.54336225809,22522.827415468408,4062.300534113331,hurdle_cmp,19570.49504554685,19570.49504554685,18458.524141025864,all normalized constructors
Matched AI Lean root values,pair_ee52321c,8799,8316,0.05489260143198091,2.0015632515632515,0.002522808769802517,0.0021213501972973054,0.000481000481000481,0.9974747474747475,0.002044252044252044,3,1.5957222029508464,0.40536004813140025,0.005,18776.140800521494,23076.859487640388,18778.143540850706,317.6166594956303,34.102313872780506,False,cmp,18458.524141025864,2.219639747598108,23630.795579660182,23632.795579660182,1.8916922377542902,0.0,True,0.38076734411990176,0.005,22520.824675139196,26821.54336225809,22522.827415468408,4062.300534113331,hurdle_cmp,19570.49504554685,19570.49504554685,18458.524141025864,shared binary core
Matched human Lean root values,pair_eeb3bb08,3657,3385,0.07437790538692918,2.001181683899557,0.0023619714222752647,0.00198692204871086,0.0005908419497784342,0.9976366322008863,0.0017725258493353029,3,1.5952101955037292,0.40538064644604505,0.005,7642.621606106446,9392.755640253756,7644.622103585279,125.74112398124998,33.947595990615284,False,cmp,7516.880482125196,2.220644160155154,9901.371332019113,9903.371332019113,1.85233798195242,0.0,True,0.3725213949086289,0.005,9581.506127591036,11331.640161738345,9583.50662506987,2064.6256454658405,hurdle_cmp,7838.745686553272,7838.745686553272,7516.880482125195,all normalized constructors
Matched human Lean root values,pair_eeb3bb08,3657,3385,0.07437790538692918,2.001181683899557,0.0023619714222752647,0.00198692204871086,0.0005908419497784342,0.9976366322008863,0.0017725258493353029,3,1.5952101955037292,0.40538064644604505,0.005,7642.621606106446,9392.755640253756,7644.622103585279,125.74112398124998,33.947595990615284,False,cmp,7516.880482125196,2.220644160155154,9901.371332019113,9903.371332019113,1.85233798195242,0.0,True,0.3725213949086289,0.005,9581.506127591036,11331.640161738345,9583.50662506987,2064.6256454658405,hurdle_cmp,7838.745686553272,7838.745686553272,7516.880482125195,shared binary core
Matched AI Lean root values,pair_eeb3bb08,7166,6904,0.03656154060842869,2.003186558516802,0.0037557786374030067,0.0031526146285486105,0.00028968713789107763,0.996234067207416,0.0034762456546929316,3,1.597899930437953,0.40499694094095395,0.005,15601.483570379403,19174.416017888656,15603.490830991152,360.25532349350397,34.03728009643163,False,cmp,15241.2282468859,2.2075938943925113,19096.69377918615,19098.69377918615,1.9299469718113313,0.0,True,0.38845844051442974,0.005,17851.574920613173,21424.507368122428,17853.582181224923,2610.3466737272756,hurdle_cmp,16488.347105458874,16488.347105458874,15241.228246885898,all normalized constructors
Matched AI Lean root values,pair_eeb3bb08,7166,6904,0.03656154060842869,2.003186558516802,0.0037557786374030067,0.0031526146285486105,0.00028968713789107763,0.996234067207416,0.0034762456546929316,3,1.597899930437953,0.40499694094095395,0.005,15601.483570379403,19174.416017888656,15603.490830991152,360.25532349350397,34.03728009643163,False,cmp,15241.2282468859,2.2075938943925113,19096.69377918615,19098.69377918615,1.9299469718113313,0.0,True,0.38845844051442974,0.005,17851.574920613173,21424.507368122428,17853.582181224923,2610.3466737272756,hurdle_cmp,16488.347105458874,16488.347105458874,15241.228246885898,shared binary core
Matched human Lean root values,pair_eed4f922,1262,1095,0.13232963549920762,2.0045662100456623,0.006371843789745834,0.005340642669608174,0.0009132420091324201,0.993607305936073,0.005479452054794521,3,1.5997501356972639,0.403902832339262,0.005,2478.5911552744615,3044.90473312667,2480.606705109625,94.43318842275767,30.070236254096887,False,cmp,2384.157966851704,2.177313211736716,3491.99337875756,3493.99337875756,1.7393026941362917,0.0,True,0.34801686178312985,0.005,3466.948586185773,4033.262164037981,3468.964136020936,1082.7906193340689,hurdle_cmp,2411.2027594234914,2411.2027594234914,2384.1579668517043,all normalized constructors
Matched human Lean root values,pair_eed4f922,1262,1095,0.13232963549920762,2.0045662100456623,0.006371843789745834,0.005340642669608174,0.0009132420091324201,0.993607305936073,0.005479452054794521,3,1.5997501356972639,0.403902832339262,0.005,2478.5911552744615,3044.90473312667,2480.606705109625,94.43318842275767,30.070236254096887,False,cmp,2384.157966851704,2.177313211736716,3491.99337875756,3493.99337875756,1.7393026941362917,0.0,True,0.34801686178312985,0.005,3466.948586185773,4033.262164037981,3468.964136020936,1082.7906193340689,hurdle_cmp,2411.2027594234914,2411.2027594234914,2384.1579668517043,shared binary core
Matched AI Lean root values,pair_eed4f922,1552,1396,0.10051546391752578,2.0050143266475646,0.006421847932282986,0.005379970924852873,0.0007163323782234957,0.9935530085959885,0.0057306590257879654,3,1.6003509619274396,0.40394703234189716,0.005,3159.934532742744,3882.220410504092,3161.9346917220605,119.01539445143135,30.558433740880766,False,cmp,3040.9191382913127,2.1783088383175593,4250.21824883366,4252.21824883366,1.803479381443299,0.0,True,0.3606426456948244,0.005,4174.503066551759,4896.788944313106,4176.503225531075,1133.5839282604456,hurdle_cmp,3118.6343205732146,3118.6343205732146,3040.919138291313,all normalized constructors
Matched AI Lean root values,pair_eed4f922,1552,1396,0.10051546391752578,2.0050143266475646,0.006421847932282986,0.005379970924852873,0.0007163323782234957,0.9935530085959885,0.0057306590257879654,3,1.6003509619274396,0.40394703234189716,0.005,3159.934532742744,3882.220410504092,3161.9346917220605,119.01539445143135,30.558433740880766,False,cmp,3040.9191382913127,2.1783088383175593,4250.21824883366,4252.21824883366,1.803479381443299,0.0,True,0.3606426456948244,0.005,4174.503066551759,4896.788944313106,4176.503225531075,1133.5839282604456,hurdle_cmp,3118.6343205732146,3118.6343205732146,3040.919138291313,shared binary core
Matched human Lean root values,pair_f0d3d3dd,1229,1060,0.13751017087062653,2.000943396226415,0.0028292986828052703,0.002380653996109188,0.0009433962264150943,0.9971698113207547,0.0018867924528301887,3,1.594890425445358,0.40510957455463803,0.005,2394.615808037649,2942.3298684595516,2396.629085564822,49.015058446108014,32.63717612287499,False,cmp,2345.600749591541,2.2128308958410763,3401.6765810963725,3403.6765810963725,1.725793327908869,0.0,True,0.3469539380598499,0.005,3380.8428830420044,3928.5569434639074,3382.8561605691775,1035.2421334504636,hurdle_cmp,2368.434447645909,2368.434447645909,2345.600749591541,all normalized constructors
Matched human Lean root values,pair_f0d3d3dd,1229,1060,0.13751017087062653,2.000943396226415,0.0028292986828052703,0.002380653996109188,0.0009433962264150943,0.9971698113207547,0.0018867924528301887,3,1.594890425445358,0.40510957455463803,0.005,2394.615808037649,2942.3298684595516,2396.629085564822,49.015058446108014,32.63717612287499,False,cmp,2345.600749591541,2.2128308958410763,3401.6765810963725,3403.6765810963725,1.725793327908869,0.0,True,0.3469539380598499,0.005,3380.8428830420044,3928.5569434639074,3382.8561605691775,1035.2421334504636,hurdle_cmp,2368.434447645909,2368.434447645909,2345.600749591541,shared binary core
Matched AI Lean root values,pair_f0d3d3dd,1075,915,0.14883720930232558,2.0010928961748635,0.003277494102541133,0.002757335258611577,0.001092896174863388,0.9967213114754099,0.002185792349726776,3,1.5950910489330374,0.40490895106695884,0.005,2067.6077878304172,2540.3044290608477,2069.607889039215,48.13110974091251,31.909338070480533,False,cmp,2019.4766780895047,2.2070783367098414,2985.300140957371,2987.300140957371,1.7032558139534884,0.0,True,0.34246761910931367,0.005,2974.0843997091797,3446.7810409396097,2976.0845009179775,954.6077216196747,hurdle_cmp,2032.692419337696,2032.692419337696,2019.476678089505,all normalized constructors
Matched AI Lean root values,pair_f0d3d3dd,1075,915,0.14883720930232558,2.0010928961748635,0.003277494102541133,0.002757335258611577,0.001092896174863388,0.9967213114754099,0.002185792349726776,3,1.5950910489330374,0.40490895106695884,0.005,2067.6077878304172,2540.3044290608477,2069.607889039215,48.13110974091251,31.909338070480533,False,cmp,2019.4766780895047,2.2070783367098414,2985.300140957371,2987.300140957371,1.7032558139534884,0.0,True,0.34246761910931367,0.005,2974.0843997091797,3446.7810409396097,2976.0845009179775,954.6077216196747,hurdle_cmp,2032.692419337696,2032.692419337696,2019.476678089505,shared binary core
Matched human Lean root values,pair_f1a813ba,1112,1036,0.0683453237410072,2.002895752895753,0.004817869441421563,0.004045399994029317,0.0009652509652509653,0.9951737451737451,0.003861003861003861,3,1.5975098644976842,0.40442063743281365,0.005,2343.0142540758284,2878.5564619728643,2345.025412293948,72.31670354717062,30.804803842467496,False,cmp,2270.6975505286578,2.1917930024407895,3006.829586973207,3008.829586973207,1.8660071942446044,0.0,True,0.37424214525215116,0.005,2899.5411422490643,3435.0833501461,2901.552300467184,628.8435917204063,hurdle_cmp,2379.9859952528004,2379.9859952528004,2270.697550528658,all normalized constructors
Matched human Lean root values,pair_f1a813ba,1112,1036,0.0683453237410072,2.002895752895753,0.004817869441421563,0.004045399994029317,0.0009652509652509653,0.9951737451737451,0.003861003861003861,3,1.5975098644976842,0.40442063743281365,0.005,2343.0142540758284,2878.5564619728643,2345.025412293948,72.31670354717062,30.804803842467496,False,cmp,2270.6975505286578,2.1917930024407895,3006.829586973207,3008.829586973207,1.8660071942446044,0.0,True,0.37424214525215116,0.005,2899.5411422490643,3435.0833501461,2901.552300467184,628.8435917204063,hurdle_cmp,2379.9859952528004,2379.9859952528004,2270.697550528658,shared binary core
Matched AI Lean root values,pair_f1a813ba,1154,1061,0.0805892547660312,2.001885014137606,0.00376647499691309,0.0031660148627779866,0.000942507068803016,0.9962299717247879,0.002827521206409048,3,1.5961539252736126,0.40478858179518623,0.005,2398.133858861608,2946.487339779198,2400.1342677170655,61.128966176649556,31.63710137576101,False,cmp,2337.0048926849586,2.2026436311828075,3134.4993553910954,3136.4993553910954,1.8405545927209706,0.0,True,0.36942363942916734,0.005,3046.849728829278,3595.2032097468677,3048.8501376847353,709.8448361443193,hurdle_cmp,2426.654519246776,2426.654519246776,2337.0048926849586,all normalized constructors
Matched AI Lean root values,pair_f1a813ba,1154,1061,0.0805892547660312,2.001885014137606,0.00376647499691309,0.0031660148627779866,0.000942507068803016,0.9962299717247879,0.002827521206409048,3,1.5961539252736126,0.40478858179518623,0.005,2398.133858861608,2946.487339779198,2400.1342677170655,61.128966176649556,31.63710137576101,False,cmp,2337.0048926849586,2.2026436311828075,3134.4993553910954,3136.4993553910954,1.8405545927209706,0.0,True,0.36942363942916734,0.005,3046.849728829278,3595.2032097468677,3048.8501376847353,709.8448361443193,hurdle_cmp,2426.654519246776,2426.654519246776,2337.0048926849586,shared binary core
Matched human Lean root values,pair_f2ee8d3a,8868,8533,0.037776274244474516,2.000234384155631,0.0011718658422229858,0.0009867944152325842,0.0004687683112621587,0.9988280792218446,0.000703152466893238,3,1.5939388614181702,0.40582675442619465,0.005,19251.62450931226,23663.271921237603,19253.651135860717,172.43073347606696,36.80462809075431,False,cmp,19079.193775836193,2.235930361635555,23624.134626012405,23626.134626012405,1.9246729815065404,0.0,True,0.388551092119211,0.005,22105.776630061388,26517.42404198673,22107.803256609845,3026.5828542251957,hurdle_cmp,20599.55177178721,20599.55177178721,19079.193775836193,all normalized constructors
Matched human Lean root values,pair_f2ee8d3a,8868,8533,0.037776274244474516,2.000234384155631,0.0011718658422229858,0.0009867944152325842,0.0004687683112621587,0.9988280792218446,0.000703152466893238,3,1.5939388614181702,0.40582675442619465,0.005,19251.62450931226,23663.271921237603,19253.651135860717,172.43073347606696,36.80462809075431,False,cmp,19079.193775836193,2.235930361635555,23624.134626012405,23626.134626012405,1.9246729815065404,0.0,True,0.388551092119211,0.005,22105.776630061388,26517.42404198673,22107.803256609845,3026.5828542251957,hurdle_cmp,20599.55177178721,20599.55177178721,19079.193775836193,shared binary core
Matched AI Lean root values,pair_f2ee8d3a,13763,13458,0.022160866090241954,2.001634715410908,0.002226485084036263,0.0018720371723220976,0.0002972209838014564,0.9977708426214891,0.0019319363947094665,3,1.5958180917961085,0.40551940263099434,0.005,30383.890963058708,37345.97953266172,30386.026568098874,453.8614446655847,35.430478230786925,False,cmp,29930.029518393123,2.2239582046658586,36405.68363388968,36407.68363388968,1.9572767565211073,0.0,True,0.3952417668033875,0.005,33312.83208326255,40274.920652865556,33314.96768830271,3382.8025648694206,hurdle_cmp,33024.88106902026,33024.88106902026,29930.029518393127,all normalized constructors
Matched AI Lean root values,pair_f2ee8d3a,13763,13458,0.022160866090241954,2.001634715410908,0.002226485084036263,0.0018720371723220976,0.0002972209838014564,0.9977708426214891,0.0019319363947094665,3,1.5958180917961085,0.40551940263099434,0.005,30383.890963058708,37345.97953266172,30386.026568098874,453.8614446655847,35.430478230786925,False,cmp,29930.029518393123,2.2239582046658586,36405.68363388968,36407.68363388968,1.9572767565211073,0.0,True,0.3952417668033875,0.005,33312.83208326255,40274.920652865556,33314.96768830271,3382.8025648694206,hurdle_cmp,33024.88106902026,33024.88106902026,29930.029518393127,shared binary core
Matched human Lean root values,pair_f39ff433,3618,3422,0.054173576561636266,2.0014611338398596,0.00204345246370564,0.001718463245312287,0.0002922267679719462,0.9979544126241964,0.0017533606078316774,3,1.5955851805295405,0.40558372654234315,0.005,7726.517101886302,9496.726429141898,7728.524052212755,110.41628457530169,35.712293500379815,False,cmp,7616.100817311,2.225628526391292,9713.88933076914,9715.88933076914,1.8930348258706469,0.0,True,0.3812816535872201,0.005,9252.602280049621,11022.811607305217,9254.609230376074,1636.5014627386208,hurdle_cmp,8079.387868030519,8079.387868030519,7616.100817311,all normalized constructors
Matched human Lean root values,pair_f39ff433,3618,3422,0.054173576561636266,2.0014611338398596,0.00204345246370564,0.001718463245312287,0.0002922267679719462,0.9979544126241964,0.0017533606078316774,3,1.5955851805295405,0.40558372654234315,0.005,7726.517101886302,9496.726429141898,7728.524052212755,110.41628457530169,35.712293500379815,False,cmp,7616.100817311,2.225628526391292,9713.88933076914,9715.88933076914,1.8930348258706469,0.0,True,0.3812816535872201,0.005,9252.602280049621,11022.811607305217,9254.609230376074,1636.5014627386208,hurdle_cmp,8079.387868030519,8079.387868030519,7616.100817311,shared binary core
Matched AI Lean root values,pair_f39ff433,2261,2044,0.09597523219814241,2.0009784735812133,0.0029344633330907893,0.002469049432794771,0.0009784735812133072,0.99706457925636,0.0019569471624266144,3,1.5949374986088452,0.40506250139115063,0.005,4615.834315834729,5671.942958985204,4617.839118897782,93.59139540509204,32.456535862092046,False,cmp,4522.242920429637,2.212447612734656,6173.006969828542,6175.006969828542,1.8089340999557717,0.0,True,0.36332413766507754,0.005,6047.458131028292,7103.566774178767,6049.462934091345,1525.2152105986556,hurdle_cmp,4649.791759229887,4649.791759229887,4522.242920429637,all normalized constructors
Matched AI Lean root values,pair_f39ff433,2261,2044,0.09597523219814241,2.0009784735812133,0.0029344633330907893,0.002469049432794771,0.0009784735812133072,0.99706457925636,0.0019569471624266144,3,1.5949374986088452,0.40506250139115063,0.005,4615.834315834729,5671.942958985204,4617.839118897782,93.59139540509204,32.456535862092046,False,cmp,4522.242920429637,2.212447612734656,6173.006969828542,6175.006969828542,1.8089340999557717,0.0,True,0.36332413766507754,0.005,6047.458131028292,7103.566774178767,6049.462934091345,1525.2152105986556,hurdle_cmp,4649.791759229887,4649.791759229887,4522.242920429637,shared binary core
Matched human Lean root values,pair_f46b4569,3520,3252,0.07613636363636364,1.9996924969249692,0.0009224146669510976,0.0007771920730653162,0.0006150061500615006,0.9990774907749077,0.0003075030750307503,3,1.5932114888226374,0.4058660019522663,0.005,7336.3541399781825,9017.072076587468,7338.355578923326,55.746795734914485,38.17608109910874,False,cmp,7280.607344243268,2.238809146446269,9532.537031900201,9534.537031900201,1.8474431818181818,0.0,True,0.372165564999348,0.005,9233.73398809032,10914.451924699606,9235.735427035463,1953.126643847052,hurdle_cmp,7581.410388053149,7581.410388053149,7280.607344243268,all normalized constructors
Matched human Lean root values,pair_f46b4569,3520,3252,0.07613636363636364,1.9996924969249692,0.0009224146669510976,0.0007771920730653162,0.0006150061500615006,0.9990774907749077,0.0003075030750307503,3,1.5932114888226374,0.4058660019522663,0.005,7336.3541399781825,9017.072076587468,7338.355578923326,55.746795734914485,38.17608109910874,False,cmp,7280.607344243268,2.238809146446269,9532.537031900201,9534.537031900201,1.8474431818181818,0.0,True,0.372165564999348,0.005,9233.73398809032,10914.451924699606,9235.735427035463,1953.126643847052,hurdle_cmp,7581.410388053149,7581.410388053149,7280.607344243268,shared binary core
Matched AI Lean root values,pair_f46b4569,6523,6274,0.03817261996014104,2.0,0.000637551801083838,0.0005369994489787511,0.000318775900541919,0.9993624481989162,0.000318775900541919,3,1.5936242600400345,0.40605696405941943,0.005,14152.915166131837,17397.22164333239,14154.925905703622,76.40562694356777,39.70914944439817,False,cmp,14076.50953918827,2.243626002420827,17378.754462075416,17380.754462075416,1.923654760079718,0.0,True,0.3885852414858184,0.005,16269.573991901458,19513.88046910201,16271.584731473242,2193.0644527131885,hurdle_cmp,15187.690009362228,15187.690009362228,14076.50953918827,all normalized constructors
Matched AI Lean root values,pair_f46b4569,6523,6274,0.03817261996014104,2.0,0.000637551801083838,0.0005369994489787511,0.000318775900541919,0.9993624481989162,0.000318775900541919,3,1.5936242600400345,0.40605696405941943,0.005,14152.915166131837,17397.22164333239,14154.925905703622,76.40562694356777,39.70914944439817,False,cmp,14076.50953918827,2.243626002420827,17378.754462075416,17380.754462075416,1.923654760079718,0.0,True,0.3885852414858184,0.005,16269.573991901458,19513.88046910201,16271.584731473242,2193.0644527131885,hurdle_cmp,15187.690009362228,15187.690009362228,14076.50953918827,shared binary core
Matched human Lean root values,pair_f4b1f0c5,11321,11045,0.024379471778111474,2.002625622453599,0.002980883381516127,0.0025036716497576677,0.00018107741059302852,0.9970122227252151,0.002806699864191942,3,1.5971475070171164,0.4052970380258853,0.005,24949.22931542753,30665.406951989586,24951.25994522127,468.66390125476755,35.727755224265636,False,cmp,24480.56541417276,2.216438697525827,29987.342911059783,29989.342911059783,1.9538026676088684,0.0,True,0.3940983628984458,0.005,27546.580853154548,33262.75848971661,27548.61148294829,3066.0154389817885,hurdle_cmp,26923.327472077995,26923.327472077995,24480.56541417276,all normalized constructors
Matched human Lean root values,pair_f4b1f0c5,11321,11045,0.024379471778111474,2.002625622453599,0.002980883381516127,0.0025036716497576677,0.00018107741059302852,0.9970122227252151,0.002806699864191942,3,1.5971475070171164,0.4052970380258853,0.005,24949.22931542753,30665.406951989586,24951.25994522127,468.66390125476755,35.727755224265636,False,cmp,24480.56541417276,2.216438697525827,29987.342911059783,29989.342911059783,1.9538026676088684,0.0,True,0.3940983628984458,0.005,27546.580853154548,33262.75848971661,27548.61148294829,3066.0154389817885,hurdle_cmp,26923.327472077995,26923.327472077995,24480.56541417276,shared binary core
Matched AI Lean root values,pair_f4b1f0c5,7700,7417,0.03675324675324675,2.002157206417689,0.0026918544825828465,0.0022620512386133506,0.00026965080221113657,0.9973034919778886,0.0024268572199002292,3,1.5965191116849515,0.4053684439305224,0.005,16750.85366201829,20588.4540235698,16752.858045903624,293.5812505639624,35.105725317350554,False,cmp,16457.272411454327,2.2188583539779327,20514.570499340647,20516.570499340647,1.9285714285714286,0.0,True,0.38867156660042096,0.005,19178.11992299545,23015.720284546966,19180.12430688079,2720.8475115411256,hurdle_cmp,17795.72298779952,17795.72298779952,16457.272411454323,all normalized constructors
Matched AI Lean root values,pair_f4b1f0c5,7700,7417,0.03675324675324675,2.002157206417689,0.0026918544825828465,0.0022620512386133506,0.00026965080221113657,0.9973034919778886,0.0024268572199002292,3,1.5965191116849515,0.4053684439305224,0.005,16750.85366201829,20588.4540235698,16752.858045903624,293.5812505639624,35.105725317350554,False,cmp,16457.272411454327,2.2188583539779327,20514.570499340647,20516.570499340647,1.9285714285714286,0.0,True,0.38867156660042096,0.005,19178.11992299545,23015.720284546966,19180.12430688079,2720.8475115411256,hurdle_cmp,17795.72298779952,17795.72298779952,16457.272411454323,shared binary core
Matched human Lean root values,pair_f508c4f1,618,524,0.15210355987055016,1.998091603053435,0.0019047549676592275,0.0016076468407226234,0.0019083969465648854,0.9980916030534351,0.0,2,1.5910620769076673,0.40512112919919907,0.005,1183.2829922633937,1453.4492409825427,1185.2832712807076,18.521073756564874,365.0956722677634,False,cmp,1164.7619185068288,2.22282808875349,1717.084043219203,1719.084043219203,1.6941747572815533,0.0,True,0.34133509893252223,0.005,1712.2400214458867,1982.4062701650355,1714.2403004632006,547.4781029390577,hurdle_cmp,1171.6059402801452,1171.6059402801452,1164.7619185068288,all normalized constructors
Matched human Lean root values,pair_f508c4f1,618,524,0.15210355987055016,1.998091603053435,0.0019047549676592275,0.0016076468407226234,0.0019083969465648854,0.9980916030534351,0.0,2,1.5910620769076673,0.40512112919919907,0.005,1183.2829922633937,1453.4492409825427,1185.2832712807076,18.521073756564874,365.0956722677634,False,cmp,1164.7619185068288,2.22282808875349,1717.084043219203,1719.084043219203,1.6941747572815533,0.0,True,0.34133509893252223,0.005,1712.2400214458867,1982.4062701650355,1714.2403004632006,547.4781029390577,hurdle_cmp,1171.6059402801452,1171.6059402801452,1164.7619185068288,shared binary core
Matched AI Lean root values,pair_f508c4f1,2622,2375,0.09420289855072464,2.0,0.0025263157894736842,0.0021278744481427483,0.0012631578947368421,0.9974736842105263,0.0012631578947368421,3,1.5936242600400345,0.4051125820652245,0.005,5360.596577871486,6586.89821531948,5362.63841551483,96.07451504623168,32.908470110534964,False,cmp,5264.522062825255,2.216640868558002,7151.913187610493,7153.913187610493,1.8115942028985508,0.0,True,0.36404900437774523,0.005,6999.539668063938,8225.841305511933,7001.581505707281,1735.0176052386835,hurdle_cmp,5418.89558237181,5418.89558237181,5264.522062825255,all normalized constructors
Matched AI Lean root values,pair_f508c4f1,2622,2375,0.09420289855072464,2.0,0.0025263157894736842,0.0021278744481427483,0.0012631578947368421,0.9974736842105263,0.0012631578947368421,3,1.5936242600400345,0.4051125820652245,0.005,5360.596577871486,6586.89821531948,5362.63841551483,96.07451504623168,32.908470110534964,False,cmp,5264.522062825255,2.216640868558002,7151.913187610493,7153.913187610493,1.8115942028985508,0.0,True,0.36404900437774523,0.005,6999.539668063938,8225.841305511933,7001.581505707281,1735.0176052386835,hurdle_cmp,5418.89558237181,5418.89558237181,5264.522062825255,shared binary core
Matched human Lean root values,pair_f54301fd,3593,3299,0.08182577233509603,1.9990906335253107,0.0015147838437635434,0.0012771279571613201,0.0012124886329190664,0.9984843892088512,0.0003031221582297666,3,1.592403502213126,0.4054746426792615,0.005,7441.4392173457645,9144.609946915427,7443.849776780324,83.91580995504046,36.534331170751244,False,cmp,7357.523407390724,2.2302283744743026,9751.429917147523,9753.429917147523,1.8355134984692458,0.0,True,0.3694148479703493,0.005,9478.557901582186,11181.728631151847,9480.968461016744,2121.034494191461,hurdle_cmp,7632.395422956062,7632.395422956062,7357.523407390725,all normalized constructors
Matched human Lean root values,pair_f54301fd,3593,3299,0.08182577233509603,1.9990906335253107,0.0015147838437635434,0.0012771279571613201,0.0012124886329190664,0.9984843892088512,0.0003031221582297666,3,1.592403502213126,0.4054746426792615,0.005,7441.4392173457645,9144.609946915427,7443.849776780324,83.91580995504046,36.534331170751244,False,cmp,7357.523407390724,2.2302283744743026,9751.429917147523,9753.429917147523,1.8355134984692458,0.0,True,0.3694148479703493,0.005,9478.557901582186,11181.728631151847,9480.968461016744,2121.034494191461,hurdle_cmp,7632.395422956062,7632.395422956062,7357.523407390725,shared binary core
Matched AI Lean root values,pair_f54301fd,6404,6041,0.05668332292317302,2.0026485681178614,0.00330369523425165,0.002774735964667299,0.00033107101473266014,0.9966892898526734,0.0029796391325939415,3,1.5971782876031175,0.4051392095000068,0.005,13647.654895259526,16773.368020299866,13649.667750274679,285.3607401299523,34.09045949202983,False,cmp,13362.294155129573,2.2119341425475207,17217.886178497123,17219.886178497123,1.8891317926296065,0.0,True,0.37984984601064653,0.005,16438.498492312454,19564.211617352794,16440.511347327607,3076.2043371828795,hurdle_cmp,14143.681841314243,14143.681841314243,13362.294155129573,all normalized constructors
Matched AI Lean root values,pair_f54301fd,6404,6041,0.05668332292317302,2.0026485681178614,0.00330369523425165,0.002774735964667299,0.00033107101473266014,0.9966892898526734,0.0029796391325939415,3,1.5971782876031175,0.4051392095000068,0.005,13647.654895259526,16773.368020299866,13649.667750274679,285.3607401299523,34.09045949202983,False,cmp,13362.294155129573,2.2119341425475207,17217.886178497123,17219.886178497123,1.8891317926296065,0.0,True,0.37984984601064653,0.005,16438.498492312454,19564.211617352794,16440.511347327607,3076.2043371828795,hurdle_cmp,14143.681841314243,14143.681841314243,13362.294155129573,shared binary core
Matched human Lean root values,pair_f549052a,1564,1434,0.08312020460358056,1.999302649930265,0.0020915639120852618,0.0017630136485327907,0.001394700139470014,0.997907949790795,0.000697350069735007,3,1.5926881419585135,0.40521980783227746,0.005,3236.351384057506,3976.5055845340676,3238.3534892337625,50.83046894891595,34.13144790395101,False,cmp,3185.52091510859,2.2214232322932985,4248.4546799433165,4250.4546799433165,1.8331202046035806,0.0,True,0.36865611070949794,0.005,4133.974811470663,4874.129011947224,4135.976916646919,948.4538963620722,hurdle_cmp,3302.0007835812444,3302.0007835812444,3185.5209151085905,all normalized constructors
Matched human Lean root values,pair_f549052a,1564,1434,0.08312020460358056,1.999302649930265,0.0020915639120852618,0.0017630136485327907,0.001394700139470014,0.997907949790795,0.000697350069735007,3,1.5926881419585135,0.40521980783227746,0.005,3236.351384057506,3976.5055845340676,3238.3534892337625,50.83046894891595,34.13144790395101,False,cmp,3185.52091510859,2.2214232322932985,4248.4546799433165,4250.4546799433165,1.8331202046035806,0.0,True,0.36865611070949794,0.005,4133.974811470663,4874.129011947224,4135.976916646919,948.4538963620722,hurdle_cmp,3302.0007835812444,3302.0007835812444,3185.5209151085905,shared binary core
Matched AI Lean root values,pair_f549052a,4739,4515,0.047267355982274745,2.0031007751937984,0.004420064041481025,0.003710559840858675,0.000664451827242525,0.9955703211517165,0.0037652270210409744,3,1.5977848695569208,0.40465145380963086,0.005,10204.458370697103,12539.62453013301,10207.38777659144,277.5967802493833,31.78961518460572,False,cmp,9926.86159044772,2.1986404408522082,12692.483333236898,12694.483333236898,1.9084194977843427,0.0,True,0.38346071139544535,0.005,12010.966650239541,14346.132809675448,12013.896056133879,2084.105059791823,hurdle_cmp,10610.378273445076,10610.378273445076,9926.86159044772,all normalized constructors
Matched AI Lean root values,pair_f549052a,4739,4515,0.047267355982274745,2.0031007751937984,0.004420064041481025,0.003710559840858675,0.000664451827242525,0.9955703211517165,0.0037652270210409744,3,1.5977848695569208,0.40465145380963086,0.005,10204.458370697103,12539.62453013301,10207.38777659144,277.5967802493833,31.78961518460572,False,cmp,9926.86159044772,2.1986404408522082,12692.483333236898,12694.483333236898,1.9084194977843427,0.0,True,0.38346071139544535,0.005,12010.966650239541,14346.132809675448,12013.896056133879,2084.105059791823,hurdle_cmp,10610.378273445076,10610.378273445076,9926.86159044772,shared binary core
Matched human Lean root values,pair_f5a9005d,4995,4707,0.05765765765765766,1.9997875504567666,0.0006373034948920261,0.0005369131086208462,0.0004248990864669641,0.9993626513702996,0.00021244954323348204,3,1.5933390853963052,0.40602356597399064,0.005,10617.709298122205,13051.188714985474,10619.714125614966,57.96633507939987,40.00149395735624,False,cmp,10559.742963042805,2.2434125691614204,13423.536333100496,13425.536333100496,1.8844844844844846,0.0,True,0.3801163356446753,0.005,12822.236971729259,15255.716388592527,12824.24179922202,2262.494008686454,hurdle_cmp,11163.042324414042,11163.042324414042,10559.742963042805,all normalized constructors
Matched human Lean root values,pair_f5a9005d,4995,4707,0.05765765765765766,1.9997875504567666,0.0006373034948920261,0.0005369131086208462,0.0004248990864669641,0.9993626513702996,0.00021244954323348204,3,1.5933390853963052,0.40602356597399064,0.005,10617.709298122205,13051.188714985474,10619.714125614966,57.96633507939987,40.00149395735624,False,cmp,10559.742963042805,2.2434125691614204,13423.536333100496,13425.536333100496,1.8844844844844846,0.0,True,0.3801163356446753,0.005,12822.236971729259,15255.716388592527,12824.24179922202,2262.494008686454,hurdle_cmp,11163.042324414042,11163.042324414042,10559.742963042805,shared binary core
Matched AI Lean root values,pair_f5a9005d,7671,7383,0.03754399687133359,2.001354462955438,0.0018944135677157812,0.001593310091181954,0.00027089259108763376,0.9981037518623865,0.0016253555465258025,3,1.5954420451416635,0.4056415252226828,0.005,16666.602377679552,20485.87871217553,16668.60334243687,218.95727812161203,36.08689177663904,False,cmp,16447.64509955794,2.227772599154536,20439.57728830862,20441.57728830862,1.9262156172598097,0.0,True,0.3885406109403282,0.005,19124.223058237134,22943.499392733112,19126.22402299445,2676.5779586791928,hurdle_cmp,17764.999329629427,17764.999329629427,16447.64509955794,all normalized constructors
Matched AI Lean root values,pair_f5a9005d,7671,7383,0.03754399687133359,2.001354462955438,0.0018944135677157812,0.001593310091181954,0.00027089259108763376,0.9981037518623865,0.0016253555465258025,3,1.5954420451416635,0.4056415252226828,0.005,16666.602377679552,20485.87871217553,16668.60334243687,218.95727812161203,36.08689177663904,False,cmp,16447.64509955794,2.227772599154536,20439.57728830862,20441.57728830862,1.9262156172598097,0.0,True,0.3885406109403282,0.005,19124.223058237134,22943.499392733112,19126.22402299445,2676.5779586791928,hurdle_cmp,17764.999329629427,17764.999329629427,16447.64509955794,shared binary core
Matched human Lean root values,pair_f5d4e5bf,3655,3396,0.07086183310533516,2.0005889281507656,0.001766437615930055,0.0014868987321977132,0.0005889281507656066,0.9982332155477032,0.001177856301531213,3,1.5944147141280476,0.4055852858719484,0.005,7664.901683397239,9420.483300693744,7666.938651683517,99.6906924067298,34.96660032954973,False,cmp,7565.210990990509,2.2276828595378415,9880.075924370249,9882.075924370249,1.8588235294117648,0.0,True,0.37415543511232735,0.005,9537.256983948066,11292.83860124457,9539.293952234342,1972.0459929575559,hurdle_cmp,7910.029931412693,7910.029931412693,7565.21099099051,all normalized constructors
Matched human Lean root values,pair_f5d4e5bf,3655,3396,0.07086183310533516,2.0005889281507656,0.001766437615930055,0.0014868987321977132,0.0005889281507656066,0.9982332155477032,0.001177856301531213,3,1.5944147141280476,0.4055852858719484,0.005,7664.901683397239,9420.483300693744,7666.938651683517,99.6906924067298,34.96660032954973,False,cmp,7565.210990990509,2.2276828595378415,9880.075924370249,9882.075924370249,1.8588235294117648,0.0,True,0.37415543511232735,0.005,9537.256983948066,11292.83860124457,9539.293952234342,1972.0459929575559,hurdle_cmp,7910.029931412693,7910.029931412693,7565.21099099051,shared binary core
Matched AI Lean root values,pair_f5d4e5bf,1809,1627,0.10060807075732449,2.0,0.002458512599877074,0.002070764931095688,0.001229256299938537,0.9975414874001229,0.001229256299938537,3,1.5936242600400345,0.4051464836600228,0.005,3672.875958037299,4513.001851084124,3674.8804726137746,65.60092566172534,33.04303882600434,False,cmp,3607.2750323755736,2.217132779579332,4946.205684061453,4948.205684061453,1.798783858485351,0.0,True,0.361485179161413,0.005,4855.852631210774,5695.978524257599,4857.8571457872495,1248.5775988352007,hurdle_cmp,3699.6280852262526,3699.6280852262526,3607.2750323755736,all normalized constructors
Matched AI Lean root values,pair_f5d4e5bf,1809,1627,0.10060807075732449,2.0,0.002458512599877074,0.002070764931095688,0.001229256299938537,0.9975414874001229,0.001229256299938537,3,1.5936242600400345,0.4051464836600228,0.005,3672.875958037299,4513.001851084124,3674.8804726137746,65.60092566172534,33.04303882600434,False,cmp,3607.2750323755736,2.217132779579332,4946.205684061453,4948.205684061453,1.798783858485351,0.0,True,0.361485179161413,0.005,4855.852631210774,5695.978524257599,4857.8571457872495,1248.5775988352007,hurdle_cmp,3699.6280852262526,3699.6280852262526,3607.2750323755736,shared binary core
Matched human Lean root values,pair_f5e39d77,1688,1548,0.08293838862559241,2.003229974160207,0.007095510419379177,0.005955720506795867,0.001937984496124031,0.9928940568475452,0.00516795865633075,3,1.5979581628146178,0.40333382684946106,0.005,3501.8363940328973,4300.890751913776,3503.8369629776935,147.64275348052615,28.355410820284764,False,cmp,3354.193640552371,2.166791757462772,4591.468711604843,4593.468711604843,1.837085308056872,0.0,True,0.36717816002615966,0.005,4468.994027381233,5268.048385262111,4470.994596326029,1114.8003868288617,hurdle_cmp,3478.668324775981,3478.668324775981,3354.193640552371,all normalized constructors
Matched human Lean root values,pair_f5e39d77,1688,1548,0.08293838862559241,2.003229974160207,0.007095510419379177,0.005955720506795867,0.001937984496124031,0.9928940568475452,0.00516795865633075,3,1.5979581628146178,0.40333382684946106,0.005,3501.8363940328973,4300.890751913776,3503.8369629776935,147.64275348052615,28.355410820284764,False,cmp,3354.193640552371,2.166791757462772,4591.468711604843,4593.468711604843,1.837085308056872,0.0,True,0.36717816002615966,0.005,4468.994027381233,5268.048385262111,4470.994596326029,1114.8003868288617,hurdle_cmp,3478.668324775981,3478.668324775981,3354.193640552371,shared binary core
Matched AI Lean root values,pair_f5e39d77,1103,1065,0.03445149592021759,1.9990610328638498,0.000938085476867465,0.0007909335780453142,0.0009389671361502347,0.9990610328638497,0.0,2,1.5923637611212607,0.4057583046064348,0.005,2403.3615396915093,2953.420225120143,2405.3616845602355,19.940520896110684,370.8195492788443,False,cmp,2383.4210187953986,2.23795400825859,2934.877007096541,2936.877007096541,1.930190389845875,0.0,True,0.3898727747154038,0.005,2736.020501579821,3286.079187008455,2738.0206464485473,352.59948278442255,hurdle_cmp,2584.2775243121187,2584.2775243121187,2383.4210187953986,all normalized constructors
Matched AI Lean root values,pair_f5e39d77,1103,1065,0.03445149592021759,1.9990610328638498,0.000938085476867465,0.0007909335780453142,0.0009389671361502347,0.9990610328638497,0.0,2,1.5923637611212607,0.4057583046064348,0.005,2403.3615396915093,2953.420225120143,2405.3616845602355,19.940520896110684,370.8195492788443,False,cmp,2383.4210187953986,2.23795400825859,2934.877007096541,2936.877007096541,1.930190389845875,0.0,True,0.3898727747154038,0.005,2736.020501579821,3286.079187008455,2738.0206464485473,352.59948278442255,hurdle_cmp,2584.2775243121187,2584.2775243121187,2383.4210187953986,shared binary core
Matched human Lean root values,pair_f700873e,633,529,0.16429699842022116,2.007561436672968,0.01506569802137642,0.012587107136181799,0.003780718336483932,0.9848771266540642,0.011342155009451797,3,1.6037648865076408,0.4000158318288391,0.005,1201.672273214199,1474.2295455603307,1203.672351049378,95.94062748436409,24.728718454947284,False,cmp,1105.731645729835,2.0902299541206713,1770.720507781228,1772.720507781228,1.6777251184834123,0.0,True,0.33273831175491553,0.005,1769.2287597212398,2041.7860320673715,1771.2288375564187,663.4971139914048,hurdle_cmp,1109.2233937898231,1109.2233937898231,1105.731645729835,all normalized constructors
Matched human Lean root values,pair_f700873e,633,529,0.16429699842022116,2.007561436672968,0.01506569802137642,0.012587107136181799,0.003780718336483932,0.9848771266540642,0.011342155009451797,3,1.6037648865076408,0.4000158318288391,0.005,1201.672273214199,1474.2295455603307,1203.672351049378,95.94062748436409,24.728718454947284,False,cmp,1105.731645729835,2.0902299541206713,1770.720507781228,1772.720507781228,1.6777251184834123,0.0,True,0.33273831175491553,0.005,1769.2287597212398,2041.7860320673715,1771.2288375564187,663.4971139914048,hurdle_cmp,1109.2233937898231,1109.2233937898231,1105.731645729835,shared binary core
Matched AI Lean root values,pair_f700873e,1847,1675,0.09312398484028153,2.0011940298507462,0.003580663844954333,0.0030120624782246654,0.0011940298507462687,0.9964179104477612,0.0023880597014925373,3,1.5952267626625332,0.4047732373374628,0.005,3783.6552424784513,4648.85750515638,3785.680108268517,91.19836171630595,31.47129979256259,False,cmp,3692.4568807621454,2.2044518691117285,5038.512361138995,5040.512361138995,1.8148348673524635,0.0,True,0.3642306971412351,0.005,4929.711473042407,5794.913735720336,4931.736338832473,1237.2545922802617,hurdle_cmp,3803.2577688587335,3803.2577688587335,3692.4568807621454,all normalized constructors
Matched AI Lean root values,pair_f700873e,1847,1675,0.09312398484028153,2.0011940298507462,0.003580663844954333,0.0030120624782246654,0.0011940298507462687,0.9964179104477612,0.0023880597014925373,3,1.5952267626625332,0.4047732373374628,0.005,3783.6552424784513,4648.85750515638,3785.680108268517,91.19836171630595,31.47129979256259,False,cmp,3692.4568807621454,2.2044518691117285,5038.512361138995,5040.512361138995,1.8148348673524635,0.0,True,0.3642306971412351,0.005,4929.711473042407,5794.913735720336,4931.736338832473,1237.2545922802617,hurdle_cmp,3803.2577688587335,3803.2577688587335,3692.4568807621454,shared binary core
Matched human Lean root values,pair_f7ca2998,1288,1121,0.1296583850931677,2.0017841213202496,0.003565059551614184,0.0029970344403663658,0.0008920606601248885,0.9964317573595004,0.0026761819803746653,3,1.5960185566523668,0.4048735040077542,0.005,2533.447640065559,3112.8427638216044,2535.4767928298047,61.56984933667991,31.909519171588432,False,cmp,2471.877790728879,2.2050649337456547,3557.6412706037295,3559.6412706037295,1.7422360248447204,0.0,True,0.34980854558772045,0.005,3529.1056217578143,4108.50074551386,3531.13477452206,1057.2278310289353,hurdle_cmp,2502.413439574794,2502.413439574794,2471.877790728879,all normalized constructors
Matched human Lean root values,pair_f7ca2998,1288,1121,0.1296583850931677,2.0017841213202496,0.003565059551614184,0.0029970344403663658,0.0008920606601248885,0.9964317573595004,0.0026761819803746653,3,1.5960185566523668,0.4048735040077542,0.005,2533.447640065559,3112.8427638216044,2535.4767928298047,61.56984933667991,31.909519171588432,False,cmp,2471.877790728879,2.2050649337456547,3557.6412706037295,3559.6412706037295,1.7422360248447204,0.0,True,0.34980854558772045,0.005,3529.1056217578143,4108.50074551386,3531.13477452206,1057.2278310289353,hurdle_cmp,2502.413439574794,2502.413439574794,2471.877790728879,shared binary core
Matched AI Lean root values,pair_f7ca2998,1797,1619,0.09905397885364496,2.003088326127239,0.004314118819866465,0.00362166922381051,0.0006176652254478073,0.9956763434218654,0.0037059913526868438,3,1.5977681714743999,0.40470248942738696,0.005,3660.3362356925713,4497.7449041972495,3662.3364076812472,99.9224768858403,32.00938094993792,False,cmp,3560.413758806731,2.1991437670208347,4915.001519924901,4917.001519924901,1.8046744574290483,0.0,True,0.3618370417382636,0.005,4823.1959588805175,5660.604627385195,4825.196130869193,1262.7822000737865,hurdle_cmp,3654.2193198511145,3654.2193198511145,3560.413758806731,all normalized constructors
Matched AI Lean root values,pair_f7ca2998,1797,1619,0.09905397885364496,2.003088326127239,0.004314118819866465,0.00362166922381051,0.0006176652254478073,0.9956763434218654,0.0037059913526868438,3,1.5977681714743999,0.40470248942738696,0.005,3660.3362356925713,4497.7449041972495,3662.3364076812472,99.9224768858403,32.00938094993792,False,cmp,3560.413758806731,2.1991437670208347,4915.001519924901,4917.001519924901,1.8046744574290483,0.0,True,0.3618370417382636,0.005,4823.1959588805175,5660.604627385195,4825.196130869193,1262.7822000737865,hurdle_cmp,3654.2193198511145,3654.2193198511145,3560.413758806731,shared binary core
Matched human Lean root values,pair_f8026f2d,819,708,0.13553113553113552,1.9957627118644068,0.004219333524849182,0.0035701606592131838,0.00423728813559322,0.9957627118644068,0.0,2,1.5879337895459236,0.40359163418288596,0.005,1597.3270738972612,1960.8275628308684,1599.4143741157714,42.77026097313501,367.9753455533068,False,cmp,1554.5568129241262,2.1957017131696697,2264.0758440918225,2266.0758440918225,1.7252747252747254,0.0,True,0.34624299535684144,0.005,2249.232261886944,2612.732750820551,2251.3195621054538,694.6754489628174,hurdle_cmp,1571.4003951290051,1571.4003951290051,1554.5568129241265,all normalized constructors
Matched human Lean root values,pair_f8026f2d,819,708,0.13553113553113552,1.9957627118644068,0.004219333524849182,0.0035701606592131838,0.00423728813559322,0.9957627118644068,0.0,2,1.5879337895459236,0.40359163418288596,0.005,1597.3270738972612,1960.8275628308684,1599.4143741157714,42.77026097313501,367.9753455533068,False,cmp,1554.5568129241262,2.1957017131696697,2264.0758440918225,2266.0758440918225,1.7252747252747254,0.0,True,0.34624299535684144,0.005,2249.232261886944,2612.732750820551,2251.3195621054538,694.6754489628174,hurdle_cmp,1571.4003951290051,1571.4003951290051,1554.5568129241265,shared binary core
Matched AI Lean root values,pair_f8026f2d,668,566,0.15269461077844312,1.9946996466431095,0.005272259611182559,0.004466220898303266,0.00530035335689046,0.9946996466431095,0.0,2,1.586505255768986,0.40289403751722913,0.005,1277.0821646562986,1567.1183620386423,1279.0845187665814,41.423961508786306,398.4897267863634,False,cmp,1235.6582031475123,2.18314170167405,1855.4867013063076,1857.4867013063076,1.6901197604790419,0.0,True,0.3391345458439494,0.005,1850.028214065263,2140.0644114476067,1852.0305681755458,614.3700109177506,hurdle_cmp,1243.116690388557,1243.116690388557,1235.6582031475123,all normalized constructors
Matched AI Lean root values,pair_f8026f2d,668,566,0.15269461077844312,1.9946996466431095,0.005272259611182559,0.004466220898303266,0.00530035335689046,0.9946996466431095,0.0,2,1.586505255768986,0.40289403751722913,0.005,1277.0821646562986,1567.1183620386423,1279.0845187665814,41.423961508786306,398.4897267863634,False,cmp,1235.6582031475123,2.18314170167405,1855.4867013063076,1857.4867013063076,1.6901197604790419,0.0,True,0.3391345458439494,0.005,1850.028214065263,2140.0644114476067,1852.0305681755458,614.3700109177506,hurdle_cmp,1243.116690388557,1243.116690388557,1235.6582031475123,shared binary core
Matched human Lean root values,pair_f827a253,4687,4407,0.05973970556859398,2.0024960290447016,0.0038512692717286774,0.0032351669950344926,0.0006807351940095302,0.9961425005672794,0.0031767642387111415,3,1.5969736601348161,0.40484163371587173,0.005,9957.111679620924,12236.034025831326,9959.465842483432,242.7413494628272,32.15185930215683,False,cmp,9714.370330158097,2.204304590460199,12619.154159994037,12621.154159994037,1.8828675058672926,0.0,True,0.3782576831862656,0.005,12079.985851256319,14358.90819746672,12082.340014118827,2365.615521098221,hurdle_cmp,10255.538638895816,10255.538638895816,9714.370330158097,all normalized constructors
Matched human Lean root values,pair_f827a253,4687,4407,0.05973970556859398,2.0024960290447016,0.0038512692717286774,0.0032351669950344926,0.0006807351940095302,0.9961425005672794,0.0031767642387111415,3,1.5969736601348161,0.40484163371587173,0.005,9957.111679620924,12236.034025831326,9959.465842483432,242.7413494628272,32.15185930215683,False,cmp,9714.370330158097,2.204304590460199,12619.154159994037,12621.154159994037,1.8828675058672926,0.0,True,0.3782576831862656,0.005,12079.985851256319,14358.90819746672,12082.340014118827,2365.615521098221,hurdle_cmp,10255.538638895816,10255.538638895816,9714.370330158097,shared binary core
Matched AI Lean root values,pair_f827a253,3618,3372,0.06799336650082918,2.0127520759193356,0.01318258028928487,0.010953057536546858,0.0002965599051008304,0.9866548042704626,0.013048635824436536,3,1.6107157103020757,0.4017398057121546,0.005,7661.379862289794,9410.50739450636,7663.381074448655,491.48177916026907,30.669722028870915,False,cmp,7169.898083129525,2.1263042951155176,9806.640672957563,9808.640672957563,1.8758982863460476,0.0,True,0.37236752775874915,0.005,9460.926765306136,11210.054297522702,9462.927977464997,2291.028682176611,hurdle_cmp,7517.611990780952,7517.611990780952,7169.898083129525,all normalized constructors
Matched AI Lean root values,pair_f827a253,3618,3372,0.06799336650082918,2.0127520759193356,0.01318258028928487,0.010953057536546858,0.0002965599051008304,0.9866548042704626,0.013048635824436536,3,1.6107157103020757,0.4017398057121546,0.005,7661.379862289794,9410.50739450636,7663.381074448655,491.48177916026907,30.669722028870915,False,cmp,7169.898083129525,2.1263042951155176,9806.640672957563,9808.640672957563,1.8758982863460476,0.0,True,0.37236752775874915,0.005,9460.926765306136,11210.054297522702,9462.927977464997,2291.028682176611,hurdle_cmp,7517.611990780952,7517.611990780952,7169.898083129525,shared binary core
Matched human Lean root values,pair_f85a44af,7476,7153,0.04320492241840557,2.000559205927583,0.0011180991438962211,0.000941189970195911,0.0002796029637914162,0.9988815881448343,0.0008388088913742485,3,1.5943748238390323,0.40590477912475537,0.005,16140.318502116834,19839.87118952639,16142.31949646599,137.72194127412513,37.644061343528115,False,cmp,16002.596560842709,2.2371867133849728,19966.732976066618,19968.732976066618,1.9141252006420546,0.0,True,0.38627588146082986,0.005,18803.76122313664,22503.313910546196,18805.762217485797,2801.16466229393,hurdle_cmp,17167.56831377269,17167.56831377269,16002.59656084271,all normalized constructors
Matched human Lean root values,pair_f85a44af,7476,7153,0.04320492241840557,2.000559205927583,0.0011180991438962211,0.000941189970195911,0.0002796029637914162,0.9988815881448343,0.0008388088913742485,3,1.5943748238390323,0.40590477912475537,0.005,16140.318502116834,19839.87118952639,16142.31949646599,137.72194127412513,37.644061343528115,False,cmp,16002.596560842709,2.2371867133849728,19966.732976066618,19968.732976066618,1.9141252006420546,0.0,True,0.38627588146082986,0.005,18803.76122313664,22503.313910546196,18805.762217485797,2801.16466229393,hurdle_cmp,17167.56831377269,17167.56831377269,16002.59656084271,shared binary core
Matched AI Lean root values,pair_f85a44af,7697,7440,0.03338963232428219,2.0024193548387097,0.0026823187651751662,0.0022534035061444156,0.00013440860215053763,0.9973118279569892,0.002553763440860215,3,1.5968708007903967,0.4054141454461585,0.005,16804.435756267638,20654.991644073216,16806.43745690302,288.6425547581166,36.69732814006895,False,cmp,16515.79320150952,2.2198646776222475,20475.221875256317,20477.221875256317,1.9355593088216188,0.0,True,0.39020939206593813,0.005,19059.105542662972,22909.66143046855,19061.107243298353,2543.3123411534493,hurdle_cmp,17933.909534102866,17933.909534102866,16515.79320150952,all normalized constructors
Matched AI Lean root values,pair_f85a44af,7697,7440,0.03338963232428219,2.0024193548387097,0.0026823187651751662,0.0022534035061444156,0.00013440860215053763,0.9973118279569892,0.002553763440860215,3,1.5968708007903967,0.4054141454461585,0.005,16804.435756267638,20654.991644073216,16806.43745690302,288.6425547581166,36.69732814006895,False,cmp,16515.79320150952,2.2198646776222475,20475.221875256317,20477.221875256317,1.9355593088216188,0.0,True,0.39020939206593813,0.005,19059.105542662972,22909.66143046855,19061.107243298353,2543.3123411534493,hurdle_cmp,17933.909534102866,17933.909534102866,16515.79320150952,shared binary core
Matched human Lean root values,pair_f9baa4be,2284,2049,0.10288966725043783,1.9995119570522206,0.00048780476186052735,0.00041108596169247457,0.0004880429477794046,0.9995119570522206,0.0,2,1.5929691305139566,0.40605478359048064,0.005,4622.505147745779,5681.647753427154,4624.513635894703,21.249726174166426,373.44561089451355,False,cmp,4601.255421571613,2.245610259429777,6247.157816292207,6249.157816292207,1.793782837127846,0.0,True,0.3613617879881426,0.005,6138.277413919328,7197.420019600703,6140.285902068252,1537.0219923477155,hurdle_cmp,4712.135823944492,4712.135823944492,4601.255421571613,all normalized constructors
Matched human Lean root values,pair_f9baa4be,2284,2049,0.10288966725043783,1.9995119570522206,0.00048780476186052735,0.00041108596169247457,0.0004880429477794046,0.9995119570522206,0.0,2,1.5929691305139566,0.40605478359048064,0.005,4622.505147745779,5681.647753427154,4624.513635894703,21.249726174166426,373.44561089451355,False,cmp,4601.255421571613,2.245610259429777,6247.157816292207,6249.157816292207,1.793782837127846,0.0,True,0.3613617879881426,0.005,6138.277413919328,7197.420019600703,6140.285902068252,1537.0219923477155,hurdle_cmp,4712.135823944492,4712.135823944492,4601.255421571613,shared binary core
Matched AI Lean root values,pair_f9baa4be,2221,2003,0.09815398469158038,1.999500748876685,0.0004990018716308964,0.00042052713888986675,0.0004992511233150275,0.9995007488766849,0.0,2,1.592954084222676,0.40604741353069,0.005,4518.764702844179,5554.108666597269,4521.190759271025,21.20430333726108,373.5503126969814,False,cmp,4497.560399506918,2.245412081631012,6064.777165741683,6066.777165741683,1.8032417829806393,0.0,True,0.3632687961196467,0.005,5946.681468529914,6982.025432283004,5949.10752495676,1449.1210690229968,hurdle_cmp,4617.656096718687,4617.656096718687,4497.560399506918,all normalized constructors
Matched AI Lean root values,pair_f9baa4be,2221,2003,0.09815398469158038,1.999500748876685,0.0004990018716308964,0.00042052713888986675,0.0004992511233150275,0.9995007488766849,0.0,2,1.592954084222676,0.40604741353069,0.005,4518.764702844179,5554.108666597269,4521.190759271025,21.20430333726108,373.5503126969814,False,cmp,4497.560399506918,2.245412081631012,6064.777165741683,6066.777165741683,1.8032417829806393,0.0,True,0.3632687961196467,0.005,5946.681468529914,6982.025432283004,5949.10752495676,1449.1210690229968,hurdle_cmp,4617.656096718687,4617.656096718687,4497.560399506918,shared binary core
Matched human Lean root values,pair_fc9929da,170,138,0.18823529411764706,2.0,0.0,0.0,0.0,1.0,0.0,2,1.5936242600400345,0.40637573995996135,0.005,313.2213063733691,384.6172436690898,315.23004033731144,4.000000000029104,438.8099734060399,False,cmp,309.22130637334,2.2407341041546376,477.8080812104226,479.8080812104226,1.6235294117647059,0.0,True,0.32912854731991126,0.005,479.66366008788714,551.0595973836079,481.67239405182943,170.44235371454712,hurdle_cmp,309.3657274958755,309.3657274958755,309.22130637334,all normalized constructors
Matched human Lean root values,pair_fc9929da,170,138,0.18823529411764706,2.0,0.0,0.0,0.0,1.0,0.0,2,1.5936242600400345,0.40637573995996135,0.005,313.2213063733691,384.6172436690898,315.23004033731144,4.000000000029104,438.8099734060399,False,cmp,309.22130637334,2.2407341041546376,477.8080812104226,479.8080812104226,1.6235294117647059,0.0,True,0.32912854731991126,0.005,479.66366008788714,551.0595973836079,481.67239405182943,170.44235371454712,hurdle_cmp,309.3657274958755,309.3657274958755,309.22130637334,shared binary core
Matched AI Lean root values,pair_fc9929da,376,327,0.13031914893617022,2.021406727828746,0.020948479832412152,0.017246902315191062,0.0,0.9785932721712538,0.021406727828746176,3,1.6222866636943816,0.39912006413436013,0.005,748.1903479316045,918.2664412086897,750.1970811417374,71.66577237199817,124.26693129867125,False,cmp,676.5245755596063,2.068882494066074,1046.873099405069,1048.873099405069,1.7579787234042554,0.0,True,0.34513698271199145,0.005,1041.20904277916,1211.2851360562452,1043.215775989293,364.6844672195537,hurdle_cmp,684.1886321855154,684.1886321855154,676.5245755596063,all normalized constructors
Matched AI Lean root values,pair_fc9929da,376,327,0.13031914893617022,2.021406727828746,0.020948479832412152,0.017246902315191062,0.0,0.9785932721712538,0.021406727828746176,3,1.6222866636943816,0.39912006413436013,0.005,748.1903479316045,918.2664412086897,750.1970811417374,71.66577237199817,124.26693129867125,False,cmp,676.5245755596063,2.068882494066074,1046.873099405069,1048.873099405069,1.7579787234042554,0.0,True,0.34513698271199145,0.005,1041.20904277916,1211.2851360562452,1043.215775989293,364.6844672195537,hurdle_cmp,684.1886321855154,684.1886321855154,676.5245755596063,shared binary core
Matched human Lean root values,pair_fccad9e3,2776,2517,0.09329971181556196,2.005164878823997,0.006727396335036965,0.005635038680057746,0.0007945967421533572,0.9932459276916965,0.0059594755661501785,3,1.6005528053298557,0.4038174767519838,0.005,5696.419050085293,6998.594155296305,5698.45017679903,220.11883878227673,30.204607336664758,False,cmp,5476.300211303016,2.175725153477559,7581.46744105782,7583.46744105782,1.8180835734870318,0.0,True,0.36345781767711466,0.005,7420.129774285164,8722.304879496176,7422.160900998901,1943.8295629821473,hurdle_cmp,5639.637878075673,5639.637878075673,5476.300211303016,all normalized constructors
Matched human Lean root values,pair_fccad9e3,2776,2517,0.09329971181556196,2.005164878823997,0.006727396335036965,0.005635038680057746,0.0007945967421533572,0.9932459276916965,0.0059594755661501785,3,1.6005528053298557,0.4038174767519838,0.005,5696.419050085293,6998.594155296305,5698.45017679903,220.11883878227673,30.204607336664758,False,cmp,5476.300211303016,2.175725153477559,7581.46744105782,7583.46744105782,1.8180835734870318,0.0,True,0.36345781767711466,0.005,7420.129774285164,8722.304879496176,7422.160900998901,1943.8295629821473,hurdle_cmp,5639.637878075673,5639.637878075673,5476.300211303016,shared binary core
Matched AI Lean root values,pair_fccad9e3,1714,1518,0.11435239206534423,2.004611330698287,0.007225112440785237,0.006055527965824143,0.0013175230566534915,0.9927536231884058,0.005928853754940711,3,1.5998106354560058,0.40348317218562374,0.005,3435.8855074896,4220.477638343228,3437.8860948117335,144.7507684139855,28.96770707208647,False,cmp,3291.1347390756146,2.1680729506426974,4715.947759854728,4717.947759854728,1.7753792298716453,0.0,True,0.3546832436909845,0.005,4656.606044630793,5441.19817548442,4658.606631952925,1365.4713055551779,hurdle_cmp,3352.4764542995504,3352.4764542995504,3291.134739075615,all normalized constructors
Matched AI Lean root values,pair_fccad9e3,1714,1518,0.11435239206534423,2.004611330698287,0.007225112440785237,0.006055527965824143,0.0013175230566534915,0.9927536231884058,0.005928853754940711,3,1.5998106354560058,0.40348317218562374,0.005,3435.8855074896,4220.477638343228,3437.8860948117335,144.7507684139855,28.96770707208647,False,cmp,3291.1347390756146,2.1680729506426974,4715.947759854728,4717.947759854728,1.7753792298716453,0.0,True,0.3546832436909845,0.005,4656.606044630793,5441.19817548442,4658.606631952925,1365.4713055551779,hurdle_cmp,3352.4764542995504,3352.4764542995504,3291.134739075615,shared binary core
Matched human Lean root values,pair_fd852ae5,9941,9505,0.04385876672366965,2.0012624934245133,0.0018921462471231814,0.0015915605117958408,0.0003156233561283535,0.9981062598632299,0.0015781167806417674,3,1.5953186337670335,0.4056282363013474,0.005,21455.53375405621,26372.08376704016,21457.53859059094,281.87735015840735,35.78282912392295,False,cmp,21173.656403897803,2.227633498568943,26563.68830674166,26565.68830674166,1.9134895885725782,0.0,True,0.3857672256339584,0.005,25036.678204032436,29953.228217016385,25038.683040567164,3863.021800134633,hurdle_cmp,22702.666506607027,22702.666506607027,21173.656403897803,all normalized constructors
Matched human Lean root values,pair_fd852ae5,9941,9505,0.04385876672366965,2.0012624934245133,0.0018921462471231814,0.0015915605117958408,0.0003156233561283535,0.9981062598632299,0.0015781167806417674,3,1.5953186337670335,0.4056282363013474,0.005,21455.53375405621,26372.08376704016,21457.53859059094,281.87735015840735,35.78282912392295,False,cmp,21173.656403897803,2.227633498568943,26563.68830674166,26565.68830674166,1.9134895885725782,0.0,True,0.3857672256339584,0.005,25036.678204032436,29953.228217016385,25038.683040567164,3863.021800134633,hurdle_cmp,22702.666506607027,22702.666506607027,21173.656403897803,shared binary core
Matched AI Lean root values,pair_fd852ae5,5269,5011,0.04896564813057506,2.0013969267611253,0.0025923411520000243,0.002180207549343321,0.0005986828976252245,0.997405707443624,0.001995609658750748,3,1.5954990252538666,0.40529921860962964,0.005,11314.222763245658,13905.141261839897,11316.939614924617,198.82703207532177,33.62159627500363,False,cmp,11115.395731170336,2.218199108196036,14114.397171000346,14116.397171000346,1.903397229075726,0.0,True,0.3832493306607771,0.005,13375.962551045197,15966.881049639436,13378.679402724156,2260.5668198748604,hurdle_cmp,11855.830351125485,11855.830351125485,11115.395731170336,all normalized constructors
Matched AI Lean root values,pair_fd852ae5,5269,5011,0.04896564813057506,2.0013969267611253,0.0025923411520000243,0.002180207549343321,0.0005986828976252245,0.997405707443624,0.001995609658750748,3,1.5954990252538666,0.40529921860962964,0.005,11314.222763245658,13905.141261839897,11316.939614924617,198.82703207532177,33.62159627500363,False,cmp,11115.395731170336,2.218199108196036,14114.397171000346,14116.397171000346,1.903397229075726,0.0,True,0.3832493306607771,0.005,13375.962551045197,15966.881049639436,13378.679402724156,2260.5668198748604,hurdle_cmp,11855.830351125485,11855.830351125485,11115.395731170336,shared binary core
Matched human Lean root values,pair_fe3e5ba4,1856,1663,0.10398706896551724,1.9981960312687914,0.0018007144280254802,0.0015196635976703371,0.0018039687312086591,0.9981960312687913,0.0,2,1.5912023102208463,0.4051897523167325,0.005,3751.0748850745767,4608.653453605001,3753.0764033483247,47.90118197968695,377.4144276504763,False,cmp,3703.17370309489,2.226803188872453,5078.32345607287,5080.32345607287,1.7904094827586208,0.0,True,0.3600930586672697,0.005,4991.977776702507,5849.556345232932,4993.979294976255,1288.8040736076173,hurdle_cmp,3791.5193824652524,3791.5193824652524,3703.17370309489,all normalized constructors
Matched human Lean root values,pair_fe3e5ba4,1856,1663,0.10398706896551724,1.9981960312687914,0.0018007144280254802,0.0015196635976703371,0.0018039687312086591,0.9981960312687913,0.0,2,1.5912023102208463,0.4051897523167325,0.005,3751.0748850745767,4608.653453605001,3753.0764033483247,47.90118197968695,377.4144276504763,False,cmp,3703.17370309489,2.226803188872453,5078.32345607287,5080.32345607287,1.7904094827586208,0.0,True,0.3600930586672697,0.005,4991.977776702507,5849.556345232932,4993.979294976255,1288.8040736076173,hurdle_cmp,3791.5193824652524,3791.5193824652524,3703.17370309489,shared binary core
Matched AI Lean root values,pair_fe3e5ba4,5282,5037,0.046383945475198786,2.000397061743101,0.001588089314376374,0.0013370500790210599,0.0005955926146515784,0.9984117530275958,0.0009926543577526306,3,1.5941572047306125,0.40564426439783263,0.005,11366.540210324765,13970.301585661085,11370.130766964394,133.69428995018825,35.361584821883426,False,cmp,11232.845920374577,2.2300666905647364,14128.3916096742,14130.3916096742,1.9076107535024611,0.0,True,0.3846381564679012,0.005,13351.689170658334,15955.450545994652,13355.279727297962,2118.843250283756,hurdle_cmp,12011.548359390443,12011.548359390443,11232.845920374577,all normalized constructors
Matched AI Lean root values,pair_fe3e5ba4,5282,5037,0.046383945475198786,2.000397061743101,0.001588089314376374,0.0013370500790210599,0.0005955926146515784,0.9984117530275958,0.0009926543577526306,3,1.5941572047306125,0.40564426439783263,0.005,11366.540210324765,13970.301585661085,11370.130766964394,133.69428995018825,35.361584821883426,False,cmp,11232.845920374577,2.2300666905647364,14128.3916096742,14130.3916096742,1.9076107535024611,0.0,True,0.3846381564679012,0.005,13351.689170658334,15955.450545994652,13355.279727297962,2118.843250283756,hurdle_cmp,12011.548359390443,12011.548359390443,11232.845920374577,shared binary core
